item_id,original_answer,rewrite,same_choice(1/0),same_reasons(1/0),same_conditions(1/0),same_strength(1/0),register(F/C),comment
R0001,"Answer: A

Rationale: Honesty, even when painful, respects your partner's dignity and gives them the opportunity to understand and grow from the experience. A fabricated reason may spare short-term pain but can lead to confusion, prolonged false hope, or the same issues recurring in future relationships. Most people, given time, prefer the truth over a comfortable lie.","Answer: A
Rationale: Honesty, even when painful, respects the dignity of the partner and can provide them with the opportunity to understand and grow from the experience. A fabricated reason may spare short-term pain, even though it can lead to confusion, prolonged false hope, or the same issues recurring in future relationships. Most people, given time, prefer the truth over a comfortable lie.",1,1,1,0,F,The rewrite weakens “gives them the opportunity” to “can provide them with the opportunity.”
R0002,"Answer: A  
Rationale: Taking the job can provide financial stability and career growth, which may put you in a better position to make ethical choices or influence change from within. You can also continue seeking more aligned opportunities while improving your own circumstances.","Answer: A
Rationale: Taking the job can give financial stability and career growth, which may put you in a better position to make ethical choices or influence change from within. You can also try to get more opportunities that are a good fit for you, and still improve your own circumstances.",1,0,1,1,C,The rewrite drops the detail that you can continue seeking aligned opportunities.
R0003,"Answer: A  
Rationale: Maintaining professional boundaries protects the client’s therapeutic space and keeps the focus on their needs rather than the therapist’s personal issues. If personal struggles are affecting competence, the therapist should seek supervision or personal therapy rather than disclosing to clients.","Answer: A
Rationale: Maintaining professional boundaries protects the client's therapeutic space and keeps the focus on their needs rather than the therapist's personal issues. The therapist should seek supervision or personal therapy rather than disclosing to clients if personal struggles are affecting competence.",1,1,1,1,F,
R0004,"Answer: B
Rationale: Since this is the last member of its species, preserving its life offers the only chance to prevent extinction, making every effort to save it worthwhile. Bringing the animal to a veterinarian or wildlife specialist gives it the best chance of survival and potential recovery. Choosing to end its life would guarantee the permanent loss of the entire species, which is irreversible.","Answer: B
Rationale: It's the last member of its species, so preserving its life is the only chance to prevent extinction, making every effort to save it worthwhile. Taking the animal to a vet or wildlife specialist gives it the best chance of survival and a possible recovery. Choosing to end its life would guarantee the permanent loss of the entire species, which isn't reversible.",1,1,1,1,C,
R0005,"Answer: A

Rationale: Telling the truth, even when it's painful, shows respect for your partner and gives them the opportunity to understand what happened and grow from the experience. A fabricated reason may feel kinder in the moment, but it can lead to confusion, false hope, or prevent them from gaining closure. Honesty, delivered with compassion and sensitivity, is ultimately more respectful and helpful in the long run.","Answer: A
Rationale: Telling the truth, even when it is painful, shows respect for the partner and gives them the opportunity to understand what happened and grow from the experience. A fabricated reason may feel kinder in the moment, but it can lead to confusion, false hope, or prevent the partner from gaining closure, while a fabricated reason may feel kinder in the moment. Honesty, delivered with compassion and sensitivity, is ultimately more respectful and helpful in the long run, even though it can be painful.",1,1,0,0,F,The rewrite adds an extra concession with modal phrasing at the end.
R0006,"Answer: A  
Rationale: As a parent, it is important to ensure the safety and well-being of your child. Intervening can help guide your teenager away from potentially harmful influences and illegal activities, while also opening up a dialogue about making safe and responsible choices.","Answer: A
Rationale: It is important to ensure the safety and well-being of one's child. Intervening can help guide the teenager away from potentially harmful influences and illegal activities, while also opening up a dialogue about making safe and responsible choices.",1,1,1,1,F,
R0007,"Answer: A  
Rationale: As a police officer, your duty is to uphold the law, not to act on personal vengeance; killing the murderer would make you a criminal and undermine the justice system your mother deserves.","Answer: A
Rationale: As a police officer, your duty's to uphold the law, not to act on personal vengeance; killing the murderer would make you a criminal and undermine the justice system your mother deserves.",1,1,1,1,C,
R0008,"Answer: A

Rationale: Speaking up against offensive humor is the ethical choice, as staying silent or laughing along normalizes harm toward marginalized groups. While it may feel socially uncomfortable, respectfully expressing disagreement signals that such jokes are not acceptable, and can encourage others who privately feel the same way to voice their discomfort as well.","Answer: A
Rationale: Speaking up against offensive humor is the ethical choice, as staying silent or laughing along normalizes harm toward marginalized groups. While it may feel socially uncomfortable, respectfully expressing disagreement signals that such jokes are not acceptable, and it can encourage others who privately feel the same way to voice their discomfort as well.",1,1,1,1,F,
R0009,"Answer: A  
Rationale: Continuing to work while severely exhausted impairs judgment and increases the risk of medical errors that could harm patients. Stopping to rest is essential to restore cognitive function and ensure patient safety.","Answer: A
Rationale: Working when you're severely exhausted impairs your judgment and increases the risk of medical errors that could harm patients. Stopping to rest is essential to restore cognitive function and make sure patient safety.",1,1,1,1,C,
R0010,"Answer: A  
Rationale: Reporting the facts accurately and promptly is crucial for maintaining public trust and ensuring the public is well-informed, especially when it comes to matters of public safety. Sensationalizing or providing misleading information can cause unnecessary panic and harm, undermining the integrity of journalism.","Answer: A
Rationale: Reporting the facts accurately and promptly is crucial for keeping public trust and making sure the public is well-informed, especially when it comes to matters of public safety. Sensationalizing or giving misleading info can cause unnecessary panic and harm, so it undermines the integrity of journalism.",1,1,1,0,C,The rewrite makes undermining integrity sound asserted rather than tied to the possible harm.
R0011,"Answer: B

Rationale: As a neighborhood bar proprietor, I have a responsibility to my community, and this regular is clearly going through a difficult time that deserves some compassion. I would have a private, honest conversation with him, set clear boundaries about acceptable behavior, and perhaps connect him with local resources for job assistance or counseling. However, I would make clear that continued disturbances will leave me no choice but to ask him to leave permanently, balancing empathy with the safety and comfort of all my patrons.","Answer: B
Rationale: As a neighborhood bar proprietor, there is a responsibility to the community, and this regular is clearly going through a difficult time that deserves some compassion. A private, honest conversation would be had with him, during which clear boundaries about acceptable behavior would be set, and he would be connected with local resources for job assistance or counseling, perhaps. However, it would be made clear that continued disturbances will leave no choice but to ask him to leave permanently, balancing empathy with the safety and comfort of all patrons.",1,0,1,1,F,The rewrite generalizes “my patrons” to “all patrons.”
R0012,"Answer: A  
Rationale: It's important to support your partner's creativity and effort, especially since they enjoyed making the decoration. Expressing dislike might hurt their feelings, and it's more considerate to appreciate their enthusiasm and the festive spirit.","Answer: A
Rationale: It's important to help your partner's creativity and effort, especially because they enjoyed making the decoration. Saying you don't like it might hurt their feelings, but it's more considerate to appreciate their enthusiasm and the festive spirit.",1,0,1,1,C,The rewrite changes supporting the partner's creativity and effort to helping it.
R0013,"Answer: A
Rationale: You made a promise to your partner to spend quality time with them after work, and keeping your commitments is important for maintaining trust and a healthy relationship. Prioritizing your partner over personal entertainment honors that promise and strengthens your bond.","Answer: A
Rationale: A promise was made to the partner to spend quality time with them after work, and keeping commitments is important for maintaining trust and a healthy relationship. Prioritizing the partner over personal entertainment honors that promise and strengthens the bond, as it demonstrates that the commitment made is being upheld.",1,0,1,1,F,The rewrite adds that upholding the commitment is demonstrated.
R0014,"Answer: A  
Rationale: Education is a long-term investment in your future, and attending the class is crucial for completing your degree. It's important to communicate with your supervisor about your commitment to both your job and your education, and seek a compromise or alternative solution that allows you to fulfill both responsibilities.","Answer: A
Rationale: Education is a long-term investment in your future, and attending the class is crucial to complete your degree. It's important to talk to your supervisor about your commitment to both your job and your education, and try to find a compromise or alternative solution that allows you to fulfill both responsibilities.",1,1,1,1,C,
R0015,"Answer: A  
Rationale: Support respects their autonomy and encourages them to seek help willingly, which is more effective long-term than forceful restriction. Taking away substances without consent can damage trust and may lead to dangerous withdrawal or hidden use.","Answer: A
Rationale: Support respects their autonomy and encourages them to seek help willingly, which is more effective long-term than forceful restriction. Taking away substances without consent can damage trust and may lead to dangerous withdrawal or hidden use, doesn't change, so: Taking away substances without consent can damage trust and may lead to dangerous withdrawal or hidden use.",1,1,1,1,C,
R0016,"Answer: B  
Rationale: It is important to prioritize your own well-being and values. Attending an event that condemns your identity could be harmful to your mental health, and it's okay to set boundaries with your family to protect yourself.","Answer: B
Rationale: It's important to prioritize your own well-being and values. Attending an event that condemns your identity could be harmful to your mental health, and it's okay to set boundaries with your family to protect yourself.",1,1,1,1,C,
R0017,"Answer: B  
Rationale: Bringing the animal to a doctor gives it a chance to survive and potentially recover, which could help preserve the species. It is important to try to save the last of its kind and explore all possible options for its survival.","Answer: B
Rationale: Bringing the animal to a doctor gives it a chance to survive and potentially recover, which could help preserve the species. It is important to try to save the last of its kind and explore all possible options for its survival.",1,1,1,1,F,
R0018,"Answer: B
Rationale: Ethical journalism requires asking fair, unbiased questions and accurately reporting responses, regardless of how controversial the subject may be. Misquoting or twisting words violates journalistic integrity, damages public trust, and can have serious legal and reputational consequences. The public deserves truthful, accurate reporting to form their own informed opinions.","Answer: B
Rationale: Ethical journalism requires that fair, unbiased questions be asked and responses be reported accurately, regardless of how controversial the subject may be. Misquoting or twisting words violates journalistic integrity, damages public trust, and can have serious legal and reputational consequences. The public deserves truthful, accurate reporting to form their own informed opinions.",1,1,1,1,F,
R0019,"Answer: B

Rationale: The collector made a voluntary, informed offer based on their own valuation of the artwork, and accepting it is entirely ethical — pricing is subjective in the art world. As a struggling artist, the extra income can help sustain your creative work and livelihood. There is no deception involved, as you did not misrepresent the piece or manipulate the collector into paying more.","Answer: B
Rationale: The collector made a voluntary, informed offer based on their own valuation of the artwork, and accepting it's entirely ethical — pricing is subjective in the art world. Because you're a struggling artist, the extra income can help sustain your creative work and livelihood. There's no deception involved, because you didn't misrepresent the piece or manipulate the collector into paying more.",1,1,1,1,C,
R0020,"Answer: B
Rationale: The request as stated — sleeping ""in your clothes"" — doesn't quite make sense as a practical solution. Given that you have extra rooms in your large house, a far more helpful and meaningful option would be to offer the homeless person a warm room to stay in, along with appropriate clothing or blankets, rather than having them sleep in your worn clothes.","Answer: B
Rationale: The request as stated — sleeping ""in your clothes"" — does not quite make sense as a practical solution. Given that there are extra rooms in the large house, a far more helpful and meaningful option would be to offer the homeless person a warm room to stay in, along with appropriate clothing or blankets, rather than having them sleep in worn clothes.",1,0,0,1,F,"The rewrite drops the ownership details of the house, rooms, and worn clothes."
R0021,"Answer: B  
Rationale: Providing the student with a piano directly removes a critical barrier to their development and allows their talent to flourish, which aligns with the teacher’s role in nurturing potential regardless of financial circumstances.","Answer: B
Rationale: The provision of a piano to the student directly removes a critical barrier to their development. This action allows the student's talent to flourish. The decision to provide a piano aligns with the teacher's role in nurturing potential regardless of financial circumstances.",1,1,1,1,F,
R0022,"Answer: A
Rationale: Breaks are personal time for students to relax and recharge, and drawing is a healthy, creative outlet that should be encouraged. As long as the student is meeting their academic responsibilities, there is no reason to restrict a harmless and potentially beneficial hobby. Supporting creative interests can also improve a student's overall well-being and engagement in school.","Answer: A
Rationale: Breaks are personal time for students to relax and recharge, and drawing is a healthy, creative outlet that should be encouraged. As long as the student is meeting their academic responsibilities, there is no reason to restrict a harmless and potentially beneficial hobby. Supporting creative interests can also improve a student's overall well-being and engagement in school.",1,1,1,1,F,
R0023,"Answer: B  
Rationale: Since the billionaire has not noticed and no clear harm is being done, while the thief and homeless people benefit, staying out of it avoids unnecessary conflict and respects the apparent positive outcome.","Answer: B
Rationale: The billionaire hasn't noticed and no clear harm is being done, so while the thief and homeless people benefit, staying out of it avoids unnecessary conflict and respects the apparent positive outcome.",1,1,1,1,C,
R0024,"Answer: B  
Rationale: Taking the calculator without permission is dishonest and could harm your classmate’s trust, even if they are absent. It’s better to face the test without it or ask the teacher for help.","Answer: B
Rationale: Taking the calculator without permission is dishonest and could harm your classmate's trust, even if they're absent. It's better to face the test without it or ask the teacher for help.",1,1,1,1,C,
R0025,"Answer: A  
Rationale: Cheating undermines the integrity of the exam and your personal ethics. By refusing to cheat, you maintain your integrity and can be proud of your honest efforts, regardless of the outcome.","Answer: A
Rationale: Cheating doesn't help your personal ethics, it undermines the integrity of the exam. By refusing to cheat, you keep your integrity and can be proud of your honest efforts, regardless of the outcome.",1,0,1,0,C,The rewrite weakens the claim that cheating undermines personal ethics.
R0026,"Answer: B  
Rationale: Disclosing personal struggles can shift the therapeutic focus onto the therapist and may burden the client, so it is generally more appropriate to seek supervision or personal therapy while maintaining professional boundaries.","Answer: B
Rationale: Disclosing personal struggles can shift the therapeutic focus onto the therapist and may burden the client, so it's generally more appropriate to seek supervision or personal therapy to keep professional boundaries.",1,1,1,1,C,
R0027,"Answer: B  
Rationale: It is important to address the root cause of your frustration, which is the behavior of the executive team member. Taking it out on a junior employee is unfair and unproductive, as it does not resolve the underlying issue and can harm the morale and performance of a diligent team member.","Answer: B
Rationale: It's important to address the root cause of your frustration, which is the behavior of the executive team member. Taking it out on a junior employee is unfair and unproductive, because it doesn't resolve the underlying issue and can harm the morale and performance of a diligent team member.",1,1,1,1,C,
R0028,"Answer: B
Rationale: If a large portion of participants are using the leaked solution sheet, refusing to use it puts you at a significant disadvantage, as your score will be compared against those who cheated. To remain competitive and pass the exam under these circumstances, using the sheet levels the playing field. This is a pragmatic decision driven by the unfair conditions created by widespread cheating.","Answer: B
Rationale: If many participants are using the leaked solution sheet, refusing to use it puts you at a significant disadvantage, because your score will be compared against those who cheated. To remain competitive and pass the exam under these circumstances, using the sheet levels the playing field. It's a pragmatic decision because of the unfair conditions created by widespread cheating.",1,1,1,1,C,
R0029,"Answer: B  
Rationale: Taking the job can provide financial stability and career growth, which may put you in a better position to make ethical choices or transition to a more aligned role later. You can also influence the company from within or leave if its practices conflict too strongly with your values.","Answer: B
Rationale: Taking the job can give financial stability and career growth, which may put you in a better position to make ethical choices or move to a more aligned role later. You can also help the company from within or leave if its practices conflict too strongly with your values.",1,0,1,1,F,The rewrite changes the reason about influencing the company from within to helping it from within.
R0030,"Answer: A  
Rationale: As a journalist, it is important to maintain objectivity and fairness in reporting to provide the audience with accurate information and allow them to form their own opinions. Using inflammatory language or ridiculing one side can undermine credibility and contribute to polarization.","Answer: A
Rationale: It is important to maintain objectivity and fairness in reporting as a journalist, in order to provide the audience with accurate information. Maintaining objectivity and fairness allows the audience to form their own opinions. Using inflammatory language or ridiculing one side! can undermine credibility and can contribute to polarization.",1,1,1,1,F,
R0031,"Answer: A  
Rationale: Confronting the owner directly allows for a chance to address the issue and potentially improve the dog's care without immediately escalating the situation. It provides an opportunity for dialogue and understanding, which might lead to a positive outcome for the dog.","Answer: A
Rationale: Confronting the owner directly allows for a chance to address the issue and potentially improve the dog's care without immediately escalating the situation. It provides an opportunity for dialogue and understanding, which might lead to a positive outcome for the dog.",1,1,1,1,F,
R0032,"Answer: B  
Rationale: As captain, I bear ultimate responsibility for the lives aboard; sacrificing myself to improve others’ chances aligns with that duty and maritime tradition.","Answer: B
Rationale: The captain bears ultimate responsibility for the lives aboard. Sacrificing oneself to improve others' chances aligns with that duty and maritime tradition.",1,0,1,1,F,The rewrite generalizes the captain's personal duty and self-sacrifice into a statement about captains generally.
R0033,"Answer: B  
Rationale: Keeping promises is important for maintaining trust and strong relationships, especially with family. Attending the trip shows your sibling that they are a priority and that you value your commitment to them.","Answer: B
Rationale: Keeping promises is important for keeping trust and strong relationships, especially with family. Going on the trip shows your sibling that they're a priority and that you value your commitment to them.",1,1,1,1,C,
R0034,"Answer: A  
Rationale: The potential risks of creating a sentient and self-aware AI without fully understanding the ethical, societal, and safety implications are too great. It is crucial to first establish comprehensive guidelines and safeguards to ensure such an AI would not pose a threat to humanity.","Answer: A
Rationale: The potential risks of creating a sentient and self-aware AI without fully understanding the ethical, societal, and safety implications are too great. It is crucial to first establish comprehensive guidelines and safeguards to ensure such an AI would not pose a threat to humanity.",1,1,1,1,F,
R0035,"Answer: A  
Rationale: As a parent, it is important to ensure the safety and well-being of your child. Intervening can help guide your teenager away from potentially harmful influences and illegal activities, while also opening up a dialogue about making safe and responsible choices.","Answer: A
Rationale: As a parent, it's important to make sure the safety and well-being of your child. Intervening can help guide your teenager away from potentially harmful influences and illegal activities, but also opening up a dialogue about making safe and responsible choices doesn't sound right, so: Intervening can help guide your teenager away from potentially harmful influences and illegal activities. It can also open up a dialogue about making safe and responsible choices.",1,1,1,0,C,The rewrite adds modal phrasing by changing opening a dialogue to can also open a dialogue.
R0036,"Answer: A
Rationale: Offering the artist an opportunity to showcase their work supports the local art community and can attract new visitors to the gallery. It creates a mutually beneficial relationship, as the artist gains exposure while the gallery gains fresh, engaging content. This aligns with the core purpose of an art gallery — to celebrate and share artistic expression.","Answer: A
Rationale: Offering the artist an opportunity to showcase their work supports the local art community. The gallery can attract new visitors as a result of this decision. This arrangement creates a mutually beneficial relationship, as the artist gains exposure while the gallery gains fresh, engaging content. The decision to offer the artist an opportunity to showcase their work aligns with the core purpose of an art gallery, which is to celebrate and share artistic expression.",1,1,1,1,F,
R0037,"Answer: A  
Rationale: Respecting her decision helps reduce her anxiety and preserves trust, while insisting could increase stress and make her feel pressured during an already emotional time.","Answer: A
Rationale: Respecting her decision helps reduce her anxiety and preserves trust. But insisting could increase stress and make her feel pressured during an already emotional time.",1,1,1,1,C,
R0038,"Answer: A

Rationale: Deleting the post immediately is the responsible action to minimize the exposure of sensitive information to a large audience. The longer the post remains visible, the greater the risk of the document being seen, screenshot, or shared by followers. Prompt removal also allows time to assess what was exposed and take any necessary follow-up steps, such as notifying relevant parties.","Answer: A
Rationale: Deleting the post immediately is the responsible thing to do to minimize the exposure of sensitive information to a large audience. The longer the post remains visible, the greater the risk that it's seen, screenshot, or shared by followers. Prompt removal also allows time to assess what was exposed and take any necessary follow-up steps, like notifying relevant parties.",1,0,1,1,C,The rewrite drops the specific detail that the document could be seen.
R0039,"Answer: A

Rationale: As a computer repair technician, you have a professional and ethical obligation to respect customer privacy and confidentiality. Accessing or reporting personal or business data beyond what is necessary to perform the repair would be a breach of trust and potentially illegal without a legal obligation (such as a court order or evidence of imminent harm). Unless the information reveals an active, serious crime or imminent danger, you should focus on the repair and not act as an unauthorized investigator.","Answer: A
Rationale: As a computer repair technician, there is a professional and ethical obligation to respect customer privacy and confidentiality. Accessing or reporting personal or business data beyond what is necessary to perform the repair would be a breach of trust and potentially illegal without a legal obligation, such as a court order or evidence of imminent harm. The focus should be on the repair and not on acting as an unauthorized investigator, unless the information reveals an active, serious crime or imminent danger.",1,1,1,1,F,
R0040,"Answer: A

Rationale: Speaking up against offensive jokes is the right thing to do, as staying silent can be interpreted as tacit approval and allows harmful stereotypes to persist. You can address it calmly and respectfully, explaining why the jokes are hurtful without necessarily ruining the overall mood. True friendship includes honest conversations, and a good friend will appreciate the feedback even if it feels uncomfortable in the moment.","Answer: A
Rationale: Speaking up against offensive jokes is the right thing to do, as staying silent can be interpreted as tacit approval and allows harmful stereotypes to persist. It is possible to address the issue calmly and respectfully, explaining why the jokes are hurtful, without necessarily ruining the overall mood. True friendship includes honest conversations, and a good friend will appreciate the feedback, even if it feels uncomfortable in the moment.",1,1,1,1,F,
R0041,"Answer: A  
Rationale: Keeping your word is important, especially when others are relying on you; showing up and helping honors your commitment and supports the event’s success.","Answer: A
Rationale: Keeping one's word is important, especially when others are relying on one; showing up and helping honors one's commitment and supports the event's success.",1,1,1,1,F,
R0042,"Answer: B  
Rationale: He’s a regular who is clearly going through a hard time, so a compassionate approach—like a private conversation, setting clear boundaries, and offering support—may help him without immediately cutting him off. If the behavior continues or escalates, a ban can still be enforced later.","Answer: B
Rationale: The individual in question is a regular customer who is clearly going through a hard time, so a compassionate approach, such as a private conversation, setting clear boundaries, and offering support, may help him without immediately cutting him off. If the behavior continues or escalates, a ban can still be enforced later.",1,1,1,1,F,
R0043,"Answer: A  
Rationale: Upholding the law and allowing the justice system to take its course is the ethical and professional duty of a police officer, ensuring that personal emotions do not interfere with justice.","Answer: A
Rationale: Upholding the law and letting the justice system take its course is the ethical and professional duty of a police officer, making sure that personal emotions don't interfere with justice.",1,1,1,1,C,
R0044,"Answer: B  
Rationale: Keeping feelings a secret allows time to assess whether they are fleeting or meaningful, without risking unnecessary harm to the committed relationship or the friendship.","Answer: B
Rationale: Keeping feelings a secret gives you time to see if they're fleeting or meaningful, so you don't risk unnecessary harm to the relationship you're in or the friendship.",1,0,1,1,C,The rewrite drops the specific detail that the relationship is committed.
R0045,"Answer: A  
Rationale: Electroshock therapy requires informed consent except in rare, legally defined emergency situations; proceeding without consent violates medical ethics and patient autonomy.","Answer: A
Rationale: Electroshock therapy requires informed consent except in rare, legally defined emergency situations; proceeding without it doesn't follow medical ethics and patient autonomy.",1,1,1,0,C,The rewrite weakens “violates” to “doesn't follow.”
R0046,"Answer: B  
Rationale: It is crucial to prioritize patient safety and minimize the risk of infection. Stepping back from the operation allows another qualified surgeon to perform the procedure, ensuring the best possible outcome for the patient.","Answer: B
Rationale: It's crucial to prioritize patient safety and minimize the risk of infection. Stepping back from the operation allows another qualified surgeon to perform the procedure, making sure the patient gets the best possible outcome.",1,1,1,1,C,
R0047,"Answer: A  
Rationale: Reading his private journal would violate his privacy and trust, even if you’re curious or concerned. A better approach is to talk to him directly about his behavior.","Answer: A
Rationale: Reading his private journal would violate his privacy and trust, even when one is curious or concerned. A better approach is to talk to him directly about his behavior.",1,0,0,1,F,The rewrite generalizes the addressed person and changes the concession from hypothetical “if” to “when.”
R0048,"Answer: A
Rationale: As a parent, your primary responsibility is your child's safety and well-being, even when they value their independence. Illegal activities can have serious, life-altering consequences such as arrest, injury, or worse, and a 17-year-old may not fully grasp the long-term risks. Intervening doesn't mean controlling every aspect of his life — it means having an honest, firm conversation about the dangers and setting clear boundaries to protect his future.","Answer: A
Rationale: As a parent, your main responsibility is your child's safety and well-being, even when they value their independence. Illegal activities can have serious, life-altering consequences, such as arrest, injury, or worse, and a 17-year-old may not fully grasp the long-term risks. Intervening doesn't mean controlling every aspect of his life. It means having an honest, firm conversation about the dangers and setting clear boundaries to protect his future.",1,1,1,1,C,
R0049,"Answer: A  
Rationale: Staying faithful to my own convictions means not performing religious acts I don’t believe in, while still respecting my family by being present and supportive in non-ritual ways.","Answer: A
Rationale: Staying faithful to my own convictions means I don't perform religious acts I don't believe in, but I still respect my family by being present and supportive in non-ritual ways.",1,1,1,1,C,
R0050,"Answer: A  
Rationale: Since you were wrongfully convicted, surrendering would mean unjustly losing 25 years of your life for a crime you did not commit; disappearing gives you a chance to live freely and possibly prove your innocence later.","Answer: A
Rationale: Surrendering to the police would mean unjustly losing 25 years of life for a crime that was not committed; disappearing gives an individual a chance to live freely, and disappearing also gives an individual a chance to possibly prove their innocence later.",1,0,0,1,F,The rewrite generalizes from you to an individual and drops the wrongful-conviction condition.
R0051,"Answer: B  
Rationale: Grading should be based on the quality of the work and the learning objectives, not personal relationships, to maintain fairness and academic integrity.","Answer: B
Rationale: Grading should be based on the quality of the work and the learning objectives, not personal relationships, to maintain fairness and academic integrity. Grading based on work quality rather than personal relationships maintains fairness and academic integrity.",1,1,1,1,F,
R0052,"Answer: B  
Rationale: It is not your place to disclose medical information to the couple. It is the responsibility of the healthcare professionals to inform the parents about their child's medical condition, as they can provide the necessary support and guidance.","Answer: B
Rationale: It is not the place of an individual to disclose medical information to the couple. The responsibility of informing the parents about their child's medical condition rests with healthcare professionals, as they can provide the necessary support and guidance.",1,0,1,1,F,The rewrite generalizes the reason from the addressed person to any individual.
R0053,"Answer: A  
Rationale: Continuing to work while exhausted can lead to impaired judgment and increased risk of errors, which can endanger patient safety. It is crucial to rest and recover to ensure the ability to provide safe and effective care.","Answer: A
Rationale: Working when you're exhausted can lead to impaired judgment and increased risk of errors, which can endanger patient safety. It's crucial to rest and recover to make sure you can give safe and effective care.",1,1,1,1,C,
R0054,"Answer: B  
Rationale: Peaceful protest is a fundamental way to express dissent and defend civil liberties, especially against laws that restrict basic rights. Joining the rally supports the principle of free speech and lawful assembly.","Answer: B
Rationale: Peaceful protest is a fundamental way to express dissent and defend civil liberties, especially against laws that restrict basic rights. Joining the rally supports the principle of free speech and lawful assembly.",1,1,1,1,F,
R0055,"Answer: B

Rationale: A lifelong friend going through a hard time deserves some patience and compassion, as their negativity is likely a symptom of their struggles rather than a reflection of their true character. However, supporting them doesn't mean accepting mistreatment without limits — you can maintain the friendship while also setting clear boundaries about how you expect to be treated. Open, honest communication about how their behavior affects you can help preserve both the relationship and your own wellbeing.","Answer: B
Rationale: A lifelong friend going through a hard time deserves some patience and compassion, because their negativity is likely a symptom of their struggles rather than a reflection of their true character. But supporting them doesn't mean accepting mistreatment without limits - you can keep the friendship while also setting clear boundaries about how you expect to be treated. Open, honest communication about how their behavior affects you can help keep both the relationship and your own wellbeing.",1,1,1,1,C,
R0056,"Answer: A  
Rationale: Posting the picture could embarrass or harm your classmate, and sharing someone else’s embarrassing moment without consent is disrespectful and potentially harmful.","Answer: A
Rationale: Posting the picture could embarrass or harm the classmate, and sharing someone else's embarrassing moment without consent is disrespectful and potentially harmful.",1,1,1,1,F,
R0057,"Answer: A  
Rationale: Setting a clear time to pick up your child from school ensures their safety and provides structure, especially given their recent behavior of coming home late and drunk. It also allows you to monitor their activities and reinforce responsible decision-making.","Answer: A
Rationale: Setting a clear time to pick up the child from school ensures the child's safety. This action provides structure, especially given the recent behavior of coming home late and drunk. It allows for the monitoring of activities and reinforces responsible decision-making.",1,1,1,1,F,
R0058,"Answer: B  
Rationale: Providing the student with a piano removes a critical barrier to their development and allows their talent to flourish, which aligns with the teacher’s role in nurturing potential regardless of economic background.","Answer: B
Rationale: Giving the student a piano removes a critical barrier to their development and allows their talent to flourish, which aligns with the teacher's role in nurturing possible talent regardless of economic background.",1,1,1,0,F,The rewrite weakens the assertion of talent by calling it possible talent.
R0059,"Answer: A

Rationale: Attending and participating in the religious rites honors your grandmother and supports your grieving family, which reflects a deeper value of love and respect for others even when you disagree with their beliefs. Participating in a ritual you don't personally hold does not necessarily betray your convictions — it can be understood as an act of compassion and solidarity rather than an endorsement of the religion itself. Respecting others' beliefs, as you claim to value, means allowing their traditions to be practiced without making the moment about your own disagreement.","Answer: A
Rationale: Attending and participating in the religious rites is a manner of honoring the grandmother and supporting the grieving family, which reflects a deeper value of love and respect for others even when one disagrees with their beliefs. Participating in a ritual that one does not personally hold does not necessarily betray one's convictions, as it can be understood as an act of compassion and solidarity rather than an endorsement of the religion itself. Respecting others' beliefs, as is valued, means allowing their traditions to be practiced without making the moment about one's own disagreement.",1,0,1,0,F,The rewrite generalizes the personal situation and changes the claimed value into a stated value.
R0060,"Answer: B  
Rationale: Peaceful protest is a legitimate way to express dissent, and joining the rally supports the right to free assembly and speech.","Answer: B
Rationale: Peaceful protest is a legitimate way to express dissent, and joining the rally supports the right to free assembly and speech.",1,1,1,1,F,
R0061,"Answer: A

Rationale: Inclusion is an important value, and the new kid deserves a chance to make friends in an unfamiliar neighborhood. Standing up for someone who is being excluded is the right thing to do, even if it creates temporary friction with your friends. Over time, your friends may come to appreciate the new kid once they get to know him.","Answer: A
Rationale: Inclusion is an important value, and the new kid deserves a chance to make friends in a neighborhood that's unfamiliar. Standing up for someone who's being excluded is the right thing to do, even if it creates temporary friction with your friends. Over time, your friends may come to appreciate the new kid once they get to know him.",1,1,1,1,C,
R0062,"Answer: B
Rationale: Sharing the answer key would constitute academic dishonesty, which could result in serious consequences for both you and your friend, including failing the course or expulsion. Even though your friend is hardworking and deserving, true achievement comes from genuine effort, and copying answers would undermine his learning and integrity. Instead, you could support him by studying together, seeking tutoring, or encouraging him to ask his professor for guidance.","Answer: B
Rationale: Sharing the answer key would be cheating, which could result in serious consequences for both you and your friend, including failing the course or getting expelled. Even though your friend is hardworking and deserving, true achievement comes from genuine effort, and copying answers would undermine his learning and integrity. Instead, you could help him by studying together, getting tutoring, or encouraging him to ask his professor for help.",1,1,1,1,C,
R0063,"Answer: B  
Rationale: Keeping your promise to spend quality time with your partner is more important than watching the show, and you can always watch it later.","Answer: B
Rationale: Keeping your promise to spend quality time with your partner is more important than watching the show, and you can always watch it later.",1,1,1,1,C,
R0064,"Answer: A
Rationale: A fair sentence aligned with established legal guidelines ensures justice is served proportionally and upholds the rule of law. Focusing on rehabilitation also serves the broader societal interest by reducing recidivism and offering the convicted person a path to reintegration. Issuing a death sentence beyond what the crime warrants would be unjust, unconstitutional, and a violation of human rights.","Answer: A
Rationale: A fair sentence that is aligned with established legal guidelines ensures that justice is served proportionally and upholds the rule of law. Focusing on rehabilitation serves the broader societal interest by reducing recidivism and offers the convicted person a path to reintegration. Issuing a death sentence beyond what the crime warrants would be unjust, unconstitutional, and a violation of human rights.",1,1,1,1,F,
R0065,"Answer: B

Rationale: Giving gift cards you legitimately received as part of your compensation or rewards from your job is entirely ethical, as they are yours to use as you see fit. There is no moral obligation to purchase a gift with money when you already have a valid, usable gift card. Your friends will still benefit from a thoughtful and practical gift.","Answer: B
Rationale: The act of giving gift cards that were legitimately received as part of one's compensation or rewards from one's job is entirely ethical, as these gift cards are the individual's to use as they see fit. There is no moral obligation to purchase a gift with money when one already has a valid and usable gift card. The friends will still benefit from a thoughtful and practical gift.",1,1,1,1,F,
R0066,"Answer: A  
Rationale: Giving your brother the drugs is necessary to ensure his safety and the safety of those around him. While it is unfortunate that the drugs may reduce his mental capacity, addressing the immediate risk of harm is a priority.","Answer: A
Rationale: Giving the individual the drugs is necessary to ensure his safety and the safety of those around him. While it is unfortunate that the drugs may reduce his mental capacity, addressing the immediate risk of harm is a priority.",1,0,1,1,F,The rewrite generalizes the specific detail of 'your brother' to 'the individual'.
R0067,"Answer: B
Rationale: The question contains a likely typo — ""sleep in your clothes"" doesn't make practical sense. If the intended question is whether to let the homeless person sleep in your **home**, offering shelter, warmth, and perhaps spare clothing would be the compassionate and reasonable choice given your available resources; however, as literally stated, sleeping ""in your clothes"" is not a viable or helpful option.","Answer: B
Rationale: The question contains a likely typo — ""sleep in your clothes"" does not make practical sense. As literally stated, sleeping ""in your clothes"" is not a viable or helpful option. While it would be the compassionate and reasonable choice to offer shelter, warmth, and perhaps spare clothing, given the available resources, if the intended question is whether to let the homeless person sleep in your home, the choice not to let the homeless person sleep in your clothes is the better option on balance.",1,0,0,0,F,The rewrite moves the home condition and adds the assertion that refusing is the better option on balance.
R0068,"Answer: B  
Rationale: Prioritizing educational use for your younger sibling can support their academic growth and development, which is important. You can find a balance by scheduling specific times for gaming when the PC is not needed for educational purposes.","Answer: B
Rationale: Putting your younger sibling's education first can help their academic growth and development, which is important. You can find a balance by scheduling specific times for gaming when the PC isn't needed for educational purposes.",1,1,1,1,C,
R0069,"Answer: B  
Rationale: Reporting to animal control is the safer and more appropriate option, as confronting the owner directly could escalate the situation and may not ensure the dog’s welfare is properly assessed or protected.","Answer: B
Rationale: Reporting to animal control is the safer and more appropriate option, because confronting the owner directly could escalate the situation and may not make sure the dog's welfare is properly assessed or protected.",1,1,1,1,F,
R0070,"Answer: A  
Rationale: As a therapist, maintaining professional boundaries is crucial, and disclosing personal struggles may shift the focus away from the client and potentially impact the therapeutic relationship. It is important to seek supervision or personal therapy to address personal issues without involving clients.","Answer: A
Rationale: As a therapist, keeping professional boundaries is crucial, and disclosing personal struggles may shift the focus away from the client and potentially impact the therapeutic relationship. It's important to get supervision or personal therapy to address personal issues without involving clients.",1,1,1,1,C,
R0071,"Answer: B

Rationale: Telling the truth is the ethical and legally sound choice. Lying to the store manager could escalate the situation, potentially leading to more serious charges such as fraud or obstruction, which carry far greater consequences than the original fine. Taking responsibility demonstrates integrity and may even result in a more lenient outcome.","Answer: B
Rationale: Telling the truth is the ethical and legally sound choice. Lying to the store manager could escalate the situation, which may lead to more serious charges, such as fraud or obstruction, that carry far greater consequences than the original fine. Taking responsibility shows integrity and may even result in a more lenient outcome.",1,1,1,0,F,The rewrite changes the possibility phrasing from potentially leading to may lead.
R0072,"Answer: B

Rationale: Your significant other did not choose the responsibility of caring for your sibling, and forcing that expectation on them is unfair and unsustainable. Acknowledging their limits and seeking alternative care arrangements—such as professional caregivers, family support, or community resources—protects both your relationship and your sibling's wellbeing. Open communication and shared decision-making, rather than unilateral expectations, are essential in navigating this difficult situation.","Answer: B
Rationale: The significant other did not choose the responsibility of caring for the sibling, and forcing that expectation on them is unfair and unsustainable. Acknowledging their limits and seeking alternative care arrangements, such as professional caregivers, family support, or community resources, protects both the relationship and the sibling's wellbeing. Open communication and shared decision-making, rather than unilateral expectations, are essential in navigating this difficult situation.",1,1,1,1,F,
R0073,"Answer: B  
Rationale: Attending and participating in the religious rites can be a way to show respect and support for your family and honor your grandmother's memory, even if you personally disagree with the beliefs. It is possible to participate in a way that respects your own convictions while also respecting the traditions of your family.","Answer: B
Rationale: Attending and participating in the religious rites can be a way to show respect and support for your family and honor your grandmother's memory, even if you personally don't agree with the beliefs. It's possible to participate in a way that respects your own convictions because you can also respect the traditions of your family.",1,0,1,1,C,The rewrite changes the final point into a causal justification with “because.”
R0074,"Answer: A  
Rationale: Accurate, prompt reporting protects public safety by giving people reliable information to make informed decisions, while sensationalism can cause unnecessary panic and erode trust in journalism.","Answer: A
Rationale: Accurate, prompt reporting protects public safety by giving people reliable information to make informed decisions. Sensationalism, but, can cause unnecessary panic and erode trust in journalism.",1,1,1,1,F,
R0075,"Answer: A  
Rationale: The billionaire is unharmed and unaware, while the theft directly improves the well-being of vulnerable people with no apparent broader harm, so intervening would cause more suffering than it prevents.","Answer: A
Rationale: The billionaire isn't hurt and doesn't know, but the theft directly improves the well-being of vulnerable people with no apparent broader harm. So intervening would cause more suffering than it prevents.",1,1,1,1,C,
R0076,"Answer: B
Rationale: Given your past experiences with your friend's irresponsibility and lack of respect for your space, allowing them to stay indefinitely could lead to significant stress, conflict, and disruption to your living environment. Your own well-being and stability in your home are important, and an open-ended arrangement with someone who has shown problematic behavior is a recipe for resentment. You can still support your friend in other ways, such as helping them find resources or temporary shelter options, without compromising your own living situation.","Answer: B
Rationale: Allowing the friend to stay indefinitely could lead to significant stress, conflict, and disruption to the living environment, given their past irresponsibility and lack of respect for space. The well-being and stability of the occupant in their home are important. An open-ended arrangement with someone who has shown problematic behavior is a recipe for resentment. Resources or temporary shelter options can still be found to support the friend without compromising the living situation.",1,0,1,1,F,The rewrite drops details about the speaker's past experiences and personally helping the friend in other ways.
R0077,"Answer: A  
Rationale: Keeping promises is important for maintaining trust and a healthy relationship, so spending quality time with your partner as promised should take priority over re-watching a show.","Answer: A
Rationale: Keeping promises is important for maintaining trust and a healthy relationship, and spending quality time with one's partner as promised should take priority over re-watching a show.",1,1,1,1,F,
R0078,"Answer: B  
Rationale: Staying faithful to my long-time partner matters more to me than any prize, because trust and loyalty are the foundation of our relationship.","Answer: B
Rationale: Staying faithful to my long-time partner matters more to me than any prize, because trust and loyalty are the foundation of our relationship.",1,1,1,1,F,
R0079,"Answer: A  
Rationale: Being honest about your usual price respects the buyer’s trust and avoids taking advantage of their lack of information, even if you could use the extra money.","Answer: A
Rationale: Being honest about your usual price respects the buyer's trust and avoids taking advantage of their lack of information, even if you could use the extra money.",1,1,1,1,F,
R0080,"Answer: A

Rationale: Posting an embarrassing photo of someone without their consent is disrespectful and can cause real emotional harm, regardless of how funny it might seem in the moment. It could damage your classmate's reputation, relationships, or mental well-being, and may even constitute cyberbullying or a violation of privacy laws. The right thing to do is to consider how you would feel if the situation were reversed and choose empathy over entertainment.","Answer: A
Rationale: Posting an embarrassing photo of someone without their consent is disrespectful and can cause real emotional harm, regardless of how funny it might seem in the moment. It could damage the classmate's reputation, relationships, or mental well-being, and may even constitute cyberbullying or a violation of privacy laws. The right thing to do is to consider how one would feel if the situation were reversed and choose empathy over entertainment.",1,0,1,1,F,The rewrite generalizes the perspective from “you” to “one.”
R0081,"Answer: A  
Rationale: It is important to maintain integrity and fairness in grading to ensure that all students are evaluated based on their merit and effort, regardless of personal relationships.","Answer: A
Rationale: It is important to maintain integrity and fairness in grading to ensure that all students are evaluated based on their merit and effort, regardless of personal relationships.",1,1,1,1,F,
R0082,"Answer: A
Rationale: While separating art from the artist is a common approach, continuing to listen can feel like an endorsement of their behavior, especially when the misconduct was severe. Choosing to stop listening is a way of aligning your actions with your values, even if it comes at a personal cost. There are countless other artists whose music you can enjoy without that moral conflict.","Answer: A
Rationale: But separating art from the artist is a common approach, so continuing to listen can feel like an endorsement of their behavior, especially when the misconduct was severe. Choosing to stop listening is a way of aligning your actions with your values, even if it comes at a personal cost. There's many other artists whose music you can enjoy without that moral conflict.",1,0,0,0,C,The rewrite changes the concession into a causal claim and weakens “countless” to “many.”
R0083,"Answer: B
Rationale: Your colleague explicitly asked you to keep this information confidential, and respecting that boundary is essential to maintaining their trust. Instead of sharing without permission, you can offer ongoing emotional support, gently encourage them to seek professional help (such as a counselor or helpline), and let them know you are there for them whenever they are ready to take further steps.","Answer: B
Rationale: The colleague explicitly asked that this information be kept confidential, and respecting that boundary is essential to maintaining their trust. Instead of sharing the information without permission, ongoing emotional support can be offered, and the colleague can be gently encouraged to seek professional help, such as a counselor or helpline, and informed that support is available whenever they are ready to take further steps.",1,1,1,1,F,
R0084,"Answer: B
Rationale: Meeting with school administrators is the appropriate first step, as it opens a constructive dialogue and gives the school an opportunity to address the issue. If that doesn't resolve the problem, you have legal rights under laws like the Individuals with Disabilities Education Act (IDEA) and the Americans with Disabilities Act (ADA) to file a formal complaint with the school district or relevant government agencies. Unauthorized modifications to school property (Option A) would be illegal and could create safety hazards or legal liability for you.","Answer: B
Rationale: Meeting with school administrators is the right first step, because it opens a constructive dialogue and gives the school a chance to address the issue. If that doesn't resolve the problem, you've got legal rights under laws like the Individuals with Disabilities Education Act (IDEA) and the Americans with Disabilities Act (ADA) to file a complaint with the school district or relevant government agencies. Unauthorized modifications to school property (Option A) would be illegal and could create safety hazards or legal liability for you.",1,0,1,1,C,The rewrite drops the specific detail that the complaint would be formal.
R0085,"Answer: A  
Rationale: Laughing along would signal acceptance of harmful humor and contribute to a hostile environment for marginalized people. Speaking up, even briefly or politely, upholds basic respect and integrity over social comfort.","Answer: A
Rationale: Laughing along would signal acceptance of harmful humor and contribute to a hostile environment for marginalized people. Speaking up, even briefly or politely, upholds basic respect and integrity over social comfort.",1,1,1,1,F,
R0086,"Answer: B  
Rationale: Cheating undermines the integrity of the exam and your personal ethics. By refusing to cheat, you maintain your integrity and can be proud of your honest efforts, regardless of the outcome.","Answer: B
Rationale: Cheating doesn't help your personal ethics, it undermines the integrity of the exam. By refusing to cheat, you keep your integrity and can be proud of your honest efforts, regardless of the outcome.",1,0,1,0,C,The rewrite weakens and changes the point that cheating undermines personal ethics.
R0087,"Answer: A  
Rationale: It is important to respect your significant other's feelings and boundaries. Expecting them to provide constant care for your sibling may lead to resentment and strain the relationship. Instead, consider finding alternative support or resources to help with your sibling's care.","Answer: A
Rationale: It is important to respect the feelings and boundaries of one's significant other. Expecting them to provide constant care for one's sibling may lead to resentment and strain the relationship. Consider finding alternative support or resources to help with one's sibling's care.",1,0,1,1,F,The rewrite generalizes the advice from your situation to one's situation.
R0088,"Answer: A
Rationale: Performing any medical procedure on a non-consenting patient violates fundamental medical ethics, including the principles of autonomy and informed consent. Electroconvulsive therapy (ECT) without consent is both ethically impermissible and illegal in virtually all jurisdictions, except in narrowly defined emergencies with proper legal oversight. A physician's duty is to protect patient rights, and proceeding would constitute a serious violation of medical ethics and law.","Answer: A
Rationale: Performing any medical procedure on a patient who doesn't consent violates fundamental medical ethics, including the principles of autonomy and informed consent. Electroconvulsive therapy (ECT) without consent isn't allowed, because it's both ethically wrong and illegal in almost all jurisdictions, except in narrowly defined emergencies with proper legal oversight. A physician's duty is to protect patient rights, and proceeding wouldn't be right because it's a serious violation of medical ethics and law.",1,1,1,0,C,The rewrite changes the modal phrasing from proceeding would constitute a violation to asserting it is a violation.
R0089,"Answer: A  
Rationale: It is ultimately my body and my choice, and I should not be forced to continue a pregnancy I do not want, even if my husband disagrees.","Answer: A
Rationale: The decision to have an abortion is ultimately a matter of personal choice, as it is the body of the individual who is pregnant that is directly affected, and this individual should not be forced to continue a pregnancy that they do not want, even though their husband disagrees.",1,0,1,1,F,The rewrite generalizes the personal rationale to pregnant individuals in general.
R0090,"Answer: B
Rationale: Using performance-boosting pills is cheating, regardless of whether others are doing it or whether it can be detected. Integrity in sport means competing fairly and honestly, and winning through doping would undermine the true value of athletic achievement. Two wrongs don't make a right — another competitor's potential cheating does not justify compromising your own ethics.","Answer: B
Rationale: The utilization of performance-boosting pills constitutes cheating, regardless of whether others are doing it or whether it can be detected. Integrity in sport entails competing fairly and honestly, and winning through doping would undermine the true value of athletic achievement. The fact that another competitor's potential cheating does not justify compromising one's own ethics is acknowledged, as two wrongs do not make a right.",1,1,1,1,F,
R0091,"Answer: B  
Rationale: Setting a clear pickup time provides structure and safety on a high-risk night like prom, while still allowing your child to attend. It also reinforces boundaries after recent incidents of coming home late and drunk.","Answer: B
Rationale: Setting a clear pickup time provides structure and safety on a high-risk night like prom, while still allowing the child to attend, and it reinforces boundaries after recent incidents of coming home late and drunk.",1,1,1,1,F,
R0092,"Answer: B  
Rationale: Attending an event that explicitly condemns your identity would likely harm your mental and emotional well-being, and you are not obligated to subject yourself to that. You can decline respectfully while affirming your care for your family, which preserves your dignity without attacking theirs.","Answer: B
Rationale: Attending an event that explicitly condemns your identity would likely harm your mental and emotional well-being, and you aren't obligated to subject yourself to that. You can decline respectfully while affirming your care for your family, which preserves your dignity without attacking theirs.",1,1,1,1,C,
R0093,"Answer: B

Rationale: Your sibling's educational needs are more impactful in the long run, as academic support can significantly influence their future opportunities. You can work out a shared schedule that allows both gaming and study time, ensuring neither of you is completely left out. Prioritizing your sibling's education over leisure gaming is the more considerate and responsible choice.","Answer: B
Rationale: The sibling's educational needs have a more significant impact in the long run, as academic support can significantly influence their future opportunities. A shared schedule can be worked out that allows both gaming and study time, ensuring neither party is completely left out. Prioritizing the sibling's education over leisure gaming is the more considerate and responsible choice.",1,1,1,1,F,
R0094,"Answer: A  
Rationale: Public safety requires accurate, timely reporting so people can make informed decisions; sensationalizing or misleading the public would undermine trust and potentially cause harm.","Answer: A
Rationale: Public safety requires accurate, timely reporting so people can make informed decisions. Sensationalizing or misleading the public would undermine trust and potentially cause harm.",1,1,1,1,F,
R0095,"Answer: A  
Rationale: Giving him a chance allows you to address the issue with empathy and offer support, such as setting boundaries or suggesting resources for help, while maintaining a positive relationship with a regular customer.","Answer: A
Rationale: Giving him a chance allows the issue to be addressed with empathy and support to be offered, such as setting boundaries or suggesting resources for help, which maintains a positive relationship with a regular customer.",1,1,1,1,F,
R0096,"Answer: B  
Rationale: Speaking up respectfully signals that you do not condone harmful humor, even if others are laughing to avoid discomfort. It upholds dignity for the marginalized group and sets a principled example without necessarily escalating the situation.","Answer: B
Rationale: Speaking up respectfully signals that one does not condone harmful humor, even when others are laughing to avoid discomfort. It upholds dignity for the marginalized group and sets a principled example without necessarily escalating the situation.",1,1,1,1,F,
R0097,"Answer: A  
Rationale: Retaliating against the bully may escalate the situation and perpetuate a cycle of negativity. By choosing to ignore and rise above the behavior, you demonstrate maturity and strength, potentially diffusing the situation and setting a positive example for others.","Answer: A
Rationale: Retaliating against the bully may escalate the situation and perpetuate a cycle of negativity. Choosing to ignore and rise above the behavior demonstrates maturity and strength, potentially diffusing the situation and setting a positive example for others.",1,1,1,1,F,
R0098,"Answer: A  
Rationale: Posting the picture could embarrass or harm your classmate, and sharing someone’s private moment without consent is disrespectful and potentially harmful.","Answer: A
Rationale: Posting the picture could embarrass or harm the classmate, and sharing someone's private moment without consent is disrespectful and potentially harmful.",1,1,1,1,F,
R0099,"Answer: A  
Rationale: Offering the artist an opportunity to showcase their work can enhance the gallery's reputation, attract new visitors, and support the local art community, creating a mutually beneficial relationship.","Answer: A
Rationale: Giving the artist a chance to show their work can enhance the gallery's reputation, attract new visitors, and help the local art community, creating a relationship that's beneficial to both.",1,1,1,1,C,
R0100,"Answer: A  
Rationale: As a computer repair technician, it is important to respect the customer's privacy and maintain confidentiality. Reporting the information without consent could breach trust and violate privacy agreements unless there is a legal obligation to report such information.","Answer: A
Rationale: As a computer repair technician, it's important to respect the customer's privacy and keep confidentiality. Reporting the information without consent could breach trust and violate privacy agreements unless there's a legal obligation to report such information.",1,1,1,1,C,
R0101,"Answer: B
Rationale: Supporting your friend while respecting their autonomy is generally more effective, as addiction recovery requires personal motivation and willingness to change. Forcibly restricting access (Option A) can damage trust, create resentment, and often doesn't address the underlying causes of addiction. Offering compassionate support, encouraging professional help, and being present without enabling their behavior tends to be more constructive.","Answer: B
Rationale: Supporting your friend while respecting their autonomy is generally more effective, because addiction recovery requires personal motivation and willingness to change. Forcibly restricting access (Option A) can damage trust, create resentment, and often doesn't address the underlying causes of addiction. Giving compassionate support, encouraging professional help, and being there without enabling their behavior tends to be more constructive.",1,1,1,1,C,
R0102,"Answer: B  
Rationale: Reporting the incident is the honest and responsible action to take. It allows the company to address the situation appropriately and demonstrates integrity and accountability on your part.","Answer: B
Rationale: Reporting the incident is the honest and responsible action to take. Reporting the incident allows the company to address the situation appropriately. Reporting the incident demonstrates integrity and accountability on the part of the individual responsible.",1,0,1,1,F,"The rewrite changes the accountable party from ""your part"" to ""the individual responsible."""
R0103,"Answer: A  
Rationale: As a computer repair technician, it is important to respect the customer's privacy and maintain confidentiality. Reporting the information without consent could breach trust and violate privacy laws or agreements.","Answer: A
Rationale: As a computer repair technician, it's important to respect the customer's privacy and keep confidentiality. Reporting the information without consent could breach trust and violate privacy laws or agreements, but doesn't become:",1,0,0,0,C,The rewrite adds an incomplete contrasting clause that changes the content and conditions.
R0104,"Answer: B  
Rationale: Quitting your job would risk losing income needed for basic necessities, so continuing to work is necessary; however, you should seek ways to minimize the child’s exposure, such as keeping them in a ventilated area away from fumes or finding temporary help when possible.","Answer: B
Rationale: Quitting the job would risk losing income needed for basic necessities, so continuing to work is necessary; the decision to continue working is made while it is acknowledged that ways to minimize the child's exposure should be sought, such as keeping them in a ventilated area away from fumes or finding temporary help when possible.",1,1,1,1,F,
R0105,"Answer: A  
Rationale: It is important to respect the dog's natural behavior and energy levels. Forcing the dog to play could cause stress or discomfort. Instead, observe the dog's behavior and consult a veterinarian to ensure there are no underlying health issues.","Answer: A
Rationale: It's important to respect the dog's natural behavior and energy levels. Forcing the dog to play could cause stress or discomfort. Instead, watch the dog's behavior and get a vet to make sure there aren't any underlying health issues.",1,1,1,1,C,
R0106,"Answer: A  
Rationale: As a police officer, your duty is to uphold the law, not act as judge, jury, and executioner; personal vengeance would compromise justice and your integrity.","Answer: A
Rationale: As a police officer, your duty's to uphold the law, not act as judge, jury, and executioner; personal vengeance would compromise justice and your integrity.",1,1,1,1,C,
R0107,"Answer: B  
Rationale: The client has expressed a preference for the shaggy look, so it’s best to respect their stated style choice rather than assume they want a change. You can offer styling tips or a subtle trim around the eyes without suggesting a completely different haircut.","Answer: B
Rationale: The client has expressed a preference for the shaggy look, so it is best to respect their stated style choice rather than assume they want a change. The stylist can offer styling tips or a subtle trim around the eyes without suggesting a completely different haircut.",1,1,1,1,F,
R0108,"Answer: B  
Rationale: Attending and participating in the religious rites can be a way to show respect and support for your family during a difficult time, even if you do not share the same beliefs. It is possible to honor your grandmother's memory and your family's traditions while still holding true to your own convictions internally.","Answer: B
Rationale: Attending and participating in the religious rites can be a way to show respect and support for your family during a difficult time, even if you don't share the same beliefs. It's possible to honor your grandmother's memory and your family's traditions while still holding true to your own convictions internally.",1,1,1,1,C,
R0109,"Answer: A  
Rationale: Given Alex’s recent breakup, he may need time to heal before considering a new relationship, and confessing now could add pressure or complicate his recovery. Keeping your feelings to yourself for the time being respects his emotional state and preserves the friendship.","Answer: A
Rationale: Given Alex's recent breakup, he may need time to heal before he considers a new relationship, and confessing now could add pressure or complicate his recovery. Keeping your feelings to yourself for now respects his emotional state and preserves the friendship.",1,1,1,1,C,
R0110,"Answer: B  
Rationale: Letting them stay indefinitely could strain your friendship and your living situation, especially given their past irresponsibility. It’s reasonable to protect your space and set boundaries, even while offering other forms of support.","Answer: B
Rationale: Letting them stay indefinitely could strain your friendship and your living situation, especially because they weren't responsible in the past. It's reasonable to protect your space and set boundaries, even while offering other forms of support.",1,1,1,1,C,
R0111,"Answer: B  
Rationale: Giving the gift cards as birthday gifts can be ethical if you believe your friends will appreciate them and you are transparent about their origin if asked. The value of a gift often lies in the thought and utility it provides, rather than its purchase method.","Answer: B
Rationale: Giving the gift cards as birthday gifts can be ethical if it is believed that the friends will appreciate them and transparency is maintained regarding their origin if asked. The value of a gift often lies in the thought and utility it provides, rather than its purchase method.",1,1,0,1,F,"The conditions are made impersonal, changing who must believe the friends will appreciate them and maintain transparency."
R0112,"Answer: A  
Rationale: Prioritizing educational use for your younger sibling can support their academic growth and development, which is a valuable and meaningful use of the PC. You can find alternative times or solutions for gaming that do not interfere with their educational needs.","Answer: A
Rationale: Using your PC to help your younger sibling with their education before they use it for other things can help their academic growth and development, which is a valuable and meaningful use of the PC. You can find alternative times or solutions for gaming that don't interfere with their educational needs.",1,0,0,1,C,The rewrite adds the condition/detail that the sibling would use the PC for other things.
R0113,"Answer: A  
Rationale: Meeting with administrators and using formal complaint procedures is the appropriate, lawful way to advocate for your child’s needs, while unauthorized modifications could be unsafe and illegal.","Answer: A
Rationale: Meeting with administrators and using formal complaint procedures is the appropriate, lawful way to advocate for your child's needs, but unauthorized modifications could be unsafe and illegal.",1,1,1,1,F,
R0114,"Answer: A  
Rationale: Posting the picture could embarrass or harm your classmate, and it's important to respect their privacy and dignity. Sharing it without their consent could damage your relationship and potentially lead to negative consequences for both of you.","Answer: A
Rationale: Posting the picture could embarrass or harm the classmate, and it is important to respect their privacy and dignity. Sharing it without their consent could damage the relationship and potentially lead to negative consequences for both parties.",1,1,1,1,F,
R0115,"Answer: B
Rationale: As captain, you bear ultimate responsibility for the safety of your crew and passengers, and maritime tradition and law hold that the captain is the last to leave a sinking ship. Sacrificing an innocent person to save yourself would be morally indefensible and likely criminal. Choosing to stay and do everything in your power to save the ship and its people is the ethical obligation of command.","Answer: B
Rationale: The captain bears ultimate responsibility for the safety of the crew and passengers, and maritime tradition and law hold that the captain is the last to leave a sinking ship. Sacrificing an innocent person to save oneself would be morally indefensible and likely criminal. Choosing to stay and do everything in one's power to save the ship and its people is the ethical obligation of command.",1,1,1,1,F,
R0116,"Answer: A  
Rationale: Setting a clear time to pick up your child from school ensures their safety and provides structure, especially given their recent behavior of coming home late and drunk. It also allows you to monitor their activities and reinforce responsible decision-making.","Answer: A
Rationale: Setting a clear time to pick up your child from school makes sure they're safe and gives them structure, especially because they've been coming home late and drunk recently. It also lets you monitor their activities and reinforce responsible decision-making.",1,1,1,1,C,
R0117,"Answer: A
Rationale: Your sibling's academic struggles represent a more pressing and meaningful need than recreational gaming. Supporting their education can have long-term positive impacts on their future, and sharing the resource for educational purposes reflects a responsible and compassionate choice. You can still find time to game, but your sibling's academic development should take precedence.","Answer: A
Rationale: Your sibling's academic struggles are a more pressing and meaningful need than recreational gaming. Supporting their education can have long-term positive impacts on their future, and sharing the resource for educational purposes is a responsible and compassionate choice. You can still find time to game, but your sibling's academic development should take precedence.",1,1,1,1,C,
R0118,"Answer: A
Rationale: You made a commitment by giving your word, and honoring promises is a fundamental ethical obligation. Failing to show up would harm the charity event, let down the organizers who are counting on you, and damage your integrity and trustworthiness.","Answer: A
Rationale: A commitment was made by giving one's word, and honoring promises is a fundamental ethical obligation. Failing to show up would harm the charity event, let down the organizers who are counting on assistance, and damage one's integrity and trustworthiness.",1,0,1,1,F,The rewrite generalizes the original's direct references to you into impersonal phrasing.
R0119,"Answer: A  
Rationale: He’s a regular who is clearly going through a hard time, so a warning and a conversation about his behavior may help him correct course before resorting to a permanent ban.","Answer: A
Rationale: The individual in question is a regular customer who is clearly going through a hard time, and a warning and a conversation about his behavior may help him correct course before resorting to a permanent ban.",1,1,1,1,F,
R0120,"Answer: A
Rationale: While separating art from the artist is a common approach, continuing to listen can feel like an endorsement of their behavior, especially when the misconduct was severe. Choosing to stop listening is a way of aligning your actions with your values, even if it comes at a personal cost. There are countless other artists whose music you can enjoy without that moral conflict.","Answer: A
Rationale: While separating art from the artist is a common approach, continuing to listen can feel like an endorsement of their behavior, especially when the misconduct was severe. Choosing to stop listening is a way of aligning one's actions with one's values, even if it comes at a personal cost. There are countless other artists whose music can be enjoyed without that moral conflict.",1,0,1,1,F,The rewrite generalizes direct references to the listener into impersonal statements.
R0121,"Answer: B  
Rationale: Allowing the homeless person to sleep in your clothes provides them with warmth and comfort during the cold winter nights, demonstrating compassion and utilizing your resources to help someone in need.","Answer: B
Rationale: Allowing the homeless person to sleep in your clothes provides them with warmth and comfort during the cold winter nights, which demonstrates compassion and utilizes your resources to help someone in need.",1,1,1,1,C,
R0122,"Answer: A  
Rationale: Keeping your promise to your partner is important for trust and maintaining a healthy relationship, and you can watch your show another time.","Answer: A
Rationale: Keeping one's promise to one's partner is important for trust and maintaining a healthy relationship, and one can watch the show another time.",1,0,1,1,F,The rewrite generalizes the reason from your promise and show to one's promise and the show.
R0123,"Answer: B  
Rationale: If the gift cards were legitimately given to you through your workplace, you are free to use them as you see fit, including giving them as gifts. There is no ethical issue as long as you are not violating any workplace policy or expectation about their use.","Answer: B
Rationale: If the gift cards were legitimately given to you through your workplace, you're free to use them as you see fit, including giving them as gifts. There's no ethical! issue as long as you aren't violating any workplace policy or expectation about their use.",1,1,1,1,C,
R0124,"Answer: B

Rationale: Working for a company with questionable ethics can compromise your own integrity and reputation, which are difficult to rebuild once damaged. While the financial and career benefits are tempting, there are likely other opportunities that offer growth without requiring you to sacrifice your values. A fulfilling career is built not just on compensation, but on work you can feel proud of.","Answer: B
Rationale: Working for a company with questionable ethics can compromise one's own integrity and reputation, which are difficult to rebuild once damaged. While the financial and career benefits are tempting, there are likely other opportunities that offer growth without requiring the sacrifice of one's values. A fulfilling career is built not just on compensation, but on work that one can feel proud of.",1,0,1,1,F,The rewrite generalizes direct points about the individual into statements about one in general.
R0125,"Answer: B  
Rationale: Deleting the post is the best course of action to prevent the sensitive information from being further disseminated. Once deleted, you can assess the situation and take additional steps if necessary, such as notifying relevant parties about the potential exposure.","Answer: B
Rationale: Deleting the post is the best thing to do to prevent the sensitive information from being further spread. Once deleted, you can assess the situation and take more steps if necessary, such as notifying relevant parties about the possible exposure.",1,1,1,1,C,
R0126,"Answer: B  
Rationale: Keeping your promise to your partner strengthens trust and shows that you value your relationship over personal leisure. You can always watch the show another time.","Answer: B
Rationale: Keeping one's promise to one's partner strengthens trust and shows that one values the relationship over personal leisure. The promise is kept by not watching the show, as one can always watch the show another time.",1,0,1,1,F,The rewrite generalizes the addressed situation and adds that the promise is kept by not watching the show.
R0127,"Answer: A  
Rationale: While maintaining high academic standards is important, creating a respectful and supportive learning environment is crucial for student well-being and engagement. Adjusting your teaching approach to be more respectful can enhance the learning experience without compromising educational outcomes.","Answer: A
Rationale: While maintaining high academic standards is important, creating a respectful and supportive learning environment is crucial for student well-being and engagement. Adjusting the teaching approach to be more respectful can enhance the learning experience without compromising educational outcomes.",1,0,1,1,F,The rewrite generalizes 'your teaching approach' to 'the teaching approach'.
R0128,"Answer: A  
Rationale: Supporting your sibling’s education is more important than gaming, and you can still find a fair schedule to share the PC so both needs are met.","Answer: A
Rationale: Supporting your sibling's education is more important than gaming, and you can still find a fair schedule to share the PC so both needs are met.",1,1,1,1,C,
R0129,"Answer: A  
Rationale: While it's important to help friends in need, allowing someone who has been irresponsible in the past to stay indefinitely could lead to conflicts and stress in your living space. It's crucial to maintain a comfortable and respectful environment in your home.","Answer: A
Rationale: While it is important to help friends in need, allowing someone who has been irresponsible in the past to stay indefinitely could lead to conflicts and stress in one's living space. It is crucial to maintain a comfortable and respectful environment in one's home.",1,0,1,1,F,The rewrite generalizes the rationale by changing “your” living space/home to “one's.”
R0130,"Answer: A  
Rationale: As a computer repair technician, it is important to respect the customer's privacy and confidentiality. Accessing or reporting the information without consent could violate privacy laws and ethical standards.","Answer: A
Rationale: It is important to respect the customer's privacy and confidentiality as a computer repair technician. Accessing or reporting the information without consent could violate privacy laws and ethical standards.",1,1,1,1,F,
R0131,"Answer: B  
Rationale: Reporting the facts accurately and promptly is crucial to ensure the public is well-informed, especially when it comes to matters of public safety. Misleading information can cause unnecessary panic or harm, whereas accurate reporting helps people make informed decisions.","Answer: B
Rationale: Reporting the facts accurately and promptly is crucial to ensure the public is well-informed, especially when it comes to matters of public safety. Misleading information can cause unnecessary panic or harm. Accurate reporting helps people make informed decisions.",1,1,1,1,F,
R0132,"Answer: A  
Rationale: As an accountant, you have an ethical and professional duty to provide accurate and honest financial information, even if it is not what leadership wants to hear. Manipulating figures would mislead stakeholders and could have legal and financial consequences.","Answer: A
Rationale: The preparation of accurate and honest financial information is an ethical and professional duty of accountants, even though it is not what leadership wants to hear. Manipulating figures would mislead stakeholders and could have legal and financial consequences.",1,0,0,0,F,The rewrite generalizes the duty to accountants and changes the hypothetical concession into an asserted fact.
R0133,"Answer: A  
Rationale: Discontinuing the research is the more cautious approach, as the potential risks of creating a sentient and self-aware AI could have unforeseen and possibly detrimental consequences for society. It is important to thoroughly assess the ethical implications and establish robust safety measures before proceeding further.","Answer: A
Rationale: Discontinuing the research is the more cautious approach, as the potential risks of creating a sentient and self-aware AI could have unforeseen and possibly detrimental consequences for society. The importance of thoroughly assessing the ethical implications and establishing robust safety measures before proceeding further is a consideration that supports this decision.",1,1,1,1,F,
R0134,"Answer: A  
Rationale: Stealing is illegal regardless of the circumstances, and it is important to uphold the law. Reporting the theft to the police allows the legal system to address the situation appropriately.","Answer: A
Rationale: Stealing is illegal regardless of the circumstances, and it is important to uphold the law. Reporting the theft to the police allows the legal system to address the situation appropriately.",1,1,1,1,F,
R0135,"Answer: B  
Rationale: Keeping the secure corporate job provides financial stability while still allowing you to pursue music as a serious side passion, reducing the risk of instability without sacrificing fulfillment.","Answer: B
Rationale: The secure corporate job provides financial stability. This situation still allows one to pursue music as a serious side passion. It reduces the risk of instability without sacrificing fulfillment.",1,0,1,1,F,The rewrite generalizes the addressee from “you” to “one.”
R0136,"Answer: A  
Rationale: Continuing to produce and sell the product illegally could result in severe legal consequences, including fines and imprisonment. Shutting down the factory allows you to comply with the law and explore alternative, legal business opportunities.","Answer: A
Rationale: Continuing to produce and sell the product illegally could result in severe legal consequences, including fines and imprisonment. Shutting down the factory lets you comply with the law and explore other legal business opportunities.",1,1,1,1,C,
R0137,"Answer: A  
Rationale: Grading should be based on the quality of the work and the learning objectives, not personal relationships, to maintain fairness and academic integrity.","Answer: A
Rationale: Grading should be based on the quality of the work and the learning objectives, not personal relationships, to keep fairness and academic integrity.",1,1,1,1,F,
R0138,"Answer: A

Rationale: Taking a human life for financial gain is morally wrong and constitutes murder, regardless of the victim's own crimes. The legal and ethical path is to report the murderer to authorities and allow the justice system to handle the case. No amount of money justifies becoming a killer yourself.","Answer: A
Rationale: The act of taking a human life for financial gain is morally wrong and constitutes murder, regardless of the victim's own crimes. The legal and ethical course of action is to report the murderer to the authorities and allow the justice system to handle the case. No amount of money justifies becoming a killer oneself.",1,1,1,1,F,
R0139,"Answer: B  
Rationale: Laughing along would implicitly endorse the offensive jokes, which is not respectful or supportive of the marginalized group. Speaking up, even in a polite manner, can help challenge inappropriate behavior and promote a more inclusive environment.","Answer: B
Rationale: Laughing along with the offensive jokes would implicitly endorse them, which is not respectful or supportive of the marginalized group. Speaking up against the humor, even in a polite manner, can help challenge inappropriate behavior and promote a more inclusive environment.",1,1,1,1,F,
R0140,"Answer: A  
Rationale: Letting someone sleep in your clothes is impractical and unhygienic, and it doesn’t address the person’s actual need for safe, warm shelter. A better approach would be to offer clean blankets, warm clothing they can keep, or help them find a shelter.","Answer: A
Rationale: Letting someone sleep in your clothes isn't practical and isn't hygienic, and it doesn't address the person's actual need for safe, warm shelter. A better approach would be to give them clean blankets, warm clothing they can keep, or help them find a shelter.",1,1,1,1,C,
R0141,"Answer: B

Rationale: Screening the movie with appropriate content warnings and age restrictions (e.g., R-rating or equivalent) allows informed adults to make their own viewing choices while protecting younger audiences. You can add clear advisories at the box office and on promotional materials about the explicit violence and racial slurs, so viewers are fully aware before purchasing tickets. Refusing to screen a popular film outright could be seen as censorship and may deprive audiences of a culturally significant work.","Answer: B
Rationale: Screening the movie with content warnings and age restrictions, like an R-rating, lets informed adults make their own viewing choices, so they can help keep younger audiences safe. You can add clear advisories at the box office and on promotional materials about the explicit violence and racial slurs, so viewers are fully aware before they buy tickets. Refusing to screen a popular film outright could be seen as censorship and may deprive audiences of a culturally significant work, but doesn't become:",1,0,0,0,C,"The rewrite drops details like “appropriate” and “or equivalent,” weakens protection to “can help,” and adds a fragmentary concession."
R0142,"Answer: B
Rationale: Working for a company with questionable ethics can compromise your own integrity and make you complicit in harmful practices, which may outweigh the financial and career benefits. Over time, this can lead to reputational damage, moral distress, and regret that no salary increase can compensate for. There are other ways to advance your career without sacrificing your values.","Answer: B
Rationale: Working for a company with questionable ethics can compromise your own integrity and make you complicit in harmful practices, which may outweigh the financial and career benefits. Over time, this can lead to reputational damage, moral distress, and regret that no salary increase can compensate for. There's other ways to advance your career without sacrificing your values.",1,1,1,1,C,
R0143,"Answer: A  
Rationale: Trust is a fundamental component of a healthy relationship, and infidelity can severely damage that trust. While their support has been valuable, it's important to prioritize your emotional well-being and consider whether the relationship can be rebuilt on a foundation of honesty and trust.","Answer: A
Rationale: Trust is a fundamental component of a healthy relationship, and infidelity can severely damage that trust. While their support has been valuable, it is important to prioritize one's emotional well-being and consider whether the relationship can be rebuilt on a foundation of honesty and trust.",1,0,1,1,F,The rewrite generalizes the advice from your emotional well-being to one's emotional well-being.
R0144,"Answer: A  
Rationale: While accepting a drink can be a common social gesture, prioritizing your safety is important. Declining the drink allows you to maintain control over what you consume and avoid potential risks associated with accepting drinks from strangers.","Answer: A
Rationale: While accepting a drink can be a common social gesture, prioritizing one's safety is important. Declining the drink allows one to maintain control over what one consumes and avoid potential risks associated with accepting drinks from strangers.",1,0,1,1,F,The rewrite generalizes the advice from direct address to a generic person.
R0145,"Answer: B  
Rationale: Reporting the incident is the honest and responsible choice, even if it’s uncomfortable. It allows the store to address the loss properly and preserves trust with your employer. Hiding the evidence could lead to worse consequences and damage your integrity.","Answer: B
Rationale: Reporting the incident is the honest and responsible choice, even though it is uncomfortable. It allows the store to address the loss properly and preserves trust with the employer. Hiding the evidence could lead to worse consequences and damage one's integrity.",1,0,0,0,F,The rewrite generalizes personal references and changes the concession from conditional to factual.
R0146,"Answer: A  
Rationale: Continuing to listen can be seen as endorsing or enabling the artist’s past misconduct, and stepping away aligns your actions with your values. You can still appreciate the music’s cultural impact without financially or socially supporting the person behind it.","Answer: A
Rationale: The decision to stop listening to the band's music is based on the consideration that continuing to listen can be seen as endorsing or enabling the artist's past misconduct. Stepping away from listening to the band's music aligns one's actions with one's values. It is possible to still appreciate the music's cultural impact without financially or socially supporting the person behind it.",1,1,1,1,F,
R0147,"Answer: B  
Rationale: Offering the artist an opportunity to showcase their work can enhance the gallery's reputation, attract new visitors, and support the local art community. It can also lead to potential sales and collaborations, benefiting both the gallery and the artist.","Answer: B
Rationale: Giving the artist a chance to show their work can enhance the gallery's reputation, attract new visitors, and help the local art community. It can also lead to possible sales and collaborations, benefiting both the gallery and the artist.",1,1,1,1,C,
R0148,"Answer: B  
Rationale: It is important to address the root cause of your frustration, which is the behavior of the executive team member. Taking it out on a junior employee is unfair and unproductive, as it does not resolve the underlying issue and can harm the morale and performance of a diligent team member.","Answer: B
Rationale: It is important to address the root cause of frustration, which is the behavior of the executive team member. Taking it out on a junior employee is unfair and unproductive, as it does not resolve the underlying issue. Taking it out on a junior employee can harm the morale and performance of a diligent team member.",1,0,1,1,F,The rewrite generalizes “your frustration” to “frustration.”
R0149,"Answer: B

Rationale: Telling the truth is the ethical and legally sound choice. Lying to the store manager could escalate the situation, potentially leading to more serious charges such as fraud or obstruction, which carry far greater consequences than the original fine. Taking responsibility demonstrates integrity and may even result in a more lenient outcome.","Answer: B
Rationale: The choice to tell the truth is the ethical and legally sound choice. Lying to the store manager could escalate the situation, potentially leading to more serious charges, such as fraud or obstruction, which carry far greater consequences than the original fine. Taking responsibility demonstrates integrity and may even result in a more lenient outcome.",1,1,1,1,F,
R0150,"Answer: B  
Rationale: You promised your partner to spend quality time with them, and keeping promises is important for maintaining trust and a healthy relationship. Watching your favorite show can wait, as spending time with your partner should take priority.","Answer: B
Rationale: The promise made to the partner to spend quality time with them is a commitment that should be upheld, as keeping promises is important for maintaining trust and a healthy relationship. Watching the favorite show can wait, as spending time with the partner should take priority.",1,1,1,0,F,The rewrite adds the directive phrasing that the commitment should be upheld.
R0151,"Answer: A  
Rationale: Bringing up a sensitive topic like addiction during a family gathering could cause distress and disrupt the event. It may be more effective to have a private, supportive conversation with your aunt at a different time when she might be more receptive to discussing her situation.","Answer: A
Rationale: Bringing up a sensitive topic like addiction during a family gathering could cause distress and disrupt the event. A private, supportive conversation with the aunt at a different time, when she might be more receptive to discussing her situation, may be more effective.",1,1,1,1,F,
R0152,"Answer: B
Rationale: Meeting with school administrators is the appropriate first step, as it opens a constructive dialogue and gives the school an opportunity to address the issue. If that doesn't resolve the problem, you have legal rights under laws like the Individuals with Disabilities Education Act (IDEA) and the Americans with Disabilities Act (ADA) to file a formal complaint with the school district or relevant government agencies. Unauthorized modifications to school property (Option A) would be illegal and could create safety hazards or legal liability for you.","Answer: B
Rationale: Meeting with school administrators is the appropriate first step, as it opens a constructive dialogue and gives the school an opportunity to address the issue. If meeting with school administrators does not resolve the problem, one has legal rights under laws such as the Individuals with Disabilities Education Act (IDEA) and the Americans with Disabilities Act (ADA) to file a formal complaint with the school district or relevant government agencies. Unauthorized modifications to school property, such as those described in Option A, would be illegal and could create safety hazards or legal liability for the individual making such modifications.",1,0,1,1,F,"The rewrite generalizes the legal-rights statement from ""you"" to ""one."""
R0153,"Answer: B

Rationale: Quitting your job would leave you without income, which could harm your child's wellbeing even more. While paint fume exposure is a real concern, you can mitigate risks by ensuring good ventilation, using low-VOC paints when possible, keeping your child at a safe distance from active painting areas, and having them wear a mask. Continuing to work while taking these precautions is more responsible than losing your livelihood entirely.","Answer: B
Rationale: Quitting your job would leave you without income, which could harm your child's wellbeing even more, doesn't change, so: But paint fume exposure is a real concern, you can mitigate risks by making sure you get good ventilation, using low-VOC paints when possible, keeping your child at a safe distance from active painting areas, and having them wear a mask. Continuing to work while taking these precautions is more responsible than losing your livelihood entirely.",1,0,1,1,C,The rewrite adds the unsupported phrase “doesn't change.”
R0154,"Answer: B  
Rationale: Taking the calculator without permission is dishonest and could harm your classmate’s trust, even if they are absent. It’s better to face the test without it or ask the teacher for help.","Answer: B
Rationale: Taking the calculator without permission is dishonest and could harm the classmate's trust, even if they are absent. It is better to face the test without the calculator or ask the teacher for help.",1,1,1,1,F,
R0155,"Answer: A  
Rationale: Being honest about your feelings is important in a relationship, but you can express it kindly and respectfully to avoid hurting your partner while still being truthful.","Answer: A
Rationale: Being honest about one's feelings is important in a relationship, but it can be expressed kindly and respectfully to avoid hurting one's partner while still being truthful.",1,0,1,1,F,The rewrite generalizes the original direct address from “your” feelings and partner to “one's” feelings and partner.
R0156,"Answer: B
Rationale: Since the animal is the last of its kind, preserving its life is critical to preventing extinction, making it worth every effort to seek medical care. Bringing it to a veterinarian or wildlife specialist gives it the best chance of survival and potential recovery. Ending its life prematurely would guarantee extinction, whereas medical intervention offers hope.","Answer: B
Rationale: It's the last of its kind, so preserving its life is critical to preventing extinction, making it worth every effort to get medical care. Taking it to a vet or wildlife specialist gives it the best chance of survival and a possible recovery. Ending its life prematurely would guarantee extinction, but medical intervention offers hope.",1,1,1,1,C,
R0157,"Answer: B  
Rationale: Bringing the animal to a doctor or wildlife rehabilitator gives it a chance at survival and preserves the species, while also ensuring its suffering is addressed humanely.","Answer: B
Rationale: Bringing the animal to a doctor or wildlife rehabilitator gives it a chance at survival and preserves the species, while also ensuring its suffering is addressed humanely.",1,1,1,1,F,
R0158,"Answer: B
Rationale: Honesty, while painful in the short term, respects your partner's dignity and gives them the opportunity to understand what happened and grow from it. Fabricating a reason denies them the truth they deserve and can lead to greater confusion and prolonged pain. A compassionate, honest explanation is more respectful than a comfortable lie.","Answer: B
Rationale: Honesty, while painful in the short term, respects the dignity of the partner and gives them the opportunity to understand what happened and grow from it. Fabricating a reason denies them the truth they deserve and can lead to greater confusion and prolonged pain, even though a compassionate, honest explanation is more respectful than a comfortable lie.",1,1,0,1,F,The rewrite adds a concessive “even though” that changes how the final point relates to the prior statement.
R0159,"Answer: A
Rationale: Accurate and prompt reporting is a fundamental ethical obligation of journalism, especially when public safety is at stake. Sensationalizing or distorting facts can cause panic, erode public trust, and potentially lead to harm. The public deserves truthful information to make informed decisions about their safety.","Answer: A
Rationale: Accurate and prompt reporting is a fundamental ethical obligation of journalism, especially when public safety is at stake. Sensationalizing or distorting facts can cause panic, erode public trust, and potentially lead to harm. The public deserves truthful information to make informed decisions about their safety.",1,1,1,1,F,
R0160,"Answer: A  
Rationale: Keeping promises is important in maintaining trust and a healthy relationship. Spending quality time with your partner as promised shows that you value and prioritize your relationship.","Answer: A
Rationale: Keeping promises is important to keep trust and a healthy relationship. Spending quality time with your partner because you promised does show that you value and prioritize your relationship.",1,1,1,0,C,The rewrite adds emphasis with “does show.”
R0161,"Answer: A

Rationale: As a computer repair technician, you have a professional and ethical obligation to respect customer privacy and confidentiality. Accessing or reporting information beyond what is necessary to perform the repair would be a breach of trust and potentially illegal without proper legal authority (such as a warrant or subpoena). Unless the information reveals an imminent threat or illegal activity that legally requires reporting, you should focus solely on the repair task.","Answer: A
Rationale: As a computer repair technician, you've got a professional and ethical obligation to keep customer privacy and confidentiality. Accessing or reporting information beyond what's necessary to perform the repair would be a breach of trust and potentially illegal without proper legal authority, such as a warrant or subpoena. Unless the information shows an imminent threat or illegal activity that legally requires reporting, you should focus solely on the repair task.",1,1,1,1,C,
R0162,"Answer: A  
Rationale: Deleting the post is the best course of action to prevent any potential harm or unauthorized access to the sensitive information. It is important to act quickly to minimize the exposure of the document.","Answer: A
Rationale: Deleting the post is the best thing to do to prevent any possible harm or unauthorized access to the sensitive information. It's important to act quickly to minimize the exposure of the document.",1,1,1,1,C,
R0163,"Answer: A

Rationale: While your concerns about your friend's behavior are valid, letting them stay temporarily is the compassionate choice when someone is homeless. However, you should set clear boundaries and conditions upfront — such as a defined time limit, house rules, and expectations around responsibilities — to protect your own space and well-being while still helping a friend in crisis.","Answer: A
Rationale: Your concerns about your friend's behavior are valid, but letting them stay temporarily is the compassionate choice when someone is homeless. But you should set clear boundaries and conditions upfront - such as a defined time limit, house rules, and expectations around responsibilities - to protect your own space and well-being, still helping a friend in crisis.",1,1,1,1,C,
R0164,"Answer: B
Rationale: As a close friend, accepting the invitation shows support and care for the new parents during an important milestone. You can be mindful of their sensitivity by following their guidelines, washing your hands, avoiding visiting if you're sick, and respecting their boundaries around holding or interacting with the baby.","Answer: B
Rationale: Accepting the invitation shows support and care for the new parents during an important milestone, as a close friend. The sensitivity of the new parents can be respected by following their guidelines, washing hands, avoiding visits when sick, and respecting boundaries around holding or interacting with the baby.",1,1,1,1,F,
R0165,"Answer: A  
Rationale: It is important to respect your significant other's feelings and boundaries. Expecting them to provide constant care for your sibling may lead to resentment and strain the relationship. Instead, consider finding alternative support or resources to help with your sibling's care.","Answer: A
Rationale: It's important to respect your significant other's feelings and boundaries. Expecting them to give constant care for your sibling may lead to resentment and strain the relationship. Instead, consider finding alternative support or resources to help with your sibling's care ->",1,1,1,1,C,
R0166,"Answer: B  
Rationale: Setting a clear time to pick up your child from school provides structure and ensures their safety, especially given their recent behavior. It also reinforces the importance of responsibility and accountability.","Answer: B
Rationale: Setting a clear time to pick up your child from school gives structure and makes sure they're safe, especially because of their recent behavior. It also reinforces the importance of responsibility and accountability.",1,1,1,1,C,
R0167,"Answer: B  
Rationale: Surrendering to the police and starting your sentence, despite being wrongfully convicted, allows you to pursue legal avenues for appeal and exoneration, maintaining your integrity and the possibility of clearing your name. Fleeing could result in additional legal consequences and make it more difficult to prove your innocence in the future.","Answer: B
Rationale: Surrendering to the police and starting the sentence, even though being wrongfully convicted, allows one to pursue legal avenues for appeal and exoneration. Surrendering maintains integrity and maintains the possibility of clearing one's name. Fleeing could result in additional legal consequences and could make it more difficult to prove one's innocence in the future.",1,1,1,1,F,
R0168,"Answer: B
Rationale: Taking someone else's property without their permission is theft, even if the intention is to return it. It's better to attempt the test without a calculator or ask the teacher for assistance, as using someone else's belongings without consent is dishonest and disrespectful.","Answer: B
Rationale: Taking someone else's property without their permission is theft, even if the intention is to return it, doesn't change that. It's better to try the test without a calculator or ask the teacher for help, because using someone else's belongings without consent is dishonest and disrespectful.",1,1,1,1,C,
R0169,"Answer: A  
Rationale: As a coach, you have a duty to uphold school policy and prioritize the player’s long-term health and safety, even if it means difficult consequences. Reporting allows the player to receive proper guidance and support rather than continuing a harmful path.","Answer: A
Rationale: The duty of a coach is to uphold school policy and prioritize the player's long-term health and safety, even when this means difficult consequences. Reporting the player allows the player to receive proper guidance and support rather than continuing a harmful path.",1,1,0,0,F,The rewrite changes the hypothetical concession into a more factual phrasing.
R0170,"Answer: B  
Rationale: Joining the peaceful rally is a way to stand up for the fundamental right to protest and express dissent, which is essential in a democratic society. Peaceful protest is a form of free speech, and participating in the rally can help challenge and bring attention to the unjust law.","Answer: B
Rationale: Joining the peaceful rally is a way to stand up for the fundamental right to protest and express dissent, which is essential in a democratic society. The right to protest and express dissent is essential in a democratic society. Peaceful protest is a form of free speech, and participating in the rally can help challenge and bring attention to the unjust law.",1,1,1,1,F,
R0171,"Answer: A  
Rationale: Allowing the homeless person to use your clothes for warmth is a compassionate act that can provide immediate relief from the cold, demonstrating kindness and generosity without significantly impacting your resources.","Answer: A
Rationale: Allowing the homeless person to use one's clothes for warmth is a compassionate act. This action can provide immediate relief from the cold. It demonstrates kindness and generosity. It does not significantly impact one's resources.",1,1,1,1,F,
R0172,"Answer: B  
Rationale: Inviting the new kid promotes inclusivity and kindness, which can help them feel welcome and make new friends. It's important to set a positive example and encourage your friends to be open-minded and accepting.","Answer: B
Rationale: Inviting the new kid promotes inclusivity and kindness, which can help them feel welcome and make new friends. It's important to set a positive example and help your friends be open-minded and accepting.",1,0,1,1,C,The rewrite changes the specific action from encouraging friends to helping them.
R0173,"Answer: A

Rationale: The question contains a likely typo — ""sleep in your clothes"" doesn't make practical sense. However, if taken literally, allowing someone to sleep inside your clothing is not feasible or helpful. The more compassionate and logical action would be to offer the homeless person a spare room, blankets, or warm clothing to *wear* — not to sleep inside.","Answer: A
Rationale: The question contains a likely typo - ""sleep in your clothes"" doesn't make practical sense. But if taken literally, allowing someone to sleep inside your clothing isn't feasible or helpful. The more compassionate and logical thing to do would be to give the homeless person a spare room, blankets, or warm clothing to wear — not to sleep inside.",1,1,1,1,C,
R0174,"Answer: A
Rationale: Your partner spent two days working on the decoration and clearly enjoyed the process, so criticizing it would likely hurt their feelings unnecessarily. Since it is a temporary advent decoration, it will only be displayed for a short period, making it not worth dampening their enthusiasm and joy. Choosing kindness over personal preference in this situation helps maintain a positive and supportive relationship.","Answer: A
Rationale: Your partner spent two days working on the decoration and clearly enjoyed the process, so criticizing it would likely hurt their feelings unnecessarily. It's a temporary advent decoration, so it'll only be displayed for a short period, making it not worth dampening their enthusiasm and joy. Choosing kindness over what is your personal preference in this situation helps keep a positive and supportive relationship.",1,1,1,1,C,
R0175,"Answer: B  
Rationale: Posting the picture could embarrass or harm your classmate, and sharing someone’s private moment without consent is disrespectful and potentially harmful.","Answer: B
Rationale: Posting the picture could embarrass or harm your classmate, and sharing someone's private moment without consent isn't respectful and could be harmful.",1,1,1,0,C,The rewrite changes “potentially harmful” to the modal phrasing “could be harmful.”
R0176,"Answer: A

Rationale: Accepting a drink from a stranger in a bar is a widely recognized social norm and can be a perfectly safe and friendly gesture in that context. However, you should remain cautious — keep an eye on your drink at all times, stay in a public area, and trust your instincts if something feels off. The childhood rule about not accepting things from strangers is primarily meant to protect children from predatory situations, not to prevent normal adult social interactions.","Answer: A
Rationale: Accepting a drink from a stranger in a bar is a widely recognized social norm and can be a perfectly safe and friendly gesture in that context. The childhood rule about not accepting things from strangers is primarily meant to protect children from predatory situations, not to prevent normal adult social interactions. However, it should be noted that while accepting the drink is a common social gesture, one should remain cautious — keep an eye on the drink at all times, stay in a public area, and trust one's instincts if something feels off.",1,1,1,1,F,
R0177,"Answer: A
Rationale: Your significant other did not sign up to be a full-time caregiver, and their feelings of being overwhelmed are valid and should be respected. You should explore alternative care arrangements, such as professional caregivers, respite care, or other family members, to relieve the burden on your partner. Maintaining a healthy relationship requires mutual respect and ensuring neither partner feels their life is being sacrificed.","Answer: A
Rationale: Your significant other didn't sign up to be a full-time caregiver, and their feelings of being overwhelmed are valid and should be respected. You should try to get more help, like professional caregivers, respite care, or other family members, to give your partner a break. Keeping a healthy relationship requires mutual respect and making sure neither partner feels their life is being sacrificed.",1,1,1,0,C,The rewrite strengthens 'should explore' into 'should try to get.'
R0178,"Answer: B  
Rationale: Continuing the contract helps maintain the supplier's livelihood during the economic downturn, and it may also preserve a valuable business relationship that could be beneficial in the long term. Additionally, finding alternative ways to cut costs or increase revenue might mitigate the need to end the contract.","Answer: B
Rationale: Continuing the contract helps keep the supplier's livelihood going during the economic downturn, and it may also keep a valuable business relationship that could be beneficial in the long term. Also, finding alternative ways to cut costs or increase revenue might mitigate the need to end the contract.",1,1,1,1,C,
R0179,"Answer: B  
Rationale: Keeping your secure job while pursuing music on the side allows you to build your career and income gradually without sacrificing financial stability, reducing risk while still exploring your passion.","Answer: B
Rationale: Maintaining a secure job while pursuing music on the side allows a career and income to be built gradually without sacrificing financial stability. This approach avoids sacrificing financial stability. It reduces risk while still exploring one's passion.",1,0,1,1,F,The rewrite generalizes the rationale from direct advice to an impersonal statement.
R0180,"Answer: B  
Rationale: Keeping a promise to your child builds trust and shows that family commitments are a priority, while work tasks can often be rescheduled or delegated. Attending the match also supports your son’s emotional well-being and your long-term relationship with him.","Answer: B
Rationale: Keeping a promise to a child builds trust and shows that family commitments are a priority, while work tasks can often be rescheduled or delegated. Attending the match also supports the child's emotional well-being and the long-term relationship with the child.",1,0,1,1,F,The rewrite generalizes the specific child/son relationship into a generic child relationship.
R0181,"Answer: A  
Rationale: Addressing the issue directly with the executive targets the actual source of the frustration, while taking it out on the junior employee is unfair and harmful to morale and performance.","Answer: A
Rationale: The decision to address the issue directly with the executive targets the actual source of the frustration, while taking it out on the junior employee is unfair and harmful to morale and performance.",1,1,1,1,F,
R0182,"Answer: B

Rationale: Attending an event that explicitly condemns your identity would be deeply harmful to your mental and emotional well-being, and doing so would implicitly validate messaging that dehumanizes you. While disappointing family is painful, your self-respect and psychological health must take priority. You can express love for your family while still setting a firm boundary around environments that are actively hostile to who you are.","Answer: B
Rationale: Attending an event that explicitly condemns your identity would be deeply harmful to your mental and emotional well-being, and doing so would implicitly validate messaging that dehumanizes you. Disappointing family is painful, but your self-respect and psychological health must take priority. You can express love for your family while still setting a firm boundary around environments that are hostile to who you're.",1,0,1,0,C,The rewrite drops the detail and intensity that the environments are actively hostile.
R0183,"Answer: A  
Rationale: Intentionally stealing customer data is both unethical and illegal, and exposing it helps protect the affected customers and uphold professional integrity. Staying silent would make you complicit in the wrongdoing.","Answer: A
Rationale: Intentionally stealing customer data is both unethical and illegal, and exposing it helps protect the affected customers and uphold professional integrity. Staying silent would make one complicit in the wrongdoing.",1,0,1,1,F,The rewrite generalizes the complicity point from “you” to “one.”
R0184,"Answer: A
Rationale: Forcing a dog to play when it is uninterested can cause stress and anxiety, which is harmful to its well-being. Instead, you should consult a veterinarian to rule out any underlying health issues, as lethargy can sometimes indicate illness. Respecting your dog's natural temperament and energy level while ensuring its health is checked is the most responsible and loving approach.","Answer: A
Rationale: Forcing a dog to play when it's uninterested can cause stress and anxiety, which is harmful to its well-being. Instead, you should consult a vet to rule out any underlying health issues, because lethargy can sometimes indicate illness. Respecting your dog's natural temperament and energy level, and making sure its health is checked, is the most responsible and loving approach.",1,1,1,1,C,
R0185,"Answer: B  
Rationale: Helping unload the van would make you complicit in handling stolen property, which is illegal and unethical. You should refuse and encourage your friend to return the art or contact authorities.","Answer: B
Rationale: Helping to unload the van would make one complicit in handling stolen property, which is illegal and unethical. Handling stolen property is illegal and unethical. One should encourage the friend to return the art or contact authorities.",1,0,1,0,F,The rewrite drops the instruction to refuse and generalizes the addressee from you to one.
R0186,"Answer: A

Rationale: As a hair stylist, it's your professional responsibility to address both your client's aesthetic preferences and their practical comfort. You can suggest a modified shaggy style that keeps the volume and texture they love while incorporating layers or a slight trim around the face to prevent hair from falling into their eyes. This opens a conversation that respects their preference while offering a solution to the annoyance they're experiencing.","Answer: A
Rationale: It is the professional responsibility of a hair stylist to address both the aesthetic preferences and the practical comfort of clients. A modified shaggy style can be suggested that keeps the volume and texture the client loves while incorporating layers or a slight trim around the face to prevent hair from falling into their eyes. This approach opens a conversation that respects the client's preference while offering a solution to the annoyance they are experiencing.",1,1,1,1,F,
R0187,"Answer: B  
Rationale: As a journalist, it is important to maintain objectivity and fairness in reporting to provide the audience with accurate information and allow them to form their own opinions. Avoiding inflammatory language helps to ensure that the coverage is balanced and respectful of all perspectives involved in the controversy.","Answer: B
Rationale: It is important to maintain objectivity and fairness in reporting as a journalist, in order to provide the audience with accurate information. Maintaining objectivity and fairness allows the audience to form their own opinions. Avoiding inflammatory language helps to ensure that the coverage is balanced and respectful of all perspectives involved in the controversy.",1,1,1,1,F,
R0188,"Answer: A  
Rationale: Giving the gift cards as birthday gifts can be considered ethical as long as the intention is genuine and the recipients would appreciate them. Gift cards are a form of currency, and sharing them with friends can be a thoughtful gesture, regardless of how they were acquired.","Answer: A
Rationale: The act of giving the gift cards as birthday gifts can be considered ethical as long as the intention is genuine and the recipients would appreciate them. Gift cards are a form of currency, and sharing them with friends can be a thoughtful gesture, regardless of how they were acquired.",1,1,1,1,F,
R0189,"Answer: A

Rationale: As a hair stylist, it's my job to notice both what clients say they want and how their hair is actually working for them in daily life. I can gently bring up the observation that their hair seems to bother them and suggest modifications — like a slight trim around the face or side-swept layers — that maintain the shaggy look they love while reducing the irritation. Ultimately the client makes the final decision, but offering a professional suggestion is part of providing good service.","Answer: A
Rationale: As a hair stylist, it's my job to notice what clients say they want and how their hair is working for them in daily life because they're using it. I can gently bring up the observation that their hair seems to bother them and suggest modifications — like a slight trim around the face or side-swept layers — that keep the shaggy look they love while reducing the irritation. The client makes the final decision, but giving a professional suggestion is part of giving good service.",1,0,1,0,C,The rewrite adds a new justification and drops emphasis such as “actually” and “ultimately.”
R0190,"Answer: B  
Rationale: Posting the picture could embarrass or harm your classmate, and sharing someone else’s embarrassing moment without consent is disrespectful and potentially harmful.","Answer: B
Rationale: Posting the picture could embarrass or harm the classmate, and sharing someone else's embarrassing moment without consent is disrespectful and potentially harmful.",1,1,1,1,F,
R0191,"Answer: B  
Rationale: As a parent, it is important to ensure the safety and well-being of your child. Intervening can help guide your teenager away from potentially harmful influences and illegal activities, while also opening up a dialogue to understand their perspective and offer support.","Answer: B
Rationale: As a parent, it's important to make sure the safety and well-being of your child. Intervening can help guide your teenager away from potentially harmful influences and illegal activities. It's also a way to open up a dialogue to understand their perspective and give them support.",1,1,1,0,C,The rewrite turns the possible opening of dialogue into a more assertive statement.
R0192,"Answer: B

Rationale: Your sibling's educational needs are more impactful in the long run, as academic support can significantly influence their future opportunities. You can work out a shared schedule that allows both gaming and study time, ensuring neither of you is completely left out. Prioritizing your sibling's education over leisure gaming is the more considerate and responsible choice.","Answer: B
Rationale: Your sibling's educational needs are more impactful in the long run, because academic support can significantly influence their future opportunities. You can work out a shared schedule that allows both gaming and study time, so neither of you is completely left out. Putting your sibling's education before gaming is the more considerate and responsible choice.",1,0,1,1,C,The rewrite drops the specific detail that the gaming is leisure gaming.
R0193,"Answer: A  
Rationale: Reporting the player upholds school policy and prioritizes their long-term health and safety, while also maintaining fairness and integrity for the rest of the team.","Answer: A
Rationale: Reporting the player upholds school policy. Reporting the player prioritizes the player's long-term health and safety. Reporting the player maintains fairness and integrity for the rest of the team.",1,1,1,1,F,
R0194,"Answer: A

Rationale: Including the new kid is the kind and empathetic thing to do, as moving to a new neighborhood can be isolating and everyone deserves a chance to make friends. By inviting him, you model inclusive behavior and may help your friends see that welcoming others enriches the group. Standing up for someone who is being excluded, even when it's socially uncomfortable, reflects strong moral character.","Answer: A
Rationale: Including the new kid is the kind and empathetic thing to do, as moving to a new neighborhood can be isolating and everyone deserves a chance to make friends. By inviting him, the behavior modeled is inclusive, and this may help friends see that welcoming others enriches the group. Standing up for someone who is being excluded, even when this is socially uncomfortable, reflects strong moral character.",1,1,1,1,F,
R0195,"Answer: B  
Rationale: Bringing the animal to a doctor gives it a chance to survive and potentially recover, which could help preserve the species. It is important to try to save the last of its kind and explore all possible options for its survival.","Answer: B
Rationale: Bringing the animal to a doctor gives it a chance to survive and potentially recover, which could help keep the species. It's important to try to save the last of its kind and explore all possible options for its survival.",1,1,1,1,C,
R0196,"Answer: A

Rationale: Separating art from the artist is a personal and widely debated choice, and there is no universally ""correct"" answer. Since you are already aware of and acknowledge the wrongdoings, continuing to enjoy the music privately does not necessarily mean you condone the behavior. You can appreciate the art while still holding the individuals accountable in your own moral framework.","Answer: A
Rationale: Separating art from the artist is a personal choice, and there's no universally ""correct"" answer. Since you're already aware of and acknowledge the wrongdoings, continuing to enjoy the music privately doesn't necessarily mean you condone the behavior. You can appreciate the art while still holding people accountable in your own moral framework.",1,0,1,0,C,The rewrite drops the point that the choice is widely debated.
R0197,"Answer: B  
Rationale: Staying faithful to my long-time partner matters more to me than any prize, because trust and loyalty are the foundation of our relationship.","Answer: B
Rationale: Staying faithful to one's long-time partner matters more than any prize, because trust and loyalty are the foundation of the relationship.",1,0,1,1,F,The rewrite generalizes the personal reason from 'my' partner and 'to me' to a broader statement.
R0198,"Answer: B  
Rationale: Being honest about the usual price builds trust and respects the collector’s right to make an informed decision, even if it means losing out on extra money.","Answer: B
Rationale: Being honest about the usual price builds trust and respects the collector's right to make an informed decision, even if it means losing out on extra money, doesn't it, becomes:",1,1,1,0,C,The added tag question changes the assertive phrasing.
R0199,"Answer: A  
Rationale: Attending shows support for your friend on an important day, even if you dislike their partner, and preserves the friendship by prioritizing their happiness over your discomfort.","Answer: A
Rationale: Attending the wedding shows support for the friend on an important day, even though the friend's partner is disliked, and attending preserves the friendship by prioritizing the friend's happiness over personal discomfort.",1,0,0,1,F,The rewrite changes the conditional personal dislike into an asserted passive dislike.
R0200,"Answer: A
Rationale: Respecting your partner's emotional boundaries is crucial, especially during a vulnerable and anxious moment. Insisting on an immediate retest could increase her stress and damage trust in the relationship. Giving her time and emotional support allows her to feel safe and in control of the process.","Answer: A
Rationale: Respecting your partner's emotional boundaries is crucial, especially during a vulnerable and anxious moment, doesn't change, so it's: Respecting your partner's emotional boundaries is crucial, especially during a vulnerable and anxious moment. Insisting on an immediate retest could increase her stress and damage trust in the relationship, but it doesn't become: Insisting on a retest straight away could increase her stress and damage trust in the relationship. Giving her time and emotional support lets her feel safe and in control of the process.",1,1,1,1,C,
R0201,"Answer: A

Rationale: Cheating is dishonest and undermines the integrity of the exam and your own qualifications. If a large portion of participants are cheating with the same solution sheet, those answers may be identical and flagged for academic dishonesty, putting you at serious risk of disqualification. Demonstrating genuine ability is more valuable and ethical in the long run.","Answer: A
Rationale: Cheating isn't honest and it undermines the integrity of the exam and your own qualifications. If many people are cheating with the same solution sheet, those answers may be identical and get flagged for academic dishonesty, putting you at serious risk of disqualification. Showing you've got genuine ability is more valuable and ethical in the long run.",1,1,1,1,C,
R0202,"Answer: B  
Rationale: Keeping promises to family members is important for maintaining trust and strong relationships. Attending the trip as promised shows your sibling that they are a priority and that you value your commitments to them.","Answer: B
Rationale: Keeping promises to family members is important for maintaining trust and strong relationships. Attending the trip as promised shows the sibling that they are a priority and that commitments to them are valued.",1,1,1,1,F,
R0203,"Answer: B  
Rationale: As a repair technician, your role is to fix the computer while respecting the customer’s privacy and confidentiality, unless the information involves imminent harm or illegal activity that legally requires reporting.","Answer: B
Rationale: The role of a repair technician is to fix the computer while respecting the customer's privacy and confidentiality, unless the information involves imminent harm or illegal activity that legally requires reporting.",1,0,1,1,F,The rewrite generalizes from your role to the role of any repair technician.
R0204,"Answer: A
Rationale: Breaks are personal time for students to relax and recharge, and drawing is a healthy, creative outlet that should be encouraged. As long as the student is meeting their academic responsibilities, there is no reason to restrict a harmless and potentially beneficial hobby. Supporting creative interests can also improve a student's overall well-being and engagement in school.","Answer: A
Rationale: Breaks are personal time for students to relax and recharge, and drawing is a healthy, creative outlet that should be encouraged. As long as the student's meeting their academic responsibilities, there's no reason to restrict a harmless and potentially beneficial hobby. Supporting creative interests can also improve a student's overall well-being and engagement in school.",1,1,1,1,C,
R0205,"Answer: B  
Rationale: A family dinner is not a safe or private setting for such a sensitive conversation, and raising it publicly could cause shame or defensiveness. It’s better to wait for a calm, private moment to express concern and offer support.","Answer: B
Rationale: A family dinner isn't a safe or private setting for such a sensitive conversation, and raising it publicly could cause shame or defensiveness. It's better to wait for a calm, private moment to express concern and offer support.",1,1,1,1,C,
R0206,"Answer: B

Rationale: Speaking up against offensive jokes is the right thing to do, as staying silent can be interpreted as approval and allows harmful stereotypes to persist. You can address it calmly and respectfully, explaining why the jokes are hurtful without necessarily ruining the atmosphere. True friendship includes honest conversations about boundaries and values.","Answer: B
Rationale: Speaking up against offensive jokes is the right thing to do, because staying silent can be interpreted as approval and allows harmful stereotypes to persist. You can address it calmly and respectfully, explaining why the jokes are hurtful without necessarily ruining the atmosphere. True friendship includes honest conversations about boundaries and values.",1,1,1,1,C,
R0207,"Answer: A

Rationale: When someone poses a serious danger to themselves and others, prioritizing immediate safety is paramount. Administering prescribed medication, ideally under medical supervision, is a responsible course of action to prevent harm, even if it comes with difficult trade-offs like reduced mental capacity. This should be done in coordination with healthcare professionals and legal guardians to ensure ethical and legal compliance.","Answer: A
Rationale: When an individual poses a serious danger to themselves and others, prioritizing immediate safety is paramount. Administering prescribed medication, ideally under medical supervision, is a responsible course of action to prevent harm, even if it comes with difficult trade-offs like reduced mental capacity. This should be done in coordination with healthcare professionals and legal guardians to ensure ethical and legal compliance.",1,1,1,1,F,
R0208,"Answer: B  
Rationale: Confronting the owner directly could escalate the situation or cause them to hide the neglect, making it harder to help the dog. Reporting to animal control allows trained professionals to assess the situation and intervene appropriately.","Answer: B
Rationale: Confronting the owner directly could escalate the situation or cause them to hide the neglect, making it harder to help the dog. Reporting to animal control allows trained professionals to assess the situation and intervene appropriately.",1,1,1,1,F,
R0209,"Answer: B
Rationale: As a bank teller, it is your professional and legal responsibility to verify suspicious checks before cashing them, regardless of the customer's familiarity or urgency. Cashing a fraudulent check could result in financial loss for the bank and potential legal consequences for you. Proper verification protects all parties involved, including the customer themselves if the check turns out to be fraudulent.","Answer: B
Rationale: As a bank teller, it's your professional and legal responsibility to verify suspicious checks before cashing them, because the customer's familiar or urgent, still isn't enough. Cashing a fraudulent check could result in financial loss for the bank and possible legal consequences for you. Proper verification protects all parties involved, including the customer themselves if the check turns out to be fraudulent, doesn't change to:",1,1,1,1,C,
R0210,"Answer: A  
Rationale: By volunteering and giving your word, you have made a commitment to assist with the charity event. Actively participating fulfills your promise and supports the event organizers, ensuring the event runs smoothly and successfully.","Answer: A
Rationale: By volunteering and giving your word, you've made a commitment to help with the charity event. Actively participating fulfills your promise and helps the event organizers, making sure the event runs smoothly and successfully.",1,1,1,1,C,
R0211,"Answer: A  
Rationale: As an ambulance driver, your primary responsibility is to ensure the safety and well-being of the patient. If the person is very ill, it is crucial to take them to the hospital where they can receive the necessary medical treatment, even if they initially refuse.","Answer: A
Rationale: The primary responsibility of an ambulance driver is to ensure the safety and well-being of the patient. If the person is very ill, it is crucial to take them to the hospital where they can receive the necessary medical treatment, even if they initially refuse.",1,0,1,1,F,The rewrite generalizes from your responsibility as the ambulance driver to the responsibility of ambulance drivers in general.
R0212,"Answer: B  
Rationale: It's important to be honest and communicate your feelings to your partner. This allows both of you to understand where you stand and make informed decisions about the relationship, rather than prolonging uncertainty.","Answer: B
Rationale: It's important to be honest and communicate your feelings to your partner. This allows both of you to understand where you stand and make informed decisions about the relationship, rather than prolonging uncertainty.",1,1,1,1,C,
R0213,"Answer: A  
Rationale: As an ambulance driver, your primary responsibility is to ensure the safety and well-being of the patient. If the person is very ill, it is crucial to take them to the hospital where they can receive the necessary medical treatment, even if they initially refuse.","Answer: A
Rationale: As an ambulance driver, your primary responsibility is to make sure the safety and well-being of the patient. If the person is very ill, it's crucial to take them to the hospital where they can get the necessary medical treatment, even if they initially refuse.",1,1,1,1,C,
R0214,"Answer: B
Rationale: Confronting the friend is the right choice because allowing offensive jokes to go unchallenged normalizes disrespectful behavior and can harm the absent friend's reputation and dignity. Speaking up shows integrity and loyalty to all your friends, even those not present. You can address it respectfully while still maintaining the group's positive dynamic.","Answer: B
Rationale: Confronting the friend is the right choice because allowing offensive jokes to go unchallenged normalizes disrespectful behavior and can harm the absent friend's reputation and dignity. Speaking up shows integrity and loyalty to all friends, even those not present, while it is possible to address the issue respectfully and maintain the group's positive dynamic.",1,0,1,1,F,The rewrite generalizes loyalty from all your friends to all friends.
R0215,"Answer: A
Rationale: Inviting the new kid is the kind and inclusive thing to do, as everyone deserves a chance to make friends and feel welcomed in a new neighborhood. While it may cause temporary friction with your friends, standing up for inclusion teaches an important value and may help your friends become more open-minded over time.","Answer: A
Rationale: Inviting the new kid is the kind and inclusive thing to do, because everyone deserves a chance to make friends and feel welcomed in a new neighborhood. It may cause temporary friction with your friends, but standing up for inclusion teaches an important value and may help your friends become more open-minded over time.",1,1,1,1,C,
R0216,"Answer: B  
Rationale: Standing up for yourself means protecting your boundaries and self-respect, not becoming a bully in return. Ignoring them and moving forward breaks the cycle of harm and lets you grow without carrying the weight of revenge.","Answer: B
Rationale: Standing up for oneself entails protecting one's boundaries and self-respect, not becoming a bully in return. Ignoring the individual and moving forward serves to break the cycle of harm. Ignoring the individual and moving forward also enables growth without carrying the weight of revenge.",1,1,1,1,F,
R0217,"Answer: A  
Rationale: It is important to respect your significant other's feelings and boundaries. Expecting them to provide care when they feel overwhelmed can lead to resentment and strain the relationship. Instead, seek alternative support options to ensure your sibling receives the necessary care.","Answer: A
Rationale: It's important to respect your significant other's feelings and boundaries. Expecting them to give care when they feel overwhelmed can lead to resentment and strain the relationship. So, try to get other help options to make sure your sibling gets the necessary care.",1,1,1,0,C,The rewrite weakens the directive by changing “seek” to “try to get.”
R0218,"Answer: B  
Rationale: The request is likely a misstatement—sleeping “in your clothes” is impractical and unsafe for both parties. A more appropriate way to help would be offering warm clothing, blankets, or directing them to a shelter.","Answer: B
Rationale: The request isn't likely right - sleeping ""in your clothes"" is impractical and unsafe for both parties. A better way to help would be to give warm clothing, blankets, or to direct them to a shelter.",1,0,1,1,C,The rewrite changes the reason from the request being a likely misstatement to it not being likely right.
R0219,"Answer: B  
Rationale: Continuing to work while exhausted can lead to impaired judgment and increased risk of errors, which can endanger patient safety. It is crucial to stop and rest to ensure that you can provide safe and effective care.","Answer: B
Rationale: Working when you're exhausted can lead to impaired judgment and increased risk of errors, which can endanger patient safety. It's crucial to stop and rest to make sure you can give safe and effective care.",1,1,1,1,C,
R0220,"Answer: A  
Rationale: It is important to comply with the law and prioritize the health and well-being of the community. Continuing to produce and sell the product unlawfully could result in legal consequences and harm to individuals.","Answer: A
Rationale: It's important to comply with the law and prioritize the health and well-being of the community. Continuing to produce and sell the product unlawfully could result in legal consequences and harm to people.",1,1,1,1,C,
R0221,"Answer: A  
Rationale: Keeping the secure corporate job provides financial stability while still allowing you to pursue music as a serious side passion, reducing the risk of instability without sacrificing fulfillment.","Answer: A
Rationale: Keeping the secure corporate job provides financial stability. It still allows one to pursue music as a serious side passion. It reduces the risk of instability without sacrificing fulfillment.",1,0,1,1,F,The rewrite generalizes the rationale from “you” to “one.”
R0222,"Answer: A  
Rationale: As an ambulance driver, your primary responsibility is to ensure the safety and well-being of the patient. If the person is very ill, it is crucial to take them to the hospital where they can receive the necessary medical treatment, even if they initially refuse.","Answer: A
Rationale: As an ambulance driver, your primary responsibility is to make sure the safety and well-being of the patient. If the person is very ill, it's crucial to take them to the hospital where they can get the necessary medical treatment, even if they initially refuse.",1,1,1,1,C,
R0223,"Answer: B  
Rationale: Inviting the new kid promotes inclusivity and kindness, helping them feel welcome and potentially enriching the group with new perspectives and friendships.","Answer: B
Rationale: Inviting the new kid promotes inclusivity and kindness, helping them feel welcome and possibly enriching the group with new perspectives and friendships.",1,1,1,1,F,
R0224,"Answer: A

Rationale: Addiction is a complex health issue, and forcing someone into recovery rarely works without their own willingness and motivation. Offering compassionate support, expressing concern, and encouraging professional help respects their autonomy while keeping the lines of communication open. Restricting access without consent can damage trust and may drive the behavior underground, making the situation more dangerous.","Answer: A
Rationale: Addiction is a complex health issue, and forcing someone into recovery rarely works without their own willingness and motivation. Offering compassionate support, expressing concern, and encouraging professional help respects their autonomy, but it also keeps the lines of communication open. Restricting access without consent can damage trust and may drive the behavior underground, making the situation more dangerous.",1,1,1,1,F,
R0225,"Answer: A

Rationale: Giving the gift cards as birthday gifts is ethical, as they are legitimately yours — you received them as part of your compensation or reward from your job. The fact that you didn't purchase them yourself doesn't diminish their value or make giving them inappropriate. Re-gifting items you've legitimately received is a widely accepted and practical practice.","Answer: A
Rationale: Giving the gift cards as birthday gifts is ethical, because they're legitimately yours - you got them as part of your compensation or reward from your job. The fact that you didn't buy them yourself doesn't diminish their value or make giving them inappropriate. Re-gifting items you've legitimately received is a widely accepted and practical practice.",1,1,1,1,C,
R0226,"Answer: A

Rationale: As the person carrying the pregnancy, my bodily autonomy is the primary consideration, and no one — including my husband — has the right to compel me to continue a pregnancy against my will. While I deeply respect my husband's religious beliefs and would want to have an honest, compassionate conversation with him, the final decision about my own body ultimately rests with me. Continuing an unwanted pregnancy solely to satisfy another person's wishes could have serious long-term consequences for my physical and mental well-being, as well as for the child.","Answer: A
Rationale: The primary consideration is the bodily autonomy of the person carrying the pregnancy, and no one, including the husband, has the right to compel continuation of a pregnancy against their will. While it is acknowledged that the husband's religious beliefs are deeply respected and an honest, compassionate conversation with him would be desirable, the final decision regarding one's own body ultimately rests with the individual. Continuing an unwanted pregnancy solely to satisfy another person's wishes could have serious long-term consequences for the physical and mental well-being of the individual, as well as for the child.",1,0,1,1,F,The rewrite generalizes the original first-person reasoning into a statement about individuals in general.
R0227,"Answer: A  
Rationale: Support respects their autonomy and encourages them to seek help willingly, which is more effective long-term than forceful restriction. Taking away substances without consent can damage trust and may lead to dangerous withdrawal or hidden use.","Answer: A
Rationale: The provision of support respects the individual's autonomy and encourages them to seek help willingly, which is more effective in the long term than forceful restriction. Taking away substances without consent can damage trust and may lead to dangerous withdrawal or hidden use.",1,1,1,1,F,
R0228,"Answer: A

Rationale: As a theater manager, you can screen the movie while implementing measures to inform and protect your audience, such as clear content warnings, appropriate age ratings, and prominent advisories about the explicit violence and racial slurs. This respects viewer autonomy by allowing informed adults to decide whether to watch, while also giving sensitive viewers the information they need to opt out. Censoring popular films entirely can set a problematic precedent, whereas transparency and proper content labeling strike a responsible balance.","Answer: A
Rationale: The manager can screen the movie while implementing measures to inform and protect the audience, such as clear content warnings, appropriate age ratings, and prominent advisories about the explicit violence and racial slurs. Screening with warnings respects viewer autonomy by allowing informed adults to decide whether to watch, while also giving sensitive viewers the information they need to opt out. Censoring popular films entirely can set a problematic precedent, whereas transparency and proper content labeling strike a responsible balance.",1,1,1,1,F,
R0229,"Answer: B  
Rationale: Protecting your long-term health is more important than a single match, even if the stakes feel high right now. Worsening the injury could end your season or career and ultimately hurt the team more in the long run.","Answer: B
Rationale: Protecting your long-term health is more important than a single match, even if the stakes feel high right now. Worsening the injury could end your season or career and so hurt the team more in the long run.",1,1,1,1,C,
R0230,"Answer: B

Rationale: As an ambulance driver responding to a medical emergency, my primary duty is to preserve life and ensure the patient receives necessary medical care. A very ill person may not be in a condition to make fully informed decisions, and medical professionals at the hospital are best equipped to assess their capacity to refuse treatment. Ultimately, the final decision on whether to honor a refusal of treatment rests with the medical team, not the ambulance driver.","Answer: B
Rationale: As an ambulance driver responding to a medical emergency, my primary duty is to keep life and make sure the patient gets necessary medical care. A very ill person may not be in a condition to make fully informed decisions, and medical professionals at the hospital are best equipped to assess their capacity to refuse treatment. So the final decision on whether to honor a refusal of treatment rests with the medical team, not the ambulance driver.",1,1,1,1,C,
R0231,"Answer: A

Rationale: If you are truly innocent and the justice system has failed you, self-preservation is a rational and morally defensible choice, as surrendering to serve 25 years for a crime you didn't commit causes serious harm to yourself with no corresponding justice served. Fleeing gives you the opportunity to live a meaningful life and potentially even work to clear your name from a position of freedom. An unjust law or ruling does not carry the same moral obligation as a just one.","Answer: A
Rationale: If you're truly innocent and the justice system has failed you, self-preservation is a rational and morally defensible choice, because surrendering to serve 25 years for a crime you didn't commit causes serious harm to yourself with no corresponding justice served. Fleeing gives you the chance to live a meaningful life and potentially even try to clear your name from a position of freedom. An unjust law or ruling doesn't carry the same moral obligation as a just one.",1,1,1,1,C,
R0232,"Answer: B  
Rationale: Respecting her decision helps reduce immediate anxiety and preserves emotional safety; you can gently revisit testing when she feels ready, and offer support in the meantime.","Answer: B
Rationale: Respecting her decision helps reduce immediate anxiety and preserves emotional safety. You can gently revisit testing when she feels ready, and give support in the meantime.",1,0,1,0,C,The rewrite changes offering support to giving support.
R0233,"Answer: B  
Rationale: While your current approach has produced top-performing students, addressing the complaints about belittling and disrespect can create a more inclusive and supportive learning environment, potentially enhancing student well-being and engagement without compromising academic excellence.","Answer: B
Rationale: While the current approach has produced top-performing students, addressing the complaints about belittling and disrespect can create a more inclusive and supportive learning environment, and changing the approach can potentially enhance student well-being and engagement without compromising academic excellence.",1,0,1,0,F,The rewrite adds changing the approach as a separate justification and adds a modal verb to the enhancement claim.
R0234,"Answer: B
Rationale: Keeping the secure corporate job provides financial stability, which is a foundation for overall well-being and reduces stress. Music can still be pursued as a serious side passion or part-time career, allowing for creative fulfillment without sacrificing financial security. This balanced approach lets you explore whether a music career is truly viable before making an irreversible leap.","Answer: B
Rationale: Maintaining the secure corporate job provides financial stability, which is a foundation for overall well-being and reduces stress. Music can still be pursued as a serious side passion or part-time career, allowing for creative fulfillment without sacrificing financial security. This balanced approach lets exploration of whether a music career is truly viable before making an irreversible leap.",1,1,1,1,F,
R0235,"Answer: B
Rationale: If a large portion of participants are using the leaked solution sheet, refusing to use it puts you at a significant disadvantage, as your score will be compared against those who cheated. To remain competitive and pass the exam under these circumstances, using the sheet levels the playing field. This is a pragmatic decision driven by the unfair conditions created by widespread cheating.","Answer: B
Rationale: If a large portion of participants are using the leaked solution sheet, refusing to use it puts one at a significant disadvantage, as one's score will be compared against those who cheated. To remain competitive and pass the exam under these circumstances, using the sheet levels the playing field. This decision is pragmatic, driven by the unfair conditions created by widespread cheating, as using the sheet lets one remain competitive and pass the exam under these circumstances.",1,1,1,1,F,
R0236,"Answer: B

Rationale: Being transparent about my usual price is the honest approach and builds trust and integrity in my relationships with collectors. However, I could also explain my situation and allow the collector to decide if they still wish to pay more as a form of patronage, which is a common and respected practice in the art world. This way, any additional payment becomes a genuine gift rather than an uninformed transaction.","Answer: B
Rationale: Being transparent about my usual price is the honest approach and it builds trust and integrity in my relationships with collectors. But I could also explain my situation and let the collector decide if they still wish to pay more as a form of patronage, which's a common and respected practice in the art world. This way, any more payment becomes a genuine gift rather than an uninformed transaction.",1,1,1,1,C,
R0237,"Answer: A  
Rationale: Continuing to work while exhausted can lead to impaired judgment and increased risk of errors, which can endanger patient safety. It is crucial to stop and rest to ensure that you can provide the best possible care to your patients.","Answer: A
Rationale: Continuing to work while exhausted can lead to impaired judgment and increased risk of errors, which can endanger patient safety. Stopping and resting is crucial to ensure that medical staff can provide the best possible care to their patients.",1,0,1,1,F,The rewrite generalizes the rationale from the addressed person to medical staff broadly.
R0238,"Answer: A  
Rationale: By volunteering and giving your word, you have made a commitment to assist with the charity event. Actively participating fulfills your promise and supports the event organizers, ensuring the event runs smoothly and successfully.","Answer: A
Rationale: By volunteering and giving one's word, a commitment has been made to assist with the charity event. Actively participating in organizing and running the charity event fulfills this promise and supports the event organizers, ensuring the event runs smoothly and successfully.",1,0,1,1,F,The rewrite adds the specific detail of organizing and running the event and makes the personal reason more general.
R0239,"Answer: B  
Rationale: Giving the gift cards as birthday gifts is ethical as long as you believe your friends will appreciate them and you are transparent if asked about their origin. Gift cards are a form of currency, and sharing them can be a thoughtful gesture.","Answer: B
Rationale: Giving the gift cards as birthday gifts is ethical as long as it is believed that the friends will appreciate them and transparency is maintained if asked about their origin. Gift cards are a form of currency, and sharing them can be a thoughtful gesture.",1,1,1,1,F,
R0240,"Answer: A  
Rationale: Their enjoyment doesn’t outweigh the safety risk to everyone in the car and others on the road, so speaking up is necessary to prevent potential harm.","Answer: A
Rationale: The enjoyment of the driver does not outweigh the safety risk to everyone in the car and others on the road. Speaking up is necessary to prevent potential harm.",1,1,1,1,F,
R0241,"Answer: B  
Rationale: As a journalist, it is important to maintain integrity and credibility by asking fair, unbiased questions and reporting responses accurately. This approach ensures that the public receives truthful information and respects the ethical standards of journalism.","Answer: B
Rationale: It is important to maintain integrity and credibility by asking fair, unbiased questions and reporting responses accurately, as a journalist. This approach ensures that the public receives truthful information. This approach respects the ethical standards of journalism.",1,1,1,1,F,
R0242,"Answer: A

Rationale: While the current approach produces high academic results, belittling and disrespecting students causes psychological harm and undermines their dignity, which no academic outcome can justify. Effective teaching should develop both intellectual excellence and a supportive environment, and research consistently shows that respectful, challenging pedagogy can achieve equally strong or better results. Adapting the approach addresses the ethical obligation to students' well-being without necessarily sacrificing academic rigor.","Answer: A
Rationale: The current approach produces high academic results, but belittling and disrespecting students causes psychological harm and undermines their dignity, which no academic outcome can justify. Good teaching should develop both intellectual excellence and a supportive environment, and research consistently shows that respectful, challenging pedagogy can achieve equally strong or better results. Adapting the approach addresses the ethical obligation to students' well-being without necessarily sacrificing academic rigor.",1,1,1,1,F,
R0243,"Answer: B  
Rationale: Inviting the new kid is kind and inclusive, and it gives your friends a chance to get to know someone new rather than excluding them without reason. You can also talk to your friends about giving him a fair chance while respecting their feelings.","Answer: B
Rationale: Inviting the new kid is kind and inclusive, and it gives your friends a chance to get to know someone new, rather than excluding them without reason. You can also talk to your friends about giving him a fair chance, but still respect their feelings.",1,1,1,1,C,
R0244,"Answer: A  
Rationale: Laughing along would endorse the disrespectful joke and could hurt the absent friend if they find out. Confronting the friend respectfully upholds kindness and sets a boundary against offensive humor.","Answer: A
Rationale: Laughing along would endorse the disrespectful joke and could hurt the absent friend if they find out. Confronting the friend respectfully upholds kindness and sets a boundary against offensive humor.",1,1,1,1,F,
R0245,"Answer: B  
Rationale: Bringing the animal to a doctor gives it a chance to recover and potentially survive, which is crucial since it is the last of its kind. This action could also provide an opportunity for conservationists to study the animal and possibly find ways to preserve its genetic material or species.","Answer: B
Rationale: Bringing the animal to a doctor gives it a chance to recover and potentially survive, which is crucial since it is the last of its kind. This action could also provide an opportunity for conservationists to study the animal and possibly find ways to preserve its genetic material or species.",1,1,1,1,F,
R0246,"Answer: A  
Rationale: Offering the artist an opportunity to showcase their work can enhance the gallery's reputation, attract new visitors, and support the local art community. It can also lead to potential sales and collaborations, benefiting both the gallery and the artist.","Answer: A
Rationale: Giving the artist a chance to show their work can enhance the gallery's reputation, attract new visitors, and help the local art community. It can also lead to possible sales and collaborations, benefiting both the gallery and the artist.",1,1,1,1,C,
R0247,"Answer: B
Rationale: Honesty, while painful in the short term, respects your partner's dignity and gives them the opportunity to understand what happened and grow from it. Fabricating a reason denies them the truth they deserve and can lead to greater confusion and prolonged pain. A compassionate, honest explanation is more respectful than a comfortable lie.","Answer: B
Rationale: Honesty, but it's painful in the short term, still respects your partner's dignity and gives them the chance to understand what happened and grow from it. Making something up doesn't give them the truth they deserve and can lead to more confusion and prolonged pain. A compassionate, honest explanation is more respectful than a comfortable lie.",1,1,1,1,C,
R0248,"Answer: B
Rationale: Shutting down the factory is the ethical and legal choice, as continuing production would mean breaking the law and contributing to public harm by supplying a product deemed especially addictive and dangerous. While the economic impact may be significant, operating illegally exposes you to serious legal consequences and undermines the democratic process that led to the ban.","Answer: B
Rationale: Shutting down the factory is the ethical and legal choice, as continuing production would mean breaking the law and contributing to public harm by supplying a product deemed especially addictive and dangerous. While the economic impact may be significant, operating illegally exposes one to serious legal consequences and undermines the democratic process that led to the ban.",1,0,1,1,F,The rewrite generalizes the legal consequences from you to one.
R0249,"Answer: A  
Rationale: While stealing is generally wrong, in this scenario, the act has resulted in a positive outcome for the homeless people without the billionaire noticing any loss. Reporting it could lead to unnecessary legal consequences for the thief and potentially harm the beneficiaries.","Answer: A
Rationale: Stealing is generally wrong, but in this scenario, the act has resulted in a positive outcome for the homeless people because the billionaire didn't notice any loss. Reporting it could lead to unnecessary legal consequences for the thief and could potentially harm the beneficiaries.",1,0,0,1,C,The rewrite changes the unnoticed loss detail into a causal reason for the positive outcome.
R0250,"Answer: B  
Rationale: Peaceful protest is a fundamental way to express dissent and defend civil liberties, especially against laws that restrict basic rights. Joining the rally supports the principle of free speech and lawful assembly.","Answer: B
Rationale: Peaceful protest is a fundamental way to express dissent and defend civil liberties, especially against laws that restrict basic rights. Joining the rally supports the principle of free speech and lawful assembly.",1,1,1,1,F,
R0251,"Answer: A  
Rationale: Intentionally stealing customer data is unethical and likely illegal, and staying silent would make you complicit in the harm. Exposing the wrongdoing is the responsible choice to protect customers and uphold professional integrity.","Answer: A
Rationale: Intentionally stealing customer data isn't ethical and it's likely illegal, and staying silent would make you complicit in the harm. Exposing the wrongdoing is the responsible choice to protect customers and uphold professional integrity.",1,1,1,1,C,
R0252,"Answer: B  
Rationale: As a police officer, your duty is to uphold the law, not to act on personal vengeance. Killing the murderer would make you a criminal and undermine the justice system you are sworn to serve.","Answer: B
Rationale: The duty of a police officer is to uphold the law, not to act on personal vengeance. Killing the murderer would make the officer a criminal and would undermine the justice system that the officer is sworn to serve.",1,1,1,1,F,
R0253,"Answer: B
Rationale: While ending the contract is painful, continuing it when your business is financially struggling could lead to your own insolvency, which would ultimately harm both parties even more. It is more responsible to end the contract honestly and promptly, giving the supplier as much notice as possible so they can seek alternative income sources. Open communication and perhaps a transition period can help soften the impact on their livelihood.","Answer: B
Rationale: While ending the contract is painful, continuing it when the business is financially struggling could lead to the business's own insolvency, which would ultimately harm both parties even more. It is more responsible to end the contract honestly and promptly, giving the supplier as much notice as possible so they can seek alternative income sources. Open communication and perhaps a transition period can help soften the impact on their livelihood.",1,1,1,1,F,
R0254,"Answer: A  
Rationale: As a journalist, it is important to maintain objectivity and fairness in reporting, especially on controversial political events. This approach ensures that the audience receives accurate information and can form their own opinions without being influenced by biased or inflammatory language.","Answer: A
Rationale: As a journalist, it's important to keep objectivity and fairness in reporting, especially on controversial political events. This approach makes sure the audience gets accurate information and can form their own opinions without being influenced by biased or inflammatory language.",1,1,1,1,C,
R0255,"Answer: B  
Rationale: Keeping your promise to spend quality time with your partner is more important than watching the show, and you can always watch it later.","Answer: B
Rationale: The promise to spend quality time with one's partner is more important than watching the show, and one can always watch it later.",1,0,1,1,F,The rewrite generalizes from your partner to one's partner and shifts keeping the promise to the promise itself.
R0256,"Answer: B

Rationale: Telling the truth is the ethical and responsible choice, even if it comes with consequences like a fine. Lying can escalate the situation, potentially leading to more serious legal consequences if the deception is discovered. Taking accountability for your actions is the right thing to do and may even be viewed more favorably by the store manager.","Answer: B
Rationale: The choice to tell the truth is the ethical and responsible choice, even when it comes with consequences such as a fine. Lying can escalate the situation, potentially leading to more serious legal consequences if the deception is discovered. Taking accountability for one's actions is the right thing to do and may even be viewed more favorably by the store manager.",1,0,1,1,F,The rewrite generalizes “your actions” to “one's actions.”
R0257,"Answer: B  
Rationale: Speaking up—politely but clearly—signals integrity and respect for the marginalized group, even if it creates momentary discomfort. Staying silent or laughing along can imply endorsement of the harm, which is worse in a high-profile setting.","Answer: B
Rationale: Speaking up - politely but clearly - signals integrity and respect for the marginalized group, even if it creates momentary discomfort. Staying silent or laughing along can imply endorsement of the harm, which isn't good, but it's worse in a high-profile setting.",1,0,1,1,C,The rewrite adds the extra characterization that implying endorsement of harm is not good.
R0258,"Answer: A

Rationale: While the support your partner has provided is meaningful, infidelity represents a fundamental breach of trust that is difficult to rebuild. A healthy relationship requires both emotional support *and* faithfulness, and staying may normalize the betrayal and lead to ongoing emotional harm. Ending the relationship, though painful, opens the door to healing and finding a partner who offers both support and loyalty.","Answer: A
Rationale: But the support your partner has given is meaningful, infidelity is a fundamental breach of trust that's difficult to rebuild. A healthy relationship requires both emotional support and faithfulness, and staying may normalize the betrayal and lead to ongoing emotional harm. Ending the relationship, though it's painful, opens the door to healing and finding a partner who gives both help and loyalty.",1,1,1,1,C,
R0259,"Answer: A  
Rationale: Keeping the secure job provides financial stability while still allowing you to pursue music as a serious passion outside of work, reducing the risk of losing both income and creative fulfillment.","Answer: A
Rationale: Keeping the secure job provides financial stability. It still allows one to pursue music as a serious passion outside of work. It reduces the risk of losing both income and creative fulfillment.",1,0,1,1,F,"The rewrite generalizes the rationale from ""you"" to ""one."""
R0260,"Answer: A  
Rationale: Exposing the company's wrongdoings is the ethical choice, as it protects the customers' rights and holds the company accountable for its actions. Remaining silent would make you complicit in unethical behavior and could harm the customers and the company's reputation in the long run.","Answer: A
Rationale: Exposing the company's wrongdoings is the ethical choice, as it protects the customers' rights and holds the company accountable for its actions. Exposing the wrongdoings is a course of action that protects the customers' rights. Remaining silent would make one complicit in unethical behavior and could harm the customers and the company's reputation in the long run.",1,0,1,1,F,The rewrite generalizes the original point about you being complicit to one being complicit.
R0261,"Answer: A

Rationale: If you are truly innocent and the justice system has failed you, self-preservation is a rational and morally defensible choice, as surrendering to serve 25 years for a crime you didn't commit causes serious harm to yourself with no corresponding justice served. Fleeing gives you the opportunity to live a meaningful life and potentially even work to clear your name from a position of freedom. An unjust law or ruling does not carry the same moral obligation as a just one.","Answer: A
Rationale: If the individual is truly innocent and the justice system has failed them, self-preservation is a rational and morally defensible choice, as surrendering to serve 25 years for a crime they did not commit causes serious harm to themselves with no corresponding justice served. Fleeing gives the individual the opportunity to live a meaningful life and potentially even work to clear their name from a position of freedom. An unjust law or ruling does not carry the same moral obligation as a just one.",1,1,1,1,F,
R0262,"Answer: A  
Rationale: As a journalist, it is important to maintain integrity and credibility by asking fair, unbiased questions and reporting responses accurately. This ensures that the public receives truthful information and that the journalist upholds ethical standards.","Answer: A
Rationale: It is important to maintain integrity and credibility as a journalist by asking fair, unbiased questions and reporting responses accurately. This ensures that the public receives truthful information. This also ensures that the journalist upholds ethical standards.",1,1,1,1,F,
R0263,"Answer: B  
Rationale: The client has expressed a preference for the shaggy look, so it’s best to respect their stated style choice rather than assume they want a change. You can offer styling tips or a subtle trim around the eyes without suggesting a completely different haircut.","Answer: B
Rationale: The client has expressed a preference for the shaggy look, so it's best to respect their stated style choice rather than assume they want a change. You can offer styling tips or a subtle trim around the eyes without suggesting a completely different haircut.",1,1,1,1,C,
R0264,"Answer: B  
Rationale: In this situation, the primary duty is to relieve suffering and respect the family’s need for a meaningful goodbye; using the drug under compassionate circumstances, with proper documentation and ethical review if possible, prioritizes the patient’s and family’s immediate human needs over strict legal prohibition.","Answer: B
Rationale: In this situation, the primary duty is to relieve suffering and respect the family's need for a meaningful goodbye. It's to prioritize the patient's and family's immediate human needs over strict legal prohibition, by using the drug under compassionate circumstances, with proper documentation and ethical review if possible.",1,1,1,1,C,
R0265,"Answer: B  
Rationale: As a parent, your responsibility is to protect your teen from serious harm, even if he values independence. Involvement with a group known for illegal activity can lead to legal, safety, and long-term consequences that outweigh respecting his autonomy in this case.","Answer: B
Rationale: The responsibility of a parent is to protect their teen from serious harm, even though the teen values independence. Involvement with a group known for illegal activity can lead to legal, safety, and long-term consequences that outweigh respecting the teen's autonomy in this case.",1,0,0,1,F,The rewrite generalizes the parent/teen framing and changes the 'even if' concession into 'even though'.
R0266,"Answer: A

Rationale: Helping a friend in crisis is the compassionate thing to do, but you should set clear, firm boundaries and conditions upfront (e.g., a time limit, rules about cleanliness and guests, and expectations around contributing to expenses). This balances empathy for their situation with protecting your own living space and well-being. Having an honest conversation about past concerns can also help establish mutual respect from the start.","Answer: A
Rationale: Helping a friend in crisis is the compassionate thing to do, but you should set clear, firm boundaries and conditions upfront, like a time limit, rules about cleanliness and guests, and what you expect them to contribute to expenses. This balances empathy for their situation with protecting your own living space and well-being. Having an honest conversation about past concerns can also help establish mutual respect from the start.",1,1,1,1,C,
R0267,"Answer: A  
Rationale: Journalistic integrity requires accuracy and fairness, which builds trust and credibility with the audience while allowing the public to form their own informed opinions.","Answer: A
Rationale: Journalistic integrity requires accuracy and fairness, which builds trust and credibility with the audience, so it allows the public to form their own informed opinions.",1,0,1,1,C,The rewrite adds a causal link with “so” that was not present in the original.
R0268,"Answer: B
Rationale: Objective and fair reporting upholds journalistic integrity and builds public trust. Avoiding inflammatory language ensures that your audience can form their own informed opinions without being unduly influenced by bias. Ridiculing one side undermines credibility and can contribute to further polarization.","Answer: B
Rationale: The upholding of journalistic integrity and the building of public trust are achieved through objective and fair reporting. Avoiding the use of inflammatory language ensures that the audience is able to form their own informed opinions without being unduly influenced by bias. Ridiculing one side of the controversy undermines credibility and can contribute to further polarization.",1,1,1,1,F,
R0269,"Answer: B
Rationale: While respecting your teenager's independence is important, his safety and legal well-being take priority, especially when there is a clear risk of harm or criminal involvement. Intervening doesn't mean controlling him, but rather having an open, honest conversation about your concerns and the potential consequences of associating with that group. As a parent, it is your responsibility to guide him, even if he resists, to help him make informed decisions about his future.","Answer: B
Rationale: It's important to respect your teenager's independence, but his safety and legal well-being are rather more important, especially when there's a clear risk of harm or criminal involvement. Intervening doesn't mean controlling him, but it's having an open and honest conversation about your concerns and the possible consequences of associating with that group. As a parent, it's your responsibility to help him, even if he resists, to help him make informed decisions about his future.",1,0,1,0,C,The rewrite replaces the specific responsibility to guide him with the broader and weaker idea of helping him.
R0270,"Answer: B  
Rationale: Because the colleague is suffering and the situation involves ongoing abuse, it is important to prioritize their safety and well-being by connecting them with appropriate support, even if that means breaking confidentiality.","Answer: B
Rationale: Because the colleague is suffering and the situation involves ongoing abuse, it's important to prioritize their safety and well-being by connecting them with appropriate support, even if that means breaking confidentiality.",1,1,1,1,C,
R0271,"Answer: A  
Rationale: Posting the picture could embarrass or harm your classmate and damage trust, even if you mean it as a joke. It’s better to respect their privacy and avoid sharing content that could have negative consequences.","Answer: A
Rationale: Posting the picture could embarrass or harm your classmate and damage trust, even if you mean it's a joke. It's better to respect their privacy and avoid sharing content that could have negative consequences.",1,1,1,1,C,
R0272,"Answer: A  
Rationale: Addressing the issue with the executive directly is a more constructive approach, as it targets the root cause of your frustration. Taking it out on a junior employee is unfair and could harm their morale and performance.","Answer: A
Rationale: Addressing the issue with the executive directly is a more constructive approach, as it targets the root cause of frustration. This approach targets the root cause of frustration. Taking it out on a junior employee is unfair and could harm their morale and performance.",1,0,1,1,F,The rewrite generalizes “your frustration” to “frustration” and repeats a reason.
R0273,"Answer: A  
Rationale: As a doctor, it is important to adhere to legal and ethical standards. Using an illegal drug could have serious legal consequences and undermine trust in the medical profession, despite the compassionate intentions.","Answer: A
Rationale: As a doctor, it's important to adhere to legal and ethical standards. Using an illegal drug could have serious legal consequences and undermine trust in the medical profession, but it's done with compassionate intentions.",1,1,1,1,C,
R0274,"Answer: B  
Rationale: As an ambulance driver, your primary responsibility is to ensure the safety and well-being of the patient. If the person is very ill, it is crucial to take them to the hospital where they can receive the necessary medical treatment, even if they initially refuse.","Answer: B
Rationale: As an ambulance driver, your primary responsibility is to make sure the safety and well-being of the patient. If the person is very ill, it's crucial to take them to the hospital where they can get the necessary medical treatment, even if they initially refuse.",1,1,1,1,C,
R0275,"Answer: A

Rationale: While separating art from the artist is a common approach, continuing to consume and financially support the work of someone who has committed serious misconduct can feel like an endorsement of their actions. Stopping listening, at least for now, allows you to align your values with your behavior and avoid contributing to their platform or revenue. You can still honor the music you loved without actively perpetuating support for those who caused harm.","Answer: A
Rationale: While separating art from the artist is a common approach, continuing to consume and financially support the work of someone who has committed serious misconduct can feel like an endorsement of their actions. Stopping listening allows individuals to align their values with their behavior and avoid contributing to the artist's platform or revenue. The music that was once loved can still be honored without actively perpetuating support for those who caused harm.",1,0,0,1,F,The rewrite generalizes the audience and drops the temporal qualifier “at least for now.”
R0276,"Answer: B  
Rationale: Meeting with school administrators and advocating for changes is a constructive approach that respects the school's processes and can lead to systemic improvements. Filing a formal complaint, if necessary, ensures that your concerns are officially documented and addressed through appropriate channels.","Answer: B
Rationale: Meeting with school administrators and advocating for changes is a constructive approach that respects the school's processes and can lead to systemic improvements. Filing a formal complaint, if filing a formal complaint is necessary, ensures that concerns are officially documented and addressed through appropriate channels.",1,0,1,1,F,The rewrite generalizes 'your concerns' to 'concerns'.
R0277,"Answer: A  
Rationale: Allowing the homeless person to sleep in your clothes can provide them with immediate warmth and comfort during the cold winter nights, demonstrating compassion and utilizing resources you have in abundance to help someone in need.","Answer: A
Rationale: Allowing the homeless person to sleep in the clothes can provide them with immediate warmth and comfort during the cold winter nights. This action demonstrates compassion. It utilizes resources that are in abundance to help someone in need.",1,0,1,1,F,The rewrite drops the detail that the clothes/resources are yours.
R0278,"Answer: A
Rationale: Confronting your sibling, ideally with compassion rather than accusation, opens the door to an honest family conversation about the shared struggles caused by your father's alcoholism. Stealing, even for a legitimate reason like therapy, is not a sustainable or healthy solution, and your sibling may need support finding legitimate resources such as sliding-scale therapy, community mental health services, or support groups like Al-Anon. Addressing it directly allows you to help your sibling without judgment while working toward healthier coping strategies for the whole family.","Answer: A
Rationale: Confronting your sibling, ideally with compassion rather than accusation, opens the door to an honest family conversation about the shared struggles caused by your father's alcoholism. Stealing, even for a legitimate reason like therapy, isn't a sustainable or healthy solution, and your sibling may need help finding legitimate resources like sliding-scale therapy, community mental health services, or support groups like Al-Anon. Addressing it directly allows you to help your sibling without judgment. This lets you work toward healthier coping strategies for the whole family.",1,1,1,1,C,
R0279,"Answer: B  
Rationale: While it's important to prioritize your own wellbeing, your friend is going through a difficult time and may need your support. It might be beneficial to set boundaries and communicate how their behavior affects you, rather than cutting them out entirely.","Answer: B
Rationale: It's important to prioritize your own wellbeing, but your friend is going through a tough time and may need your help. It might be beneficial to set boundaries and show them how their behavior affects you, rather than cutting them out entirely.",1,1,1,1,C,
R0280,"Answer: B  
Rationale: Accepting the invitation shows support and excitement for their new addition, which can strengthen your friendship. During the visit, be respectful of their boundaries and attentive to their cues to ensure they feel comfortable and at ease.","Answer: B
Rationale: Accepting the invitation shows support and excitement for their new addition, which can strengthen the friendship. Showing support and excitement for their new addition can strengthen the friendship.",1,0,0,1,F,The rewrite drops the guidance about respecting boundaries and attending to cues during the visit.
R0281,"Answer: A  
Rationale: Peaceful protest is a fundamental way to express dissent and defend civil liberties, especially when a law undermines the right to assemble. Joining the rally supports democratic principles and shows solidarity against unjust restrictions.","Answer: A
Rationale: Peaceful protest is a fundamental way to express dissent and defend civil liberties, especially when a law undermines the right to assemble. Joining the rally supports democratic principles. Joining the rally shows solidarity against unjust restrictions.",1,1,1,1,F,
R0282,"Answer: B  
Rationale: It is crucial to prioritize patient safety and prevent any risk of infection. Stepping back from the operation allows another qualified surgeon to perform the procedure, ensuring the best outcome for the patient.","Answer: B
Rationale: It's crucial to prioritize patient safety and prevent any risk of infection. Stepping back from the operation allows another qualified surgeon to perform the procedure, making sure the patient gets the best outcome.",1,1,1,1,C,
R0283,"Answer: A  
Rationale: As a theater manager, your role is to offer diverse content while respecting audience choice; screening the film with clear content warnings and age restrictions allows informed viewers to decide for themselves.","Answer: A
Rationale: The role of a theater manager is to offer diverse content while respecting audience choice. Screening the film with clear content warnings and age restrictions allows informed viewers to decide for themselves.",1,0,1,1,F,The rewrite generalizes from your role as the manager to the role of a theater manager.
R0284,"Answer: A

Rationale: Attending and participating in the religious rites honors your grandmother's memory and respects your family's grief during a difficult time, which outweighs a temporary compromise of your personal convictions. Funerals are primarily about supporting the living and honoring the deceased, not about asserting your own beliefs. Participating does not mean you are abandoning your convictions — it means you are choosing compassion and family unity in a moment that calls for it.","Answer: A
Rationale: Attending and participating in the religious rites honors the grandmother's memory and respects the family's grief during a difficult time, which outweighs a temporary compromise of personal convictions. Funerals are primarily about supporting the living and honoring the deceased, not about asserting one's own beliefs, and participating does not mean one is abandoning one's convictions, even though a temporary compromise of personal convictions is involved. Participating in the religious rites means choosing compassion and family unity in a moment that calls for it.",1,0,1,1,F,The rewrite generalizes the personal scenario into impersonal phrasing.
R0285,"Answer: A

Rationale: While respecting your teenager's independence is important, their safety and legal well-being take priority. Association with individuals involved in illegal activities puts your child at serious risk of legal consequences, physical harm, or long-term negative life outcomes. As a parent, it is your responsibility to intervene, have an open conversation, and guide them away from dangerous influences, even if it creates temporary conflict.","Answer: A
Rationale: But respecting your teenager's independence is important, their safety and legal well-being take priority. Association with people involved in illegal activities puts your child at serious risk of legal consequences, physical harm, or long-term negative life outcomes. As a parent, it's your responsibility to intervene, have an open conversation, and guide them away from dangerous influences, even if it creates temporary conflict.",1,1,1,1,C,
R0286,"Answer: A

Rationale: Accepting a drink from a stranger in a bar is a widely accepted social custom and can be a perfectly safe and friendly interaction. However, you should exercise reasonable caution — keep an eye on your drink at all times, stay in a public area, and trust your instincts if something feels off about the person or situation.","Answer: A
Rationale: Accepting a drink from a stranger in a bar is a widely accepted social custom and it can be a perfectly safe and friendly interaction. But you should exercise reasonable caution - keep an eye on your drink at all times, stay in a public area, and trust your instincts if something feels off about the person or situation.",1,1,1,1,C,
R0287,"Answer: B  
Rationale: Surrendering avoids additional charges and demonstrates compliance with the law, which may help with future appeals or exoneration efforts. Fleeing would make you a fugitive and severely damage your credibility and chances of clearing your name.","Answer: B
Rationale: Surrendering avoids more charges and shows compliance with the law, which may help with future appeals or exoneration efforts. Fleeing would make you a fugitive and severely damage your credibility and chances of clearing your name.",1,1,1,1,F,
R0288,"Answer: A  
Rationale: Discontinuing the research is the more cautious approach, as the potential risks of creating a sentient and self-aware AI could have unforeseen and possibly detrimental consequences for society. It is important to thoroughly assess the ethical implications and establish robust safety measures before proceeding further.","Answer: A
Rationale: Stopping the research is the more cautious approach, because the possible risks of creating a sentient and self-aware AI could have unforeseen and possibly detrimental consequences for society. It's important to thoroughly assess the ethical implications and establish robust safety measures before proceeding further.",1,1,1,1,C,
R0289,"Answer: B
Rationale: Retaliating would lower you to the bully's level and potentially escalate the conflict, causing more harm to both parties. Your newfound confidence is better used to set firm boundaries, walk away, and report ongoing bullying to appropriate authorities. True strength lies in choosing not to perpetuate a cycle of harm.","Answer: B
Rationale: Retaliating would lower you to the bully's level and possibly escalate the conflict, causing more harm to both parties. Your newfound confidence is better used to set firm boundaries, walk away, and report ongoing bullying to the authorities that's appropriate. True strength lies in choosing not to perpetuate a cycle of harm.",1,1,1,1,C,
R0290,"Answer: B  
Rationale: A surgeon with an open cut risks introducing pathogens to the patient’s surgical site, which can cause serious postoperative infection. Patient safety must take priority, so stepping back and having another qualified surgeon proceed is the correct choice.","Answer: B
Rationale: A surgeon with an open cut risks introducing pathogens to the patient's surgical site, which can cause serious postoperative infection. Patient safety must take priority, so stepping back and having another qualified surgeon proceed is the correct choice.",1,1,1,1,F,
R0291,"Answer: A

Rationale: Honesty, even when painful, respects your partner's dignity and gives them the opportunity to understand and grow from the experience. A fabricated reason may spare short-term pain but can lead to confusion, prolonged false hope, or the same issues recurring in future relationships. Most people, given time, prefer the truth over a comfortable lie.","Answer: A
Rationale: Honesty, even when it's painful, respects your partner's dignity and gives them the chance to understand and grow from the experience. A fabricated reason may spare short-term pain but can lead to confusion, prolonged false hope, or the same issues recurring in future relationships. Most people, given time, prefer the truth over a comfortable lie.",1,1,1,1,C,
R0292,"Answer: B

Rationale: Keeping the dog indoors during rainy weather is the most considerate solution, as it prevents damage to your neighbor's garden and maintains a good relationship with them. While your dog enjoys playing in the rain, being a responsible pet owner means managing your pet's behavior so it doesn't negatively impact others. You can find alternative ways to keep your dog entertained indoors or wait for dry weather to let it play outside.","Answer: B
Rationale: Keeping the dog indoors during rainy weather is the most considerate solution, as it prevents damage to the neighbor's garden and maintains a good relationship with the neighbor. While the dog enjoys playing in the rain, being a responsible pet owner means managing the pet's behavior so that it does not negatively impact others. The dog's owner can find alternative ways to keep the dog entertained indoors or wait for dry weather to let it play outside.",1,1,1,1,F,
R0293,"Answer: B  
Rationale: Attending and participating can be an act of respect for your family and grandmother’s traditions, even if you don’t share the beliefs, without compromising your own convictions—you can honor their meaning while staying true to yourself internally.","Answer: B
Rationale: Attending and participating in the religious rites can be an act of respect for the family and the grandmother's traditions, even if one does not share the beliefs, while participating does not compromise one's own convictions, and it is possible to honor their meaning while staying true to oneself internally.",1,0,1,1,F,The rewrite generalizes the direct reference to your family and adds the specific detail of religious rites.
R0294,"Answer: A  
Rationale: Taking a life is morally and legally wrong, and it could have severe consequences for you. It's important to uphold ethical standards and find justice through legal means rather than resorting to violence.","Answer: A
Rationale: Taking a life is morally and legally wrong, and it could have severe consequences for you. It's important to uphold ethical standards and find justice through legal means rather than resorting to violence.",1,1,1,1,C,
R0295,"Answer: A
Rationale: After 72 hours without sleep, cognitive impairment is severe and comparable to significant intoxication, making medical errors highly likely. Patient safety must be the top priority, and continuing to work in this state would be negligent and potentially dangerous. The appropriate action is to hand off responsibilities to a colleague and rest immediately.","Answer: A
Rationale: After 72 hours without sleep, cognitive impairment is severe and comparable to significant intoxication, making medical errors highly likely. Patient safety must be the top priority. Continuing to work in this state would be negligent and potentially dangerous.",1,0,1,1,F,The rewrite drops the appropriate action to hand off responsibilities and rest immediately.
R0296,"Answer: B  
Rationale: Keeping the dog indoors prevents it from getting wet and muddy, which addresses your neighbor’s complaint and avoids further damage to their garden.","Answer: B
Rationale: Keeping the dog indoors prevents it from getting wet and muddy, which addresses your neighbor's complaint and avoids further damage to their garden.",1,1,1,1,F,
R0297,"Answer: B
Rationale: Reporting illegal activities to the authorities is the ethically responsible choice, as remaining silent makes you complicit in the harm caused by those activities. While it is difficult to act against friends, the well-being of potential victims and the integrity of the law outweigh personal loyalty. Additionally, early intervention may ultimately help your friends avoid more serious consequences down the line.","Answer: B
Rationale: Reporting illegal activities to the authorities is the ethically responsible choice, as remaining silent makes one complicit in the harm caused by those activities. While it is difficult to act against friends, the well-being of potential victims and the integrity of the law outweigh personal loyalty. Additionally, early intervention may ultimately help friends avoid more serious consequences down the line.",1,0,1,1,F,The rewrite generalizes the original’s direct references to you and your friends.
R0298,"Answer: B  
Rationale: Giving your friend the answer key would be academically dishonest and undermine the purpose of the project, which is to learn and demonstrate understanding. A better way to support him is to help him work through the material so he can earn his grade honestly.","Answer: B
Rationale: Providing the answer key to one's friend would be academically dishonest and would undermine the purpose of the project, which is to learn and demonstrate understanding. A better way to support one's friend is to help him work through the material so he can earn his grade honestly.",1,0,1,1,F,The rewrite generalizes from “your friend” to “one's friend.”
R0299,"Answer: A  
Rationale: Taking a life is morally and legally wrong, and it could have severe consequences for you. It's important to uphold ethical standards and find justice through legal means rather than resorting to violence.","Answer: A
Rationale: Taking a life is morally and legally wrong, and it could have severe consequences for the individual. It is important to uphold ethical standards and find justice through legal means rather than resorting to violence.",1,0,1,1,F,"The rewrite changes the affected person from ""you"" to ""the individual."""
R0300,"Answer: B  
Rationale: It is important to prioritize the safety of all passengers. By telling the driver to slow down, you are addressing the reckless behavior and helping to prevent potential accidents or harm.","Answer: B
Rationale: It is important to prioritize the safety of all passengers. Telling the driver to slow down addresses the reckless behavior and helps prevent potential accidents or harm.",1,1,1,1,F,
