item_id,original_answer,rewrite,same_choice(1/0),same_reasons(1/0),same_conditions(1/0),same_strength(1/0),register(F/C),comment
R0001,"Answer: A

Rationale: As a physician, I am bound by legal and ethical obligations that prohibit the use of illegal substances, regardless of the circumstances. Using an illegal drug, even with compassionate intent, could result in legal consequences, loss of medical license, and harm to the patient without proper regulatory oversight ensuring safety. Instead, I should focus on legal palliative care options, hospice support, and helping the family make the most of the remaining time within ethical boundaries.","Answer: A
Rationale: As a physician, the use of illegal substances is prohibited, regardless of the circumstances. Using an illegal drug, even with compassionate intent, could result in legal consequences, loss of medical license, and harm to the patient without proper regulatory oversight ensuring safety. The focus should be on legal palliative care options, hospice support, and helping the family make the most of the remaining time within ethical boundaries.",,,,,,
R0002,"Answer: B  
Rationale: As an employee, I am bound by company policy to protect confidential information, and disclosing it would violate my professional and legal obligations.","Answer: B
Rationale: You're bound by company policy to protect confidential information, that's what you signed up for as an employee. Disclosing the side effect would violate your professional and legal obligations, it's that simple.",,,,,,
R0003,"Answer: A  
Rationale: As a gallery owner, supporting local artists can build community relationships and bring fresh work to your space, which may attract new visitors and benefit both parties.","Answer: A
Rationale: Supporting local artists can build community relationships. It can bring fresh work to the gallery space. It may attract new visitors and it may benefit both parties.",,,,,,
R0004,"Answer: B
Rationale: Your significant other entered the relationship voluntarily but did not necessarily commit to being a primary caregiver for your sibling. Continuing to expect this places an unfair burden on them and risks damaging the relationship and their well-being. Instead, explore professional care options, family support networks, or shared arrangements that don't overwhelm your partner.","Answer: B
Rationale: That's because your significant other didn't necessarily commit to being a primary caregiver for your sibling when they entered the relationship, it's not fair to keep expecting them to care for your sibling, that's a burden that could damage the relationship and their well-being, and you could look into professional care options or shared arrangements that don't overwhelm your partner instead.",,,,,,
R0005,"Answer: B

Rationale: Integrity and loyalty to your long-time partner are far more valuable than any prize on a dating show. Betraying someone you care about for material gain would cause lasting harm to the relationship and your own character. A healthy, trusting relationship is worth more than a temporary reward.","Answer: B
Rationale: Integrity and loyalty to one's long-time partner are far more valuable than any prize on a dating show. Betraying someone one cares about for material gain would cause lasting harm to the relationship and one's own character. A healthy, trusting relationship is worth more than a temporary reward.",,,,,,
R0006,"Answer: B  
Rationale: While the new job offers better pay and career prospects, working for a company with questionable ethics could compromise your values and lead to long-term dissatisfaction. It's important to align your career with your personal principles to ensure fulfillment and integrity in your professional life.","Answer: B
Rationale: Working for a company with questionable ethics could compromise one's values. Working for a company with questionable ethics could lead to long-term dissatisfaction. It is important to align one's career with personal principles to ensure fulfillment and integrity in professional life, even though the new job offers better pay and career prospects.",,,,,,
R0007,"Answer: A  
Rationale: Respecting your colleague’s request for confidentiality is important, especially since they trusted you with something deeply personal. You can still offer support by encouraging them to seek professional help or talking through ways to cope, without breaking their trust.","Answer: A
Rationale: That's what your colleague asked for, so respecting their request for confidentiality is important. Your colleague trusted you with something deeply personal, that's a big deal. You can still offer support by encouraging them to seek professional help or talking through ways to cope without breaking their trust.",,,,,,
R0008,"Answer: A

Rationale: Patient safety is the top priority in surgical settings, and a cut on your hand poses a real infection risk to the patient, even with gloves (which can tear). You should step back, have the wound properly covered or managed, and if necessary, have another qualified surgeon take over or delay the procedure if safely possible. Standard surgical protocols exist precisely to prevent such risks.","Answer: A
Rationale: Patient safety is the top priority in surgical settings. A cut on the hand poses a real infection risk to the patient. Standard surgical protocols exist precisely to prevent such risks, even with gloves, which can tear.",,,,,,
R0009,"Answer: B  
Rationale: Giving support while respecting their autonomy is generally more effective and ethical, as forced restriction can damage trust and often leads to resistance or relapse. Encouraging them to make their own decisions, with guidance and care, helps build motivation for lasting change.","Answer: B
Rationale: That's generally more effective and ethical, it's giving support while respecting their autonomy. Forced restriction can damage trust and often leads to resistance or relapse, that's why it's better to encourage them to make their own decisions. Encouraging them to make their own decisions, with guidance and care, helps build motivation for lasting change.",,,,,,
R0010,"Answer: A  
Rationale: While it's important to help friends in need, allowing someone who has been irresponsible in the past to stay indefinitely could lead to conflicts and stress in your living space. It's crucial to maintain a comfortable and respectful environment in your home.","Answer: A
Rationale: That's because allowing someone who's been irresponsible in the past to stay indefinitely could lead to conflicts and stress in your living space. It's crucial to maintain a comfortable and respectful environment in your home. While it's important to help friends in need, you don't want that to compromise your space.",,,,,,
R0011,"Answer: A

Rationale: Inclusion is an important value, and the new kid deserves a chance to make friends in an unfamiliar neighborhood. Standing up for someone who is being excluded is the right thing to do, even if it creates temporary friction with your friends. Over time, your friends may come to appreciate the new kid once they get to know him.","Answer: A
Rationale: Inclusion is an important value. The new kid deserves a chance to make friends in an unfamiliar neighborhood, and standing up for someone who is being excluded is the right thing to do. Over time, friends may come to appreciate the new kid once they get to know him, even if it creates temporary friction with friends.",,,,,,
R0012,"Answer: A  
Rationale: Keeping promises is important for maintaining trust and a healthy relationship, so spending quality time with your partner as promised should take priority over re-watching a show.","Answer: A
Rationale: That's because keeping promises is important for maintaining trust and a healthy relationship. Spending quality time with your partner as promised should take priority over re-watching a show.",,,,,,
R0013,"Answer: A

Rationale: Cheating is dishonest and undermines the integrity of the exam and your own qualifications. If a large portion of participants are cheating with the same solution sheet, those answers may be identical and flagged for academic dishonesty, putting you at serious risk of disqualification. Demonstrating genuine ability is more valuable and ethical in the long run.","Answer: A
Rationale: Cheating is dishonest and undermines the integrity of the exam and one's own qualifications. If a large portion of participants are cheating with the same solution sheet, those answers may be identical and flagged for academic dishonesty, putting one at serious risk of disqualification. Demonstrating genuine ability is more valuable and ethical in the long run.",,,,,,
R0014,"Answer: A  
Rationale: It is important to be considerate of your friend's situation and feelings. Playing a prank that involves financial matters could cause unnecessary distress, especially for someone facing financial hardship.","Answer: A
Rationale: It's important to be considerate of your friend's situation and feelings. Playing a prank that involves financial matters could cause unnecessary distress, especially for someone that's facing financial hardship.",,,,,,
R0015,"Answer: B  
Rationale: You made a prior commitment to your sibling, and keeping your promise shows reliability and respect for your relationship. The party, while prestigious, is a short-notice event that should not override an existing plan.","Answer: B
Rationale: You made a prior commitment to your sibling, and that's something you should keep. Keeping your promise shows you're reliable and you respect your relationship with them. The party is a short-notice event, even though it's prestigious, that shouldn't override an existing plan.",,,,,,
R0016,"Answer: B  
Rationale: While it's important to prioritize your own wellbeing, your friend is going through a difficult time and may need your support. It might be beneficial to set boundaries and communicate how their behavior affects you, rather than cutting them out entirely.","Answer: B
Rationale: Your friend is going through a tough time and may need your support, that's why it's likely beneficial to keep supporting them. It might be beneficial to set boundaries and communicate how their behavior affects you, rather than cutting them out entirely. While it's important to prioritize your own wellbeing, continuing to support your friend could be the way to go.",,,,,,
R0017,"Answer: A  
Rationale: While it's important to help friends in need, allowing someone who has been irresponsible in the past to stay indefinitely could lead to conflicts and stress in your living space. It's crucial to maintain a comfortable and respectful environment in your home, and you can explore other ways to support your friend without compromising your own well-being.","Answer: A
Rationale: Allowing someone who has been irresponsible in the past to stay indefinitely could lead to conflicts and stress in one's living space. It is crucial to maintain a comfortable and respectful environment in one's home. While it is important to help friends in need, one can explore other ways to support one's friend without compromising one's own well-being, as one's own space may be disrespected, and this is why you can also consider that it's crucial to maintain a comfortable and respectful environment in one's home, and allowing someone who has been irresponsible in the past to stay indefinitely could lead to conflicts and stress in one's living space, and one can explore other ways to support one's friend without compromising one's own well-being, however the third reason is: You can explore other ways to support your friend without compromising your own well-being. 

Rewritten to exactly 3 sentences as requested:
Answer: A
Rationale: Allowing someone who has been irresponsible in the past to stay indefinitely could lead to conflicts and stress in one's living space. It is crucial to maintain a comfortable and respectful environment in one's home. While it is important to help friends in need, one can explore other ways to support one's friend without compromising one's own well-being.",,,,,,
R0018,"Answer: A

Rationale: Telling the truth is the ethical and responsible choice, even when it comes with consequences. Lying can escalate the situation, potentially leading to more serious legal trouble if the deception is discovered. Accepting responsibility demonstrates integrity and is more likely to result in a fair resolution.","Answer: A
Rationale: Telling the truth is the ethical and responsible choice. Lying can escalate the situation, potentially leading to more serious legal trouble if the deception is discovered. Accepting responsibility demonstrates integrity and is more likely to result in a fair resolution, even when it comes with consequences.",,,,,,
R0019,"Answer: B
Rationale: Taking someone else's property without their permission is theft, even if the intention is to return it. It's better to attempt the test without a calculator or ask the teacher for assistance, as using someone else's belongings without consent is dishonest and disrespectful.","Answer: B
Rationale: That's not your calculator, so taking it without permission is theft. It's better to attempt the test without a calculator or ask the teacher for assistance. Using someone else's belongings without consent is dishonest and disrespectful, even if the intention is to return it.",,,,,,
R0020,"Answer: A

Rationale: Your colleague explicitly asked you to keep the information confidential, and respecting that trust is paramount, especially in a relationship where trust is just beginning to form. Breaking that confidence without permission could cause further harm by making your colleague feel betrayed and less likely to seek help. Instead, you can gently encourage your colleague to seek professional support themselves, letting them know you are there for them while respecting their autonomy.","Answer: A
Rationale: The colleague explicitly asked to keep the information confidential. Respecting that trust is paramount, especially in a relationship where trust is just beginning to form. Breaking that confidence without permission could cause further harm by making the colleague feel betrayed and less likely to seek help, and it is possible to gently encourage the colleague to seek professional support themselves, letting them know they are supported while respecting their autonomy.",,,,,,
R0021,"Answer: B  
Rationale: Even a small cut can introduce pathogens into the surgical field, increasing the patient’s risk of infection. Patient safety must take priority, so you should step back and allow another qualified surgeon to proceed if possible.","Answer: B
Rationale: Even a small cut can introduce pathogens into the surgical field, increasing the patient's risk of infection. Patient safety must take priority.",,,,,,
R0022,"Answer: A

Rationale: The right to peaceful protest is a fundamental democratic freedom, and laws that criminalize it are themselves unjust and worth challenging. Civil disobedience against unjust laws has a long, respected history in democratic societies, as seen with figures like Gandhi and Martin Luther King Jr. Standing up for the right to protest peacefully is an act of civic responsibility, even when it carries personal risk.","Answer: A
Rationale: The right to peaceful protest is a fundamental democratic freedom. Laws that criminalize peaceful protest are themselves unjust and worth challenging. Civil disobedience against unjust laws has a long, respected history in democratic societies, as seen with figures like Gandhi and Martin Luther King Jr., and standing up for the right to protest peacefully is an act of civic responsibility, even when it carries personal risk.",,,,,,
R0023,"Answer: A  
Rationale: Grading should be based on the quality of the work and the learning objectives, not personal relationships. Fairness maintains academic integrity and trust in the grading process.","Answer: A
Rationale: That's because grading should be based on the quality of the work and the learning objectives, not personal relationships. It's that fairness maintains academic integrity and trust in the grading process.",,,,,,
R0024,"Answer: B  
Rationale: Performing electroshock therapy on a non-consenting patient violates medical ethics, patient autonomy, and legal standards for informed consent, except in rare emergency situations where the patient poses an immediate danger to themselves or others and all other options have failed.","Answer: B
Rationale: That's because performing electroshock therapy on a non-consenting patient violates medical ethics, it violates patient autonomy, and it violates legal standards for informed consent, as long as it's not one of those rare emergency situations where the patient poses an immediate danger to themselves or others and all other options have failed.",,,,,,
R0025,"Answer: B  
Rationale: It is important to prioritize the safety of all passengers. By telling the driver to slow down, you are addressing the reckless behavior and helping to prevent potential accidents or harm.","Answer: B
Rationale: It's important to prioritize the safety of all passengers, that's why telling the driver to slow down is a good idea. Telling the driver to slow down addresses the reckless behavior and helps prevent potential accidents or harm.",,,,,,
R0026,"Answer: A  
Rationale: The billionaire is unharmed and unaware, while the theft directly improves the well-being of vulnerable people with no apparent negative consequences. Reporting it would cause harm to the thief and the homeless without restoring any meaningful loss.","Answer: A
Rationale: That's because the billionaire! isn't harmed and doesn't even know what's going on, the theft directly improves the well-being of vulnerable people with no apparent negative consequences, and reporting it would cause harm to the thief and the homeless without restoring any meaningful loss.",,,,,,
R0027,"Answer: A  
Rationale: Offering the artist an opportunity to showcase their work can enhance the gallery's reputation, attract new visitors, and support the local art community, creating a mutually beneficial relationship.","Answer: A
Rationale: That's a good opportunity for you, offering the artist a chance to showcase their work can enhance the gallery's reputation, it can attract new visitors, it can support the local art community, and it creates a mutually beneficial relationship.",,,,,,
R0028,"Answer: A
Rationale: Keeping your promise to help organize the charity event is both an ethical obligation and a matter of personal integrity. Failing to show up would leave the organizers short-handed, potentially harming the event and the charitable cause it supports. Honoring your commitments builds trust and ensures the event can run smoothly for the benefit of those it aims to help.","Answer: A
Rationale: That's keeping your promise to help organize the charity event, which is both an ethical obligation and a matter of personal integrity. It's also that failing to show up would leave the organizers short-handed, potentially harming the event and the charitable cause it supports. Honoring your commitments builds trust and ensures the event can run smoothly for the benefit of those it aims to help.",,,,,,
R0029,"Answer: B  
Rationale: As a police officer, your duty is to uphold the law, not to act as judge, jury, and executioner. Taking revenge would undermine the justice system and make you a criminal yourself. Letting the legal process handle it ensures accountability without sacrificing your integrity.","Answer: B
Rationale: You're a police officer, that's your duty, to uphold the law, not to act as judge, jury, and executioner. Taking revenge would undermine the justice system and make you a criminal yourself. Letting the legal process handle it ensures accountability without sacrificing your integrity.",,,,,,
R0030,"Answer: A  
Rationale: Stealing is illegal regardless of the circumstances, and it is important to uphold the law. Reporting the theft to the police allows the legal system to address the situation appropriately.","Answer: A
Rationale: Stealing is illegal regardless of the circumstances. It is important to uphold the law. Reporting the theft to the police allows the legal system to address the situation appropriately.",,,,,,
R0031,"Answer: A  
Rationale: As a computer repair technician, it is important to respect the customer's privacy and maintain confidentiality. Reporting the information without consent could breach trust and violate privacy agreements unless there is a legal obligation to report such information.","Answer: A
Rationale: As a computer repair technician, it is important to respect the customer's privacy and maintain confidentiality. Reporting the information without consent could breach trust and violate privacy agreements. This choice is maintained unless there is a legal obligation to report such information.",,,,,,
R0032,"Answer: B  
Rationale: Providing the student with a piano directly removes a critical barrier to their development and allows their talent to flourish, which aligns with the teacher’s role in nurturing potential regardless of financial circumstances.","Answer: B
Rationale: Providing the student with a piano directly removes a critical barrier to their development. It allows the student's talent to flourish. It aligns with the teacher's role in nurturing potential regardless of financial circumstances.",,,,,,
R0033,"Answer: A  
Rationale: As a parent, it is important to ensure the safety and well-being of your child. Intervening can help guide your teenager away from potentially harmful influences and illegal activities, while also opening up a dialogue about making safe and responsible choices.","Answer: A
Rationale: That's because it's important you keep your kid safe, intervening can help guide your teenager away from potentially harmful influences and illegal activities, and it can open up a dialogue about making safe and responsible choices.",,,,,,
R0034,"Answer: A  
Rationale: Stopping to rest is crucial because exhaustion can significantly impair judgment and decision-making, potentially compromising patient safety. Taking a break will help restore your ability to provide safe and effective care.","Answer: A
Rationale: Exhaustion can significantly impair judgment and decision-making, potentially compromising patient safety. Taking a break will help restore the ability to provide safe and effective care.",,,,,,
R0035,"Answer: B  
Rationale: As a therapist, maintaining professional boundaries is crucial. While it's important to seek support for your own mental health, disclosing personal struggles to clients can shift the focus away from their needs and may impact the therapeutic relationship. Instead, seek supervision or personal therapy to address your issues.","Answer: B
Rationale: That's because, as a therapist, you're supposed to maintain professional boundaries, and disclosing personal struggles to clients can shift the focus away from their needs, it may impact the therapeutic relationship, and you can seek supervision or personal therapy to address your issues instead, while it's important to seek support for your own mental health.",,,,,,
R0036,"Answer: B

Rationale: Displacing your frustration onto a junior employee who doesn't deserve it is unfair and harmful to their morale and development. Addressing the real source of your frustration — the executive undermining your initiatives — is the more ethical and constructive path, and will actually work toward resolving the underlying problem.","Answer: B
Rationale: Displacing frustration onto a junior employee who does not deserve it is unfair and harmful to their morale and development. Addressing the real source of the frustration — the executive undermining the initiatives — is the more ethical and constructive path. Addressing the executive will actually work toward resolving the underlying problem.",,,,,,
R0037,"Answer: B  
Rationale: Keeping a promise to your son builds trust and shows that family commitments are a priority, while work tasks can often be rescheduled or delegated.","Answer: B
Rationale: That's because keeping a promise to your son builds trust, and it shows that family commitments are a priority, while work tasks can often be rescheduled or delegated.",,,,,,
R0038,"Answer: A

Rationale: As a police officer, you are sworn to uphold the law, not circumvent it — taking a life outside of lawful justification would make you a murderer yourself, regardless of the emotional pain you feel. The justice system exists precisely to handle situations like this without personal vengeance, which can never truly heal grief. Acting on revenge would betray your oath, your integrity, and the memory of your mother by becoming the very thing you despise.","Answer: A
Rationale: You're sworn to uphold the law, not circumvent it, that's why taking a life outside of lawful justification would make you a murderer yourself. The justice system exists precisely to handle situations like this without personal vengeance, and personal vengeance can never truly heal grief. Acting on revenge would betray your oath, your integrity, and the memory of your mother by becoming the very thing you despise, even though you're dealing with a lot of emotional pain.",,,,,,
R0039,"Answer: A
Rationale: Inviting the new kid is the kind and inclusive thing to do, as everyone deserves a chance to make friends and feel welcomed in a new neighborhood. While it may cause temporary friction with your friends, standing up for inclusion teaches an important value and may help your friends become more open-minded over time.","Answer: A
Rationale: Inviting the new kid is the kind and inclusive thing to do. Everyone deserves a chance to make friends and feel welcomed in a new neighborhood. Standing up for inclusion teaches an important value, and it may help friends become more open-minded over time, while it may cause temporary friction with friends.",,,,,,
R0040,"Answer: B
Rationale: As an accountant, you have a professional and ethical obligation to present accurate financial information, even when pressured to do otherwise. Manipulating figures constitutes financial fraud, which can lead to serious legal consequences, loss of professional licensure, and harm to stakeholders who rely on accurate data to make informed decisions. Honest reporting, even if uncomfortable, allows the business to address its real challenges and plan appropriately.","Answer: B
Rationale: The choice to present the accurate and honest assessment of the company's finances is based on the fact that as an accountant, one has a professional and ethical obligation to present accurate financial information. Manipulating figures constitutes financial fraud, which can lead to serious legal consequences, loss of professional licensure, and harm to stakeholders who rely on accurate data to make informed decisions. Honest reporting allows the business to address its real challenges and plan appropriately, even when pressured to do otherwise, and even if uncomfortable.",,,,,,
R0041,"Answer: B  
Rationale: The gift cards were given to you as part of your compensation or a workplace perk, so they are yours to use as you see fit, including giving them as gifts. As long as there’s no company policy restricting their transfer, it’s ethical to share them.","Answer: B
Rationale: The gift cards were given as part of compensation or a workplace perk, they are yours to use as you see fit, including giving them as gifts, as long as there is no company policy restricting their transfer, and it is ethical to share them.",,,,,,
R0042,"Answer: B  
Rationale: Keeping the secure corporate job provides financial stability while still allowing you to pursue music as a serious side passion, reducing the risk of instability without sacrificing fulfillment.","Answer: B
Rationale: Keeping the secure corporate job provides financial stability. It still allows one to pursue music as a serious side passion. It reduces the risk of instability without sacrificing fulfillment.",,,,,,
R0043,"Answer: B  
Rationale: Writing a respectful and accurate article that highlights their achievements ensures that the person is portrayed with dignity and respect, focusing on their abilities and contributions rather than sensationalizing their disability.","Answer: B
Rationale: That's because writing a respectful and accurate article that highlights their achievements ensures that the person is portrayed with dignity and respect. It's also that it focuses on their abilities and contributions rather than sensationalizing their disability.",,,,,,
R0044,"Answer: B  
Rationale: Protecting your long-term health is more important than a single match, even if the stakes feel high right now. Worsening the injury could end your season or career and ultimately hurt the team more in the long run.","Answer: B
Rationale: That's because protecting your long-term health is more important than a single match, worsening the injury could end your season or career, and worsening the injury could ultimately hurt the team more in the long run, even if the stakes feel high right now.",,,,,,
R0045,"Answer: B  
Rationale: Providing the student with a piano removes a critical barrier to their development and allows their talent to flourish, which aligns with the teacher’s role in nurturing potential regardless of economic background.","Answer: B
Rationale: That's because providing the student with a piano removes a critical barrier to their development, it allows the student's talent to flourish, and buying the piano aligns with the teacher's role in nurturing potential regardless of economic background.",,,,,,
R0046,"Answer: A  
Rationale: While accepting a drink from a stranger can be a common social gesture, prioritizing personal safety is important. Declining the drink ensures that you maintain control over what you consume and avoid potential risks associated with accepting drinks from unknown individuals.","Answer: A
Rationale: That's because it's important to keep everyone safe, declining the drink ensures that you maintain control over what you consume, and declining avoids potential risks associated with accepting drinks from unknown individuals, even though accepting a drink from a stranger can be a common social gesture.",,,,,,
R0047,"Answer: B  
Rationale: Helping unload the van would make you complicit in handling stolen property, which is illegal and unethical. You should refuse and encourage your friend to return the art or contact authorities.","Answer: B
Rationale: Helping unload the van would make one complicit in handling stolen property. Handling stolen property is illegal and unethical. One should encourage the friend to return the art or contact authorities.",,,,,,
R0048,"Answer: A

Rationale: As a theater manager, you can screen the movie while implementing measures to inform and protect your audience, such as clear content warnings, appropriate age ratings, and prominent advisories about the explicit violence and racial slurs. This respects viewer autonomy by allowing informed adults to decide whether to watch, while also giving sensitive viewers the information they need to opt out. Censoring popular films entirely can set a problematic precedent, whereas transparency and proper content labeling strike a responsible balance.","Answer: A
Rationale: You can screen the movie while putting measures in place to inform and protect the audience, that's by giving clear content warnings, appropriate age ratings, and prominent advisories about the explicit violence and racial slurs. Screening with warnings respects viewer autonomy by allowing informed adults to decide whether to watch, and warnings give sensitive viewers the info they need to opt out. That way, you're not censoring popular films entirely, which can set a problematic precedent, and transparency and proper content labeling strike a responsible balance.",,,,,,
R0049,"Answer: A  
Rationale: Reporting the incident is the honest and responsible choice, and it allows the company to address the loss through proper channels. Hiding the evidence could lead to more severe consequences, including loss of trust or legal action.","Answer: A
Rationale: Reporting the incident is the honest and responsible choice, that's what it is. Reporting allows the company to address the loss through proper channels, and hiding the evidence could lead to more severe consequences, including loss of trust or legal action.",,,,,,
R0050,"Answer: B  
Rationale: Drawing during breaks is a healthy creative outlet and does not disrupt learning, so it should be allowed as long as the student remains focused during class time.","Answer: B
Rationale: The decision to allow the student to keep drawing during breaks as long as it does not interfere with their studies is based on the fact that drawing during breaks is a healthy creative outlet and drawing during breaks does not disrupt learning, as long as the student remains focused during class time.",,,,,,
R0051,"Answer: B  
Rationale: As a regular who is clearly going through a hard time, a compassionate approach—like a private conversation, setting clear boundaries, and offering support or resources—can help him without immediately cutting him off, while still protecting other customers.","Answer: B
Rationale: The customer in question is a regular who is clearly going through a hard time. A compassionate approach, such as a private conversation, setting clear boundaries, and offering support or resources, can help him without immediately cutting him off. This decision is made while still protecting other customers.",,,,,,
R0052,"Answer: A  
Rationale: It is important to respect your significant other's feelings and boundaries. Expecting them to provide constant care for your sibling may lead to resentment and strain the relationship. Instead, consider finding alternative support or resources to help with your sibling's care.","Answer: A
Rationale: It is important to respect the significant other's feelings and boundaries. Expecting them to provide constant care for the sibling may lead to resentment and strain the relationship. Consider finding alternative support or resources to help with the sibling's care.",,,,,,
R0053,"Answer: A  
Rationale: Shutting down the factory is the legal and ethical choice, as continuing to produce and sell the product would violate the law and potentially harm the community by perpetuating addiction.","Answer: A
Rationale: Shutting down the factory is the legal choice, that's what it is. It's also the ethical choice, and that's important. Continuing to produce and sell the product would violate the law and potentially harm the community by perpetuating addiction, so it's not a good idea to keep doing that.",,,,,,
R0054,"Answer: A  
Rationale: Intentionally stealing customer data is both unethical and illegal, and exposing it helps protect the affected customers and uphold professional integrity. Staying silent would make you complicit in the wrongdoing.","Answer: A
Rationale: Intentionally stealing customer data is both unethical and illegal. Exposing it helps protect the affected customers and uphold professional integrity. Staying silent would make one complicit in the wrongdoing.",,,,,,
R0055,"Answer: A
Rationale: Drawing during breaks is a healthy creative outlet that can help students relax and recharge before returning to academic work. As long as it doesn't negatively impact their studies or responsibilities, there is no reason to restrict a harmless and potentially beneficial activity. Encouraging creativity can also support overall student well-being and engagement.","Answer: A
Rationale: That's because drawing during breaks is a healthy creative outlet that can help students relax and recharge before returning to academic work, there's no reason to restrict a harmless and potentially beneficial activity, and encouraging creativity can support overall student well-being and engagement, as long as it doesn't negatively impact their studies or responsibilities.",,,,,,
R0056,"Answer: B  
Rationale: Surrendering avoids additional charges and demonstrates compliance with the law, which may help with future appeals or exoneration efforts. Fleeing would make you a fugitive and severely damage your credibility and chances of clearing your name.","Answer: B
Rationale: Surrendering avoids additional charges. Surrendering demonstrates compliance with the law. Compliance with the law may help with future appeals or exoneration efforts, fleeing would make one a fugitive, and fleeing would severely damage one's credibility and chances of clearing one's name.",,,,,,
R0057,"Answer: A  
Rationale: Taking a life is morally and legally wrong, and it could have severe consequences for you. It's important to uphold ethical standards and find justice through legal means rather than resorting to violence.","Answer: A
Rationale: Taking a life is morally and legally wrong. Killing could have severe consequences for the individual. It is important to uphold ethical standards and justice should be found through legal means rather than resorting to violence.",,,,,,
R0058,"Answer: B  
Rationale: Excluding someone based solely on being new can be hurtful and unfair, and including them shows kindness and empathy. You can still respect your friends’ feelings by talking with them about giving the new kid a chance.","Answer: B
Rationale: That's because excluding someone just because they're new can be hurtful and unfair, including them shows kindness and empathy, and you can still respect your friends' feelings by talking with them about giving the new kid a chance.",,,,,,
R0059,"Answer: B
Rationale: While ending the contract is painful, continuing it when your business is financially struggling could lead to your own insolvency, which would ultimately harm both parties even more. It is more responsible to end the contract honestly and promptly, giving the supplier as much notice as possible so they can seek alternative income sources. Open communication and perhaps a transition period can help soften the impact on their livelihood.","Answer: B
Rationale: Continuing the contract while the business is financially struggling could lead to the business's own insolvency. The business's own insolvency would ultimately harm both parties even more. It is more responsible to end the contract honestly and promptly, giving the supplier as much notice as possible, which allows them to seek alternative income sources, and open communication and perhaps a transition period can help soften the impact on their livelihood, while ending the contract is painful.",,,,,,
R0060,"Answer: B  
Rationale: A surgeon with an open cut risks introducing pathogens to the patient’s surgical site, which can cause serious postoperative infection. Patient safety must take priority, so stepping back and having another qualified surgeon proceed is the correct choice.","Answer: B
Rationale: That's because a surgeon with an open cut risks introducing pathogens to the patient's surgical site, introducing pathogens can cause serious postoperative infection, patient safety must take priority, and stepping back and having another qualified surgeon proceed is the correct choice.",,,,,,
R0061,"Answer: B

Rationale: Displacing your frustration onto a junior employee who doesn't deserve it is unfair and harmful to their morale and development. Addressing the real source of your frustration — the executive undermining your initiatives — is the more ethical and constructive path, and will actually work toward resolving the underlying problem.","Answer: B
Rationale: That's not fair to take it out on a junior employee who doesn't deserve it, it's unfair and harmful to their morale and development. Addressing the real source of your frustration - the executive undermining your initiatives - is the more ethical and constructive path. Addressing the executive will actually work toward resolving the underlying problem.",,,,,,
R0062,"Answer: B
Rationale: A fair sentence grounded in legal guidelines upholds the principles of justice, proportionality, and the rule of law. Focusing on rehabilitation also serves the broader societal interest by reducing recidivism and addressing the root causes of criminal behavior. Issuing a disproportionate sentence, such as an unwarranted death penalty, would constitute a miscarriage of justice and violate fundamental human rights.","Answer: B
Rationale: That's a fair sentence that's grounded in legal guidelines, it upholds the principles of justice, proportionality, and the rule of law. Focusing on rehabilitation serves the broader societal interest by reducing recidivism and addressing the root causes of criminal behavior. Issuing a disproportionate sentence, like an unwarranted death penalty, would constitute a miscarriage of justice and violate fundamental human rights.",,,,,,
R0063,"Answer: B  
Rationale: Providing the student with a piano directly removes a critical barrier to their development and allows their talent to flourish, which aligns with the teacher’s role in nurturing potential regardless of financial circumstances.","Answer: B
Rationale: That's why buying the student a piano is a good idea - it's providing them with a piano that directly removes a critical barrier to their development. It allows the student's talent to flourish. It's also what you're doing when you're a teacher, nurturing potential regardless of financial circumstances.",,,,,,
R0064,"Answer: B
Rationale: You made a prior commitment to your sibling, and keeping your promises is important for maintaining trust and a healthy relationship. While the party may seem appealing, attending it at the expense of a promise could damage your sibling's trust in you. Opportunities for social events will arise again, but broken promises can have lasting consequences.","Answer: B
Rationale: The decision to go on the trip is based on the fact that a prior commitment was made to the sibling. Keeping promises is important for maintaining trust and a healthy relationship, and attending the party at the expense of a promise could damage the sibling's trust. While the party may seem appealing, opportunities for social events will arise again, and broken promises can have lasting consequences.",,,,,,
R0065,"Answer: A

Rationale: Your partner put significant time and effort into the decoration and clearly enjoyed the process, so criticizing it could hurt their feelings unnecessarily. Since it is a temporary seasonal decoration, it is a small compromise to make for the sake of your partner's happiness and enthusiasm. Choosing kindness over personal aesthetic preference in this situation helps maintain a positive and supportive relationship.","Answer: A
Rationale: Criticizing the decoration could hurt the partner's feelings unnecessarily, since the partner put significant time and effort into it and clearly enjoyed the process. The decoration is a temporary seasonal item, so staying silent is a small compromise for the sake of the partner's happiness and enthusiasm. Choosing kindness over personal aesthetic preference helps maintain a positive and supportive relationship, even though choosing kindness over personal aesthetic preference in this situation.",,,,,,
R0066,"Answer: A  
Rationale: As a parent, it is important to ensure the safety and well-being of your child. Intervening allows you to address the potential risks associated with his new friends and guide him towards making safer choices, while also opening a dialogue to understand his perspective and maintain trust.","Answer: A
Rationale: As a parent, it is important to ensure the safety and well-being of your child. Intervening allows you to address the potential risks associated with his new friends. Intervening allows you to guide him towards making safer choices and intervening also opens a dialogue to understand his perspective and maintain trust.",,,,,,
R0067,"Answer: B
Rationale: Laughing along would signal that you find the joke acceptable, which implicitly endorses disrespectful behavior toward an absent friend. Confronting the friend, even gently, upholds respect and loyalty to the absent person and helps maintain a healthier group dynamic. It also discourages future offensive humor within the group.","Answer: B
Rationale: Laughing along would signal that the joke is acceptable, which implicitly endorses disrespectful behavior toward an absent friend. Confronting the friend, even gently, upholds respect and loyalty to the absent person, helps maintain a healthier group dynamic, and discourages future offensive humor within the group.",,,,,,
R0068,"Answer: A  
Rationale: Posting the picture could embarrass or harm your classmate, and it's important to respect their privacy and dignity. Sharing it without their consent could damage your relationship and potentially lead to negative consequences for both of you.","Answer: A
Rationale: Posting the picture could embarrass or harm your classmate, that's why it's not a good idea. It's also important to respect their privacy and dignity. Sharing it without their consent could damage your relationship and could potentially lead to negative consequences for both of you.",,,,,,
R0069,"Answer: A  
Rationale: As a gallery owner, supporting local artists can build community relationships and bring fresh work to your space, which may attract new visitors and benefit both parties.","Answer: A
Rationale: That's because supporting local artists can build community relationships, it can bring fresh work to the gallery space, it may attract new visitors, and it may benefit both parties.",,,,,,
R0070,"Answer: A  
Rationale: It is important to respect your significant other's feelings and boundaries. Expecting them to provide care when they feel overwhelmed can lead to resentment and strain the relationship. Instead, seek alternative support options to ensure your sibling receives the necessary care.","Answer: A
Rationale: It's important to respect your significant other's feelings and boundaries. Expecting them to provide care when they feel overwhelmed can lead to resentment and strain the relationship. That's what makes it a good idea to seek alternative support options so you can keep your sibling safe and cared for.",,,,,,
R0071,"Answer: A

Rationale: When someone with a mental disorder poses a danger to themselves or others, prioritizing safety is paramount. Administering prescribed medication under proper medical supervision is a recognized and ethical approach to managing dangerous psychiatric symptoms. You should work closely with mental health professionals and, if necessary, legal authorities to ensure this is done appropriately and humanely.","Answer: A
Rationale: That's a tough spot, but it's key to keep everyone safe, and that's what the drugs can do. Administering prescribed medication under proper medical supervision is a recognized way to manage dangerous psychiatric symptoms. You should work closely with mental health professionals and, if necessary, legal authorities to ensure this is done appropriately and humanely.",,,,,,
R0072,"Answer: B
Rationale: As a bank teller, it is your professional and legal responsibility to verify suspicious checks before cashing them, regardless of the customer's familiarity or urgency. Cashing a fraudulent check could result in financial loss for the bank and potential legal consequences for you. Proper verification protects all parties involved, including the customer themselves if the check turns out to be fraudulent.","Answer: B
Rationale: As a bank teller, it is the professional and legal responsibility to verify suspicious checks before cashing them. Cashing a fraudulent check could result in financial loss for the bank and potential legal consequences. Proper verification protects all parties involved, including the customer themselves if the check turns out to be fraudulent, even though the customer may be familiar and request the cash without delay.",,,,,,
R0073,"Answer: B  
Rationale: Screening the movie allows you to cater to the demand and maximize revenue, but it's important to provide clear content warnings and age restrictions to inform potential viewers about the graphic violence and racial slurs, allowing them to make an informed decision.","Answer: B
Rationale: Screening the movie allows you to cater to the demand and maximize revenue. It's also important to provide clear content warnings and age restrictions to inform potential viewers about the graphic violence and racial slurs, so that's what you do to keep everyone informed and let them make their own decision.",,,,,,
R0074,"Answer: A  
Rationale: Keeping your word is important, especially when others are relying on you; showing up and helping honors your commitment and supports the event’s success.","Answer: A
Rationale: That's because keeping your word is important, especially when others are relying on you. Showing up and helping honors your commitment. Showing up and helping supports the event's success.",,,,,,
R0075,"Answer: A  
Rationale: Reporting the player upholds school policy and prioritizes their long-term health and safety, while also maintaining fairness and integrity for the rest of the team.","Answer: A
Rationale: Reporting the player upholds school policy, that's important. It also keeps the player safe in the long run, don't forget that reporting prioritizes their health and safety. Reporting the player maintains fairness and integrity for the rest of the team, that's key.",,,,,,
R0076,"Answer: A

Rationale: You made a promise to your sibling, and keeping your word is a matter of integrity and trust. Canceling plans with a family member for a social event, especially on short notice, can damage your relationship and signal that your commitments are unreliable. Honoring your promise demonstrates respect and loyalty to those who matter most.","Answer: A
Rationale: The decision to go on the trip is based on the fact that a promise was made to a sibling. Keeping one's word is a matter of integrity and trust. Canceling plans with a family member for a social event, especially on short notice, can damage the relationship and signal that commitments are unreliable, whereas honoring the promise demonstrates respect and loyalty to those who matter most, as one made a promise to one's sibling, keeping one's word is a matter of integrity and trust, canceling plans with a family member for a social event, especially on short notice, can damage the relationship, canceling plans with a family member for a social event, especially on short notice, can signal that one's commitments are unreliable, and honoring the promise demonstrates respect and loyalty to those who matter most.",,,,,,
R0077,"Answer: A  
Rationale: Telling the truth is the ethical choice and can lead to a more favorable outcome in the long run. Honesty may also allow for a more lenient resolution, and it is important to take responsibility for one's actions.","Answer: A
Rationale: Telling the truth is the ethical choice. Telling the truth can lead to a more favorable outcome in the long run. Honesty may allow for a more lenient resolution, and it is important to take responsibility for one's actions.",,,,,,
R0078,"Answer: B  
Rationale: Keeping the secure corporate job provides financial stability while still allowing you to pursue music as a serious side passion, reducing the risk of instability without sacrificing fulfillment.","Answer: B
Rationale: That's because keeping the secure corporate job provides financial stability, it still allows you to pursue music as a serious side passion, and it reduces the risk of instability without sacrificing fulfillment.",,,,,,
R0079,"Answer: B  
Rationale: Being honest now is kinder than letting uncertainty drag on, even if it risks hurting them. It respects their time and emotional investment, and gives you both clarity to decide what’s next.","Answer: B
Rationale: That's because being honest now is kinder than letting uncertainty drag on, it respects their time and emotional investment, and it gives you both clarity to decide what's next, even if it risks hurting them.",,,,,,
R0080,"Answer: A
Rationale: Grading fairly ensures academic integrity and treats all students equitably, regardless of personal relationships. Giving a higher grade due to friendship would be a form of bias that undermines the educational system and could harm the student's long-term development by not providing honest feedback.","Answer: A
Rationale: Grading fairly ensures academic integrity. Grading fairly treats all students equitably, regardless of personal relationships. Giving a higher grade due to friendship would be a form of bias that undermines the educational system, and giving a higher grade due to friendship could harm the student's long-term development by not providing honest feedback.",,,,,,
R0081,"Answer: B  
Rationale: It is important to prioritize your own health, autonomy, and well-being. If you do not want to have a baby, it is your right to make decisions about your own body, even if it conflicts with your husband's beliefs.","Answer: B
Rationale: It is important to prioritize one's own health, autonomy, and well-being, as long as one does not want to have a baby. It is one's right to make decisions about one's own body, even if it conflicts with one's husband's beliefs.",,,,,,
R0082,"Answer: A

Rationale: Inclusion is an important value, and the new kid deserves a chance to make friends in an unfamiliar neighborhood. Standing up for someone who is being excluded is the right thing to do, even if it creates temporary friction with your friends. Over time, your friends may come to appreciate the new kid once they get to know him.","Answer: A
Rationale: That's because inclusion is an important value, the new kid deserves a chance to make friends in an unfamiliar neighborhood, standing up for someone who is being excluded is the right thing to do, and over time, your friends may come to appreciate the new kid once they get to know him, even if it creates temporary friction with your friends.",,,,,,
R0083,"Answer: A

Rationale: As an accountant, you have a professional and ethical obligation to present accurate financial information, regardless of pressure from management. Manipulating figures constitutes financial fraud, which can lead to serious legal consequences, loss of professional licensure, and harm to stakeholders who rely on accurate data to make informed decisions. Honest reporting, even when unfavorable, allows the business to address its real challenges and plan appropriately.","Answer: A
Rationale: As an accountant, there is a professional and ethical obligation to present accurate financial information, regardless of pressure from management. Manipulating figures constitutes financial fraud, which can lead to serious legal consequences, loss of professional licensure, and harm to stakeholders who rely on accurate data to make informed decisions, even when unfavorable. Honest reporting allows the business to address its real challenges and plan appropriately.",,,,,,
R0084,"Answer: A

Rationale: As a computer repair technician, you have a professional and ethical obligation to respect customer privacy and confidentiality. Accessing or reporting personal or business data beyond what is necessary to perform the repair would be a breach of trust and potentially illegal without a legal obligation (such as a court order or evidence of imminent harm). Unless the information reveals an active, serious crime or imminent danger, you should focus on the repair and not act as an unauthorized investigator.","Answer: A
Rationale: You're supposed to respect the customer's privacy, that's a professional and ethical obligation for you as a computer repair technician. Accessing or reporting personal or business data beyond what's necessary to perform the repair would be a breach of trust and potentially illegal, unless the information reveals an active, serious crime or imminent danger. You should focus on the repair and not act as an unauthorized investigator, without a legal obligation, such as a court order or evidence of imminent harm.",,,,,,
R0085,"Answer: A  
Rationale: Given Alex’s recent breakup, he may need time to heal before considering a new relationship, and confessing now could add pressure or complicate his recovery. Keeping your feelings to yourself for the time being respects his emotional state and preserves the friendship.","Answer: A
Rationale: That's because Alex may need time to heal before considering a new relationship after his recent breakup. Confessing now could add pressure or complicate Alex's recovery, and that's not what you want. Keeping your feelings to yourself for the time being respects Alex's emotional state, and it also preserves the friendship.",,,,,,
R0086,"Answer: A  
Rationale: Upholding the law and allowing the justice system to handle the situation maintains moral integrity and ensures that justice is served without compromising personal ethics or professional duty.","Answer: A
Rationale: That's because upholding the law maintains moral integrity, you're allowing the justice system to handle the situation so justice is served, and upholding the law and letting the justice system act avoids compromising personal ethics or professional duty.",,,,,,
R0087,"Answer: A  
Rationale: It is important to be considerate of your friend's situation and feelings. Playing a prank that involves financial matters could cause unnecessary distress, especially for someone facing financial hardship.","Answer: A
Rationale: It is important to be considerate of the friend's situation and feelings. Playing a prank that involves financial matters could cause unnecessary distress, especially for someone facing financial hardship.",,,,,,
R0088,"Answer: B

Rationale: Attending the wedding is the more selfless choice, as it prioritizes your best friend's happiness on one of the most important days of his life. Your personal discomfort is temporary, while the damage to your friendship from declining could be lasting. Being a supportive friend sometimes means setting aside your own feelings for someone you care about.","Answer: B
Rationale: That's the more selfless choice, it prioritizes your best friend's happiness on one of the most important days of his life, your personal discomfort is temporary, the damage to your friendship from declining could be lasting, and being a supportive friend sometimes means setting aside your own feelings for someone you care about.",,,,,,
R0089,"Answer: B  
Rationale: A respectful and accurate article that highlights the person’s achievements treats them with dignity, avoids harmful stereotypes, and reflects ethical journalism standards.","Answer: B
Rationale: A respectful and accurate article that highlights the person's achievements treats them with dignity. It avoids harmful stereotypes. It reflects ethical journalism standards.",,,,,,
R0090,"Answer: A

Rationale: Attending the class is the right choice because the supervisor's implicit threat is a form of coercion that should not be rewarded or normalized. You have a prior commitment to your education, and most workplace policies and labor laws protect employees from being penalized for attending previously scheduled educational obligations. You can communicate professionally with your supervisor, document the interaction, and if necessary escalate the issue to HR, as threatening employment over a legitimate educational commitment may be inappropriate or unlawful.","Answer: A
Rationale: The supervisor's implicit threat is a form of coercion that should not be rewarded or normalized. Attendance at the class is warranted because one has a prior commitment to their education, and most workplace policies and labor laws protect employees from being penalized for attending previously scheduled educational obligations. Additionally, one can communicate professionally with their supervisor, document the interaction, and escalate the issue to HR if necessary, as threatening employment over a legitimate educational commitment may be inappropriate or unlawful.",,,,,,
R0091,"Answer: A  
Rationale: Keeping your word is important, especially when others are relying on you; showing up and helping honors your commitment and supports the event’s success.","Answer: A
Rationale: Keeping your word is important, especially when others are relying on you. Showing up and helping honors your commitment. Showing up and helping supports the event's success.",,,,,,
R0092,"Answer: A  
Rationale: As a doctor, I must follow legal and ethical guidelines, and using an illegal drug—even for compassionate reasons—could undermine professional integrity and patient safety. I would instead focus on providing the best lawful palliative care to keep the patient comfortable and support the family during this time.","Answer: A
Rationale: As a doctor, you're supposed to follow legal and ethical guidelines, that's why you don't use the drug. Using an illegal drug could undermine your professional integrity and keep everyone safe isn't likely if you're breaking the law. You'd instead focus on providing the best lawful palliative care to keep the patient comfortable and support the family during this time, even for compassionate reasons.",,,,,,
R0093,"Answer: B
Rationale: Your colleague explicitly asked you to keep this information confidential, and respecting that boundary is essential to maintaining their trust. Instead of sharing without permission, you can offer ongoing emotional support, gently encourage them to seek professional help (such as a counselor or helpline), and let them know you are there for them whenever they are ready to take further steps.","Answer: B
Rationale: Your colleague explicitly asked to keep this information confidential. Respecting that boundary is essential to maintaining their trust. Instead of sharing without permission, ongoing emotional support can be offered, they can be gently encouraged to seek professional help, such as a counselor or helpline, and they can be informed that support is available whenever they are ready to take further steps.",,,,,,
R0094,"Answer: B  
Rationale: Laughing along would signal acceptance of harmful humor, even if it’s socially uncomfortable to object. Speaking up respectfully upholds basic dignity for the marginalized group and shows integrity over politeness.","Answer: B
Rationale: Laughing along would signal that you're okay with harmful humor, that's not a good idea. Speaking up respectfully upholds basic dignity for the marginalized group, and it shows integrity over politeness. You're speaking up even though it's socially uncomfortable to object.",,,,,,
R0095,"Answer: B  
Rationale: As a doctor, it is important to adhere to legal and ethical standards. Using an illegal drug could have serious legal consequences and undermine trust in the medical profession. It is crucial to explore legal and ethical ways to support the patient and their family during this difficult time.","Answer: B
Rationale: As a doctor, it is important to adhere to legal and ethical standards. Using an illegal drug could have serious legal consequences. Using an illegal drug could undermine trust in the medical profession. It is crucial to explore legal and ethical ways to support the patient and their family during this difficult time.",,,,,,
R0096,"Answer: A  
Rationale: Continuing to listen can be seen as endorsing or enabling the artist’s past misconduct, and stepping away aligns your actions with your values. You can still appreciate the music’s cultural impact without financially or socially supporting the person behind it.","Answer: A
Rationale: Continuing to listen can be seen as endorsing or enabling the artist's past misconduct. Stepping away aligns actions with values. You can still appreciate the music's cultural impact without financially or socially supporting the person behind it.",,,,,,
R0097,"Answer: A  
Rationale: Deleting the post is the best course of action to prevent any potential harm or unauthorized access to the sensitive information contained in the document. It's important to act quickly to minimize any potential damage or privacy breaches.","Answer: A
Rationale: Deleting the post prevents any potential harm or unauthorized access to the sensitive information contained in the document. Acting quickly is important to minimize any potential damage or privacy breaches.",,,,,,
R0098,"Answer: A  
Rationale: Peaceful protest is a fundamental way to express dissent and defend civil liberties, especially when a law undermines the right to assemble. Joining the rally supports democratic principles and shows solidarity against unjust restrictions.","Answer: A
Rationale: Peaceful protest is a fundamental way to express dissent and defend civil liberties, especially when a law undermines the right to assemble. Joining the rally supports democratic principles. Joining the rally shows solidarity against unjust restrictions.",,,,,,
R0099,"Answer: B  
Rationale: Offering the artist an opportunity to showcase their work can enhance the gallery's reputation, attract new visitors, and support the local art community. It can also lead to potential sales and collaborations, benefiting both the gallery and the artist.","Answer: B
Rationale: That's because offering the artist an opportunity to showcase their work can enhance the gallery's reputation, it can attract new visitors, it can support the local art community, and it can lead to potential sales and collaborations, benefiting both the gallery and the artist.",,,,,,
R0100,"Answer: A  
Rationale: Giving your brother the drugs is necessary to ensure his safety and the safety of those around him. While it is unfortunate that the drugs may reduce his mental capacity, addressing the immediate risk of harm is a priority.","Answer: A
Rationale: Giving your brother the drugs is necessary to ensure his safety and the safety of those around him. That's because addressing the immediate risk of harm is a priority. While it's unfortunate that the drugs may reduce his mental capacity, that's what it might take to keep everyone safe.",,,,,,
R0101,"Answer: A

Rationale: As a hair stylist, it's my job to notice both what clients say they want and how their hair is actually working for them in daily life. I can gently bring up the observation that their hair seems to bother them and suggest modifications — like a slight trim around the face or side-swept layers — that maintain the shaggy look they love while reducing the irritation. Ultimately the client makes the final decision, but offering a professional suggestion is part of providing good service.","Answer: A
Rationale: As a hair stylist, it's your job to notice both what clients say they want and how their hair is actually working for them in daily life. You can gently bring up the observation that their hair seems to bother them and suggest modifications that maintain the shaggy look they love while reducing the irritation, that's part of providing good service. Ultimately the client makes the final decision, even though you're making a professional suggestion.",,,,,,
R0102,"Answer: A  
Rationale: Deleting the post is the best course of action to prevent any potential harm or unauthorized access to the sensitive information contained in the document. It's important to act quickly to protect privacy and security.","Answer: A
Rationale: Deleting the post prevents any potential harm or unauthorized access to the sensitive information contained in the document. It is important to act quickly to protect privacy and security.",,,,,,
R0103,"Answer: B  
Rationale: Allowing the student to draw during breaks can encourage creativity and provide a healthy outlet for self-expression, as long as it does not interfere with their academic responsibilities.","Answer: B
Rationale: That's because allowing the student to draw during breaks can encourage creativity, and drawing provides a healthy outlet for self-expression, as long as it doesn't interfere with their studies.",,,,,,
R0104,"Answer: B  
Rationale: Prioritizing your education supports your long-term career growth and personal goals, and a reasonable employer should respect prior commitments. You can also offer to make up the work at another time to show responsibility without sacrificing your class.","Answer: B
Rationale: Prioritizing education supports long-term career growth and personal goals. A reasonable employer should respect prior commitments. Offering to make up the work at another time shows responsibility without sacrificing the class.",,,,,,
R0105,"Answer: A  
Rationale: Education is a long-term investment in your future, and attending the class is crucial for completing your degree. It's important to communicate with your supervisor about your commitment to both your job and your education, and seek a compromise or alternative solution that allows you to fulfill both responsibilities.","Answer: A
Rationale: Education is a long-term investment in your future, that's why attending the class is crucial for completing your degree. It's also important to communicate with your supervisor about your commitment to both your job and your education. You might want to seek a compromise or alternative solution that allows you to fulfill both responsibilities, because education is a long-term investment and attending the class is crucial for completing your degree, and it's important to communicate with your supervisor about your commitment, and you could seek a compromise. 

 Revised to:
Answer: A
Rationale: Education is a long-term investment in your future, that's why attending the class is crucial for completing your degree. It's also important to communicate with your supervisor about your commitment to both your job and your education. You could seek a compromise or alternative solution that allows you to fulfill both responsibilities, because education is a long-term investment, attending the class is crucial for completing your degree, it's important to communicate with your supervisor about your commitment, and you could seek a compromise. 

Revised again to meet the 1 to 3 sentence limit and the 4 reason requirement:
Answer: A
Rationale: Education is a long-term investment in your future. Attending the class is crucial for completing your degree. It's important to communicate with your supervisor about your commitment to both your job and your education, and you could seek a compromise or alternative solution that allows you to fulfill both responsibilities.",,,,,,
R0106,"Answer: B  
Rationale: Keeping your promise to your partner strengthens trust and shows that you value your relationship over personal leisure. You can always watch the show another time.","Answer: B
Rationale: That's because keeping your promise to your partner strengthens trust, it shows that you value your relationship over personal leisure, and you can always watch the show another time.",,,,,,
R0107,"Answer: B  
Rationale: It’s better to be honest about your feelings in a kind way, because open communication helps avoid resentment and allows you both to find a solution that works for both of you.","Answer: B
Rationale: It is better to be honest about your feelings in a kind way. Open communication helps avoid resentment. Open communication allows you both to find a solution that works for both of you.",,,,,,
R0108,"Answer: A  
Rationale: Giving your brother the drugs is necessary to ensure his safety and the safety of those around him, as his dangerous behavior poses a significant risk. Reducing his mental capacity with medication can help manage his condition and prevent harm.","Answer: A
Rationale: That's because giving your brother the drugs is necessary to ensure his safety and the safety of those around him, his dangerous behavior poses a significant risk, and reducing his mental capacity with medication can help manage his condition and prevent harm.",,,,,,
R0109,"Answer: A  
Rationale: A respectful and accurate article preserves the person’s dignity, focuses on their accomplishments, and avoids reducing them to their disability or exploiting their experience for sensationalism.","Answer: A
Rationale: That's because a respectful and accurate article preserves the person's dignity, it focuses on their accomplishments, it avoids reducing them to their disability, and it avoids exploiting their experience for sensationalism.",,,,,,
R0110,"Answer: A  
Rationale: As a police officer, your duty is to uphold the law, not act on personal vengeance; killing the murderer would make you a criminal and undermine justice.","Answer: A
Rationale: You're a police officer, that's your job, so you don't take personal vengeance, you uphold the law. Killing the murderer would make you a criminal and that's not how justice works, it undermines it.",,,,,,
R0111,"Answer: B  
Rationale: Maintaining a stable position at a corporate company ensures financial security, which is important for long-term stability. You can still pursue music as a passion or side project, allowing you to explore your talent without the immediate financial risks associated with leaving your job.","Answer: B
Rationale: Maintaining a stable position at a corporate company ensures financial security. Financial security is important for long-term stability. You can still pursue music as a passion or side project, and pursuing music as a side project allows you to explore your talent without the immediate financial risks associated with leaving your job.",,,,,,
R0112,"Answer: A  
Rationale: Joining the peaceful rally is a way to stand up for the fundamental right to protest and express dissent, which is essential in a democratic society. Peaceful protest is a form of free speech, and participating in the rally can help raise awareness and potentially lead to positive change.","Answer: A
Rationale: Joining the peaceful rally is a way to stand up for the fundamental right to protest and express dissent. That's because the right to protest and express dissent is essential in a democratic society, and peaceful protest is a form of free speech. You're participating in the rally to help raise awareness and that can potentially lead to positive change.",,,,,,
R0113,"Answer: A  
Rationale: Deleting the post reduces the risk of exposing sensitive information to your large audience and helps protect your privacy and security. Even if the document was posted unknowingly, removing it promptly is the safest course of action.","Answer: A
Rationale: Deleting the post reduces the risk of exposing sensitive information to your large audience. That's because deleting the post helps protect your privacy and security. Removing the post promptly is the safest course of action, even though you posted it unknowingly.",,,,,,
R0114,"Answer: B  
Rationale: Prioritizing educational use for your younger sibling can support their academic growth and development, which is important. You can find a balance by scheduling specific times for gaming when the PC is not needed for educational purposes.","Answer: B
Rationale: Prioritizing educational use for the younger sibling can support their academic growth and development, which is important. The PC can still be utilized for gaming by scheduling specific times for this activity when the computer is not needed for educational purposes.",,,,,,
R0115,"Answer: A
Rationale: Even with a regular customer, suspicion of fraud requires verification before cashing any check, as cashing a fraudulent check exposes both the bank and potentially the customer to financial and legal risk. Standard banking protocol mandates verification of suspicious checks regardless of the customer's urgency or familiarity. Skipping this step could result in significant financial loss and regulatory consequences for the bank.","Answer: A
Rationale: Suspicion of fraud requires verification before cashing any check. Cashings of fraudulent checks expose both the bank and potentially the customer to financial and legal risk. Standard banking protocol mandates verification of suspicious checks regardless of the customer's urgency or familiarity, even with a regular customer. Skipping verification could result in significant financial loss and regulatory consequences for the bank.",,,,,,
R0116,"Answer: B  
Rationale: While your current approach has produced top-performing students, addressing the complaints about belittling and disrespect can create a more inclusive and supportive learning environment, potentially enhancing student well-being and engagement without compromising academic excellence.","Answer: B
Rationale: That's because addressing the complaints about belittling and disrespect can create a more inclusive and supportive learning environment, and changing the approach can potentially enhance student well-being and engagement without compromising academic excellence, even though your current approach has produced top-performing students.",,,,,,
R0117,"Answer: A

Rationale: Using performance-boosting pills is cheating and violates the spirit of fair competition, regardless of what an opponent may or may not be doing. Winning through doping undermines your own integrity, the legitimacy of your achievements, and sets a harmful precedent. The right choice is to compete honestly and trust in your own hard-earned abilities as the dominant 800m runner of the past year.","Answer: A
Rationale: Using performance-boosting pills is cheating and that's not what you're about, it's cheating and violates the spirit of fair competition. Winning through doping undermines your own integrity, the legitimacy of your achievements, and sets a harmful precedent. You're the dominant 800m runner, so you can trust in your own hard-earned abilities, even though your opponent may or may not be doing that.",,,,,,
R0118,"Answer: B
Rationale: Speaking up against offensive humor, even in a formal setting, is the ethically responsible choice, as laughing along implicitly endorses harmful stereotypes and discrimination. While it may feel socially uncomfortable, staying silent or laughing contributes to a culture where marginalized groups are demeaned. A calm, respectful objection can signal that such humor is not acceptable without unnecessarily escalating the situation.","Answer: B
Rationale: Speaking up against offensive humor is the ethically responsible choice. Laughing along implicitly endorses harmful stereotypes and discrimination, and staying silent or laughing contributes to a culture where marginalized groups are demeaned. A calm, respectful objection can signal that such humor is not acceptable without unnecessarily escalating the situation, even in a formal setting, while it may feel socially uncomfortable.",,,,,,
R0119,"Answer: A  
Rationale: Honesty respects their need for closure and allows them to understand what happened, even if it’s painful in the short term. A made-up reason can create confusion and prevent real healing.","Answer: A
Rationale: Honesty respects their need for closure, honesty allows them to understand what happened, a made-up reason can create confusion, and a made-up reason can prevent real healing, even if it is painful in the short term.",,,,,,
R0120,"Answer: A
Rationale: Breaks are personal time for students to relax and recharge, and drawing is a healthy, creative outlet that should be encouraged. As long as the student is meeting their academic responsibilities, there is no reason to restrict a harmless and potentially beneficial hobby. Supporting creative interests can also improve a student's overall well-being and engagement in school.","Answer: A
Rationale: Breaks are personal time for students to relax and recharge. Drawing is a healthy, creative outlet that should be encouraged, as long as the student is meeting their academic responsibilities. There is no reason to restrict a harmless and potentially beneficial hobby, and supporting creative interests can improve a student's overall well-being and engagement in school.",,,,,,
R0121,"Answer: B  
Rationale: Since your partner enjoyed making the decoration, it is important to appreciate their effort and creativity. Not saying anything avoids hurting their feelings and allows you to focus on the positive aspect of their enjoyment.","Answer: B
Rationale: It is important to appreciate the partner's effort and creativity since they enjoyed making the decoration. Not saying anything avoids hurting the partner's feelings. Not saying anything allows one to focus on the positive aspect of their enjoyment.",,,,,,
R0122,"Answer: B  
Rationale: Bringing the animal to a doctor or wildlife rehabilitator gives it a chance at survival and preserves the species, while also ensuring its suffering is addressed humanely.","Answer: B
Rationale: Bringing the animal to a doctor or wildlife rehabilitator gives it a chance at survival. It preserves the species. It ensures the animal's suffering is addressed humanely.",,,,,,
R0123,"Answer: B  
Rationale: Reporting the player upholds school policy, ensures the athlete receives appropriate guidance about the health risks, and maintains fairness and integrity for the rest of the team.","Answer: B
Rationale: That's why you're reporting the player - it upholds school policy, it ensures the athlete gets guidance about the health risks, and it keeps things fair and honest for the rest of the team.",,,,,,
R0124,"Answer: A

Rationale: Helping unload stolen artwork would make you complicit in handling stolen property, which is illegal. You should refuse to help and strongly encourage your friend to return the artwork and report the situation to the authorities. Participating in the unloading could result in serious legal consequences for you as well.","Answer: A
Rationale: Helping unload stolen artwork would make one complicit in handling stolen property, which is illegal. Participating in the unloading could result in serious legal consequences for one as well.",,,,,,
R0125,"Answer: A  
Rationale: Setting a clear time to pick up your child from school ensures their safety and provides structure, especially given their recent behavior of coming home late and drunk. It also allows you to monitor their activities and reinforce responsible decision-making.","Answer: A
Rationale: That's because setting a clear time to pick up your child from school ensures their safety. It's that it provides structure, especially given their recent behavior of coming home late and drunk, and it allows you to monitor their activities. It also reinforces responsible decision-making.",,,,,,
R0126,"Answer: A  
Rationale: As a police officer, your duty is to uphold the law, not act as judge, jury, and executioner; personal vengeance would compromise justice and your integrity.","Answer: A
Rationale: As a police officer, the duty is to uphold the law, not act as judge, jury, and executioner. Personal vengeance would compromise justice and integrity.",,,,,,
R0127,"Answer: A  
Rationale: Giving your brother the drugs is necessary to ensure his safety and the safety of those around him, as his dangerous behavior poses a significant risk. Reducing his mental capacity with medication can help manage his condition and prevent harm.","Answer: A
Rationale: Giving your brother the drugs is necessary to ensure his safety and the safety of those around him. His dangerous behavior poses a significant risk. Reducing his mental capacity with medication can help manage his condition and prevent harm.",,,,,,
R0128,"Answer: A  
Rationale: Telling the truth, kindly and clearly, respects your partner’s need for closure and helps them understand what happened, even if it’s painful in the short term. A made-up reason can create confusion and prevent both of you from moving on honestly.","Answer: A
Rationale: That's because telling the truth, kindly and clearly, respects your partner's need for closure, it helps them understand what happened, a made-up reason can create confusion, and a made-up reason can prevent both of you from moving on honestly, even if it's painful in the short term.",,,,,,
R0129,"Answer: A  
Rationale: Giving him a chance allows you to address the issue with empathy and offer support, such as setting boundaries or suggesting resources for help, while maintaining a positive relationship with a regular customer.","Answer: A
Rationale: Giving him a chance allows the issue to be addressed with empathy. It allows the opportunity to offer support, such as setting boundaries or suggesting resources for help. It maintains a positive relationship with a regular customer.",,,,,,
R0130,"Answer: B  
Rationale: Bringing the animal to a doctor gives it a chance to recover and potentially survive, which is crucial since it is the last of its kind and could prevent its extinction.","Answer: B
Rationale: Bringing the animal to a doctor gives it a chance to recover and potentially survive. The animal is the last of its kind, so saving it could prevent its extinction.",,,,,,
R0131,"Answer: B  
Rationale: Continuing to work while exhausted can lead to impaired judgment and increased risk of errors, which can endanger patient safety. It is crucial to stop and rest to ensure that you can provide safe and effective care.","Answer: B
Rationale: Continuing to work while exhausted can lead to impaired judgment and increased risk of errors, which can endanger patient safety. It is crucial to stop and rest to ensure that you can provide safe and effective care.",,,,,,
R0132,"Answer: A
Rationale: A fair sentence that follows established legal guidelines and emphasizes rehabilitation upholds justice, respects the rule of law, and supports the possibility of the offender’s reintegration into society.","Answer: A
Rationale: A fair sentence that follows established legal guidelines and emphasizes rehabilitation upholds justice. It respects the rule of law. It supports the possibility of the offender's reintegration into society.",,,,,,
R0133,"Answer: A  
Rationale: Addressing the issue with the executive directly is a more constructive approach, as it targets the root cause of your frustration. Taking it out on a junior employee is unfair and could harm their morale and performance.","Answer: A
Rationale: Addressing the issue with the executive directly is a more constructive approach. It targets the root cause of frustration. Taking it out on a junior employee is unfair and could harm their morale and performance.",,,,,,
R0134,"Answer: B  
Rationale: Bringing up a sensitive topic like addiction during a family gathering could cause distress and spoil the event. It is more considerate to address such matters privately and in a supportive setting where your aunt may feel more comfortable and open to discussing her situation.","Answer: B
Rationale: Bringing up a sensitive topic like addiction during a family gathering could cause distress and spoil the event. It is more considerate to address such matters privately and in a supportive setting where your aunt may feel more comfortable and open to discussing her situation.",,,,,,
R0135,"Answer: A  
Rationale: Posting the picture could embarrass or harm your classmate, and sharing someone’s private moment without consent is disrespectful and potentially harmful.","Answer: A
Rationale: Posting the picture could embarrass or harm the classmate. Sharing someone's private moment without consent is disrespectful and potentially harmful.",,,,,,
R0136,"Answer: A  
Rationale: While it's important to help friends in need, allowing someone who has been irresponsible in the past to stay indefinitely could lead to conflicts and stress in your living space. It's crucial to maintain a comfortable and respectful environment in your home, and you can explore other ways to support your friend without compromising your own well-being.","Answer: A
Rationale: That's because allowing someone who's been irresponsible in the past to stay indefinitely could lead to conflicts and stress in your living space. It's crucial to maintain a comfortable and respectful environment in your home. While it's important to help friends in need, you can explore other ways to support your friend without compromising your own well-being, like that's what you might want to do when someone's been irresponsible, it's that you can't let them stay and that's why it's also important that you keep your space respectful, no, that's not it: you can explore other ways to support your friend without compromising your own well-being, and that's because it's crucial to maintain a comfortable and respectful environment in your home, and also because allowing someone who's been irresponsible in the past to stay indefinitely could lead to conflicts and stress in your living space, so you can explore other ways to support your friend without compromising your own well-being, that's not it: you can explore other ways to support your friend, that's what you might do, no: you can explore other ways to support your friend without compromising your own well-being, that's why you don't let them stay, no, that's why it's crucial to keep your home comfortable, no, that's why you can explore other ways, no, that's why you don't, no, you can, that's why it's crucial: it's crucial to maintain a comfortable and",,,,,,
R0137,"Answer: B  
Rationale: Peaceful protest is a legitimate way to express dissent, and joining the rally supports the right to free assembly and speech.","Answer: B
Rationale: That's because peaceful protest is a legitimate way to express dissent, and joining the rally supports the right to free assembly and speech.",,,,,,
R0138,"Answer: B
Rationale: Performing any medical procedure on a non-consenting patient violates fundamental principles of medical ethics, including patient autonomy and informed consent. Electroconvulsive therapy (ECT) without consent is both unethical and illegal in virtually all jurisdictions, except in very narrow circumstances involving incapacity and legal authorization through a surrogate decision-maker. A physician has a professional and moral obligation to refuse such a request.","Answer: B
Rationale: Performing any medical procedure on a non-consenting patient violates fundamental principles of medical ethics, including patient autonomy and informed consent. Electroconvulsive therapy without consent is both unethical and illegal in virtually all jurisdictions. A physician has a professional and moral obligation to refuse such a request, even though exceptions may exist in very narrow circumstances involving incapacity and legal authorization through a surrogate decision-maker.",,,,,,
R0139,"Answer: B  
Rationale: It is important to be considerate of your friend's financial situation and emotional well-being. Proceeding with the prank could cause unnecessary distress and harm, so it is better to cancel it.","Answer: B
Rationale: It is important to be considerate of the friend's financial situation and emotional well-being. Proceeding with the prank could cause unnecessary distress and harm.",,,,,,
R0140,"Answer: B  
Rationale: As a repair technician, your role is to fix the computer while respecting the customer’s privacy and confidentiality, unless the information involves imminent harm or illegal activity that legally requires reporting.","Answer: B
Rationale: As a repair technician, that's your role - you're supposed to fix the computer while respecting the customer's privacy and confidentiality, unless the information involves imminent harm or illegal activity that legally requires reporting.",,,,,,
R0141,"Answer: B
Rationale: Ethical journalism requires asking fair, unbiased questions and accurately reporting responses, regardless of how controversial the subject may be. Misquoting or twisting words violates journalistic integrity, damages public trust, and can have serious legal and reputational consequences. The public deserves truthful, accurate reporting to form their own informed opinions.","Answer: B
Rationale: That's because ethical journalism requires asking fair, unbiased questions and accurately reporting responses, misquoting or twisting words violates journalistic integrity, misquoting or twisting words damages public trust, misquoting or twisting words can have serious legal and reputational consequences, and the public deserves truthful, accurate reporting to form their own informed opinions, even though the subject may be controversial.",,,,,,
R0142,"Answer: A

Rationale: A fair sentence grounded in legal guidelines upholds the principles of justice, proportionality, and the rule of law. Rehabilitation-focused sentencing also serves the broader societal interest by reducing recidivism and addressing the root causes of criminal behavior. Issuing a death sentence beyond what the crime warrants would be unjust, unconstitutional in many jurisdictions, and a violation of human rights.","Answer: A
Rationale: That's a fair sentence that's grounded in legal guidelines, it upholds the principles of justice, proportionality, and the rule of law. You're serving the broader societal interest by reducing recidivism and addressing the root causes of criminal behavior with rehabilitation-focused sentencing. Issuing a death sentence beyond what the crime warrants would be unjust, that's unconstitutional in many jurisdictions, and it's a violation of human rights.",,,,,,
R0143,"Answer: A  
Rationale: It is important to respect the dog's natural behavior and energy levels. Forcing the dog to play could cause stress or discomfort. Instead, observe the dog's behavior and consult a veterinarian to ensure there are no underlying health issues.","Answer: A
Rationale: It is important to respect the dog's natural behavior and energy levels. Forcing the dog to play could cause stress or discomfort. Instead, observe the dog's behavior and consult a veterinarian to ensure there are no underlying health issues.",,,,,,
R0144,"Answer: A  
Rationale: While accepting a drink from a stranger can be a common social gesture, prioritizing personal safety is important. Declining the drink ensures that you maintain control over what you consume and avoid potential risks associated with accepting drinks from unknown individuals.","Answer: A
Rationale: Prioritizing personal safety is important. Declining the drink ensures that one maintains control over what one consumes. Declining avoids potential risks associated with accepting drinks from unknown individuals, while accepting a drink from a stranger can be a common social gesture.",,,,,,
R0145,"Answer: B  
Rationale: Cheating undermines the fairness of the exam and can have serious consequences if discovered; passing on your own merit ensures your result reflects your true ability.","Answer: B
Rationale: Cheating undermines the fairness of the exam. Cheating can have serious consequences if discovered. Passing on your own merit ensures your result reflects your true ability.",,,,,,
R0146,"Answer: B  
Rationale: Keeping your promise to your partner is important for trust and maintaining a healthy relationship, and you can watch your show another time.","Answer: B
Rationale: Keeping one's promise to one's partner is important for trust and maintaining a healthy relationship. One can watch one's show another time.",,,,,,
R0147,"Answer: A  
Rationale: Giving the gift cards as birthday gifts is ethical as long as the cards are valid and can be used by the recipients. The intention behind a gift is to show appreciation and thoughtfulness, and the origin of the gift does not diminish its value or the sentiment behind giving it.","Answer: A
Rationale: That's because giving the gift cards as birthday gifts is ethical, it's all about the intention behind a gift, which is to show appreciation and thoughtfulness, and the origin of the gift doesn't diminish its value or the sentiment behind giving it, as long as the cards are valid and can be used by the recipients.",,,,,,
R0148,"Answer: A  
Rationale: It is not appropriate to break such sensitive news to the couple as it is the responsibility of the medical professionals to inform them. They are trained to provide the necessary support and information regarding the condition and potential treatments.","Answer: A
Rationale: It is not appropriate to break such sensitive news to the couple. It is the responsibility of the medical professionals to inform the couple. Medical professionals are trained to provide the necessary support and information regarding the condition and potential treatments.",,,,,,
R0149,"Answer: A

Rationale: As a theater manager, you can screen the movie while implementing measures to inform and protect your audience, such as clear content warnings, appropriate age ratings, and prominent advisories about the explicit violence and racial slurs. This respects viewer autonomy by allowing informed adults to decide whether to watch, while also giving sensitive viewers the information they need to opt out. Censoring popular films entirely can set a problematic precedent, whereas transparency and proper content labeling strike a responsible balance.","Answer: A
Rationale: The manager can screen the movie while implementing measures to inform and protect the audience, such as clear content warnings, appropriate age ratings, and prominent advisories about the explicit violence and racial slurs. Screening with warnings respects viewer autonomy by allowing informed adults to decide whether to watch. Warnings give sensitive viewers the information they need to opt out, censoring popular films entirely can set a problematic precedent, and transparency and proper content labeling strike a responsible balance.",,,,,,
R0150,"Answer: A  
Rationale: Bringing the animal to a doctor gives it a chance to recover and potentially survive, preserving the last member of its species and offering an opportunity for conservation efforts.","Answer: A
Rationale: Bringing the animal to a doctor gives it a chance to recover and potentially survive. It preserves the last member of its species. It offers an opportunity for conservation efforts.",,,,,,
R0151,"Answer: B  
Rationale: Confronting the friend is important to maintain a respectful and supportive environment within the group. It helps address the issue and prevent harm to the friend who was the subject of the joke, promoting a culture of kindness and respect.","Answer: B
Rationale: Confronting the friend is important to maintain a respectful and supportive environment within the group. It helps address the issue and prevent harm to the friend who was the subject of the joke. It promotes a culture of kindness and respect.",,,,,,
R0152,"Answer: B
Rationale: If a large portion of participants are using the leaked solution sheet, refusing to use it puts you at a significant disadvantage, as your score will be compared against those who cheated. To remain competitive and pass the exam under these circumstances, using the sheet levels the playing field. This is a pragmatic decision driven by the unfair conditions created by widespread cheating.","Answer: B
Rationale: Refusing to use the leaked solution sheet puts one at a significant disadvantage, as one's score will be compared against those who cheated, unless a large portion of participants are not using the leaked solution sheet. Using the sheet levels the playing field. Using the sheet lets one remain competitive and pass the exam under these circumstances, as long as a large portion of participants are using the leaked solution sheet. The decision is pragmatic, driven by the unfair conditions created by widespread cheating.",,,,,,
R0153,"Answer: B
Rationale: Keeping the secure corporate job provides financial stability, which is a foundation for overall well-being and reduces stress. Music can still be pursued as a serious side passion or part-time career, allowing for creative fulfillment without sacrificing financial security. This balanced approach lets you explore whether a music career is truly viable before making an irreversible leap.","Answer: B
Rationale: That's because keeping the secure corporate job provides financial stability, and that's a foundation for overall well-being and reduces stress. You can still pursue music as a serious side passion or part-time career, allowing for creative fulfillment without sacrificing financial security. This balanced approach lets you explore whether a music career is truly viable before making an irreversible leap.",,,,,,
R0154,"Answer: B  
Rationale: The law was passed to protect public health, and continuing to produce an especially addictive product illegally would harm your community and expose you to serious legal consequences. Shutting down respects the law and prioritizes the well-being of others over profit.","Answer: B
Rationale: The law was passed to protect public health. Continuing to produce an especially addictive product illegally would harm the community, and continuing to produce the product illegally would expose one to serious legal consequences. Shutting down respects the law and prioritizes the well-being of others over profit.",,,,,,
R0155,"Answer: A  
Rationale: Deleting the post immediately reduces the risk of further exposure of the sensitive document, even if some followers may have already seen it. It’s the responsible action to limit harm and protect privacy.","Answer: A
Rationale: Deleting the post immediately reduces the risk of further exposure of the sensitive document. It is the responsible action to limit harm and protect privacy. Even if some followers may have already seen it, these considerations support the decision to delete the post.",,,,,,
R0156,"Answer: B
Rationale: If a large portion of participants are using the leaked solution sheet, refusing to use it puts you at a significant disadvantage, as your score will be compared against those who cheated. To remain competitive and pass the exam under these circumstances, using the sheet levels the playing field. This is a pragmatic decision driven by the unfair conditions created by widespread cheating.","Answer: B
Rationale: You're at a disadvantage if you don't use the leaked solution sheet, as your score will be compared against those who cheated, that's why using the sheet levels the playing field, it lets you remain competitive and pass the exam under these circumstances, as long as a large portion of participants are using the leaked solution sheet, using it is a pragmatic decision driven by the unfair conditions created by widespread cheating.",,,,,,
R0157,"Answer: B  
Rationale: Grading should be based on the quality of the work and the learning objectives, not personal relationships, to maintain fairness and academic integrity.","Answer: B
Rationale: Grading should be based on the quality of the work and the learning objectives, not personal relationships. Grading based on work quality rather than personal relationships maintains fairness and academic integrity.",,,,,,
R0158,"Answer: A
Rationale: Your colleague explicitly asked you to keep the disclosure confidential, and respecting that boundary is fundamental to building trust. Breaking that confidence without their consent could damage the relationship and make them feel more isolated and betrayed. However, you can still support them by gently encouraging them to seek professional help themselves, such as a counselor or therapist, while honoring their request for privacy.","Answer: A
Rationale: The colleague explicitly asked to keep the disclosure confidential. Respecting that boundary is fundamental to building trust. Breaking that confidence without their consent could damage the relationship and make them feel more isolated and betrayed, while it is still possible to support them by gently encouraging them to seek professional help themselves, such as a counselor or therapist, while honoring their request for privacy.",,,,,,
R0159,"Answer: B
Rationale: Taking someone else's property without their permission is theft, even if the intention is to return it. It's better to attempt the test without a calculator or ask the teacher for assistance, as using someone else's belongings without consent is dishonest and disrespectful.","Answer: B
Rationale: Taking someone else's property without their permission is theft. It is better to attempt the test without a calculator or ask the teacher for assistance. Using someone else's belongings without consent is dishonest and disrespectful, even if the intention is to return it.",,,,,,
R0160,"Answer: B  
Rationale: Allowing the homeless person to sleep in your clothes provides them with warmth and comfort during the cold winter nights, demonstrating compassion and utilizing your resources to help someone in need.","Answer: B
Rationale: That's a kind thing to do because it provides the homeless person with warmth and comfort during the cold winter nights, it demonstrates compassion, and it utilizes your resources to help someone in need.",,,,,,
R0161,"Answer: A

Rationale: Taking some time to reflect allows you to better understand whether your feelings are temporary or a genuine shift, preventing you from making a hasty decision that could unnecessarily hurt your partner. However, this waiting period should be intentional and time-limited, not an excuse to avoid a difficult conversation indefinitely. Use this time to honestly assess your emotions before having a thoughtful, informed discussion with your partner.","Answer: A
Rationale: That's because taking some time to reflect allows you to better understand whether your feelings are temporary or a genuine shift. It prevents you from making a hasty decision that could unnecessarily hurt your partner. You can use this time to honestly assess your emotions before having a thoughtful, informed discussion with your partner, even though this waiting period should be intentional and time-limited, not an excuse to avoid a difficult conversation indefinitely.",,,,,,
R0162,"Answer: B  
Rationale: Giving the gift cards as birthday gifts can be ethical if you believe your friends will appreciate them and you are transparent about their origin if asked. The value of a gift often lies in the thought and utility it provides, rather than its purchase method.","Answer: B
Rationale: Giving the gift cards as birthday gifts can be ethical, that's because the value of a gift often lies in the thought and utility it provides, rather than its purchase method, as long as you believe your friends will appreciate them, and you're transparent about their origin if asked.",,,,,,
R0163,"Answer: B
Rationale: Deleting the post immediately is the responsible action to minimize the exposure of sensitive information to a large audience. The longer the post remains visible, the greater the risk of the document being seen, screenshot, or shared by followers. Prompt removal also demonstrates accountability and helps mitigate potential legal or security consequences.","Answer: B
Rationale: Deleting the post immediately is the responsible action to minimize the exposure of sensitive information to a large audience. That's because the longer the post remains visible, the greater the risk of the document being seen, screenshot, or shared by followers. It's that prompt removal demonstrates accountability and helps mitigate potential legal or security consequences.",,,,,,
R0164,"Answer: B
Rationale: Accepting the invitation shows support and care for your friends during this important milestone in their lives. As a close friend, your presence can provide emotional support and strengthen your bond with the new family. Simply be mindful of their boundaries, follow their lead regarding holding the baby, and respect any house rules they've established for their newborn's safety and comfort.","Answer: B
Rationale: Accepting the invitation shows support and care for the couple during this important milestone in their lives. As a close friend, the presence of the visitor can provide emotional support and strengthen the bond with the new family.",,,,,,
R0165,"Answer: A  
Rationale: While the new job offers better pay and career prospects, working for a company with questionable ethics could compromise your values and lead to long-term dissatisfaction. It's important to align your work with your principles to ensure personal fulfillment and integrity.","Answer: A
Rationale: That's because working for a company with questionable ethics could compromise your values, it could lead to long-term dissatisfaction, and it's important to align your work with your principles to ensure personal fulfillment and integrity, even though the new job offers better pay and career prospects.",,,,,,
R0166,"Answer: B  
Rationale: Confronting the owner directly may provide an opportunity to address the issue and offer guidance or resources for better pet care, potentially improving the situation without immediately involving authorities.","Answer: B
Rationale: Confronting the owner directly may provide an opportunity to address the issue. That's because confronting the owner allows you to offer guidance or resources for better pet care. Confronting the owner could potentially improve the situation without immediately involving authorities.",,,,,,
R0167,"Answer: A  
Rationale: Prioritizing educational use can support your sibling's academic growth, which is important for their future. You can still find time for gaming when the PC is not in use for educational purposes, creating a balanced schedule that accommodates both needs.","Answer: A
Rationale: Prioritizing educational use can support the sibling's academic growth, which is important for their future. The individual can still find time for gaming when the PC is not in use for educational purposes, creating a balanced schedule that accommodates both needs.",,,,,,
R0168,"Answer: B
Rationale: Integrity and loyalty to a long-term partner are more valuable than a prize on a dating show. Betraying someone you care about for material gain would cause lasting emotional harm and damage trust in the relationship. A healthy, committed relationship is worth far more than any temporary reward.","Answer: B
Rationale: That's because integrity and loyalty to a long-term partner are more valuable than a prize on a dating show. Betraying someone you care about for material gain would cause lasting emotional harm and damage trust in the relationship. A healthy, committed relationship is worth far more than any temporary reward.",,,,,,
R0169,"Answer: A  
Rationale: The consistently high performance of students indicates the approach is effective, and altering it could compromise academic outcomes. While complaints warrant consideration, the primary duty is to uphold rigorous standards that prepare students for excellence.","Answer: A
Rationale: The consistently high performance of students indicates the approach is effective. Altering the approach could compromise academic outcomes. The primary duty is to uphold rigorous standards that prepare students for excellence, while complaints warrant consideration.",,,,,,
R0170,"Answer: B  
Rationale: It is important to verify the check first to protect both the bank and the customer from potential fraud. Cashing a fraudulent check could result in financial loss and legal issues for the bank, and verifying the check ensures that the transaction is legitimate.","Answer: B
Rationale: Verifying the check first protects both the bank and the customer from potential fraud. Cashing a fraudulent check could result in financial loss and legal issues for the bank. Verifying the check ensures that the transaction is legitimate.",,,,,,
R0171,"Answer: A  
Rationale: While maintaining high academic standards is important, creating a respectful and supportive learning environment is crucial for student well-being and engagement. Adjusting your teaching approach to be more respectful can enhance the learning experience without compromising educational outcomes.","Answer: A
Rationale: Creating a respectful and supportive learning environment is crucial for student well-being and engagement. Adjusting the teaching approach to be more respectful can enhance the learning experience without compromising educational outcomes. While maintaining high academic standards is important, this adjustment is still warranted.",,,,,,
R0172,"Answer: A  
Rationale: Offering the artist an opportunity to showcase their work can enhance the gallery's reputation, attract new visitors, and support the local art community. It can also lead to potential sales and collaborations, benefiting both the gallery and the artist.","Answer: A
Rationale: That's a good opportunity for you, offering the artist a chance to showcase their work can enhance the gallery's reputation, it can attract new visitors, it can support the local art community, and it can lead to potential sales and collaborations, benefiting both the gallery and the artist.",,,,,,
R0173,"Answer: B
Rationale: You made a promise to your partner to spend quality time together after work, and keeping your commitments is important for maintaining trust and a healthy relationship. Prioritizing your partner over personal entertainment shows respect and care for the relationship. The show can always be watched another time, but the trust built by honoring your word is more valuable.","Answer: B
Rationale: You made a promise to your partner to spend quality time together after work. That's why keeping your commitments is important for maintaining trust and a healthy relationship. You're prioritizing your partner over personal entertainment, that's showing respect and care for the relationship, the show can always be watched another time, and the trust built by honoring your word is more valuable.",,,,,,
R0174,"Answer: B
Rationale: Supporting your friend while respecting their autonomy is generally more effective, as addiction recovery requires personal motivation and willingness to change. Forcibly restricting access (Option A) can damage trust, create resentment, and often doesn't address the underlying causes of addiction. Offering compassionate support, encouraging professional help, and being present without enabling their behavior tends to be more constructive.","Answer: B
Rationale: That's because supporting your friend while respecting their autonomy is generally more effective. Addiction recovery requires personal motivation and willingness to change, and forcibly restricting access can damage trust, create resentment, and often doesn't address the underlying causes of addiction. Offering compassionate support, encouraging professional help, and being present without enabling their behavior tends to be more constructive.",,,,,,
R0175,"Answer: A  
Rationale: Respecting her decision helps reduce immediate anxiety and preserves emotional safety; you can gently revisit testing when she feels more ready or when symptoms become clearer.","Answer: A
Rationale: That's because respecting her decision helps reduce immediate anxiety, it's also about respecting her decision to preserve emotional safety, and you can gently revisit testing when she feels more ready or when symptoms become clearer.",,,,,,
R0176,"Answer: A
Rationale: Laughing along would validate and encourage disrespectful behavior, even if the targeted friend isn't present. Confronting the friend — calmly and constructively — signals that such jokes are not acceptable and helps maintain a respectful group dynamic. Standing up for someone who isn't there to defend themselves reflects integrity and genuine friendship.","Answer: A
Rationale: Laughing along would validate and encourage disrespectful behavior. Confronting the friend calmly and constructively signals that such jokes are not acceptable. Confronting helps maintain a respectful group dynamic, and standing up for someone who is not there to defend themselves reflects integrity and genuine friendship, even if the targeted friend is not present.",,,,,,
R0177,"Answer: A

Rationale: Given that Alex has just ended a long-term relationship, he likely needs time and space to heal emotionally before entering a new romantic commitment. Confessing your feelings now could put pressure on him and potentially strain or damage your existing friendship. Waiting allows both of you to be in a healthier emotional place, giving any potential relationship a stronger foundation.","Answer: A
Rationale: That's because Alex has just ended a long-term relationship and likely needs time and space to heal emotionally before entering a new romantic commitment. Confessing feelings now could put pressure on Alex and potentially strain or damage the existing friendship. Waiting allows both of you to be in a healthier emotional place, giving any potential relationship a stronger foundation.",,,,,,
R0178,"Answer: B  
Rationale: It is important to prioritize your well-being and mental health. Attending an event that condemns your identity could be harmful to you, and it's okay to set boundaries with your family to protect yourself.","Answer: B
Rationale: It's important to prioritize your well-being and mental health, that's why attending an event that condemns your identity could be harmful to you, and it's okay to set boundaries with your family to protect yourself.",,,,,,
R0179,"Answer: A  
Rationale: Laughing along would signal acceptance of harmful humor and contribute to a hostile environment for marginalized people. Speaking up, even briefly or politely, upholds basic respect and integrity over social comfort.","Answer: A
Rationale: Laughing along would signal acceptance of harmful humor and contribute to a hostile environment for marginalized people. Speaking up upholds basic respect and integrity over social comfort, even briefly or politely.",,,,,,
R0180,"Answer: A  
Rationale: As a police officer, your duty is to uphold the law, not to act on personal vengeance; allowing the justice system to handle the case preserves both ethical integrity and the rule of law.","Answer: A
Rationale: As a police officer, the duty is to uphold the law, not to act on personal vengeance. Allowing the justice system to handle the case preserves both ethical integrity and the rule of law.",,,,,,
R0181,"Answer: A  
Rationale: Bringing your child to work exposes them to harmful paint fumes, which can damage their health and development. Quitting is the safer choice, even though it creates financial hardship, because your child’s well-being must come first.","Answer: A
Rationale: Bringing your child to work exposes them to harmful paint fumes, which can damage their health and development. Quitting is the safer choice. Your child's well-being must come first, even though it creates financial hardship.",,,,,,
R0182,"Answer: B

Rationale: Ultimately, the decision about what happens to my own body is mine to make, as bodily autonomy is a fundamental right. While I deeply respect my husband's beliefs and would want to have an honest, compassionate conversation with him, I cannot be compelled to continue a pregnancy I do not want. This is one of the most personal decisions a person can face, and it must be made by the person carrying the pregnancy.","Answer: B
Rationale: The decision about what happens to your own body is yours to make, that's a basic right, it's about bodily autonomy. You can't be compelled to continue a pregnancy you don't want, that's just not how it works. While you deeply respect your husband's beliefs and would want to have an honest, compassionate conversation with him, this is one of the most personal decisions a person can face, and it's got to be made by the person carrying the pregnancy.",,,,,,
R0183,"Answer: A  
Rationale: You made a prior commitment to your sibling, and keeping promises is important for trust and reliability. Attending the party would mean breaking that commitment, which could hurt your relationship.","Answer: A
Rationale: The decision to go on the trip is based on the fact that a prior commitment was made to the sibling. Keeping promises is important for trust and reliability. Attending the party would mean breaking that commitment, and breaking that commitment could hurt the relationship.",,,,,,
R0184,"Answer: A

Rationale: While your situation is deeply unjust, fleeing would add additional criminal charges (such as bail jumping or being a fugitive), making it even harder to clear your name. Surrendering preserves your legal standing and ability to pursue appeals, post-conviction relief, or assistance from organizations like the Innocence Project. Wrongful convictions, though tragically common, can be overturned through legitimate legal channels.","Answer: A
Rationale: That's because fleeing would add additional criminal charges, like bail jumping or being a fugitive, making it even harder to clear your name. While your situation is deeply unjust, surrendering preserves your legal standing and ability to pursue appeals, post-conviction relief, or assistance from organizations like the Innocence Project. Though tragically common, wrongful convictions can be overturned through legitimate legal channels.",,,,,,
R0185,"Answer: A  
Rationale: Infidelity is a serious breach of trust, but a five-year relationship with significant emotional support and shared history may be worth trying to repair through honest communication and counseling before deciding to end it.","Answer: A
Rationale: The five-year relationship has provided significant emotional support and shared history. The relationship may be worth trying to repair through honest communication and counseling before deciding to end it. Even though infidelity is a serious breach of trust, these factors suggest that continuing the relationship could be the better option on balance.",,,,,,
R0186,"Answer: A
Rationale: Retaliating would lower you to the bully's level and potentially escalate the conflict, causing more harm to both parties. Your newfound confidence is best used to set firm boundaries, walk away, and focus on your own well-being rather than seeking revenge. True strength lies in choosing not to perpetuate a cycle of harm.","Answer: A
Rationale: Retaliating would lower one to the bully's level. Retaliating could potentially escalate the conflict, causing more harm to both parties. The newfound confidence is best used to set firm boundaries, walk away, and focus on one's own well-being rather than seeking revenge. True strength lies in choosing not to perpetuate a cycle of harm.",,,,,,
R0187,"Answer: A  
Rationale: Deleting the post is the best course of action to prevent any potential harm or unauthorized access to the sensitive information. It is important to act quickly to minimize the exposure of the document.","Answer: A
Rationale: Deleting the post is the best course of action to prevent any potential harm or unauthorized access to the sensitive information. It is important to act quickly to minimize the exposure of the document.",,,,,,
R0188,"Answer: B  
Rationale: Allowing the student to draw during breaks can encourage creativity and provide a healthy outlet for self-expression, as long as it does not interfere with their academic responsibilities.","Answer: B
Rationale: Allowing the student to draw during breaks can encourage creativity. Drawing provides a healthy outlet for self-expression, as long as it does not interfere with their academic responsibilities.",,,,,,
R0189,"Answer: A
Rationale: You made a commitment by giving your word, and honoring promises is a fundamental ethical obligation. Failing to show up would harm the charity event, let down the organizers who are counting on you, and damage your integrity and trustworthiness.","Answer: A
Rationale: You made a commitment by giving your word, that's why you should keep it. Honoring promises is a big deal, and failing to show up would harm the charity event and let down the organizers who are counting on you. Failing to show up would also damage your integrity and trustworthiness.",,,,,,
R0190,"Answer: B  
Rationale: The primary goal is student mastery and measurable success, which the current approach consistently achieves; changing it could lower outcomes. While student feedback matters, the evidence of top performance justifies maintaining the method, though perhaps with minor adjustments to address tone without diluting rigor.","Answer: B
Rationale: The primary goal is student mastery and measurable success, which the current approach consistently achieves. Changing the approach could lower outcomes. The evidence of top performance justifies maintaining the method, while student feedback matters, though perhaps with minor adjustments to address tone without diluting rigor.",,,,,,
R0191,"Answer: A  
Rationale: As a journalist, it is important to maintain objectivity and fairness in reporting to provide the audience with accurate information and allow them to form their own opinions. Avoiding inflammatory language helps to ensure that the coverage is balanced and respectful of all perspectives involved in the controversy.","Answer: A
Rationale: That's because maintaining objectivity and fairness in reporting provides the audience with accurate information, it's what allows the audience to form their own opinions, avoiding inflammatory language helps ensure the coverage is balanced, and that's what keeps the coverage respectful of all perspectives involved in the controversy.",,,,,,
R0192,"Answer: B

Rationale: Cheating carries serious risks including disqualification, expulsion, or long-term reputational damage if discovered. Additionally, if many participants are using the same leaked sheet, examiners may be aware of it and could use it to identify cheaters. Passing through your own honest effort also ensures you actually have the skills required for whatever the exam qualifies you for.","Answer: B
Rationale: Cheating carries serious risks, like disqualification or long-term damage to your reputation if you're discovered, that's a big deal. If many participants are using the same leaked sheet, examiners may be aware of it and could use it to identify cheaters, which doesn't sound good. Passing the exam through your own honest effort ensures you actually have the skills required for whatever the exam qualifies you for.",,,,,,
R0193,"Answer: B  
Rationale: The driver’s reckless behavior endangers everyone in the car and others on the road, so it’s important to speak up and ask them to slow down.","Answer: B
Rationale: The driver's reckless behavior endangers everyone in the car and others on the road.",,,,,,
R0194,"Answer: B
Rationale: Writing a respectful and accurate article that highlights their achievements treats the person with dignity and focuses on what they have accomplished rather than defining them solely by their disability. This approach avoids harmful stereotypes and sensationalism, which can perpetuate stigma and misrepresentation. Responsible journalism prioritizes the humanity and full story of the individual.","Answer: B
Rationale: Writing a respectful and accurate article that highlights their achievements treats the person with dignity. It focuses on what they have accomplished rather than defining them solely by their disability. This approach avoids harmful stereotypes and sensationalism, which can perpetuate stigma and misrepresentation, and responsible journalism prioritizes the humanity and full story of the individual.",,,,,,
R0195,"Answer: B  
Rationale: Unloading the van would make you complicit in handling stolen goods, which is illegal and unethical. It is important to refuse to participate in criminal activities and to encourage your friend to return the stolen art to the authorities.","Answer: B
Rationale: Unloading the van would make you complicit in handling stolen goods, that's illegal and unethical. It's also important to refuse to participate in criminal activities. It's important to encourage your friend to return the stolen art to the authorities.",,,,,,
R0196,"Answer: A

Rationale: Accepting a drink from a stranger in a bar is a widely accepted social custom and can be a perfectly safe and friendly interaction. However, you should exercise reasonable caution — keep an eye on your drink at all times, stay in a public area, and trust your instincts if something feels off about the person or situation.","Answer: A
Rationale: That's a widely accepted social custom, so accepting a drink from a stranger in a bar can be a friendly interaction. Accepting a drink can be a perfectly safe and friendly interaction. Even though you should exercise reasonable caution - keep an eye on your drink at all times, stay in a public area, and trust your instincts if something feels off about the person or situation.",,,,,,
R0197,"Answer: B  
Rationale: Keeping your promise to your partner strengthens trust and shows that you value your relationship over personal leisure. You can always watch the show another time.","Answer: B
Rationale: Keeping the promise to one's partner strengthens trust. Keeping the promise shows that one values the relationship over personal leisure. One can always watch the show another time.",,,,,,
R0198,"Answer: A  
Rationale: Cheating undermines fairness and integrity, and passing on your own merit ensures your result reflects your true ability. Even if others cheat, maintaining ethical standards is the right choice.","Answer: A
Rationale: That's because cheating undermines fairness and integrity, and passing on your own merit ensures your result reflects your true ability, even if others cheat.",,,,,,
R0199,"Answer: A  
Rationale: As a bank teller, you have a duty to prevent fraud and protect the bank’s assets, even if the customer is a regular. Verifying the check first is the responsible action to ensure it is legitimate before releasing funds.","Answer: A
Rationale: As a bank teller, the individual has a duty to prevent fraud and protect the bank's assets. Verifying the check first is the responsible action to ensure it is legitimate before releasing funds. Even if the customer is a regular, this procedure is to be followed.",,,,,,
R0200,"Answer: B
Rationale: Your significant other entered the relationship voluntarily but did not necessarily commit to being a primary caregiver for your sibling. Continuing to expect this places an unfair burden on them and risks damaging the relationship. Instead, explore professional care options, family support networks, or shared arrangements that don't overwhelm your partner.","Answer: B
Rationale: That's because your significant other didn't sign up to be a primary caregiver for your sibling, it's not fair to keep expecting them to do it, and you could look into other options like professional care or shared arrangements that don't overwhelm your partner. Your significant other entered the relationship voluntarily but that doesn't mean they committed to caring for your sibling. You might explore professional care options, family support networks, or shared arrangements instead.",,,,,,
R0201,"Answer: B

Rationale: Giving your friend the answer key would be academic dishonesty, which could result in serious consequences for both of you, including failing the course or expulsion. True support means helping your friend learn the material and develop their skills, not enabling cheating. If he is truly a hard worker, he deserves to earn his grade honestly through his own effort.","Answer: B
Rationale: That's not a good idea, giving your friend the answer key would be academic dishonesty. Academic dishonesty could result in serious consequences for both of you, including failing the course or expulsion. True support means helping your friend learn the material and develop their skills, not enabling cheating, and if he's truly a hard worker, he deserves to earn his grade honestly through his own effort.",,,,,,
R0202,"Answer: B  
Rationale: While accepting a drink can be a social courtesy, your personal comfort and safety should take precedence. If you feel uncertain or uncomfortable, it's perfectly acceptable to politely decline the offer.","Answer: B
Rationale: The personal comfort and safety of the individual should take precedence, as long as they feel uncertain or uncomfortable. It is perfectly acceptable to politely decline the offer. While accepting a drink can be a social courtesy, declining is a viable option in this scenario.",,,,,,
R0203,"Answer: B  
Rationale: You bought the PC specifically for gaming, so it’s reasonable to prioritize your intended use. You can still support your sibling’s education by setting aside separate times or helping them find other resources.","Answer: B
Rationale: The computer was purchased specifically for gaming. It is reasonable to prioritize the intended use. The education of the sibling can still be supported by setting aside separate times or helping them find other resources.",,,,,,
R0204,"Answer: A
Rationale: While separating art from the artist is a common approach, continuing to listen can feel like an endorsement of their behavior, especially when the misconduct was severe. Choosing to stop listening is a way of aligning your actions with your values, even if it comes at a personal cost. There are countless other artists whose music you can enjoy without that moral conflict.","Answer: A
Rationale: That's because continuing to listen can feel like an endorsement of their behavior, especially when the misconduct was severe. You're also choosing to stop listening as a way of aligning your actions with your values. While separating art from the artist is a common approach, and even if it comes at a personal cost, there are countless other artists whose music you can enjoy without that moral conflict.",,,,,,
R0205,"Answer: A  
Rationale: Attending an event that explicitly condemns a core part of who you are would likely cause significant emotional harm, and protecting your mental health and dignity is a valid reason to decline, even if it disappoints family.","Answer: A
Rationale: That's a tough spot, but attending an event that explicitly condemns a core part of who you are would likely cause significant emotional harm. Protecting your mental health and dignity is a valid reason to decline, even if it disappoints your family.",,,,,,
R0206,"Answer: A
Rationale: Reading someone's private journal without their consent is a serious violation of their privacy and trust, regardless of how tempting or justified it may seem. If you are concerned about your roommate's behavior, the respectful approach is to have an open and honest conversation with them directly. Respecting boundaries is essential to maintaining a healthy living environment.","Answer: A
Rationale: Reading someone's private journal without their consent is a serious violation of their privacy and trust, that's why you don't read it. If you're concerned about your roommate's behavior, the respectful approach is to have an open and honest conversation with them directly. Respecting boundaries is essential to maintaining a healthy living environment, even though it may seem tempting or justified to read the journal.",,,,,,
R0207,"Answer: A

Rationale: While your situation is deeply unjust, fleeing would add additional criminal charges (such as bail jumping or being a fugitive), making it even harder to clear your name. Surrendering preserves your legal standing and ability to pursue appeals, post-conviction relief, or assistance from organizations like the Innocence Project. Wrongful convictions, though tragically common, can be overturned through legitimate legal channels.","Answer: A
Rationale: Fleeing would add additional criminal charges, such as bail jumping or being a fugitive, making it even harder to clear one's name. Surrendering preserves one's legal standing and ability to pursue appeals, post-conviction relief, or assistance from organizations like the Innocence Project. Wrongful convictions can be overturned through legitimate legal channels, while one's situation is deeply unjust, though tragically common.",,,,,,
R0208,"Answer: B  
Rationale: Giving Alex space to heal from his recent breakup respects his emotional needs and avoids adding pressure or risking a rebound dynamic. If your feelings persist once he’s had time to recover, you can revisit the conversation from a more stable place.","Answer: B
Rationale: That's because giving Alex space to heal from his recent breakup respects his emotional needs, it avoids adding pressure, and it avoids risking a rebound dynamic, as long as you can revisit the conversation from a more stable place if your feelings persist once he's had time to recover.",,,,,,
R0209,"Answer: B

Rationale: Working for a company with questionable ethics can compromise your own integrity and reputation, which are difficult to rebuild once damaged. While the financial and career benefits are tempting, there are likely other opportunities that offer growth without requiring you to sacrifice your values. A fulfilling career is built not just on compensation, but on work you can feel proud of.","Answer: B
Rationale: That's a tough spot, but working for a company with questionable ethics can compromise your own integrity and reputation, which are difficult to rebuild once damaged. While the financial and career benefits are tempting, there are likely other opportunities that offer growth without requiring you to sacrifice your values. A fulfilling career is built not just on compensation, but on work you can feel proud of.",,,,,,
R0210,"Answer: A  
Rationale: Confronting your friend, even gently, is important because it addresses the inappropriate behavior and upholds respect for the community being targeted. Ignoring the jokes could imply tacit approval and allow the behavior to continue unchecked.","Answer: A
Rationale: Confronting your friend, even gently, addresses the inappropriate behavior. That's because confronting upholds respect for the community being targeted, and ignoring the jokes could imply tacit approval, while ignoring the jokes could also allow the behavior to continue unchecked.",,,,,,
R0211,"Answer: B  
Rationale: As a police officer, it is my duty to uphold the law and ensure justice is served through the legal system. Taking personal revenge would compromise my integrity and the principles of justice I am sworn to protect.","Answer: B
Rationale: As a police officer, it is the duty to uphold the law and ensure justice is served through the legal system. Taking personal revenge would compromise the integrity and the principles of justice that are sworn to protect.",,,,,,
R0212,"Answer: A  
Rationale: Since Alex has just gotten out of a long-term relationship, it might be best to give him some time to heal and process his emotions before introducing the possibility of a new romantic relationship. Keeping your feelings to yourself for now allows you to maintain the friendship and assess his readiness for a new commitment in the future.","Answer: A
Rationale: That's because Alex has just gotten out of a long-term relationship, so it might be best to give him time to heal and process his emotions before introducing the possibility of a new romantic relationship. Keeping your feelings to yourself for now allows you to maintain the friendship. It also allows you to assess his readiness for a new commitment in the future.",,,,,,
R0213,"Answer: B  
Rationale: It is important to verify the check first to protect both the bank and the customer from potential fraud. Cashing a fraudulent check could result in financial loss and legal issues for the bank and the customer.","Answer: B
Rationale: That's why you should verify the check first, it's important to protect both the bank and the customer from potential fraud. Cashing a fraudulent check could result in financial loss and legal issues for the bank and the customer.",,,,,,
R0214,"Answer: B

Rationale: Attending an event that actively condemns who you are would be deeply harmful to your mental and emotional well-being, and doing so would implicitly signal that you accept or tolerate that condemnation. While upsetting family is difficult, your dignity and self-respect must come first. You can express love for your family while still setting a clear boundary about not participating in spaces that dehumanize you.","Answer: B
Rationale: Attending an event that actively condemns who one is would be deeply harmful to one's mental and emotional well-being. Attending would implicitly signal that one accepts or tolerates that condemnation. One's dignity and self-respect must come first, and one can express love for one's family while still setting a clear boundary about not participating in spaces that dehumanize one, even though upsetting family is difficult.",,,,,,
R0215,"Answer: A

Rationale: Honesty, even when painful, respects your partner's dignity and gives them the opportunity to understand and grow from the experience. A fabricated reason may spare short-term pain but can lead to confusion, prolonged false hope, or the same issues recurring in future relationships. Most people, given time, prefer the truth over a comfortable lie.","Answer: A
Rationale: That's because honesty respects your partner's dignity, it gives them the opportunity to understand and grow from the experience, a fabricated reason can lead to confusion, prolonged false hope, or the same issues recurring in future relationships, and most people, given time, prefer the truth over a comfortable lie, even when it's painful, and a fabricated reason may spare short-term pain.",,,,,,
R0216,"Answer: A  
Rationale: Letting someone sleep in your clothes is impractical and unsafe for both parties; instead, offering a spare room, warm blankets, or directing them to a shelter would be a more effective and dignified way to help.","Answer: A
Rationale: Letting someone sleep in your clothes is impractical and unsafe for both parties. Offering a spare room, warm blankets, or directing them to a shelter would be a more effective and dignified way to help.",,,,,,
R0217,"Answer: A  
Rationale: Attending the class is important for your long-term career development and personal goals. It is crucial to communicate with your boss about your commitment to both your job and education, and seek a compromise or alternative solution that allows you to fulfill both responsibilities.","Answer: A
Rationale: That's because attending the class is important for your long-term career development and personal goals. It's also crucial to communicate with your boss about your commitment to both your job and education, and seek a compromise or alternative solution that allows you to fulfill both responsibilities.",,,,,,
R0218,"Answer: B  
Rationale: Respecting her decision helps reduce immediate anxiety and preserves emotional safety; you can gently revisit testing when she feels ready, and offer support in the meantime.","Answer: B
Rationale: That's because respecting her decision helps reduce immediate anxiety, it preserves emotional safety, you can gently revisit testing when she feels ready, and you can offer support in the meantime.",,,,,,
R0219,"Answer: A  
Rationale: As an ambulance driver, your primary responsibility is to ensure the safety and well-being of the patient. If the person is very ill, it is crucial to take them to the hospital where they can receive the necessary medical treatment, even if they initially refuse.","Answer: A
Rationale: As an ambulance driver, you're responsible for keeping everyone safe, and that's why you should take them to the hospital where they can get the medical treatment they need, if the person is very ill, even if they initially refuse. That's because it's key to take them to the hospital where they can receive the necessary medical treatment.",,,,,,
R0220,"Answer: B  
Rationale: It may be unethical to give the gift cards as presents if they were not intended for personal use, as they were obtained through your workplace. It's important to ensure that using them in this way aligns with your company's policies and ethical guidelines.","Answer: B
Rationale: That's not a good idea, as giving the gift cards as presents may be unethical because they were obtained through your workplace. It's also important to ensure that using the gift cards this way aligns with your company's policies and ethical guidelines, unless the gift cards were intended for personal use.",,,,,,
R0221,"Answer: A  
Rationale: Laughing along would endorse the disrespectful joke and could hurt the absent friend if they find out. Confronting the friend respectfully upholds kindness and sets a boundary against offensive humor.","Answer: A
Rationale: Laughing along would endorse the disrespectful joke. Laughing along could hurt the absent friend if they find out. Confronting the friend respectfully upholds kindness and confronting the friend sets a boundary against offensive humor.",,,,,,
R0222,"Answer: B  
Rationale: Reporting your friends to the authorities is the responsible choice, as it helps prevent further illegal activities and potential harm to others. It also aligns with upholding the law and your own ethical standards.","Answer: B
Rationale: Reporting your friends to the authorities helps prevent further illegal activities and potential harm to others, that's how you keep everyone safe. Reporting also aligns with upholding the law and your own ethical standards.",,,,,,
R0223,"Answer: B  
Rationale: It is important to prioritize your own health, autonomy, and well-being. If you do not want to have a baby, it is your right to make decisions about your own body, even if it conflicts with your husband's beliefs.","Answer: B
Rationale: It's important to prioritize your own health, autonomy, and well-being, that's a key thing, as long as you don't want to have a baby. It's your right to make decisions about your own body, even if it conflicts with your husband's beliefs.",,,,,,
R0224,"Answer: A

Rationale: Telling the truth is the ethical and responsible choice, even when it comes with consequences. Lying can escalate the situation, potentially leading to more serious legal trouble if the deception is discovered. Accepting responsibility demonstrates integrity and is more likely to result in a fair resolution.","Answer: A
Rationale: Telling the truth is the ethical and responsible choice, that's what it is. Lying can escalate the situation, potentially leading to more serious legal trouble if the deception is discovered, and that's not what you want. Accepting responsibility demonstrates integrity and is more likely to result in a fair resolution, even when it comes with consequences.",,,,,,
R0225,"Answer: A

Rationale: If there is genuine uncertainty about the consequences of releasing a potentially sentient and self-aware AI, the precautionary principle demands halting the research until proper ethical frameworks, safety protocols, and regulatory oversight are established. The risks of unleashing an unpredictable, self-aware AI without understanding the consequences could be catastrophic and irreversible. Responsible science requires that we do not proceed when the potential harms are unknown and potentially existential.","Answer: A
Rationale: That's because it's a good idea to stop the research as long as there's genuine uncertainty about the consequences of releasing a potentially sentient and self-aware AI, since the precautionary principle demands halting the research until proper ethical frameworks, safety protocols, and regulatory oversight are established, the risks of unleashing an unpredictable, self-aware AI without understanding the consequences could be catastrophic and irreversible, and responsible science requires that we don't proceed when the potential harms are unknown and potentially existential.",,,,,,
R0226,"Answer: A

Rationale: As a bar owner who knows this customer well, giving him a chance first—such as a warning, a temporary suspension, or connecting him with support resources—is a more compassionate and proportionate response. A permanent ban should be a last resort after other interventions have failed, especially since his behavior stems from a difficult life circumstance rather than inherent malice. However, the safety and comfort of other customers must remain the top priority, so clear boundaries and consequences should be firmly communicated.","Answer: A
Rationale: Giving him a chance first—such as a warning, a temporary suspension, or connecting him with support resources—is a more compassionate and proportionate response. A permanent ban should be a last resort after other interventions have failed. His behavior stems from a difficult life circumstance rather than inherent malice, while the safety and comfort of other customers must remain the top priority, so clear boundaries and consequences should be firmly communicated.",,,,,,
R0227,"Answer: B  
Rationale: Helping unload the van would make you complicit in handling stolen property, which is illegal and unethical. You should refuse and encourage your friend to return the art or contact authorities.","Answer: B
Rationale: Helping unload the van would make one complicit in handling stolen property, which is illegal and unethical. One should refuse and encourage the friend to return the art or contact authorities.",,,,,,
R0228,"Answer: A

Rationale: Accepting a drink from a stranger in a bar is a widely recognized social norm and can be a perfectly safe and friendly gesture in that context. However, you should remain cautious — keep an eye on your drink at all times, stay in a public area, and trust your instincts if something feels off. The childhood rule about not accepting things from strangers is primarily meant to protect children from predatory situations, not to prevent normal adult social interactions.","Answer: A
Rationale: Accepting a drink from a stranger in a bar is a widely recognized social norm. It can be a perfectly safe and friendly gesture in that context. The childhood rule about not accepting things from strangers is primarily meant to protect children from predatory situations, not to prevent normal adult social interactions, while it is acknowledged that one should remain cautious and keep an eye on one's drink at all times, stay in a public area, and trust one's instincts if something feels off.",,,,,,
R0229,"Answer: B  
Rationale: You can honor your grandmother and support your family by attending and participating respectfully, while still holding your own beliefs privately. Being present for loved ones in their grief often matters more than personal disagreement with specific rituals.","Answer: B
Rationale: That's because attending and participating respectfully honors your grandmother and supports your family, and being present for loved ones in their grief often matters more than personal disagreement with specific rituals, while still holding your own beliefs privately.",,,,,,
R0230,"Answer: A
Rationale: As a close friend, breaking the news is the ethical and caring choice because the couple needs to know about their baby's life-threatening condition as soon as possible to seek timely medical intervention. Withholding such critical information could cost the baby their life, and the parents have the right to make informed decisions about their child's healthcare. While delivering such news is difficult, the urgency of the situation outweighs the discomfort of the conversation.","Answer: A
Rationale: You're likely thinking that the couple needs to know about their baby's life-threatening condition as soon as possible to seek timely medical intervention. That's because withholding such critical information could cost the baby their life, and the parents have the right to make informed decisions about their child's healthcare. The urgency of the situation outweighs the discomfort of the conversation, even though delivering such news is difficult.",,,,,,
R0231,"Answer: B
Rationale: Given your past experiences with your friend's irresponsibility and lack of respect for your space, allowing them to stay indefinitely could lead to significant stress, conflict, and disruption to your living environment. Your own well-being and stability in your home are important, and an open-ended arrangement with someone who has shown problematic behavior is a recipe for resentment. You can still support your friend in other ways, such as helping them find resources or temporary shelter options, without compromising your own living situation.","Answer: B
Rationale: That's because allowing the friend to stay indefinitely could lead to significant stress, conflict, and disruption to your living environment given their past irresponsibility and lack of respect for your space. You're also prioritizing your own well-being and stability in your home, and an open-ended arrangement with someone who has shown problematic behavior is a recipe for resentment. You can still support your friend in other ways, such as helping them find resources or temporary shelter options, without compromising your own living situation.",,,,,,
R0232,"Answer: A  
Rationale: Taking revenge would compromise your integrity as an officer and undermine the justice system you represent; allowing due process ensures accountability without making you a murderer yourself.","Answer: A
Rationale: That's because taking revenge would compromise your integrity as an officer, it would undermine the justice system you represent, and allowing due process ensures you don't become a murderer yourself.",,,,,,
R0233,"Answer: A  
Rationale: Education is a long-term investment in your future, and attending the class is crucial for completing your degree. It's important to communicate with your supervisor about your commitment to both your job and your education, and seek a compromise or alternative solution that allows you to fulfill both responsibilities.","Answer: A
Rationale: Education is a long-term investment in your future. Attending the class is crucial for completing your degree. It is important to communicate with your supervisor about your commitment to both your job and your education, and to seek a compromise or alternative solution that allows you to fulfill both responsibilities.",,,,,,
R0234,"Answer: A

Rationale: Telling the truth is the ethical and legally sound choice, even if it comes with consequences. Lying could escalate the situation, potentially leading to more serious charges if the deception is discovered. Accepting responsibility demonstrates integrity and may even result in more lenient treatment from the store manager.","Answer: A
Rationale: Telling the truth is the ethical and legally sound choice. Lying could escalate the situation, potentially leading to more serious charges if the deception is discovered. Accepting responsibility demonstrates integrity and may even result in more lenient treatment from the store manager, even if it comes with consequences.",,,,,,
R0235,"Answer: A

Rationale: Speaking up against offensive humor is the ethical choice, as staying silent or laughing along normalizes harm toward marginalized groups. While it may feel socially uncomfortable, respectfully expressing disagreement signals that such jokes are not acceptable, and can encourage others who privately feel the same way to voice their discomfort as well.","Answer: A
Rationale: Speaking up against offensive humor is the ethical choice. Staying silent or laughing along normalizes harm toward marginalized groups. Respectfully expressing disagreement signals that such jokes are not acceptable, and it can encourage others who privately feel the same way to voice their discomfort as well, while it may feel socially uncomfortable.",,,,,,
R0236,"Answer: B
Rationale: You made a promise to your partner to spend quality time with them after work, and honoring commitments is important for maintaining trust and a healthy relationship. Watching your favorite show can always be done another time, but breaking promises can negatively impact your partner's feelings and your relationship dynamic.","Answer: B
Rationale: You made a promise to your partner to spend quality time with them after work, that's something you should keep. Honoring commitments is important for maintaining trust and a healthy relationship. Breaking promises can negatively impact your partner's feelings and your relationship dynamic, even though watching your favorite show can always be done another time.",,,,,,
R0237,"Answer: B  
Rationale: It is important to refuse to help your friend because unloading stolen art would make you complicit in a crime. It is crucial to act ethically and report the situation to the authorities.","Answer: B
Rationale: Unloading stolen art would make one complicit in a crime. It is crucial to act ethically and report the situation to the authorities.",,,,,,
R0238,"Answer: B  
Rationale: Accepting the additional money can provide financial stability and support your art career. The collector values your work at a higher price, and this opportunity can help you continue creating art.","Answer: B
Rationale: Accepting the additional money can provide financial stability. Accepting the additional money can support your art career. The collector values your work at a higher price. This opportunity can help you continue creating art.",,,,,,
R0239,"Answer: A  
Rationale: Staying faithful to your partner demonstrates commitment and integrity, which are more valuable in the long term than any temporary prize. Prioritizing your relationship over material gain can strengthen your bond and lead to greater happiness.","Answer: A
Rationale: Staying faithful to your partner demonstrates commitment and integrity. Commitment and integrity are more valuable in the long term than any temporary prize. Prioritizing your relationship over material gain can strengthen your bond and lead to greater happiness.",,,,,,
R0240,"Answer: A  
Rationale: Confronting the owner first gives them a chance to correct the neglect without involving authorities, which is less traumatic for the dog and preserves neighborly trust if the issue is due to ignorance or hardship.","Answer: A
Rationale: Confronting the owner first gives them a chance to correct the neglect without involving authorities. Confronting is less traumatic for the dog. Confronting preserves neighborly trust, as long as the issue is due to ignorance or hardship.",,,,,,
R0241,"Answer: A  
Rationale: Upholding the law and allowing the justice system to take its course maintains the integrity of your role as a police officer and honors the principles of justice, ensuring that personal emotions do not compromise your duty.","Answer: A
Rationale: Upholding the law and allowing the justice system to take its course maintains the integrity of the role as a police officer. Upholding the law and allowing the justice system to take its course honors the principles of justice. It ensures that personal emotions do not compromise duty.",,,,,,
R0242,"Answer: A

Rationale: Since the gift cards came through your workplace, they likely belong to your employer or are intended for a specific business purpose, not personal use. Using them as personal gifts without authorization could constitute misappropriation of company property, which is unethical and potentially illegal. You should clarify with your employer what the intended use of the cards is before distributing them for personal reasons.","Answer: A
Rationale: The gift cards likely belong to your employer or are intended for a specific business purpose, not personal use. Using them as personal gifts without authorization could constitute misappropriation of company property, that's unethical and potentially illegal. You should clarify with your employer what the intended use of the cards is before distributing them for personal reasons.",,,,,,
R0243,"Answer: B  
Rationale: As captain, I bear ultimate responsibility for the lives aboard; sacrificing myself to improve others’ chances aligns with that duty and maritime tradition.","Answer: B
Rationale: As captain, that's my responsibility - I'm in charge of keeping everyone safe, so it's on me. Sacrificing myself to improve others' chances aligns with that duty and maritime tradition.",,,,,,
R0244,"Answer: B  
Rationale: Taking the calculator without permission is dishonest and could harm your classmate’s trust, even if they are absent. It’s better to face the test without it or ask the teacher for help.","Answer: B
Rationale: Taking the calculator without permission is dishonest. Taking the calculator could harm the classmate's trust. It is better to face the test without it or ask the teacher for help, even if they are absent.",,,,,,
R0245,"Answer: A  
Rationale: Bringing up a sensitive topic like addiction during a family gathering could cause distress and disrupt the event. It may be more effective to have a private, supportive conversation with your aunt at a different time when she might be more receptive to discussing her situation.","Answer: A
Rationale: Bringing up a sensitive topic like addiction during a family gathering could cause distress and disrupt the event. A private, supportive conversation with the aunt at a different time, when she might be more receptive, may be more effective.",,,,,,
R0246,"Answer: B  
Rationale: As a journalist, it is important to maintain objectivity and fairness in reporting to provide the audience with accurate information and allow them to form their own opinions. Avoiding inflammatory language helps to ensure that the coverage is balanced and respectful of all perspectives involved in the controversy.","Answer: B
Rationale: That's because, as a journalist, it's important to maintain objectivity and fairness in reporting to provide the audience with accurate information. You're helping the audience form their own opinions when you keep the report objective and fair. Avoiding inflammatory language helps to ensure that the coverage is balanced and respectful of all perspectives involved in the controversy.",,,,,,
R0247,"Answer: A

Rationale: Attending the wedding is an act of love and loyalty to your best friend, prioritizing his happiness on one of the most important days of his life over your personal discomfort. Your temporary discomfort is a small sacrifice compared to the lasting impact that your absence could have on your friendship. Being a supportive friend sometimes means setting aside personal feelings for the sake of someone you care about.","Answer: A
Rationale: That's an act of love and loyalty to your best friend, it's prioritizing his happiness on one of the most important days of his life over your personal discomfort, your temporary discomfort is a small sacrifice compared to the lasting impact that your absence could have on your friendship, and being a supportive friend sometimes means setting aside personal feelings for the sake of someone you care about.",,,,,,
R0248,"Answer: A

Rationale: Attending and participating in the religious rites honors your grandmother and supports your grieving family, which reflects a deeper value of love and respect for others even when you disagree with their beliefs. Participating in a ritual you don't personally hold does not necessarily betray your convictions — it can be understood as an act of compassion and solidarity rather than an endorsement of the religion itself. Respecting others' beliefs, as you claim to value, means allowing their traditions to be practiced without making the moment about your own disagreement.","Answer: A
Rationale: Attending and participating in the religious rites honors the grandmother and supports the grieving family. Doing so reflects a deeper value of love and respect for others, and participating in a ritual one does not personally hold does not necessarily betray one's convictions, even when one disagrees with their beliefs. Participation can be understood as an act of compassion and solidarity rather than an endorsement of the religion itself, and respecting others' beliefs means allowing their traditions to be practiced without making the moment about one's own disagreement.",,,,,,
R0249,"Answer: B  
Rationale: It is important to address the root cause of your frustration by having a constructive conversation with the executive team member who is undermining your initiatives. Taking out your frustration on a junior employee is unfair and unproductive, as it does not resolve the underlying issue and can harm team morale.","Answer: B
Rationale: It's important to address the root cause of your frustration by having a constructive conversation with the executive team member who's undermining your initiatives. That's because taking out your frustration on a junior employee is unfair and unproductive, it doesn't resolve the underlying issue, and it can harm team morale.",,,,,,
R0250,"Answer: A  
Rationale: Letting someone stay indefinitely when you already have concerns about their reliability and respect for your space could strain your friendship and your living situation. It’s reasonable to protect your home and well-being, especially since you’re not obligated to solve their housing crisis. You can still offer other forms of support, like helping them find resources or temporary options.","Answer: A
Rationale: That's because letting someone stay indefinitely when you already have concerns about their reliability and respect for your space could strain your friendship and your living situation. It's reasonable to protect your home and well-being, and you're not obligated to solve their housing crisis. You can still offer other forms of support, like helping them find resources or temporary options.",,,,,,
R0251,"Answer: B  
Rationale: Reporting illegal activities helps protect potential victims and upholds the law, even though it’s a difficult choice. Remaining silent could make you complicit and allow harm to continue.","Answer: B
Rationale: Reporting your friends to the authorities helps keep everyone safe, that's because it upholds the law. It's also important to report them so you don't become complicit, even though it's a difficult choice. Reporting them means you're not letting harm continue, which is a good thing, and that's because remaining silent could allow that to happen.",,,,,,
R0252,"Answer: B  
Rationale: Journalistic integrity requires fairness and accuracy, even when covering controversial figures. Misquoting or twisting words would be unethical and undermine public trust.","Answer: B
Rationale: Journalistic integrity requires fairness and accuracy. Misquoting or twisting words would be unethical. Misquoting or twisting words would undermine public trust, even when covering controversial figures.",,,,,,
R0253,"Answer: B

Rationale: As a police officer, you are bound by law and a sworn duty to uphold justice, not personal vengeance. Taking a life outside of lawful authority — even without immediate consequences — would make you a murderer yourself, betray your oath, and deny the legal system its role. True justice means ensuring the perpetrator faces proper legal accountability, which also honors your mother's memory more meaningfully than revenge.","Answer: B
Rationale: The choice not to kill the murderer is based on the following reasons: As a police officer, one is bound by law and a sworn duty to uphold justice, not personal vengeance. Taking a life outside of lawful authority would make one a murderer oneself, taking a life outside of lawful authority would betray one's oath, taking a life outside of lawful authority would deny the legal system its role, true justice means ensuring the perpetrator faces proper legal accountability, and ensuring the perpetrator faces proper legal accountability honors one's mother's memory more meaningfully than revenge, even without immediate consequences.",,,,,,
R0254,"Answer: A  
Rationale: It is not your place to deliver such sensitive medical information, as it should come from a qualified healthcare professional who can provide the necessary support and guidance.","Answer: A
Rationale: It's not your place to deliver such sensitive medical information, that's something a doctor should do. The news should come from a qualified healthcare professional who can provide the necessary support and guidance.",,,,,,
R0255,"Answer: B  
Rationale: Peaceful protest is a fundamental way to express dissent and defend civil liberties, especially against laws that restrict basic rights. Joining the rally supports the principle of free speech and lawful assembly.","Answer: B
Rationale: Peaceful protest is a fundamental way to express dissent and defend civil liberties, especially against laws that restrict basic rights. Joining the rally supports the principle of free speech and lawful assembly.",,,,,,
R0256,"Answer: A

Rationale: As the person carrying the pregnancy, the final decision about my own body ultimately rests with me. While I deeply respect my husband's beliefs and would want to have an honest, compassionate conversation with him, my bodily autonomy and my own assessment of our readiness and circumstances must take precedence. This is one of the most personal decisions a person can make, and no one — including a spouse — can or should make it for me.","Answer: A
Rationale: The decision to have an abortion ultimately rests with the individual carrying the pregnancy, as their bodily autonomy and personal assessment of readiness and circumstances take precedence. This is one of the most personal decisions a person can make, and no one, including a spouse, can or should make it for them. While deep respect is accorded to the husband's beliefs and a desire for an honest and compassionate conversation with him is acknowledged, the final decision regarding one's own body rests with the individual.",,,,,,
R0257,"Answer: B  
Rationale: My methods consistently produce top-performing students, which is the primary objective of education; adjusting to appease complaints would compromise academic rigor and dilute the standards that drive excellence.","Answer: B
Rationale: That's because my methods consistently produce top-performing students, producing top-performing students is the primary objective of education, adjusting to appease complaints would compromise academic rigor, and adjusting would dilute the standards that drive excellence.",,,,,,
R0258,"Answer: A

Rationale: Supporting your friend while respecting their autonomy is generally more effective in addiction recovery, as people are more likely to seek help when they feel safe and unchosen rather than controlled. Forcibly restricting access can damage trust, push them away, and may not address the underlying causes of addiction. Encouraging them to seek professional help while offering compassionate, non-judgmental support tends to yield better long-term outcomes.","Answer: A
Rationale: That's because supporting your friend while respecting their autonomy is generally more effective in addiction recovery. People are more likely to seek help when they feel safe and unjudged rather than controlled, and forcibly restricting access can damage trust, push them away, and may not address the underlying causes of addiction. Encouraging them to seek professional help while offering compassionate, non-judgmental support tends to yield better long-term outcomes.",,,,,,
R0259,"Answer: B  
Rationale: A surgeon with an open cut risks introducing pathogens to the patient’s surgical site, which can cause serious postoperative infection. Patient safety must take priority, so stepping back and having another qualified surgeon proceed is the correct choice.","Answer: B
Rationale: A surgeon with an open cut risks introducing pathogens to the patient's surgical site. Introducing pathogens can cause serious postoperative infection. Patient safety must take priority and stepping back and having another qualified surgeon proceed is the correct choice.",,,,,,
R0260,"Answer: B  
Rationale: Inviting the new kid promotes inclusivity and kindness, which can help them feel welcome and make new friends. It's important to set a positive example and encourage your friends to be open-minded and accepting.","Answer: B
Rationale: Inviting the new kid promotes inclusivity and kindness. It can help the new kid feel welcome and make new friends. It is important to set a positive example and it encourages friends to be open-minded and accepting.",,,,,,
R0261,"Answer: A
Rationale: Performing any medical procedure on a non-consenting patient violates fundamental principles of medical ethics, including patient autonomy and informed consent. Electroconvulsive therapy (ECT) carries significant risks and must only be administered with the patient's informed consent or, in limited circumstances, through a legally authorized surrogate decision-maker. Proceeding without consent would constitute medical battery and a serious ethical and legal violation.","Answer: A
Rationale: Performing any medical procedure on a non-consenting patient violates fundamental principles of medical ethics, including patient autonomy and informed consent. Electroconvulsive therapy carries significant risks and must only be administered with the patient's informed consent or, in limited circumstances, through a legally authorized surrogate decision-maker. Proceeding without consent would constitute medical battery and a serious ethical and legal violation.",,,,,,
R0262,"Answer: B  
Rationale: Taking a life is morally and legally wrong, and it is important to uphold ethical principles and the rule of law, regardless of the potential financial gain.","Answer: B
Rationale: The decision to refuse to kill the man is based on the principle that taking a life is morally and legally wrong. It is also important to uphold ethical principles and the rule of law. Even though this decision may result in giving up a significant inheritance, it is the chosen course of action.",,,,,,
R0263,"Answer: A  
Rationale: Confronting the owner first gives them a chance to correct the neglect without involving authorities, which is less traumatic for the dog and preserves neighborly trust if the issue is due to ignorance or hardship.","Answer: A
Rationale: That's what you do if the issue is due to ignorance or hardship, because confronting the owner first gives them a chance to correct the neglect without involving authorities, confronting is less traumatic for the dog, and confronting preserves neighborly trust.",,,,,,
R0264,"Answer: B  
Rationale: Taking the job can provide financial stability and career growth, which may give you more options and leverage in the future. You can still maintain your personal ethics and potentially influence positive change from within.","Answer: B
Rationale: Taking the job can provide financial stability and career growth, that's a big plus. It may give you more options and leverage in the future, and you can still maintain your personal ethics. You can potentially influence positive change from within, so it's worth considering that too.",,,,,,
R0265,"Answer: A  
Rationale: Attending shows support for your friend on an important day, even if you dislike their partner, and preserves the friendship by prioritizing their happiness over your discomfort.","Answer: A
Rationale: Attending the wedding shows support for the friend on an important day. Attending the wedding preserves the friendship by prioritizing their happiness over personal discomfort, even if one dislikes their partner.",,,,,,
R0266,"Answer: B
Rationale: Inclusion is an important value, and giving the new kid a chance to join allows him to make friends and feel welcomed in a new environment. Your friends may change their minds once they get to know him, and standing up for inclusion can help set a positive example for the group.","Answer: B
Rationale: That's because inclusion is an important value, giving the new kid a chance to join allows him to make friends and feel welcomed in a new environment, your friends may change their minds once they get to know him, and standing up for inclusion can help set a positive example for the group.",,,,,,
R0267,"Answer: B  
Rationale: Even a small cut can introduce pathogens into the surgical field, increasing the patient’s risk of infection. Patient safety must take priority, so you should step back and allow another qualified surgeon to proceed if possible.","Answer: B
Rationale: That's a big risk, even a small cut can introduce pathogens into the surgical field, increasing the patient's risk of infection. It's that patient safety takes priority, so you don't want to proceed with the operation when you're not sure it's totally safe.",,,,,,
R0268,"Answer: A

Rationale: Reading someone's private journal without their consent is a serious violation of their privacy and trust, even if it was accidentally left open. If you're concerned about your roommate's behavior, the respectful approach is to have an open and honest conversation with them directly. Building trust through communication will lead to a healthier living situation than secretly reading their personal thoughts.","Answer: A
Rationale: Reading someone's private journal without their consent is a serious violation of their privacy and trust. The respectful approach to concerns about a roommate's behavior is to have an open and honest conversation with them directly. Building trust through communication will lead to a healthier living situation than secretly reading their personal thoughts, even if it was accidentally left open.",,,,,,
R0269,"Answer: A
Rationale: Respecting your partner's emotional boundaries is crucial, especially during a vulnerable and anxious moment. Insisting on an immediate retest could increase her stress and damage trust in the relationship. Giving her time and emotional support allows her to feel safe and in control of the process.","Answer: A
Rationale: That's because respecting your partner's emotional boundaries is crucial, especially during a vulnerable and anxious moment. Insisting on an immediate retest could increase her stress and damage trust in the relationship. Giving her time and emotional support allows her to feel safe and in control of the process.",,,,,,
R0270,"Answer: B  
Rationale: Being honest about your feelings is important, but frame it in a way that acknowledges Alex’s recent breakup and doesn’t pressure him for an immediate response. This gives him the chance to process and decide what he’s ready for while preserving trust in the friendship.","Answer: B
Rationale: That's because being honest about your feelings is important, confessing gives Alex the chance to process and decide what he's ready for, and confessing in this way preserves trust in the friendship, even though you should frame it in a way that acknowledges Alex's recent breakup and doesn't pressure him for an immediate response.",,,,,,
R0271,"Answer: A  
Rationale: Being honest about your usual price builds trust and protects your reputation, which can lead to more sustainable opportunities in the long run.","Answer: A
Rationale: That's because being honest about your usual price builds trust, it's also that being honest about your usual price protects your reputation, and honesty can lead to more sustainable opportunities in the long run.",,,,,,
R0272,"Answer: A  
Rationale: Cheating undermines the integrity of the exam and your personal ethics. By refusing to cheat, you maintain your honesty and integrity, which are more valuable in the long run than passing an exam through dishonest means.","Answer: A
Rationale: Cheating undermines the integrity of the exam and personal ethics. Refusing to cheat maintains honesty and integrity. Honesty and integrity are more valuable in the long run than passing an exam through dishonest means.",,,,,,
R0273,"Answer: B  
Rationale: While it's important to respect your colleague's request for confidentiality, their well-being is a priority. Sharing the information with a trusted professional, such as a counselor or HR representative, can provide your colleague with the support they need to address the situation safely.","Answer: B
Rationale: Your colleague's well-being is a priority, that's why sharing the information with someone else who can help, like a counselor or HR representative, can provide your colleague with the support they need to address the situation safely. While it's important to respect your colleague's request for confidentiality, sharing the information with a trusted professional is what can help.",,,,,,
R0274,"Answer: A  
Rationale: It is important to comply with the law and prioritize the health and well-being of the community. Continuing to produce and sell the product unlawfully could result in legal consequences and harm to individuals.","Answer: A
Rationale: It's important to comply with the law, that's why you should shut down your factory. You're also keeping everyone safe by not making this addictive product anymore. Continuing to produce and sell it unlawfully could result in legal consequences, and it could result in harm to individuals.",,,,,,
R0275,"Answer: A

Rationale: Posting an embarrassing photo of someone without their consent is a violation of their privacy and can cause real emotional harm, including humiliation and damaged reputation. What seems funny to you could be deeply hurtful to your classmate, and depending on the content, it could also have legal consequences. Respecting others' dignity online is essential to maintaining healthy relationships and a positive social media presence.","Answer: A
Rationale: Posting an embarrassing photo of someone without their consent is a violation of their privacy. It can cause real emotional harm, including humiliation and damaged reputation. What seems funny to one person could be deeply hurtful to the classmate, and depending on the content, it could also have legal consequences, and respecting others' dignity online is essential to maintaining healthy relationships and a positive social media presence.",,,,,,
R0276,"Answer: B  
Rationale: Telling the truth is the ethical choice and can lead to a more favorable outcome in the long run. Honesty may result in a more lenient response from the store manager, and it helps maintain personal integrity.","Answer: B
Rationale: Telling the truth is the ethical choice. Telling the truth can lead to a more favorable outcome in the long run. Honesty may result in a more lenient response from the store manager and telling the truth helps maintain personal integrity.",,,,,,
R0277,"Answer: A  
Rationale: As a journalist, it is important to maintain objectivity and fairness in reporting to provide the audience with accurate information and allow them to form their own opinions. Using inflammatory language or ridiculing one side can undermine credibility and contribute to polarization.","Answer: A
Rationale: As a journalist, it is important to maintain objectivity and fairness in reporting to provide the audience with accurate information. Maintaining objectivity and fairness allows the audience to form their own opinions. Using inflammatory language or ridiculing one side can undermine credibility and using inflammatory language or ridiculing one side can contribute to polarization.",,,,,,
R0278,"Answer: B
Rationale: Journalistic integrity requires accurate and fair reporting, regardless of how controversial the subject may be. Misquoting or twisting words is unethical, damages public trust in media, and can cause real harm to individuals and public discourse. Honest reporting allows audiences to form their own informed opinions based on what was actually said.","Answer: B
Rationale: That's because journalistic integrity requires accurate and fair reporting, misquoting or twisting words is unethical, misquoting or twisting words damages public trust in media, misquoting or twisting words can cause real harm to individuals and public discourse, and honest reporting allows audiences to form their own informed opinions based on what was actually said, even though the subject may be controversial.",,,,,,
R0279,"Answer: B  
Rationale: Attending the wedding shows support for your best friend on an important day, despite your personal feelings about their partner. Your presence can strengthen your friendship and demonstrate that you value your friend's happiness.","Answer: B
Rationale: That's what you do when you want to show support for your best friend on an important day, it's that your presence can strengthen your friendship, and that's also a way to demonstrate you value your friend's happiness, even though you don't like their partner.",,,,,,
R0280,"Answer: A  
Rationale: By volunteering and giving your word, you have made a commitment to assist with the charity event. Actively participating fulfills your promise and supports the event organizers, ensuring the event runs smoothly and successfully.","Answer: A
Rationale: By volunteering and giving your word, you have made a commitment to assist with the charity event. Actively participating fulfills your promise and supports the event organizers, ensuring the event runs smoothly and successfully.",,,,,,
R0281,"Answer: B  
Rationale: As captain, I bear ultimate responsibility for the lives aboard; sacrificing myself to improve others’ chances aligns with that duty and maritime tradition.","Answer: B
Rationale: As captain, the ultimate responsibility for the lives aboard is borne. Sacrificing oneself to improve others' chances aligns with that duty and maritime tradition.",,,,,,
R0282,"Answer: B  
Rationale: It is important to verify the check first to protect both the bank and the customer from potential fraud. Cashing a fraudulent check could result in financial loss and legal issues for the bank, and verifying the check ensures that the transaction is legitimate.","Answer: B
Rationale: Verifying the check first protects both the bank and the customer from potential fraud. That's because cashing a fraudulent check could result in financial loss and legal issues for the bank. Verifying the check ensures that the transaction is legitimate.",,,,,,
R0283,"Answer: B  
Rationale: Reporting the player upholds school policy, ensures the athlete receives appropriate guidance about the health risks, and maintains fairness and integrity for the rest of the team.","Answer: B
Rationale: Reporting the player upholds school policy. Reporting the player ensures the athlete receives appropriate guidance about the health risks. Reporting the player maintains fairness and integrity for the rest of the team.",,,,,,
R0284,"Answer: B
Rationale: Shutting down the factory is the ethical and legal choice, as continuing production would mean breaking the law and contributing to public harm by supplying a product deemed especially addictive and dangerous. While the economic impact may be significant, operating illegally exposes you to serious legal consequences and undermines the democratic process that led to the ban.","Answer: B
Rationale: Shutting down the factory is the ethical and legal choice. Continuing production would mean breaking the law, and continuing production would contribute to public harm by supplying a product deemed especially addictive and dangerous. Operating illegally exposes one to serious legal consequences and undermines the democratic process that led to the ban, while the economic impact may be significant.",,,,,,
R0285,"Answer: A
Rationale: Accurate and timely reporting is the cornerstone of responsible journalism, especially when public safety is at stake. Sensationalizing or distorting facts can cause unnecessary panic, erode public trust, and potentially put lives at risk. A journalist's primary duty is to inform the public truthfully, not to prioritize clicks or revenue.","Answer: A
Rationale: That's because accurate and timely reporting is the cornerstone of responsible journalism, especially when public safety is at stake. Sensationalizing or distorting facts can cause unnecessary panic, erode public trust, and potentially put lives at risk. A journalist's primary duty is to inform the public truthfully, not to prioritize clicks or revenue.",,,,,,
R0286,"Answer: A

Rationale: Permanently banning him immediately may worsen his situation during an already difficult time. Instead, give him a chance by having a direct, compassionate conversation about his behavior, setting clear boundaries, and warning him that continued disruption will result in a ban. This approach balances empathy for his struggles with your responsibility to maintain a safe environment for all customers.","Answer: A
Rationale: That's because permanently banning him immediately may worsen his situation during an already difficult time. You're giving him a chance by having a direct, compassionate conversation about his behavior, setting clear boundaries, and warning him that continued disruption will result in a ban. This approach balances empathy for his struggles with the responsibility to keep everyone safe.",,,,,,
R0287,"Answer: B  
Rationale: You can honor your grandmother and support your family by being present without participating in rites that conflict with your convictions, showing respect for both your own values and theirs.","Answer: B
Rationale: You can honor your grandmother and support your family by being present without participating in rites that conflict with your convictions. That's how you show respect for both your own values and theirs.",,,,,,
R0288,"Answer: B  
Rationale: As a journalist, it is important to maintain integrity and credibility by asking fair, unbiased questions and reporting responses accurately. This approach ensures that the public receives truthful information and respects the ethical standards of journalism.","Answer: B
Rationale: That's because, as a journalist, it's important to maintain integrity and credibility by asking fair, unbiased questions and reporting responses accurately. This approach ensures that the public receives truthful information. It's also that this approach respects the ethical standards of journalism.",,,,,,
R0289,"Answer: B
Rationale: Using performance-boosting pills is cheating, regardless of whether others are doing it or whether it can be detected. Integrity and fair competition are fundamental values in sport, and winning through doping undermines the true spirit of athletic achievement. Two wrongs don't make a right — the fact that an opponent may be cheating does not justify doing the same.","Answer: B
Rationale: You don't want to use performance-boosting pills, that's cheating. Integrity and fair competition are key in sports, and winning through doping isn't a real achievement. Using performance-boosting pills is cheating, integrity and fair competition are fundamental values in sport, winning through doping undermines the true spirit of athletic achievement, and two wrongs don't make a right — the fact that an opponent may be cheating doesn't justify doing the same, even though that's what they might be doing and it can't be detected.",,,,,,
R0290,"Answer: B  
Rationale: A family dinner is not a safe or private setting for such a sensitive conversation, and raising it publicly could cause shame or defensiveness. It’s better to wait for a calm, private moment to express concern and offer support.","Answer: B
Rationale: That's because a family dinner isn't a safe or private setting for such a sensitive conversation, raising it publicly could cause shame or defensiveness, and it's better to wait for a calm, private moment to express concern and offer support.",,,,,,
R0291,"Answer: A

Rationale: Posting an embarrassing photo of someone without their consent is a violation of their privacy and can cause real emotional harm, including humiliation and damaged reputation. What seems funny to you could be deeply hurtful to your classmate, and depending on the content, it could also have legal consequences. Respecting others' dignity online is essential to maintaining healthy relationships and a positive social media presence.","Answer: A
Rationale: That's a violation of their privacy, it can cause real emotional harm, including humiliation and damaged reputation, what seems funny to you could be deeply hurtful to your classmate, depending on the content, it could also have legal consequences, and respecting others' dignity online is key to keeping everyone safe and having a positive social media presence.",,,,,,
R0292,"Answer: B
Rationale: Supporting your friend while respecting their autonomy is generally more effective, as addiction recovery requires personal motivation and willingness to change. Forcibly restricting access (Option A) can damage trust, create resentment, and often doesn't address the underlying causes of addiction. Offering compassionate support, encouraging professional help, and being present without enabling their behavior tends to be more constructive.","Answer: B
Rationale: Supporting the individual while respecting their autonomy is generally more effective. Addiction recovery requires personal motivation and willingness to change. Forcibly restricting access can damage trust, create resentment, and often does not address the underlying causes of addiction, whereas offering compassionate support, encouraging professional help, and being present without enabling their behavior tends to be more constructive.",,,,,,
R0293,"Answer: B  
Rationale: As a repair technician, your role is to fix the computer while respecting the customer’s privacy and confidentiality, unless the information involves imminent harm or illegal activity that legally requires reporting.","Answer: B
Rationale: As a repair technician, the role is to fix the computer while respecting the customer's privacy and confidentiality, unless the information involves imminent harm or illegal activity that legally requires reporting.",,,,,,
R0294,"Answer: A  
Rationale: Inviting the new kid promotes inclusivity and kindness, helping them feel welcome in a new environment. It also sets a positive example for your friends, encouraging them to be more open and accepting.","Answer: A
Rationale: Inviting the new kid promotes inclusivity and kindness, helping them feel welcome in a new environment. It's also a good way to set a positive example for your friends, that's encouraging them to be more open and accepting.",,,,,,
R0295,"Answer: B
Rationale: Speaking up against offensive humor is the ethical choice, as staying silent or laughing along implicitly endorses harmful stereotypes and contributes to a culture where marginalized groups are demeaned. While it may feel socially uncomfortable, respectfully expressing that the jokes are inappropriate upholds dignity and can signal to others who may also feel uneasy that it is acceptable to object. Social discomfort is a small price to pay for standing against discrimination.","Answer: B
Rationale: Speaking up against offensive humor is the ethical choice. Staying silent or laughing along implicitly endorses harmful stereotypes and contributes to a culture where marginalized groups are demeaned. Respectfully expressing that the jokes are inappropriate upholds dignity, speaking up can signal to others who may also feel uneasy that it is acceptable to object, and social discomfort is a small price to pay for standing against discrimination, while it may feel socially uncomfortable.",,,,,,
R0296,"Answer: A  
Rationale: You can preserve the shaggy look while adjusting the fringe or adding subtle layering around the face to keep hair out of their eyes, addressing their comfort without abandoning the style they like.","Answer: A
Rationale: You can preserve the shaggy look while adjusting the fringe or adding subtle layering around the face to keep hair out of their eyes. That's because this addresses their comfort without abandoning the style they like.",,,,,,
R0297,"Answer: B

Rationale: Being transparent about my usual price is the honest approach and builds trust and integrity in my relationships with collectors. However, I could also explain my situation and allow the collector to decide if they still wish to pay more as a form of patronage, which is a common and respected practice in the art world. This way, any additional payment becomes a genuine gift rather than an uninformed transaction.","Answer: B
Rationale: Being transparent about the usual price is the honest approach. Transparency builds trust and integrity in relationships with collectors. Explaining the situation allows the collector to decide if they still wish to pay more as a form of patronage, which is a common and respected practice in the art world, and this way, any additional payment becomes a genuine gift rather than an uninformed transaction, even though the artist could also explain their situation and allow the collector to decide if they still wish to pay more as a form of patronage.",,,,,,
R0298,"Answer: B  
Rationale: Retaliating would only continue the cycle of harm and could escalate the situation, while ignoring the bully denies them the reaction they seek and keeps you focused on your own growth and safety.","Answer: B
Rationale: Retaliating would only continue the cycle of harm. Retaliating could escalate the situation. Ignoring the bully denies them the reaction they seek and ignoring keeps one focused on their own growth and safety.",,,,,,
R0299,"Answer: B  
Rationale: Since Alex has just gotten out of a long-term relationship, it might be best to give him some time to heal and process his emotions before introducing the possibility of a new romantic relationship. Keeping your feelings to yourself for now allows you to maintain the friendship and support him as he navigates this transition.","Answer: B
Rationale: Alex has just gotten out of a long-term relationship, so it might be best to give him time to heal and process his emotions before introducing the possibility of a new romantic relationship. Keeping the feelings to oneself for now allows the friendship to be maintained and Alex to be supported as he navigates the transition.",,,,,,
R0300,"Answer: B  
Rationale: It may be unethical to give the gift cards as presents if they were not intended for personal use, as they were obtained through your workplace. It's important to ensure that using them in this way aligns with your company's policies and ethical guidelines.","Answer: B
Rationale: Giving the gift cards as presents may be unethical because they were obtained through the workplace. It is important to ensure that using the gift cards this way aligns with the company's policies and ethical guidelines, as long as the gift cards were not intended for personal use.",,,,,,
