"family_id","source","wave","situation","action_x","action_y","needs_review","pass_second_person","pass_two_exclusive_actions","pass_no_verdict_in_situation","note"
"scr_b54561","scruples","1","You visited one of your haunts, and the bartender and you have been friends for at least five years now (prior to ever being a patron of hers while she's working). During your visit, she asked if you wanted to do a shot with her; you obliged (naturally). Upon receiving the check, you were a bit taken aback to see she charged you for the shot. When a bartender (a friend, no less) invites you to do a shot with them, you anticipate it being on the house. You went ahead and paid it without saying anything at the time.","Comment to a friend about charging you for a drink.","Do not comment to a friend about charging you for a drink.","degerund;meta_sentence_removed","1","1","1","retrospective: already paid without comment; commenting still open"
"scr_aap8vj","scruples","1","We've been together for 4 yrs and you've broken up with him a couple of times before, but you always take him back. He just recently quit a job he promised you he was gonna stay at. He starts school for welding next month but id be really surprised if he stayed, you feel crappy say all this about him, but you're really worried you're just wasting time here. We have two daughters ( 2 yrs old and a one month old).","Break up with your boyfriend after he quit his job.","Do not break up with your boyfriend after he quit his job.","degerund;first_person_plural","0","1","1","residual We x2 / 'id' (I'd)"
"scr_b0zufj","scruples","1","Since you did everything and he's done next to nothing you do see any way you are responsible for his personal failure. He is currently trying to make you the culprit for him being useless. Mostly you do too much and dont let him room for work ( which is untrue because you give him tasks every week that never get done so they have to be done at some point ). And also you didnt help him setup work environment. This guy struggled to install linux for 2 months. Shit dude ever heard of Google? But yeah you think of the worst case scenario and you think that he knows that he's 100% guilty and now he's being a psychopath and manipulate you into thinking at your fault and continue to do the work for him Also you dropped him out of the project after the argument without notice.","Do not argue with your project partner.","Argue with your project partner.","inner_question","1","1","0","argument already happened ('after the argument'); starts mid-stream; 'you do see' lost negation"
"scr_ba4ix5","scruples","1","You have this friend in our friend group who is interested in you. She made it really obvious to the point where you felt kind of uncomfortable. So you decided to confront her about her and just let her definitively know that you're not interested. She told you she wasn't interested which is fine. But you have sinking feeling she actually is still interested. Anyways, you recently noticed a girl on her IG story who was kind of cute. For the sake of argument/judgement, let's just assume that this girl is interested in you and it's not a delusion in your head.","Ask about a friend of a girl who likes you.","Do not ask about a friend of a girl who likes you.","degerund;first_person_plural;meta_sentence_removed","0","1","1","residual 'our friend group'"
"scr_a3n3c0","scruples","1","You told your crush almost two years ago that you have had feelings for her, and asked if she felt the same way. She said she has to think about it. Two months later she answered and said that no, and that she doesn't want to risk our friendship. Note that we had only talked a couple of times, so we didn't really have a friendship. Some time later you felt that we had gotten a lot closer together and you wanted to let her know that you still wasn't over it. She said that she will promise to think about it herself. Six months later she said that she's busy with school. Note that at this time we didn't even have any school.","Confront your crush for lying.","Do not confront your crush for lying.","degerund;first_person_plural;meta_sentence_removed","0","1","1","residual we/our x5; 'you still wasn't'"
"scr_aso4vg","scruples","1","Ranging from the way you joked to what you did. Basically every day of your life has been being blamed for his misdeeds or getting yelled at, or just getting criticized on everything. You're now a senior and you (18) have the best girlfriend (18) in the world. We get along really well and you have thought from the day that you met her that you wanted to marry her. You talked to her about this and she said she felt the same way. You understand high school relationships don't usually become lifetime commitments but you really want this to work. So when you mentioned this to your mother, who you absolutely adore, your dad was eavesdropping and laughed aloud. We both turned and he said that a girl like her, he had met your gf, wouldn't marry someone like you. You got mad and told him that he was just doing that to piss you off. This instantly made him mad and he stomped upstairs. This happened about 6 months ago, and you still haven't forgotten it. Your friend told you you should post your dilemma here, so you have.","Cut ties with your father after college.","Do not cut ties with your father after college.","degerund;first_person_plural;meta_sentence_removed","0","1","1","residual We x2; Reddit meta sentence remains ('post your dilemma here')"
"scr_b6rd2l","scruples","1","You (23) was the one who wanted to adopt a cat and you're the better well off, so you payed for all of her needs, including a cat tower because you like to spoil her. You and the other 4 roommates take turns feeding her, but you're the one who almost always cleans the litter box, which you're okay with since you were the one who wanted a cat to begin with. You want to move out to live with your partner soon, and now you're questioning if you should take the cat with you after all (partner is OK with it). Problem is, one of the roommates, Boots, moved in with us a year after we got Kitty, and they got pretty attached. Boots is the youngest among us (18) and they have severe anxiety and probably depression (they are seeing a therapist as of now). When we discussed you moving out and taking Kitty with you, Boots cried a little bit just thinking about it. You wanna take Kitty with you because, honestly? You like your cat, and you're somewhat worried they couldn't afford keeping her as she has some dietary issues that require pretty expensive food and regular visits to the vet. But you're honestly afraid Boots is gonna spiral into depression if you take her with you; they once ""joked"" that Kitty is one of the only reasons they have to live. By now you think maybe Boots needs her more than you do; all the other roommates are OK with you taking Kitty.","Take the cat with you when you move out.","Do not take the cat with you when you move out.","degerund;first_person_plural;inner_question;meta_sentence_removed","0","1","1","residual us/we x3"
"scr_av0qqi","scruples","1","You're about to move to a new apartment in student accommodation and when you went there to have a first look at the place and bring some stuff before the real move, you noticed a couple of things that rubbed you the wrong way. So firstly and most importantly, as you had a look at the bathroom, you saw a poster that at first you thought was just some surfer poster, but then realized that while the woman on it has a top on, it's not covering any of her genitals. Then you realized that it's some playboy poster, and that is certainly not something that you'd enjoy looking at every time you go for a shower or to the toilet. Also you realized that the kitchen was pretty damn untidy. As in everything full of crumbs and dishes and the like. You'd be fine with a couple of plates lying around, but you would want the table to be somewhat clean and to have space to cook and clean your own stuff. You don't want to botch the first impression, but these things do bug you quite a bit.","Tell your new roommates that you want a poster in the bathroom taken down.","Do not tell your new roommates that you want a poster in the bathroom taken down.","degerund;meta_sentence_removed","1","1","1",""
"scr_b2szvk","scruples","1","You're going to end your current relationship. You live in a house and she has a dorm room, but stays with you almost every night. She has brought quite a lot of her stuff over here. She really only uses her dorm room during the day in between classes. She has a real temper and bad habit of breaking things/getting physical when she's angry. You'd really rather not break up with her at your house because it's extremely likely that stuff would get damaged. You'd like to just pack all her stuff up tomorrow and wait until she's at her dorm room in between classes and break it off there.","Show up with all of your soon to be ex's stuff at her dorm room to break up with her.","Do not show up with all of your soon to be ex's stuff at her dorm room to break up with her.","degerund","1","1","1",""
"scr_atf8s8","scruples","1","She's going away for 2 nights later today on a girls weekend with her sister and 2 of their friends. You know the hotel name and found a florist nearby. Heres the catch. She has mentioned several times before that she'd hate to get surprise flowers at work anytime you brought it up. As well you don't know if it could change the dynamic of the weekend since its supposed to be a getaway for them.","Buy your wife flowers.","Do not buy your wife flowers.","degerund","1","1","1","'She' unintroduced (wife only named in action); acceptable"
"scr_b5ci9p","scruples","1","You bought a new gaming computer around $2000 and it came with a keyboard. Ive had this computer for about 3 weeks and the keyboard it came with is already messing up. You dont want another one in return or anything, you're just annoyed a new keyboard broke so quickly.","Complain about a free keyboard.","Do not complain about a free keyboard.","degerund;meta_sentence_removed","0","1","1","residual 'Ive'"
"scr_b93we3","scruples","1","You've been trying to run a campaign with a group of friends you've known for a few years and one of them kept making joke characters because he is, in his own words, a ""noob"". These characters included the ""piss lord"" half-elf, the unbelievably illiterate dragonborn, and the upcoming orc named Kerhs Eht Ergo(Shrek The Ogre). You're getting tired of this and have tried to confront him about that stated above along with his increasingly bad behaviour at the table. He finds it funny and breaks well established house rules, taking 1d4 damage when derailing everything for more than a few minutes, but the others enjoy him being there and you don't want to upset them. Other incidents that occur with him typically involve having anyone with the Entertainer background joke incessantly about them being prostitutes, him saying he'd be a better DM without anything to back up this claim, and the player in question throwing his weight around because he owns the discord server we all use for convenience. Even if he does play, you've warned him and every other player about the new material you're planning on using. It's Tomb Of Annihilation, and you've told everyone that ""at least one person might die, maybe"" in order to get across how dangerous everything will be in the campaign.","Kick a player out of a 5e campaign before it started due to his character.","Do not kick a player out of a 5e campaign before it started due to his character.","degerund;first_person_plural;meta_sentence_removed","0","1","1","residual 'we all use' (group)"
"scr_b6okrv","scruples","1","Your mom hates guns. She wants nothing do to with them. She doesn't want you to buy you gun when you're older, (not old enough to buy one yet), but it would make you feel safer in public. She has told you that you are being unreasonable and she goes around everyday without a gun and feels perfectly safe. That's fine, but you'd like to have one just incase something happens. It's better to have it and not need it, than to need it and not have it in your view. You feel if you do buy a gun when you get old enough your mom will resent you and it would cause tension between us.","Buy a gun behind your moms back.","Do not buy a gun behind your moms back.","degerund;first_person_plural;meta_sentence_removed","0","1","1","residual 'between us'; 'buy you gun' (my->you)"
"scr_b0sclt","scruples","1","Your boyfriend and his sister are very close. We just got a new apartment together this year and his sister is over every single day. For the record, yes, she is his blood sister and you don't think it's a sexual thing. Don't get you wrong, you like his sister she's fine, it's just you feel like the third wheel sometimes like you're the side chick and she's wifey. You don't know if that comes off as you being petty, jealous, controlling ect? :/.","Tell your boyfriend you don't want his sister to come over every day.","Do not tell your boyfriend you don't want his sister to come over every day.","degerund;first_person_plural;inner_question","0","1","1","residual 'We just got'; 'Don't get you wrong'"
"scr_b74760","scruples","1","So your group of friends consists of you and 4 other people. 2 of those friends are brothers. The are almost 30 and have never had a job. They still live with their dad in a camper on their family's property. Their dad is in his late 60's and recently was let go from his job. We have a game night every Friday. They are there every Friday and we always get food and basically just play video games and bullshit for a while. They never pitch in for the food of course or they will bum money from their dad to pitch in, which none of us are comfortable taking. So they ask one of our other friends whether his job was hiring currently, and he said he would look into it, thinking they were finally going to step up. However, they were asking because in their words, Their dad needs to get off his lazy ass and get another job soon. Game night is always at your house.","Tell 2 friends they need to get jobs.","Do not tell 2 friends they need to get jobs.","degerund;first_person_plural;meta_sentence_removed","0","1","1","residual We/us/our x5"
"scr_ag4kr0","scruples","1","Standard broke college student here. So, the university offers free food for students that show up and listen to a presentation. Sometimes the presentation requires chatting in small groups / other participation, and it usually lasts an hour long. You don't have time to stay for the full session, but would stay if you didn't have class.","Show up for free food and leaving.","Do not show up for free food and leaving.","degerund;meta_sentence_removed","1","0","1","broken gerund: 'Show up for free food and leaving'"
"scr_ah1ml4","scruples","1","You wasn't actually involved in this apart from being a bystander. But basically, your parents gave your brother a couch when he moved out, and he sold it. Or rather...his girlfriend sold it. They moved out together, so you suppose it was given to both of them. You don't know if it makes a difference. They didn't have it too long before they sold it, and it wasn't like it was old or worn out. Anyways, it was a few years ago, but you still get to hear the complaining once in a blue moon. Was it a dick move on their part? Or were they being overdramatic that they sold it? You mean, you assume it wasn't being lent to them so you don't know if they expected it back, or what.","Sell furniture that was given to you.","Do not sell furniture that was given to you.","degerund;inner_question","1","0","0","bystander post: brother sold couch; actions describe a third party's completed act; 'Was it a dick move' judgement question"
"scr_9yvck2","scruples","1","Your friend, who you will call Mike, and you went on an international trip with students from several other colleges. Pretty early on in the trip cliques were formed and after a day or two of flirting it was obvious who was going to be hooking up with who for the duration of the trip. We ended up befriending and hooking up with two girls that also happened to be really close friends. The four of us hung out as we travelled around and it become pretty obvious (to you and her at least) that yourself and the girl he was hooking up with (let's call her Rachel) were much more compatible than Mike and Rachel. But things were already kind of in place and the trip was only about 10 days long so no sense in rocking the boat. Mike and you go to the same school, Rachel and her friend another. Although both universities are only about 3 hours apart. So not inconceivable a relationship could work over that distance. Anyway, Mike and Rachel attempted to pursue something after the trip was over. It fizzled out quickly because Rachel wasn't that into it. However, at this point Rachel and you start talking often and getting close. But after several months of on again off again communication it's pretty clear we're both into each other. It's been almost a year since the trip and whenever Mike and you reminisce about it he sort of mentions something like ""Damn, you wish things would have worked out with Rachel. She was really cool."" Don't think he still has feelings for her but more he just wishes things played out differently. Last piece of additional context: he has pursued ex girlfriend's of yours. He's always asked respectfully and you've never cared.","Date a friend's old hook up.","Do not date a friend's old hook up.","degerund;first_person_plural;meta_sentence_removed","0","1","1","residual We/us x3; quoted 'I wish' became 'you wish' (ambiguous)"
"scr_b5yizk","scruples","1","For reference, we're 5 people sharing 1 fridge/freezer, and no one shares necessities like milk or eggs (much to your chagrin just for spatial economy reasons but that's a losing battle). Fridge space is at a huge premium, even despite several of us having mini-fridges to keep stuff like personal drinks or leftovers. The newest housemate likes to cook his meals for the week, which is fine as long as we've all got the space we need, and you're certain a week's worth of meals can fit into a small space; you've done it before. You open the fridge this morning to find a 6-quart Dutch oven full of his chili taking up a huge part of the bottom shelf. You were pretty annoyed and muttered ""five people live here"" to yourself. We already have enough problems squeezing everyone's food in, and this isn't the only thing of his in the fridge; this is in addition to the tupperwares containing his meals and his other assorted perishables. You want to tell him that his giant-ass pot needs to be out of the fridge and the contents need to go into tupperware to be stacked etc. Because we're really, really short on space, but you're not sure if this is you overreacting.","Tell your housemate to move his giant pot of food out of the shared fridge or make it take up less space.","Do not tell your housemate to move his giant pot of food out of the shared fridge or make it take up less space.","degerund;first_person_plural;meta_sentence_removed","0","1","1","residual we're/us/we x6"
"scr_a9k2sj","scruples","1","Your girlfriend's mother is extremely opinionated and you can only take so much of it. When they get together they bully others and you a little and tag team her mother's opinion so she's right. Your girlfriend changes and becomes the mini-you of her mother. She wants you to take 5 days off to be with her but won't take the days off to spend time with your family in another state.","Do not stay at your girlfrienda mothers house over the new year.","Stay at your girlfrienda mothers house over the new year.","age_tag_removed;degerund;meta_sentence_removed","1","1","1","typo 'girlfrienda mothers' in both actions (minor)"
"scr_ay2ee0","scruples","1","Context/necessary background info: 12th-grade English class. We sit at tables comprised of multiple desks, with five to a table. Missouri, USA. Your class is overcrowded and every desk is taken, so much as that some people have to use the computer desks built into the wall. In short, there's no empty seats you could move to. At your table, you sit next to M. M has some issues; you believe they have severe autism/Aspergers, but you can't definitively confirm this. As a result, M is prone to frequent meltdowns/outbursts of crying, slamming objects on their desk, etc. Normally, you would be able to tolerate this; however, M has several other habits that have led you to being completely fed up with the situation. These include, but are not limited to: Picking their nose, and eating it. Picking at or chewing on their nails (which are also quite dirty) Eating. This is made bad by the fact that they chew incredibly loud (gum-smacking, for example), which for one reason or another makes you incredibly nauseous. Moving the contents of their desk onto others' desks, including yours. This includes class materials, pencils, food, etc. Noticeable BO, which also makes you quite nauseous. While you can't take bearing direct witness almost every day to habits that quite honestly make you sick anymore, you do understand that they can't really control a lot of these habits and behaviors due to their problems, which makes you feel bad for in a way calling them out on it by moving. Adding to your moral conundrum, due to the overcrowding you would have to switch seats with someone else, in effect forcing them to have to deal with this instead.","Request a seat change in one of your classes.","Do not request a seat change in one of your classes.","degerund;first_person_plural;meta_sentence_removed","0","1","1","residual 'We sit at tables' (group)"
"scr_b1occ1","scruples","1","For background, you're a college student and your parents divorced somewhat recently. Over the past decade or so your mother has become... Increasingly spiritual. In the past 5 years she became more spiritual/religious, and personally, you're not into it. Of course, she has never forced it on you, but she has become quite invested. She also believes in alternative medicine, and more recently, energy healing. She believes that anything can be cured through energy healing, but frankly, you don't buy into this. She is currently not working and trying to start her ""energy healing"" business, but it feels as fake as fortune telling to you. She often says things like ""you won't get sick as long as you stay positive and confident that you won't"". You usually keep quiet about your disagreement to preserve our relationship, but lately it just comes off as delusional to you. There are times that you just want to tell her that her energy healing practice isn't real (or a placebo at best). What she does on her own time doesn't affect you in the slightest, so you feel like you would only be bursting her bubble. Honestly, though, you're worried that she won't be able to financially support herself, and some of her beliefs are plain wrong/dangerous.","Challenge your mother's spiritual beliefs.","Do not challenge your mother's spiritual beliefs.","degerund;first_person_plural;meta_sentence_removed","0","1","1","residual 'our relationship'"
"scr_b4iwv2","scruples","1","You live pretty far from the rest of your family. For the last three years you save up and take your sisters on a vacation. Your youngest sis and you are very close. Your middle sister not so much. The relationship between the two of them is sometimes outright hostile. You've included her the last three times more out of obligation than anything else. The reason you want to leave her out of this one is because she outright ruined the last. She insisted on bringing her young daughter. If you and your other sister did anything that a young child couldn't be included in she would throw a hissy fit. She kept starting fights with your other sister. One of the nights she was letting her daughter be so freaking loud that the people next to us complained and hotel staff came to our room and asked us to quiet down. Then she loudly said, ""jokes on them, he didn't even care"". You're pretty sure he wouldn't have come to our room if he didn't care. Whenever her and your other sister would fight she kept threatening to leave early. You just kept your mouth shut internally hoping she really would. These vacations aren't cheap. This is the one big fun thing you get to do all year. There's just always some drama or hassle with her. You know it would probably hurt her feeling or piss her off or both, but you want to be able to actually enjoy the vacation this year.","Exclude one sister and taking the other on your yearly vacation.","Do not exclude one sister and taking the other on your yearly vacation.","action_plural_to_second;degerund;first_person_plural","0","0","1","residual us/our x3; broken gerund 'and taking the other'"
"scr_ad1mgn","scruples","1","The situation: you went bridesmaid shopping with bride to be/her maid of honor today. Both bridesmaid and the bride fell in love with a 200 dress. The third bridesmaid had tried on this dress previously but didn't want to spend 200 dollars and requested we keep the dress under 100 dollars. We really live this dress though and other options the third girl picked out have to be ordered online so there is no way of knowing how they fit. Also, the dress we picked is in sale now at 30$ off, making the dress 170.","Force other bridesmaid to buy more expensive dress.","Do not force other bridesmaid to buy more expensive dress.","degerund;first_person_plural","0","1","1","residual we x3"
"scr_b2njyu","scruples","1","So for some context your partner has a child and we are about to start looking at apartments/cheap houses to rent. He and his child are a package deal and you have no issues with that, they are honestly one of the few children you actually like and genuinely enjoy being around. However, they are not your child and you don't feel like paying as much rent for an extra bedroom, food, utilities, etc should by apart of your financial responsibilities. Your partner and you are currently living on the upstairs portion of your parents house, graciously rent free. We have a room for his child but you honestly don't know how much an added expense they are as we are currently dealing with a HCBM. In general though, we typically pay 50/50 and when he needs some extra cash you just give it to him or on loan depending on the amount and vice versa. You don't think either of us feel cheated out of money or feel taken advantage of. Getting an actual place together is a step forward in our relationship and please don't get you wrong you have and do help pay for child expenses but it isn't a financial obligation... Idk am in the wrong for thinking about suggesting this? In the future you don't think it'd be really something you'd care about as things change but this is all new.","Ask your bf you didn't split expenses 50/50.","Do not ask your bf you didn't split expenses 50/50.","action_plural_to_second;degerund;first_person_plural;inner_question;meta_sentence_removed","0","0","1","residual we/us/our x6; action unintelligible 'Ask your bf you didn't split expenses 50/50'"
"scr_azzyxc","scruples","1","You and your friends (17-18) are all high school seniors. A few days ago at lunch, one of your friends, Eli was complaining about how he has two Ds right now. The thing is, he never does his homework. He often complains about doing homework and either forgets or chooses not to do it. He likes to copy other people's homework and take credit for it as if it were his own work. He has no learning disabilities, so seems to be choosing not to make much of an effort in school. You're sick of having him mooch off of other people's work (especially yours) and then complain that the grade he received wasn't good enough when he, quite frankly, doesn't deserve a better grade because he doesn't even try.","Tell your friend that his grades would improve if he does his work.","Do not tell your friend that his grades would improve if he does his work.","age_tag_removed;degerund;meta_sentence_removed","1","1","1",""
"scr_ay409k","scruples","1","So you are studying abroad and share an apartment with a friend. We signed a combined lease for the year, which officially ends on the 31st of May. Your mum is flying over here around the 26th of May to help pack up, end the contract and take a short holiday before flying home. However, your roommate came to you today to say that she was planning on leaving on May 19th, which is the day after our university officially ends. She was hoping to pay a reduced rent for leaving early, but because you're going to be staying longer she has to pay the full rent for the month of May. The landlord has said we can only pay a reduced rent if we get new tenants in straight away after we leave. She is now saying you should leave and go somewhere else so that we can save the money, you.e. Put your things in the basement and sleep somewhere else. She said that you are forcing her pay more because of your plans. You just think its ridiculous go to all that trouble to save her 100 bucks, when the apartment is still equally yours until the 31st and you should be able to stay until you're ready to leave.","Stay in your apartment till the end of the contract.","Do not stay in your apartment till the end of the contract.","degerund;first_person_plural;meta_sentence_removed","0","1","1","residual We/our/we x5; 'you.e.' (i.e. mangled by me->you)"
"scr_b6s4is","scruples","1","You're bisexual. Your boyfriend is straight. We've had discussions before about having a threesome and maybe swinging with other couples. You're spending the night with a girl who we are supposed to have a threesome with soon and you want to ask him if you could make out with her but you're unsure if this would make you TA or not. If he is uncomfortable you will not do it.","Ask your boyfriend to make out with a girl.","Do not ask your boyfriend to make out with a girl.","degerund;first_person_plural;meta_sentence_removed","0","1","0","residual We x2; AITA jargon 'make you TA' in situation; action reads as asking bf to make out (meaning shift from source title)"
"scr_b9t78a","scruples","1","Thanks in advance and also sorry for your English. Yesterday (Thursday) our professor said that today (friday) he wouldn't be able to come to class and naturally we were all excited because we really dislike him and being with him for three hours is a nightmare, anyway, naturally we respectively all planned something for our Friday evening. Literally 20 minutes ago he send some lectures for that stated that they were for today's class and we were like ""the fruck"". He didn't let us know of this change either so pretty much everyone is pissed and nobody really wants to go. You mean, the guys a pain in the ass, as a person and also as a teacher so we're kinda risking something. :/ Thanks.","Do not go to class today.","Go to class today.","degerund;first_person_plural;meta_sentence_removed","0","1","1","residual our/we/us x8; 'sorry for your English'; 'Thanks' meta"
"scr_ab3038","scruples","1","So this is kinda simple, but your extended family and you are on vacation on a ranch, which has a few buildings. Supper has been taking longer and longer to be made, with a steady decline in the quality of the food. Currently it has been taking until about 8:45, which is when you start to get exhausted, and you have been thinking of just leaving and going to sleep.","Leave the family supper.","Do not leave the family supper.","degerund;leading_adverb_dropped;meta_sentence_removed","1","1","1",""
"scr_a7unln","scruples","1","You made a previous post on r/relationships about the state of us but basically you'm visiting canada with your mother to meet him for the first time. When your mom purchased the tickets ($2000+ for all expenses) we, you and your ex, were together. You broke up with him and we both agreed to change that to a mini-break until you met him. All in all, he's unintentionally abusive but you still love him and you're sure the feelings are mutual. Your mother has spent so much money on everything you already feel bad since we're not together anymore and don't want to give gifts to someone who hurts you emotionally/verbally. Yet you feel bad because you got his parents gifts. The expenses of the gifts is $150 and will take up a considerable amount of space in your luggage. You've also made art of his favorite singer but you plan on giving that to him regardless of what happens. But again, in the spirit of christmas, you don't want to be petty and hurt his parents or his feelings.","Return your ex-bf's christmas gifts when he intends to give some to you.","Do not return your ex-bf's christmas gifts when he intends to give some to you.","age_tag_removed;degerund;first_person_plural","0","1","1","residual us/we x4; 'you'm' (I'm mangled); r/relationships meta"
"scr_aty18a","scruples","1","This is kinda petty, but money is tight enough that it does make a difference. Gf and you live together. Except for rent we split everything 50/50. We both work retail so we don't make a lot of money. We have been splitting groceries 50/50 as well. Your problem with it is two fold. 1st. When you work you don't pack your lunch/dinner. You tried for a while, but having that break/s with your work friends at a fast food place is nice. You enjoy the time. Also Nothing you or the gf made tasted anywhere near as good as fast food. You think you have a trashy palette or something. So 1-2 meals a day you are eating out instead of groceries. 2nd is that your gf refuses to shop at Save A Lot or Aldis. She buys a lot of Whole Foods and Wegmans. She says it's just much better quality. She's not wrong, but for you the quality is not worth the mark up in price. She's pretty sensitive about her weight. You have no idea how to bring this up without it sounding like you're saying something else. You're really not though. You just want that extra money you would save if we bought our own groceries.","Ask your gf to buy her own food.","Do not ask your gf to buy her own food.","degerund;first_person_plural","0","1","1","residual We/we/our x4"
"scr_atbj1r","scruples","1","You were at the airport today. Got here nice and early like always. Your flight boards at 10:05 and you got to your gate at 09:00. Sweet, perfect. Now you can relax and not worry. Two girls come up and sit next to you. They put their bags down and ask if you're going anywhere. You say no, so they ask if you can watch their bags. Sure, no problem! Happy to help. Five minutes pass, then ten, then 20, then 40. No sign of them anywhere. Finally, after an hour, they come back as you're about to start boarding (the same flight they are on). Luckily, this worked out. Your gate didn't change last minute and you didn't need to use the toilet. You were annoyed, but ultimately it didn't affect your life. They were no where in sight and gave you no indication they'd be gone so long.","Tell someone you'd watch their luggage and then abandoning it.","Do not tell someone you'd watch their luggage and then abandoning it.","degerund;meta_sentence_removed","1","0","0","third-party post: the girls abandoned bags, not you; broken gerund 'and then abandoning it'; outcome narrated ('this worked out')"
"scr_au75du","scruples","1","For reference, you only have two tattoos. The first one was simple, took an hour. The second one... You're still pissed about the second one, and you're a fucking idiot who didn't say anything before you let him tattoo you. It was a memorial tattoo. You sent him a couple pictures that you told him you wanted to incorporate together. You thought he'd draw you something. Nope. He literally traced one picture onto the other, and you okayed it. Yep, fucking idiot. But then he fucked up the coloring anyway, so that was HIS fault. The problem now is that you want your third tattoo, but you don't want to pay hundreds of dollars for him to tattoo you and it's as bad as the previous one. There's a guy at his shop who looks like he can do your tattoo based on other jobs he's done.","Go to a different tattoo artist at the same shop as your previous artist.","Do not go to a different tattoo artist at the same shop as your previous artist.","degerund;meta_sentence_removed","1","1","1",""
"scr_abg6ud","scruples","1","So serious dilemma. Tonight for New Years your boyfriend and you decided to celebrate at his sisters house. We agreed that he would drink and you wouldn't so that you could drive us home. Well we left a little early cause his sister was getting tired and he got pretty wasted. On the way home he insisted that we got Taco Bell, so we successfully purchased $25 worth of tacos and made it home safely. As soon as we got home he was in the bathroom puking his guts out. Now you got him cleaned up and he is passed out in our bed. You really want to eat the Taco Bell, but you need to stay in the bedroom with him just in case he gets sick or whatever.","Eat Taco Bell.","Do not eat Taco Bell.","degerund;first_person_plural","0","1","1","residual We/us/our x6"
"scr_anbjrw","scruples","1","Ok so your boyfriend takes a while to finish. Sometimes you'll be doing something (either on top or a bj, or whatever) then switch it up because whatever muscles you're using are getting tired. You'll learn after sex or right after you move that he was kind of close to finishing but the change wrecked it (your words, not his). When this happens you feel terrible and power through another way, but this adds even more time and by the end everything hurts. But you make sure he finishes. You've never ""lost"" an orgasm with him. You either do or you don't. Whereas with him, if he loses it and you don't want to continue due to fatigue, that would be the end of sex. And you guess you feel bad about blue balling him in a way. This doesn't happen a lot, but it's happened enough that you want to know what to do if it comes up.","Do not help boyfriend orgasm.","Help boyfriend orgasm.","age_tag_removed;degerund;meta_sentence_removed","1","1","1",""
"scr_a3ttn7","scruples","1","So Smash Ultimate is coming out tomorrow, and your friend prepurchased it. After school tomorrow he's gonna have you and a bunch of friends over until 11 or so at night. You've never hung out with your friend outside of school before, so you're really excited. However, your family's Christmas party is also tomorrow night. You've never skipped out on it before outside of one time where we got snowed in. Your parents said that it would be okay if you stayed over there instead of going, but you still feel bad for skipping out.","Skip out on your family's Christmas party to hang out with a friend.","Do not skip out on your family's Christmas party to hang out with a friend.","degerund;first_person_plural","0","1","1","residual 'we got snowed in'"
"scr_b0c6do","scruples","1","So you have a predicament, you work in a small business (2 owners and in total 3 employees including you). You have been working here for about 8 years now. And you recently found out that you can make more money and have double the time of you have now. Easy decision,,except that they have trouble finding new employees and they need to have a certain amount of people by law. And both your other colleagues are leaving. On a side note to make it more difficult, we work in the transport sector and your father own the company that they get their cargo from.","Ruin the company you work, by quiting your job.","Do not ruin the company you work, by quiting your job.","degerund;first_person_plural;meta_sentence_removed","0","1","1","residual 'we work'; action ungrammatical but intelligible 'Ruin the company you work, by quiting'"
"scr_a8egym","scruples","1","Your cousin and his girlfriend eloped over last weekend and are planning on telling your parents on Christmas with the whole family around. You are 90% certain your hothead father won't take this news well for various reasons and you want to tell him about it before then to avoid any extreme reactions. You understand it is not your place to release details about your cousin's life, but this our family is going through an unprecedented amount of drama this Christmas in particular and you want to do what you can to combat it.","Spill the beans about your cousin's marriage.","Do not spill the beans about your cousin's marriage.","degerund;first_person_plural","0","1","1","residual 'this our family'"
"scr_b531w2","scruples","1","So you have a friend, who you get in arguments alot and he basically uses you for codes (Fallout 3, Nintendo Switch Online, ect) but whenever you ask anything for example: you ask for a crisp ""Uh, no u/Indianaliam1, piss off"" he gets really grouchy when you swear despite him swearing like a sailor, and when we get in any arguments at all he will tell all your other friends to ignore you, and they do. You are considering getting a new friend and leaving him.","Leave a friend that tells other friends to leave you.","Do not leave a friend that tells other friends to leave you.","degerund;first_person_plural;meta_sentence_removed","0","1","1","residual 'when we get in'; Reddit username in text"
"scr_b36c3k","scruples","1","To start off, one of the cats in the house are fat. Really fat. Every time you walk into the kitchen, she runs over to her food dish and starts meowing like crazy, as if she hasn't been fed in a week, yet she gets fed breakfast and dinner. And the worst part about her is that her shit STINKS BAD. HORRIBLY BAD. You're talking the FBI could synthesize the smell, and use it to clear rooms. Yet, your grandma seems oblivious to how obese she is. When she feeds the fat cat in the morning, she'll give the cat a Mount Everest sized pile worth of food, so when she's not looking you have to split it up between the two food plates (we have two cats). Before we leave for school, she'll give the cats treats, and then the dogs treats. You asked why do they get treats so much, and she'll say ""you're feeding them??"" First of all, treats are called ""TREATS"" for a reason. They are to REWARD your pets for good behavior, training them, etc. She just gives treats to our dogs just because, not for good behavior. She also likes to feed them air-popped popcorn a lot, you mean a lot. You'll be sitting watching TV with her while she's eating popcorn and toss a piece of popcorn to each dog at least every 5 to 15 seconds (you counted with your fingers, 1 1000, 2 1000, 3 1000, etc). Based on a search, air-popped popcorn isn't harmful, but she puts butter on her popcorn, which is fattening. You're starting to get afraid that before we know it our animals are going to have obesity problems.","Call out your grandma for giving the family pets too much food.","Do not call out your grandma for giving the family pets too much food.","degerund;first_person_plural;inner_question;source_has_second_person","0","1","1","residual we/our x4"
"scr_axwklp","scruples","1","You were waiting for a parcel to arrive but had to be at work early today. So you asked your mom to sign for it when it comes (you live at home), which we do often for each other, so there's usually no problem. But she just texted you that she signed for it and only then saw that it was torn open, after the mailman had left. You asked her to send you a picture and one side of box is literally wide open (not sure how she missed that). She sent a photo of the contents and lo and behold something is actually missing. It's a shaker bottle for supplements that were in the box. You're pretty annoyed now and she offered to give you her old shaker which is similar, but not the same and much smaller. You declined. The shaker was 10€. Shipping would be 4€ but there's actually a coupon for free shipping for the next order in the parcel. You actually already emailed the shop, but you think it's unlikely they're just gonna send you a free replacement when the parcel was signed for. You're waiting on their answer.","Ask your mom to pay for a missing item in a parcel she signed for.","Do not ask your mom to pay for a missing item in a parcel she signed for.","degerund;first_person_plural;meta_sentence_removed","0","1","1","residual 'which we do often'"
"scr_ayziv3","scruples","1","So basically your relationship with your roommate isn't great. We don't have much in common and she's messy, inconsiderate and kind of annoying to you. But despite this stuff you try to be a decent person and not do anything rude to her and just get through the rest of this semester (we're both in college and you're moving out at the end of the semester). Anyway, the reason you don't want her boyfriend staying over is because she invited him without telling you he was coming after you've asked her to let you know. Also, she spent nearly the entire day cooking for him in our (very small) shared kitchen so you wasn't able to use it for hours. She also let him stay at our apartment all day watching Netflix. You're planning on basically saying that she can't invite him over if this is how they're gonna behave. Also you'd like to know if there is anything you can do legally to get him out if she invites him again.","Tell your roommate her boyfriend couldn't stay over.","Do not tell your roommate her boyfriend couldn't stay over.","degerund;first_person_plural","0","1","1","residual We/we're/our x4; 'you wasn't'"
"scr_b942jv","scruples","1","Your brother is getting married! Yay! You absolutely love your future sister-in-law. We aren't super tight (we don't hang out just the two of us) but we get along well at family functions and have some inside jokes. They are getting married in July and we already have to travel for the wedding. No big deal! You just got the invite for her bridal shower. Her friends and family are from NYC and her mother is hosting the shower in her tiny apartment. Your mother, grandmother, brother's godmother, and dad's girlfriend have all been invited too. We are expected to either take the train to the city or drive/train to attend the shower. We live about 4 hours from the city. At this point, only your mother and yourself are even willing to consider going. It's too much for the other family members to do in one day. We were not offered a place to stay overnight. We really can not afford a hotel in the area she lives in. We offered to throw her a small shower for everyone here since we are all family and want to celebrate. She does not want two showers. You should say that your brother doesn't want two showers. You have not spoken to her about this, but you know your mother has spoken to your brother and he was livid at the idea of us not attending. You feel this is a lot for her to ask of us. It would be about 8 hours of traveling in one day for a 2 hour shower. Your husband thinks it's absurd to go, but yourself and your mother feel like we have to.","Do not attend your future sister-in-law's bridal shower because she wants you to travel to NYC (8 hours total) for a 2 hour event.","Attend your future sister-in-law's bridal shower because she wants you to travel to NYC (8 hours total) for a 2 hour event.","degerund;first_person_plural;meta_sentence_removed","0","1","1","residual We/we/us x10; 'I should say'->'You should say' reads as advice; 'because' clause odd on affirmative action"
"scr_b2xgd7","scruples","1","Okay so this dude is legit the nicest guy on the planet. Not only would he not hurt a fly, he'd sit down with the fly and ask how his days going. It's like living with pooh bear if he tossed on pants. He's just a downright great bud. However, he sings like a walrus being slowly sliced from the tail up with a dull butterknife. He's got an extremely low voice, like chocolate rain deep, but couldn't carry a tune in a bucket. He picks one tone and will not leave that tone, it's his home. And instead of moving his pitch up and down he simply yells louder or more softly. All his favourite tunes are sing-a-longs too, with his favourite band being queen. Sometimes he notices how he sounds, so he'll turn up the music which just makes him yell louder. Now you may be thinking ""if he's so nice why would that bother you? Don't be a dink"", but you have lived with this dude for three years. We carpool to work. Every day for three years and the walrus is still suffering lol. If so you won't say shit but you will add: at this point, nails on a chalk board would be a nice change.","Ask your insanely kind, yet terribly toning deaf, roommating to stop singing.","Do not ask your insanely kind, yet terribly toning deaf, roommating to stop singing.","degerund;first_person_plural;inner_question;meta_sentence_removed;source_has_second_person","0","0","1","residual 'We carpool'; reader-addressed 'you may be thinking' ambiguous; action broken 'terribly toning deaf, roommating'"
"scr_anqiov","scruples","1","So now that you're driving, you and your friend agreed that you would take them to school, and to their house after. We agreed on this because we never get to hang out after school or on weekends. You've had a small crush on them, for a while now, and when you confessed last time, they said no. You feel the need to ask again coming up, and you don't want to. You really just wanna be friends now because you know they would say no.","Stop giving your friend a ride to school to save your feelings for them.","Do not stop giving your friend a ride to school to save your feelings for them.","degerund;first_person_plural;meta_sentence_removed","0","1","1","residual We/we"
"scr_9vgl9h","scruples","1","So your neighbor's have two cats. They say one is an indoor cat and the other one is an outdoor cat. The outdoor cat is very sweet and you don't mind her hanging out on your porch for some shade. She's started bringing dead animals on the porch and just leaving them. You talked to your neighbors and they just said ""we can't control what she does outside."" At this point you're annoyed at them and not the cat. You've never once seen them feed her or even let her inside when it's pouring rain. You want to call a shelter to come get her since she's becoming a problem for the neighborhood, and because you're worried she'll get hurt.","Call animal control to pick up your neighbor's cat.","Do not call animal control to pick up your neighbor's cat.","degerund;first_person_plural","1","1","1","'we' only inside neighbors' quote (fine)"
"scr_9v8uty","scruples","1","You're pregnant, you and your boyfriend have been thinking of baby names. You gave him this whole speech because we broke up and we were on a break while you found out. You said that you really want him to be apart of the baby's life and all of this. We already decided he could choose the name while you choose the middle name. Then, he came up with 'Neko', you already didn't really like it. But, then he explained it means cat and he got it from an anime. You just really think it's idiotic but he's a fragile guy and you don't want to hurt his feelings.","Tell your baby's father his name ideas are idiotic.","Do not tell your baby's father his name ideas are idiotic.","degerund;first_person_plural;meta_sentence_removed","0","1","1","residual we/We x3"
"scr_aefsbw","scruples","1","Thanks for taking the time to read and potentially respond. Little background: you have a long time buddy of 10 years. We grew up together, went to high school and university together, and now live within sneezing distance of one another. So... Your current dilemma is this. He texts and calls saying things like ""yo let's kick it on x day"" with other heartfelt comments accompanying. Now that day rolls around and something comes up. You're not unreasonable, shit happens. That said, shit doesn't happen 8 scheduled days in a row (literal). So it's now been 6 months since you've seen him. Now this wouldn't be a big deal except you're moving states in 6 months and am genuinely concerned that our friendship will die then which would hurt. It would also be at the beginning of a medical school journey so you're not looking to add sadness to that stress. You've brought this issue up to him on numerous occasions. He said ""you didn't think you'd leave State."" And this conversation occurred about 2 months ago with no changes made. You also feel like a fucking idiot every time we agree to hang. You block of the entire day and then kinda dip down into a sad emotional place when the plans get cancelled. Some additional info - you get that people grow apart and friendships change. But he has made numerous comments about wanting to be best men in one another's weddings. So you're also confused on how both of these realities exist and this adds to your anxiety about the current state of things.","Do not invest time in a long standing friendship.","Invest time in a long standing friendship.","degerund;first_person_plural;meta_sentence_removed;source_has_second_person","0","1","1","residual We/our/we x4 + 'am'; quote 'I didn't think' -> 'you didn't think'; 'Thanks for reading' meta"
"scr_aq2aya","scruples","1","About a month ago you bought something on eBay (for $170) you waited 2 weeks and the company still had not sent it. You messaged them numerous times without a reply, finally you got replies but with different stories saying yes it's sent but due to a system error there is no tracking, then it's waiting to be sent, and another not yet sent will be sent ASAP they can refund if it's been too long. You had enough and was thinking it was a scam and so you asked for refund- this was almost 2 weeks ago. In the last 2 weeks you had bought and received the item needed from another store. Yesterday low and behold the original refunded eBay item has been delivered to you. You checked the invoice slip and it was sent about a week after the refund. WAITA if you keep it? If they chase you up you're happy for them to send you a new invoice to pay but your plan is to not reach out to them first. It's actually from huge company in your country (but their eBay name wasn't under the company name which is strange because you'd bought from the company's proper eBay previously) and it is technically their mistake. You do feel shitty about it but also didn't intend for this and they can afford the loss.","Keep a parcel that was actually refunded.","Do not keep a parcel that was actually refunded.","degerund;inner_question","1","1","0","AITA jargon 'WAITA if you keep it?' left in situation"
"scr_aarn3j","scruples","1","You live in a rural area so the houses are about 10-20 meters from each other but every single night for the past years your neighbor starts coughing like crazy with 20-30 minutes intervals, sometimes going for 5 minutes straight. The cough is horrible to hear, almost sounds like he's about to throw up at any time, even worse is that he does this from 1am to 3am, sometimes even 4 times in a day and you're not joking when you say that he has been doing it everynight for years. Some other neighbors say that he uses drugs and smokes everyday but you have never paid attention. You wanted to record him but you've had no real reason to do so as you don't know what to do with it and you're afraid of the consequences if you showed it to authorities because many people stupidly think you can't record one's voice without permission in the country you live in. Sometimes you'd love to just yell at him to shut the fuck up and let you sleep but you'd be waking up everyone in your family by doing so and there's no guarantee he would stop, we also want to be in good terms with neighbors because we want to do some restructuring and we need all of them to agree or something. You live in Italy if anyone wants to give legal advice.","Tell your neighbor to shut the fuck up at night.","Do not tell your neighbor to shut the fuck up at night.","degerund;first_person_plural;source_has_second_person","0","1","1","residual we x3; 'if anyone wants to give legal advice' meta"
"scr_9z1zuk","scruples","1","First some backstory: Slightly more than 1 year ago in your second year of uni a friend of yours told you he liked someone in our friend group. So you helped him with advice and your opinion on things (so you have been kinda involved in this). He asked her out but she said 'you have to think about it' and so she did for nearly half a year until he proposed that they would go on a 'trial'date. They did this for about 1.5 months and then they started an actual 'relationship'. This relationship lasted about 2 month before he broke up with her because 'she was spending to little time on you' and 'the relationship didn't turn out as you wanted'. Since then she has started to flirt with you and you started flirting back and liking her. First of all even though he was the one who ended the relationship he still had emotional trouble but recently (about a month) he started saying that he was over her (you doubt this). Secondly during the half-year 'thinking' period he always said to you that 'he just wants what makes her happy even if that is a relationship with someone else' (which you also doubt).","Ask out an 'ex' of your friend.","Do not ask out an 'ex' of your friend.","degerund;first_person_plural;meta_sentence_removed","0","1","1","residual 'our friend group'; converted quotes ('you have to think about it') ambiguous"
"scr_aj5m31","scruples","1","Your SO and you planned to go to our niece's first birthday party, but your SO's work schedule changed and can no longer go. The party is 4 hours away and you don't want to go alone because it is a long drive, it's too exhausting alone and you don't want to spend your day off driving for a 2 hour party.","Do not go to your niece's first birthday party.","Go to your niece's first birthday party.","degerund;first_person_plural;meta_sentence_removed","0","1","1","residual 'our niece's'"
"scr_a9fvma","scruples","1","First and foremost, Happy holidays and Merry Christmas ya filthy animals. Now, you're 21 and times have gotten a little rough for your family financially. You have agreed to pay them $700 for rent and money you owe each month. They have offered the entire upstairs apartment to you but you'd rather the room you have on our lower floor. Your parents are great, honest people but you have this gut feeling that you should be recording your payments to them for some reason. You would like to whip up a little log that has the date, the amount paid, and both of our signatures. You feel like it is a responsible thing to do but things like this could seriously offend them (especially your mother). In a way you feel as if it chips at the trust and honesty that we are trying to maintain.","Keep a log of ""rent"" payments to your parents and asking them to sign.","Do not keep a log of ""rent"" payments to your parents and asking them to sign.","degerund;first_person_plural;meta_sentence_removed","0","0","1","residual our/we x3; broken gerund 'and asking them to sign'"
"scr_axfnm2","scruples","1","You and your family live in a town on the coast of Mexico and we rent a room to a foreign lady and her dog(she comes, stays 6 months here and goes), we've been doing this for at least 10 years now, everything was fine the first times she came here. Now when she first came you had no idea your dad, who is friends with her son(he has a bar in town) signed you up as her bell boy, everytime she arrives you take her luggage to her room(her room is on a third floor so you have to go up and down the stairs a couple times to get everything), sometimes go buy stuff she needs, order take out for her, even help her way up the stairs when she comes home wasted. You're a big guy, and can handle heavy things and all but you never agreed to do this, you simply do it for courtesy and to not feel like an ass to your dad. Well the problem you had became bigger the last three years she came, she always arrived unannounced, she just knocked on our door and shoved her stuff on you to take to her room, coming in like she owned the place, shouting at us from her room everytime anything failed(our house is old and sometimes the plumbing acts up).","You stopped doing errands personally not signing up for.","Do not you stopped doing errands personally not signing up for.","first_person_plural;meta_sentence_removed","0","0","1","residual we/our/us x6; actions not imperative: 'You stopped doing errands...' / 'Do not you stopped...' (normalize_action failed on 'Me stopping...')"
"scr_amq42i","scruples","1","You gave a broken AR-15 to a ex coworker of yours to fix and he never returned it. You've tried calling, sending your schedule to him, and even mailing him.","Report it stolen to the police.","Do not report it stolen to the police.","degerund;meta_sentence_removed","1","1","1","'it' in action refers to AR-15 in situation"
"scr_b6uneb","scruples","1","Your son's father owes over 20 grand in child support, and you just found out today that in the US this is considered a Class C Felony, with a possibility of 2 years in prison. He makes absolutely no effort to contact him. Left the damn state for crying out loud. You also know where he works because apparently people enjoy posting their life on Facebook ( you don't have those kinds of social media accounts for this reason). You want to get sole custody of your son, but you fear the repercussions if you were to proceed to do something like this. You have seen Karma first hand, and you would not your son to think lowly of you for doing something like this if he ever found out. For further information, he hasn't paid in two years. Hasn't seen your son in months; didn't even attend his birthday party. He also already has a suspended license. He has somehow avoided having his taxes pulled for the past two years, though according to him he "" owns a business"".","Provide an anonymous tip to the police about the father of your child.","Do not provide an anonymous tip to the police about the father of your child.","degerund;first_person_plural;meta_sentence_removed","1","1","1","'you would not your son' typo"
"scr_9y269x","scruples","1","She craves drama and stirs the pot to add excitement to her miserable life, she threatened to get your brother in law fired if he becomes a cop. And recently sat idly while your grandpa threatened to beat you up over a petty disagreement, and even took his side. She lies a whole lot. But you are hesitant to because nothing with last consequences happened to you yet, she does try and talk you out of college because she thinks you're retarded. But thats nothing, and you don't listen to her anyway. So you don't know if it'd be bad or justified.","Do not talk to your grandma anymore.","Talk to your grandma anymore.","degerund","1","0","1","affirmative built by stripping 'not' leaves NPI: 'Talk to your grandma anymore.'; 'She' unintroduced"
"scr_aqbk2i","scruples","1","Alright so you go to a very small college that doesn't allow for off campus loving unless you've been a resident of the area for at least a year. But because of that the school offers campus apartments right across that street that's the only option besides the dorms. Your current roommate and 2 other friends want you try and get on with them(it's a lottery and you have to apply) and you've said you would. However, this morning your roommate from last year told you that he wants you to join him and our other 2 friends. You know that you've already said you would go with your current roommate, but you know that you would have a better experience with the other group because you're honestly closer with them.","Switch who you're rooming with next year.","Do not switch who you're rooming with next year.","degerund;first_person_plural;meta_sentence_removed;source_has_second_person","0","1","1","residual 'our other 2 friends'"
"scr_b950a1","scruples","1","So you're Randall and you have a friend group and we are all close and have all been hanging out for a long time now. For the past few years we all hang out together at least once a week. The group consists of you, your friend James, and two sisters, Sarah and Megan. James and Sarah have also been in a relationship for three years now but broke up a few days ago (He broke up with her). To make a long story short, James booked an upcoming trip for him and Sarah that they were both excited for and he spent a good amount of money on the trip (trip cannot be cancelled). But seeing as him and Sarah just broke up he asked you today how you felt about the idea of him altering the trip so his money won't be wasted. Altering would mean, inviting you, his brother and Megan instead.Honestly that does sound like it would be fun but you felt like it would be a little grimy to take the spot on the trip that was initially meant for a close friend of yours. And his logic for inviting Megan was that him and Megan are still friends outside of his relationship with Sarah and we've hang out as a trio in the past (prior to the break up) and a breakup shouldn't change that. Even though you're technically closer friends with James than Sarah, you're still close to Sarah and think it would be insensitive of you to go on that trip. And you kind of think she would be mad at you for doing so (If she found out). PS: Turning this into a group trip with the four of us mentioned in the beginning is unfortunately out of the question.","Take a close friend's spot on a trip with her so after she was just dumped.","Do not take a close friend's spot on a trip with her so after she was just dumped.","degerund;first_person_plural;meta_sentence_removed","0","1","1","residual we/us x5; action 'with her so' = her SO, readable"
"scr_ay6nrm","scruples","1","First time poster! You've just been having this dilemma internally recently. Your best friend has an awful track record with guys. She ignores huge red flags and you are the one who is inevitably there for her when she gets hurt. She's recently started seeing this guy and alarm bells are ringing in your head. On the first night we all hung out as a group he tried to kiss a mutual friend after we had all gone to bed. After grafting on your friend the entire night. She's chosen to ignore this and all power to her. You know she's going to get hurt again and you don't think you can honestly be there for her again. It's exhausting and you don't have the mental capacity right now personally to cope with this.","Do not support your friend with her new relationship.","Support your friend with her new relationship.","degerund;first_person_plural;meta_sentence_removed","0","1","1","residual we x2; 'First time poster!' meta"
"scr_aymrjt","scruples","1","Your roommate wants us to start recycling our cans at the local grocery store that has a machine where you can dump in cans and get points on a debit card thing for the grocery store. His idea is that we use the money as a slush fund for cleaning supplies. Frankly you don't it's worth the effort for a few reasons. We have to drive a ways to get to that specific store. The recycling area floors usually have spilled beer from the cans all over. Lastly the place typically has a line of homeless people to wait behind who collect and recycle the cans in the same way. You can just put our cans in the recycling bin in front of our house and let the city waste management guys pick it up. If your roommate wanted to do it himself you would say go for it and you don't care what you do with the money. But he wants you to alternate trips with him on a regular basis. You don't need this extra money and as far as you know neither does he.","Do not recycle for money.","Recycle for money.","degerund;first_person_plural;meta_sentence_removed;source_has_second_person","0","1","1","residual us/our/we x5"
"scr_anfsou","scruples","1","Here's the scenario from a week ago. They're over at your house smoking. You were holding onto the blunt too long so your friends girlfriend (also your friend) says you need to pass it. Completely valid. He says ""he paid for it don't tell him what to do"" you honestly agreed with his GF because you like to keep things fair as far as smoking among others go. Idc who pays for what. Well she gets offended and they bicker back and forth for a while and you remind them to quiet down because you don't like the yelling. Well they give eachother the cold shoulder for an hour which leads to more bickering here and there. Eventually she says ""screw it you're going home"". He says that's fine and She leaves. Turns out she didn't actually leave. She's just sitting in the car pouting. She then decides to text MY PHONE ""tell joe (her bf) if he wants to talk to you then he's gonna have to come out here"" you told him it's not worth it. Mostly because you didn't want your neighbors to see two adults arguing in your driveway cussing like sailors over something so stupid. She could have left. She instead decided to continue the charade by not even leaving when she said she was to just drag on the drama. You understand that couples have their issues but this seems like it happens way too often and is completely unnecessary. At the same time you feel like you may be trying to habe too much control over the situation if you tell them to leave their arguments at the door or not come over at all.","Tell your friends to either leave their relationship problems at the door or not come over at all.","Do not tell your friends to either leave their relationship problems at the door or not come over at all.","degerund;meta_sentence_removed","0","1","1","residual uppercase 'MY PHONE' missed by rule; 'They' unintroduced"
"scr_b8zobm","scruples","1","To make a long story short, you're taking classes right now and the summer is fast-approaching. You need a summer job, and your brother-in-law has said that he will pass your resume off to whom it concerns at his company and get you a job for the summer (and after graduation, which is a super nice thing of him to do). It's a good job, it pays well, and it's in the industry you want to work in after graduation. However, he's been busy at work lately and hasn't passed your resume off. He is a super good guy and we get along really well, but getting the vibes that maybe he doesn't want you to apply for the job. But a second household income over the summer would really help your wife and you.","Apply for this job.","Do not apply for this job.","degerund;first_person_plural;meta_sentence_removed","0","1","1","residual 'we get along'"
"scr_ars42h","scruples","1","You and your SO have been together for four years, before we were a couple he had been head-over-heels in love with a high school friend (we'll call her Karen) a long time, you also know her and although we're not friends you acknowledge she's a nice person, Karen was always clear telling your SO she was not interested in a relationship but they were good friends nonetheless, and when high school was over they drifted appart you're normally pretty chill when it comes to your SO hanging out with his girl-friends or doing school group projects, he knows this, but lately he has been messaging Karen a lot, like you can see her messenger chat bubble on all the screenshots he sends you, or getting messages from her while we're hanging out together (sometimes he answer, sometimes he doesn't, this has been going on for a couple months and Ive not brought it up because of fear of coming out as too insecure, you also don't want him to think you've been snooping around their convo (which you haven't) you know people have the right to be friends with whoever they want, but the girl you were in love with for two solid years before you? Seriously?","Bring up your jealousy to your so.","Do not bring up your jealousy to your so.","age_tag_removed;degerund;first_person_plural;inner_question;meta_sentence_removed;source_has_second_person","0","1","1","residual we x4 + 'Ive'"
"scr_ayf02x","scruples","1","Your uncle was diagnosed with cancer a couple years ago, had a few treatments with chemo therapy and was weak all the time but never close to die. Last week though, he was infected with the flu, was sent to the hospital and because of his weak immune system he did not make it. He was your sister's godfather and she had a good relationship with him, but you have never been close with him, never had a deep or long conversation and we haven't been in touch for about a year now. You are sad that he died and you feel very sorry for your sister and everybody else who was close to him. But you just don't feel like going to his funeral next week. Somehow it feels wrong to say goodbye to a person you haven't been in contact with for the last year. Also you would have to use a day off from work to be able to go there which you could definitely get, but work is very busy right now and you're not sure, if you want to use a vacation day for a funeral you don't want to go to and you would feel misplaced at. Honestly, you would only go there, so that your other relatives wouldn't think bad of you. TL/DR: Didn't talk to your uncle for a year, was never close to him.","Do not go to a relative's funeral.","Go to a relative's funeral.","degerund;first_person_plural;meta_sentence_removed","0","1","1","residual 'we haven't been in touch'; 'TL/DR:' line not stripped"
"scr_b6llsd","scruples","1","You found out recently that your partner of 2 years has been hiding his past use of drug addiction (Oxycontin). He is now prescribed Suboxone from a ""clinic""... It is a walk in medical express urgent care type of facility. He doesn't see the same doctor regularly, whatever licensed professional is on duty. He just takes a drug test, and gets his prescription. (It gives you pill mill vibes.) He is not seeking any other type of help to address his addiction. You have been struggling with this, and it has lead to trust problems in our relationship especially with you giving him money. Most recently you found out he was still trying to buy adderall. You don't feel equipped to help deal with this it seems that he is still having issues. He has explicitly said not to tell. So if you do, you would have to lie about it to him.","Tell your partners family about his substance abuse/addiction.","Do not tell your partners family about his substance abuse/addiction.","degerund;first_person_plural;meta_sentence_removed","0","1","1","residual 'our relationship'"
"scr_b9iium","scruples","1","Your sister and you have been sharing a Netflix account for the last 2-3 year. Due to the upcoming membership fee increase,you have to pay $12.99/monthly on the upcoming month.you been trying to start saving some money, after looking at financial statement.you know you should have ask her to pay half of it,when she ask you to use it in the first place. But you didn't,you fucked up on your end.","Start asking for money from your sister out of the blue.","Do not start asking for money from your sister out of the blue.","degerund;meta_sentence_removed","1","1","1",""
"scr_avt1bp","scruples","1","Every Wednesday a group of friends and you go the bar for trivia night. The same two servers always work trivia night. One is a great server and the other is absolutely miserable. Regularly gives wrong drinks to wrong people, gets orders wrong, you've got to ask for a water three times before it comes etc etc. This past week, four of us sat down and ordered draft beers from the bum server. Approximately 5-7 minutes later another table walks in and they are greeted by the proficient one. Ten minutes after that, we still have no beers and the other table has drafts AND FOOD (it's burger night so they have burgers cooking already). It was the tip of the iceberg. This person ruins your experience, and for whatever reason we have gotten him as our server for weeks now. Perhaps he is here to teach you something about yourself, and you wish you could keep that perspective always but you don't always succeed. This is where you come to unwind and have a good time, and he's blowing it. You've left a yelp review about the guy and told the manager to no avail.","Request a different server at the bar for weekly trivia.","Do not request a different server at the bar for weekly trivia.","degerund;first_person_plural;meta_sentence_removed;source_has_second_person","0","1","1","residual us/we/our x4"
"scr_b5p8bg","scruples","1","Obviously, the situation is complicated. You met this girl seven years ago and we've friends ever since. Back three years ago you started dating a girl you met through her. During that time, the two became best friends, they're really close. The girl you were dating occasionally got somewhat insecure or even a tiny bit jealous and would ask if you ever had any interest in the other girl. Obviously you reassured her and said no, because at the time that was true. We eventually broke up. Now today, that is not true. You're noticing more and more that we have a ton in common, you're more and more attracted to parts of her personality and you're becoming more physically attracted to her. You feel as though you'd be betraying not only your ex but now her as well for potentially harming our friendship. This is made even more awkward by the fact that as you said, the two are really close friends.","Ask this girl out.","Do not ask this girl out.","degerund;first_person_plural;meta_sentence_removed","0","1","1","residual we/our x4"
"scr_b24scn","scruples","1","Your mother has recently had an operation on her shoulder and asked you if you could walk our dog in the mornings, a job which she normally does. Of course you'd love to do it, but you have a fear of going outside on some days. It sometimes gets to a point where you can't leave the house to go shopping or hold a steady job. You've told her about it before but she just thinks you're faking it to get out of doing stuff and paying your way through life. You're more worried for the dog's sake that if your mental health gets the better of you one day, nobody is going to walk him, so do you have to grin and bear it anyway? It doesn't help that the last time you walked him, he barked at 2 pit bulls who jumped on him and would have mauled him if you hadn't had him on the lead to pull him away. Of course this isn't a case where you don't want to walk your dog, it's more ""sometimes you're too scared to leave the house by yourself, let alone while you charge of an animal."".","Tell your mother you couldn't commit to walking your dog every day because you have agoraphobia.","Do not tell your mother you couldn't commit to walking your dog every day because you have agoraphobia.","degerund;first_person_plural;inner_question","0","1","1","residual 'our dog'"
"scr_azidtl","scruples","1","You have a good friend that you like to chat with a lot. For a long time we'd just chat over random things over left or Snapchat. But lately he doesn't respond to anything on Snapchat, just leaves you in read. To be fair, you don't directly ask questions, more just send conversation starters, but still, he used to respond to those. So you were thinking of sending him this message. ""Hey, serious question. When you don't respond to the messages you send, is it because you don't want to, you're too busy, or you just don't know what to say?"" you don't like to not know things because then you stress out about it, but you know he's the kind of guy who expects everyone to just take things as they come, and you feel like he might get mad if you ask him this.","Ask a friend about his unresponsiveness.","Do not ask a friend about his unresponsiveness.","degerund;first_person_plural;inner_question;meta_sentence_removed;source_has_second_person","0","1","1","residual 'we'd just chat'; quoted 'messages I send' -> 'you send'"
"scr_9tosoz","scruples","1","You have a little two bedroom house; for all the time you've owned it you've rented out your spare room to lodgers. Back in May, your friend asked you if he could move in for the summer because he wanted to move to our town and get a job before moving in with a mutual friend in September. You've tried to avoid living with friends but, as it was just until September, you said it was fine. Since he moved in in May, he's been an awful lodger. You're not going to go into it all here but he is always late with rent, hasn't helped out barely at all since he got here 5 months ago (ie; cleaned the bathroom once, that's it). He's not managed to find anywhere to live with our friend and she's been put off by your experience so doesn't want to live with him anyway. A few days ago, after a while telling you he'd be out by November 1st, he said his backup accommodation had fallen through so could he stay here for a few months more, or until he finds somewhere else to live? You panicked and said yes but, on reflection, you don't think you can cope with any more of this uncertainty - or even living with him, to be honest! On the one hand, 6-7 weeks is plenty of notice and he has been an objectively awful lodger, but on the other hand he is your friend and you don't know what he'd do if he couldn't live here.","Go back on an agreement to let your friend keep living with you.","Do not go back on an agreement to let your friend keep living with you.","degerund;first_person_plural;inner_question;meta_sentence_removed","0","1","1","residual our x2"
"scr_b00448","scruples","1","You'll call your friend Dave for this story. We've known each other for half of each other's lives and while you don't think you're his closest friend, you'd say we're pretty close. His birthday party is coming up, and his parents invited you and some of our mutual friends to join in on a surprise party for him. The party is on the same day as one of your first games, and we have already had 3 games cancelled dude to bad weather, you really don't want to miss the first one. The party is a long drive away as well. It's about 2 hours away from you, we live nearby but the party takes place far away. So you're stuck. You want to be there for him on his 18th, but you also don't want to miss your first game and drive 4 hours total. Your original plan was to go and be there for him, then leave early to make the game, but the times conflict. What you're going to try an do now is go take him out somewhere nice for his birthday, that way he still has fun at his birthday party, you're celebrating it on another day, and you get to go to your first game.","Do not attend close friends surprise party.","Attend close friends surprise party.","degerund;first_person_plural;meta_sentence_removed","0","1","1","residual We/our/we x5"
"scr_ar4nis","scruples","1","You are going to be paying for your brothers children's education we luckily are close and have very similar opinions on education. You are prepared to write an education trust fund for his children however you are worried about 3 possible issues that could arise if you don't include a specific institution in the clause. Potential issues: 1. He could send them to a lesser institution which does not meet your criteria for what a proper education is. 2. He could be influenced by his wife to send them to a lesser institution. 3. He could pocket the money and send them to public school (highly unlikely) We have already discussed which schools you would send your own children so you'm not really that worried that he will screw this up however you do know it's best to get things in writing.","Dictate where your brothers children go to school.","Do not dictate where your brothers children go to school.","degerund;first_person_plural","0","1","1","residual we/We x3 + 'you'm'"
"scr_ayulwq","scruples","1","They show no love towards her, they barely invite her to their functions and yet she's expected to host here and there and puts out one hell of a spread. They show up. They drink all the booze they take inventory assess the situation. They asked a lot of really personal questions and then they lie if not to be heard from again until they want to come over and mooch some more. So you tend to grill for drinks relax keep quiet and you leave them alone. You're not awkward around them just more like anti-social. It's a quarterly Endeavor that results in fake conversation. They don't really care about us and have never shown otherwise. They're second cousins and there kids and spouses and such.","Host bbq and being anti-social.","Do not host bbq and being anti-social.","degerund;first_person_plural;meta_sentence_removed","0","0","1","residual 'about us'; 'They'/'her' unintroduced; broken gerund 'and being anti-social'"
"scr_b9quof","scruples","1","Your university has a strict no cheating policy with a set guideline for rules and punishments. It's told to us every year in a mandatory meeting and in every single class syllabus but some professors are no the brightest and either don't see it happening or are super lenient about it and choose not to make it a big deal. For some unknown reason, Biology is taken very seriously at your university. Well you guess because they are the the backbone of the nursing and med school??? Anyway, they have a strict set of topics, rules on how to each the topics, exams, and absolutely no extra credit. Whereas with almost every other class it is up to the professors digression what they choose to do with their class; you've had some who simply give extra credit points for paying attention in lecture and showing up even though your university also has a mandatory attendance policy for every class On to the cheating, this morning in your biology lecture there was a girl sitting next to you on her phone under the table googling almost every answer while your professor was explaining questions to other kids.","Report someone for cheating.","Do not report someone for cheating.","degerund;first_person_plural;inner_question;meta_sentence_removed","0","1","1","residual 'told to us'"
"scr_abn5rs","scruples","1","Your friend has no idea her boyfriend is interested in men. You hate the idea of outing him but you could care less about what he's into and more about the fact that he's cheating on her. You're not close enough to him to bring it up. She on the other hand has been known to overreact and completely cut people off for merely speaking poorly about him. You have no proof. You were with your cousin who uses the app when we saw him and we both felt weirded out taking screenshots of something like that.","Tell your friend you saw her boyfriend on Grindr.","Do not tell your friend you saw her boyfriend on Grindr.","degerund;first_person_plural","0","1","1","residual 'we saw him and we both'"
"scr_as980l","scruples","1","Your SO and you have been dating for about 4 1/2 years now yet we barely have any physical intimacy. She doesn't like to be held for too long, maybe 30 seconds at best, and we haven't had sex in two years. Every time you try and initiate she tells you she just doesn't want to. Most of the time you figured you'd get an excuse out of it, but it's always just flat out ""No."" Oddly enough, your ego doesn't feel bruised since she does so much for you. You don't feel a painful rejection. You've considered that maybe you're bottling it up. You've sat down and had some serious discussions with her about it. We get a lot out of those conversations but you still feel like we haven't made any real progress. Aside from that detail she's quite possibly the closest thing to a superhuman you've ever seen. She runs her own business, helps you maintain the home, destroys you in smash, makes you laugh until your sides hurt, frequently buys you gifts and listens to you vent about work. At the end of a hard day she still has enough energy to go to the gym with you. You reciprocate this as much as possible that it sometimes it feels like a competition and she does it all with a smile. She's incredible, but you do feel the lack of intimacy is eating at you slowly.","Break up with your girlfriend because she's not intimate.","Do not break up with your girlfriend because she's not intimate.","degerund;first_person_plural;meta_sentence_removed","0","1","1","residual we x4"
"scr_awtmmn","scruples","1","It feels like it's over taking your life. We never have sex anymore. Your place is a disaster since she can't clean up from herself. And she's just letting herself go. She showers maybe twice a week. You know a break up wouldn't help her depression, but you hate coming home now. You already know it's just going to be a miserable atmosphere. She's lived with you for 2 months and it feels like 2 years.","Break up with your gf for her depression.","Do not break up with your gf for her depression.","degerund;first_person_plural","0","1","1","residual 'We never have sex'; 'it' (depression) unintroduced"
"scr_a57inj","scruples","1","You're 14f for reference. She doesn't provide food, only bread because that's the easiest. It's not like we are poor. You could get up and buy your own food, but you're too weak and you'll probably break down in the supermarket bc you hate being around people. She knows you have injured yourself before on purpose in the past. She sent you a message demanding you clean up the house and you told her you're too weak you haven't eaten anything. She told you that you should just eat the bread, but you can't live off of bread so you got mad and wanted to tell her you're gonna stab your leg, but it will probably be too harsh and manipulative. You cut yourself in the leg, but it's not too bad and it doesn't show. You're planning on cutting it deep so it bleeds or something so she sees how much you're hurting, but she'll probably get mad or worried(Idk if she actually will bc she didn't seem worried in the past and has actually joked about it).","Tell your mom you have cut yourself in the leg over a stupid argument about food.","Do not tell your mom you have cut yourself in the leg over a stupid argument about food.","degerund;first_person_plural;meta_sentence_removed","0","1","1","residual 'we are poor'; 'She' unintroduced; self-harm content"
"scr_b3dora","scruples","1","So you have a good friend, lets call him Greg who has been showing serious signs of depression. He does nothing all day, just sits on the couch and plays video games, while sleeping 18 hours a day. He never cleans his room and is living in filth. His outlook on life has really gone downhill and he is always miserable. All of Greg's old interests he has since dropped. You and your SO(his roommate) are really worried for him as friends. We have tried to help him by getting him out of the house or encouraging him to do things with us, but he just refuses. Greg quit his job two month ago simply because he was tired of going to it. He told your SO and you that his parents pay for all his food, housing, and spending money under one condition: that he has a job. He has been lying to his parents about having a job. Your SO and you have been considering informing his parents he quit his job. You think that if his parents found out he quit his job they might make him move back in with them which would motivate him to find a job, or give him the kick in the pants to actually get out of this hole he is in.","Tell your good friends parents he has no job.","Do not tell your good friends parents he has no job.","age_tag_removed;degerund;first_person_plural;meta_sentence_removed","0","1","1","residual We/us"
"scr_b52db3","scruples","1","You're a high school kid, so this might be petty, but bear with you. You started at a new school about a month and a half ago. According to a lot of your friends, girls find you really attractive, so a new attractive guy at school is really interesting for girls. Anyway, a ton of girls claim to like you, which doesn't bother you or whatever because they have the right. You try to be nice to everyone and never hurt anyone's feelings. The other day, you asked out this girl who you think you really got a long with. She said she liked you, but she'd have to ask her friends about it first because there were some issues. You'll call this girl Carly. You thought this was strange but you like her so you were fine with it. She texts you later and says she can't go out with you because her two friends also have crushes on you. One of them was your best friend from childhood (who you will call Jamie) who you hadn't talk to in years until you came to this new school, and Carly didn't tell you who the other was.you were shocked by this, but more shocked that Carly's friends told her not to date you because of this. Jamie and you were great friends in elementary school, until you went to private school. Now that you're back at public school you thought we'd be able to pick up where we left of with no weird feelings or whatever, but you guess there are. You really value her friendship but this pisses you off.","Stop talking to a good friend of yours after finding out she likes you.","Do not stop talking to a good friend of yours after finding out she likes you.","degerund;first_person_plural;meta_sentence_removed","0","1","1","residual 'we'd be able'; 'bear with you'"
"scr_b4m7a4","scruples","1","Hoping to get some answers from people who have some experience working behind the scenes at restaurants. You have to eat out with clients about twice a week and you do enjoy it but you often end up wasting your food. You've been a vegetarian since you were 11 for various reasons and you're 30 now. It's just not a thing you eat. Most of the time, any restaurant (in California) will have at least one veggie menu item so you don't usually have a problem ordering anywhere. Anyways, you've noticed a lot of times, the cooks don't clean off the grill that often, leaving rice grain sized pieces of burnt meat all over your food. Whenever it happens, you don't know how to approach it without being a dick so you just don't eat the food and say you're full.","Ask if chefs at a restaurant could clean off the grill before making your food.","Do not ask if chefs at a restaurant could clean off the grill before making your food.","degerund;meta_sentence_removed","1","1","1","'Hoping to get some answers' meta opener"
"scr_ag2dsr","scruples","1","So for some context, your housemate and yourself worked the same job over Christmas. It was only a seasonal thing but over this time you developed a friendship with our manager and we still talk despite the job being over. Your housemate doesn't have too high of an opinion of our manager due to her seeming snappy over small things your housemate was or wasn't doing at a few points during the work period. So you understand the dislike. However, as none of this snapping was directed at you, you feel no reason to dislike her. Anyway, fast forward to now, your manager and yourself have planned to go out for drinks at some point and she asked you if she'd be able to crash at your place because it's far easier than her having to either get a taxi home (she lives in a different town) or have her partner come and collect her at like 2am. You said yes, thinking that it would be fine but asked your housemate to check that this would be okay anyway, we're all students and you wanted to check you wouldn't be bothering anyone with deadlines. Your housemate told ""No. You do not like her"" Even though she'd literally just be crashing in your bedroom and your housemate would likely have no interactions with her. Completely understand that no one wants to be woken up in the early hours of the morning by drunk people or whatever but to be told you can't have a guest crash at your house purely based on the fact that someone else doesn't like them seems kind of ridiculous.","Go against your housemate's requests.","Do not go against your housemate's requests.","degerund;first_person_plural;meta_sentence_removed","0","1","1","residual our/we x3; quote 'I do not like her' -> 'You do not like her'"
"scr_b7t28e","scruples","1","Also your Family is Hindu which is relatively important. Recently your grandad passed away and we had to do everything to sort out the funeral and so on including all of the extra traditions that your grandma wanted. Throughout this all and beforehand your uncle has had some bad mental illnesses, you don't know which so sorry if you wanted to know. But it makes him struggle in day to day life. This has lead to your mum to do all the work and you're scared for her as she is clearly suffering from doing all the work herself. Recently after the main funeral and when other financial things had to be sorted out your mum was left with all the work. This climaxed when yesterday your grandma said your Uncle was doing all the work (not much if any) and this really hurt your mum. You've talked to your mum and she doesn't care about appreciation but just wants help with the funeral and you and your brother do what we can and want to talk to your uncle about it. Info: On the day of the wedding your uncle was able to control himself and this is why we think he has to grow up and help. You are 15, Uncle is late 40's. Thank you for any help. If any more info is needed just ask.","Ask your uncle to help out for once.","Do not ask your uncle to help out for once.","degerund;first_person_plural;meta_sentence_removed;source_has_second_person","0","1","1","residual we x3; 'Thank you for any help' meta; starts mid-stream"
"scr_aabtck","scruples","1","You go to engineering high school, last year we were learning how to use a program called AutoCAD Civil 3D. Our teacher was kinda bad. It felt like he wasn't really sure how to work in that program. And this year we have a big project that we need to do in order to pass our last year in high school. We can either draw it on paper with ruler and pencil - that would take weeks - calculating everything, creating about 40-50 cross sections etc.. Or we can do it in a program that nobody really knows how to work with. You liked the challenge so you watched tons of youtube guides and you're already finished with your project. We still have 3 months before submitting it. There are 15 other students in that class. You're friend with like 3 of them. But now everybody expects you to help them. And by helping them they mean to do it for them. And you don't really feel like doing somebody else's work for free.","Do not help your classmates.","Help your classmates.","degerund;first_person_plural;meta_sentence_removed","0","1","1","residual we/Our x7"
"scr_aj5umj","scruples","1","Your girlfriend and you had a baby a few months ago. Prior to the pregnancy, your girlfriend liked to flaunt her body and you were fine with that. She naturally started dressing more modestly for the pregnancy. However, now that she's given birth and her stomach has mostly bounced back, she's gone right back to clothes that have her boobs hanging out, her midriff showing, or are so tight on her butt that she could split the seams if she sits wrong. You naturally still think she's sexy, but you don't think this is an appropriate way for a mother to dress, especially considering that our daughter will grow up seeing this and will emulate it.","Tell your girlfriend that her clothes are no longer appropriate.","Do not tell your girlfriend that her clothes are no longer appropriate.","degerund;first_person_plural;meta_sentence_removed","0","1","1","residual 'our daughter'"
"scr_amgcjc","scruples","1","You've been talking to someone from Indonesia who wants to have her dream trip to Europe this summer. You live in the Netherlands yourself and that's one of the countries she wants to visit. She sent you her itinerary and you noticed it's filled with tourist traps. These places no local would ever visit because only stupid tourists go there. You're not talking about the Colliseum of the canals of Amsterdam. You understand you need to see those things once in your life. You're talking about these specific expensive novelty bars and lame attractions and destinations that locals know they suck. Without her asking for it? It's HER dream trip of course, and you wouldn't want her to enjoy her trip less by following your advice. Hell, tourist traps wouldn't exist if the majority of people wouldn't enjoy them for some reason. She's a bit of a bubbly girl who just wants to have a by the numbers Eurotrip, you guess. You have the feeling she would be perfectly happy doing the tourist trappy things. You don't want to be the jaded know-it-all. You feel like you're being a snob.","Point out their itinerary is full of tourist traps.","Do not point out their itinerary is full of tourist traps.","degerund;inner_question;meta_sentence_removed;source_has_second_person","1","1","1","'Without her asking for it?' inner-question fragment"
"scr_aa85wk","scruples","1","Disclaimer: you amongst many other am a casual drug user who doesn't use to the point of addiction, dependency, financial or social ruin. You use on average 3x a month. This post is not about drugs so feel free to flame your anti drug rhetoric but it'll fall on deaf ears. You overheard your sister last night telling one of your friends some really personal things about you. Specifically, she was telling him that you have a drug problem and that you can't make it through a day of work without doing drugs. This is very far from the truth. You know why she said it and it is because a week or so ago you stated to her that you really needed some stimulants if you were to make it through the next couple of days at work. Reason being, you had to spend the last days taking care of your sister in the hospital and when she got home sleeping not at all. But whatever, even if you had a heinous drug problem, and she is scared and worried about you, she should not be gossiping about it to your friend. She has a tendency to bring the private into the public. Especially when she gets drunk, she will start fights with you and yell things that should really really be sad and discussed in private. Your only response to her is that we need to continue that talk later in private. To teach her how it feels, you kind of want to tell the new guy she has been seeing that she loves getting high on meth and fucking. Or something like that.","Tell (and exaggerating to) your sisters new crush that she uses drugs.","Do not tell (and exaggerating to) your sisters new crush that she uses drugs.","degerund;first_person_plural;meta_sentence_removed;source_has_second_person","0","1","1","residual 'we need' + 'you ... am'; parenthetical '(and exaggerating to)' not degerunded but intelligible; 'This post' meta"
"scr_aw0jcv","scruples","1","So your 17yo brother got his P1 drivers license 4 days ago. (you're not sure how it works in other countries so you apologize, additionally you live in Australia NSW). Despite this he wants you to drive him (you're 19 and on your P2's). The reason for this is so he and his gf can get drunk. Now your problems with this are: 1. You're not responsible for your siblings, your parents are, so if anyone should drive them, its your parents. 2. The legal drinking age is 18. Again, your brother is 17. Additionally, you don't drink and don't plan to. You have no problem with it you just don't see the point. What you DO have a problem with is underage drinking. 3. He just got his license and for the past 2 years you've been driving him and his gf around without any pay or compensation, and now that he's got his license he's not even going to bother with it.","Do not drive your brother and his girlfriend to and from a party.","Drive your brother and his girlfriend to and from a party.","meta_sentence_removed","1","1","1",""
"scr_a85grj","scruples","1","Bit of backstory, you're 17, not legally able to buy your own drinks or even drink at all Every now and then a group of friends and you have a catch up, few drinks throughout the night, etc. 18yo friend wants to have a drink, so asks to stay at yours for the night, as he can't drive home after drinking, so you say yeah sure no problems. You also ask if he can pick up a cheapo bottle of something so you can have a bit to drink, as your parents didn't have the time to get you anything, and he says no, you don't follow up any further. FF to the party, he shows up and hands you a bottle of premium vodka, says you owe him the money for it. Throughout the night he's mixing stuff straight into the bottle, offering it around to people, acting like it's his own, and the next morning it gets tipped out due to the amount of crap in the bottle. He sent you a reminder that you owe him for the drink, but you don't think you do, and haven't said anything about it.","Do not pay a friend who bought you a drink.","Pay a friend who bought you a drink.","degerund;meta_sentence_removed","1","1","1",""
"scr_b0j205","scruples","1","So your ex and you had been together 4 years and broke up 6 months ago. Since then she found a bandaid relationship with a guy (Jack) to help her cope with loneliness. However, we still texted everyday and you had no idea of Jack's existence. She had been telling you how lonely she felt and we got into talks of maybe getting back together, because we admitted to still being in love. You recently discovered Jack existed and he is of course very jealous of you. When she told you about him, she then broke up with him. However, they actually got back together behind your back while still maintaining an ambiguous stance with you. You found out she has been lying to him about not seeing you anymore and lying to you about not being in a relationship with Jack anymore. You know for a fact that if you leave them alone she will hurt him (not because you are a jealous ex, but because she has psychological issues).","Tell your ex's new boyfriend that she is manipulating him.","Do not tell your ex's new boyfriend that she is manipulating him.","degerund;first_person_plural;meta_sentence_removed","0","1","1","residual we x3"
"scr_b9xesz","scruples","1","We both want to ask the same girl, you've wanted to for a few months, but neither of us knew the other wanted to until yesterday. When we talked about it, we both kind of just brushed it off like ""rip, you should've told you"" and ""what? You thought you liked someone else"" then you had to leave. Thing is, he's your friend, but he's not a super close friend. You had already told all your close friends you wanted to ask this girl over a month ago. So you don't know where we stand. You're really not trying to hurt your friend's feelings but you've wanted to ask this girl for months.","Ask a girl to prom that you know your friend wants.","Do not ask a girl to prom that you know your friend wants.","degerund;first_person_plural;inner_question;meta_sentence_removed;source_has_second_person","0","1","1","residual We/us x5, 'we' unresolved until later; broken quote 'you should've told you'"
"scr_b8c45t","scruples","1","Little background for context. You made a huge mistake in your childhood and never made much of an attempt to learn how to cook when your mom would offer to teach. Then you were in the army and got fed 3 times a day for free so you've never moved past eating microwaved stuff. Your ex-wife claimed she could cook but you later found out she couldn't cook much of anything and we settled on simple cheap meals. You got divorced about a year and a half ago. Since then, you've been eating the same simple cheap meals (such as taking a box of macaroni then throwing some cheese and skyline chili into it) and it doesn't bother you much. But stuff like that is all you really eat since you can't cook for shit. You've been trying to learn how to cook more from your mom but being single really kills your drive to make better meals so you're not getting much better at it. You mentioned that you would prefer finding someone who can cook so that you don't feel like you're dragging them down to your simple meal lifestyle. You also genuinely enjoy learning how to cook and would think it would be a fun thing to do together. Even though you said you'd gladly cook with her since you want to learn too and if she doesn't feel like cooking that night then we'd go out or order something. But that didn't dissuade your friends and now you're the misogynist of the group.","Put ""would prefer a woman who can cook"" in your dating profile.","Do not put ""would prefer a woman who can cook"" in your dating profile.","degerund;first_person_plural;meta_sentence_removed","0","1","1","residual we x2; retrospective-ish (already told friends)"
"scr_b02phm","scruples","1","Your mother chose her boyfriend over you and your sister a couple months ago and left. Lately, she's been drunk texting you saying she misses you and all that bs. Your family tries to avoid hurting her feelings and you're tired of it. She hurts everyone and thinks she's in the right because no one will tell her otherwise. They will on occasion, don't get you wrong, but not often.","Tell your mom what she needs to hear.","Do not tell your mom what she needs to hear.","degerund;meta_sentence_removed","1","1","1","'don't get you wrong' (me->you)"
"scr_avutna","scruples","1","You are 20 years old and recently moved to where your cousin and her family lives in their home you were originally going to stay with roommates but since you are so close to your cousin, you asked your uncle if you could live with them instead. He originally said no. He and his family were asking for money from our relatives to buy a new house. You offered 2k in your savings to live in the studio that their new house would have. He agreed to this and then said you could live with them until the studio and house is ready. You've been here for three months ad every time he or your aunt or cousin get into an argument (three times now) he tells you you have to go back to your hometown, they're giving you your money back and to pack your stuff up and go. They cancelled their original house bid due to one of the arguments. So now they are looking for a new house and it does not have a studio. (it has a garage that they might convert into a studio but probably not) so it looks like your option is to stay here in this house sharing a room with your cousin. Yes you know you are dumb for offering them money to let you stay here after they said no, but you thought it would be a nice deed for all of us since they needed the money and you do like being with your cousin.","Move out and taking your money back from your indecisive uncle.","Do not move out and taking your money back from your indecisive uncle.","degerund;first_person_plural;meta_sentence_removed","0","0","1","residual our/us; broken gerund 'and taking your money back'"
"scr_asubq9","scruples","1","For some background you live in the same city as the school he will be graduating from as do our parents. You graduated from the same school a few years ago, but declined to attend the ceremony. You were pretty fed up with the toxic environment of your major program and didn't want to spend a minute longer there than you had to. Thus, you did not attend your own graduation nor did any of your family. Your parents said they would plan a small family get together to celebrate, but that never happened. Fast forward to today. Your brother will be graduating in a few months. (you won't get too specific, but his degree from an obviously easier degree program.) Thee gap isn't huge, but we are not close and do not really talk outside of family functions, and even then we don't talk much. You did ask him to be an usher in your wedding and he accepted then complained (behind our backs) he wasn't made a groomsman (even though your wife's brother was the only other usher.) you know in a few months your nuclear family will ask you if you will be attending his graduation. To you, it seems silly for you to celebrate someone else's graduation more than your own, so you really want to say no. If pressed, you could say that you didn't go to yours either and make a joke of it, but you're fully expecting backlash. You're personally hoping it falls during the week so you can say ""you have work"" and be absolved of responsibility.","Decline an invitation to your younger brother's graduation.","Do not decline an invitation to your younger brother's graduation.","degerund;first_person_plural;meta_sentence_removed;source_has_second_person","0","1","1","residual our/we x4; 'he' unintroduced"
"scr_af0q5r","scruples","1","First of all, you are not doing any sort of victim-blaming nor are you discounting the feelings and effects of people's negative experiences. You are also not saying that people with baggage are unworthy of love or automatically bad relationship material. To clarify, when you use the term ""baggage"" you mean a potentially lifelong negative effect, behavior, or thought process caused by a traumatic experience. On one hand you know it sounds terrible to refuse any sort of romantic contact or relationship with somebody simply because of lasting effects of trauma, but on the other hand, you have always wholeheartedly believed that people can set any standards for potential mates/life partners. In other words, dealbreakers are dealbreakers. You understand that we all have ""our own cross to bear,"" and you certainly don't consider yourself to be an exception, but you also understand that not everyone deals with trauma the same way, so some people's baggage may not be a dealbreaker while others' might. Perhaps you're overthinking this, but you've never been able to shake off the feeling of assholishnes that your mindset brings on.","Do not date someone with baggage.","Date someone with baggage.","first_person_plural","1","1","1","generic 'we all have our own cross to bear' idiom (not decision-maker)"
"scr_aunr1s","scruples","1","You didn't get to meet him because your dad didnt have a lot of money and a father meeting his son for the first time in 30 years is a very emotionally charged experienced. Your dad and your half brother get along pretty well and he maintains contact with your dad. Your dad didnt abandon him, your dad was 22 at the time and the mother didnt want her son to end up like she did with so many walk in and walk out fathers. The mother eventually moved to california and your dad and his son lost contact until late 2017ish. Your dad spent the spring break going to where your brother lived to meet him and didnt tell you until the trip was over because it might have effected your emotional state (you had pretty severe depression at the time) He says that your half brother is excited to meet you but we dont really have the money to see him. Ive called him a bunch but time zones and his very busy work schedule prevent much contact. You also feel bad because of this you have two nephews that you feel like you're not there for. You feel hurt that its been a whole year and you havent met your brother yet and feel like you'll never meet him because of money. Your dad got to visit him and you didn't. You feel like you won't ever be able to meet your half brother and nephews and you want to talk about it with your dad sorry if this is rambly, ive had a lot of feelings about this.","Talk to your dad about your half brother.","Do not talk to your dad about your half brother.","degerund;first_person_plural;meta_sentence_removed","0","1","1","residual we x2 + 'Ive' x2; 'him' unintroduced; 'sorry if this is rambly' meta"
