teacher,family_id,variant,order,pass_idx,p_x,n_answer,n_total
claude46,dd_0107,T0,1,0,0.0,10,10
claude46,dd_0107,T0,1,1,0.0,10,10
claude46,dd_0107,T0,2,0,0.0,10,10
claude46,dd_0107,T0,2,1,0.0,10,10
claude46,dd_0107,T1,1,0,0.0,10,10
claude46,dd_0107,T1,1,1,0.0,10,10
claude46,dd_0107,T1,2,0,0.0,10,10
claude46,dd_0107,T1,2,1,0.0,10,10
claude46,dd_0107,T3,1,0,0.0,10,10
claude46,dd_0107,T3,1,1,0.0,10,10
claude46,dd_0107,T3,2,0,0.0,10,10
claude46,dd_0107,T3,2,1,0.0,10,10
claude46,dd_0107,T5,1,0,0.0,10,10
claude46,dd_0107,T5,1,1,0.0,10,10
claude46,dd_0107,T5,2,0,0.0,10,10
claude46,dd_0107,T5,2,1,0.0,10,10
claude46,dd_0107,T6,1,0,0.0,10,10
claude46,dd_0107,T6,1,1,0.0,10,10
claude46,dd_0107,T6,2,0,0.0,10,10
claude46,dd_0107,T6,2,1,0.0,10,10
claude46,dd_0283,T0,1,0,0.0,10,10
claude46,dd_0283,T0,1,1,0.0,10,10
claude46,dd_0283,T0,2,0,0.0,10,10
claude46,dd_0283,T0,2,1,0.0,10,10
claude46,dd_0283,T1,1,0,0.0,10,10
claude46,dd_0283,T1,1,1,0.0,10,10
claude46,dd_0283,T1,2,0,0.0,10,10
claude46,dd_0283,T1,2,1,0.0,10,10
claude46,dd_0283,T3,1,0,0.0,10,10
claude46,dd_0283,T3,1,1,0.0,10,10
claude46,dd_0283,T3,2,0,0.0,10,10
claude46,dd_0283,T3,2,1,0.0,10,10
claude46,dd_0283,T5,1,0,0.0,10,10
claude46,dd_0283,T5,1,1,0.0,10,10
claude46,dd_0283,T5,2,0,0.0,10,10
claude46,dd_0283,T5,2,1,0.0,10,10
claude46,dd_0283,T6,1,0,0.0,10,10
claude46,dd_0283,T6,1,1,0.0,10,10
claude46,dd_0283,T6,2,0,0.0,10,10
claude46,dd_0283,T6,2,1,0.0,10,10
claude46,dd_11241,T0,1,0,0.0,10,10
claude46,dd_11241,T0,1,1,0.0,10,10
claude46,dd_11241,T0,2,0,0.0,10,10
claude46,dd_11241,T0,2,1,0.0,10,10
claude46,dd_11241,T1,1,0,0.0,10,10
claude46,dd_11241,T1,1,1,0.0,10,10
claude46,dd_11241,T1,2,0,0.0,10,10
claude46,dd_11241,T1,2,1,0.0,10,10
claude46,dd_11241,T3,1,0,0.0,10,10
claude46,dd_11241,T3,1,1,0.0,10,10
claude46,dd_11241,T3,2,0,0.0,10,10
claude46,dd_11241,T3,2,1,0.0,10,10
claude46,dd_11241,T5,1,0,0.0,10,10
claude46,dd_11241,T5,1,1,0.0,10,10
claude46,dd_11241,T5,2,0,0.0,10,10
claude46,dd_11241,T5,2,1,0.0,10,10
claude46,dd_11241,T6,1,0,0.0,10,10
claude46,dd_11241,T6,1,1,0.0,10,10
claude46,dd_11241,T6,2,0,0.0,10,10
claude46,dd_11241,T6,2,1,0.0,10,10
claude46,dd_13518,T0,1,0,0.0,10,10
claude46,dd_13518,T0,1,1,0.0,10,10
claude46,dd_13518,T0,2,0,0.0,10,10
claude46,dd_13518,T0,2,1,0.0,10,10
claude46,dd_13518,T1,1,0,0.0,10,10
claude46,dd_13518,T1,1,1,0.0,10,10
claude46,dd_13518,T1,2,0,0.0,10,10
claude46,dd_13518,T1,2,1,0.0,10,10
claude46,dd_13518,T3,1,0,0.0,10,10
claude46,dd_13518,T3,1,1,0.0,10,10
claude46,dd_13518,T3,2,0,0.0,10,10
claude46,dd_13518,T3,2,1,0.0,10,10
claude46,dd_13518,T5,1,0,0.0,10,10
claude46,dd_13518,T5,1,1,0.0,10,10
claude46,dd_13518,T5,2,0,0.0,10,10
claude46,dd_13518,T5,2,1,0.0,10,10
claude46,dd_13518,T6,1,0,0.0,10,10
claude46,dd_13518,T6,1,1,0.0,10,10
claude46,dd_13518,T6,2,0,0.0,10,10
claude46,dd_13518,T6,2,1,0.0,10,10
claude46,dd_14408,T0,1,0,1.0,10,10
claude46,dd_14408,T0,1,1,1.0,10,10
claude46,dd_14408,T0,2,0,1.0,10,10
claude46,dd_14408,T0,2,1,1.0,10,10
claude46,dd_14408,T1,1,0,1.0,10,10
claude46,dd_14408,T1,1,1,1.0,10,10
claude46,dd_14408,T1,2,0,1.0,10,10
claude46,dd_14408,T1,2,1,1.0,10,10
claude46,dd_14408,T3,1,0,1.0,10,10
claude46,dd_14408,T3,1,1,1.0,10,10
claude46,dd_14408,T3,2,0,1.0,10,10
claude46,dd_14408,T3,2,1,1.0,10,10
claude46,dd_14408,T5,1,0,1.0,10,10
claude46,dd_14408,T5,1,1,1.0,10,10
claude46,dd_14408,T5,2,0,1.0,10,10
claude46,dd_14408,T5,2,1,1.0,10,10
claude46,dd_14408,T6,1,0,1.0,10,10
claude46,dd_14408,T6,1,1,1.0,10,10
claude46,dd_14408,T6,2,0,1.0,10,10
claude46,dd_14408,T6,2,1,1.0,10,10
claude46,dd_14818,T0,1,0,1.0,10,10
claude46,dd_14818,T0,1,1,1.0,10,10
claude46,dd_14818,T0,2,0,1.0,10,10
claude46,dd_14818,T0,2,1,1.0,10,10
claude46,dd_14818,T1,1,0,1.0,10,10
claude46,dd_14818,T1,1,1,1.0,10,10
claude46,dd_14818,T1,2,0,1.0,10,10
claude46,dd_14818,T1,2,1,1.0,10,10
claude46,dd_14818,T3,1,0,1.0,10,10
claude46,dd_14818,T3,1,1,1.0,10,10
claude46,dd_14818,T3,2,0,1.0,10,10
claude46,dd_14818,T3,2,1,1.0,10,10
claude46,dd_14818,T5,1,0,1.0,10,10
claude46,dd_14818,T5,1,1,1.0,10,10
claude46,dd_14818,T5,2,0,1.0,10,10
claude46,dd_14818,T5,2,1,1.0,10,10
claude46,dd_14818,T6,1,0,1.0,10,10
claude46,dd_14818,T6,1,1,1.0,10,10
claude46,dd_14818,T6,2,0,1.0,10,10
claude46,dd_14818,T6,2,1,1.0,10,10
claude46,dd_15810,T0,1,0,1.0,10,10
claude46,dd_15810,T0,1,1,1.0,10,10
claude46,dd_15810,T0,2,0,1.0,10,10
claude46,dd_15810,T0,2,1,1.0,10,10
claude46,dd_15810,T1,1,0,1.0,10,10
claude46,dd_15810,T1,1,1,1.0,10,10
claude46,dd_15810,T1,2,0,1.0,10,10
claude46,dd_15810,T1,2,1,1.0,10,10
claude46,dd_15810,T3,1,0,1.0,10,10
claude46,dd_15810,T3,1,1,1.0,10,10
claude46,dd_15810,T3,2,0,1.0,10,10
claude46,dd_15810,T3,2,1,1.0,10,10
claude46,dd_15810,T5,1,0,1.0,10,10
claude46,dd_15810,T5,1,1,1.0,10,10
claude46,dd_15810,T5,2,0,1.0,10,10
claude46,dd_15810,T5,2,1,1.0,10,10
claude46,dd_15810,T6,1,0,1.0,10,10
claude46,dd_15810,T6,1,1,1.0,10,10
claude46,dd_15810,T6,2,0,1.0,10,10
claude46,dd_15810,T6,2,1,1.0,10,10
claude46,dd_17929,T0,1,0,0.0,10,10
claude46,dd_17929,T0,1,1,0.0,10,10
claude46,dd_17929,T0,2,0,1.0,10,10
claude46,dd_17929,T0,2,1,1.0,10,10
claude46,dd_17929,T1,1,0,0.0,10,10
claude46,dd_17929,T1,1,1,0.0,10,10
claude46,dd_17929,T1,2,0,1.0,10,10
claude46,dd_17929,T1,2,1,1.0,10,10
claude46,dd_17929,T3,1,0,1.0,10,10
claude46,dd_17929,T3,1,1,1.0,10,10
claude46,dd_17929,T3,2,0,1.0,10,10
claude46,dd_17929,T3,2,1,1.0,10,10
claude46,dd_17929,T5,1,0,0.0,10,10
claude46,dd_17929,T5,1,1,0.0,10,10
claude46,dd_17929,T5,2,0,1.0,10,10
claude46,dd_17929,T5,2,1,1.0,10,10
claude46,dd_17929,T6,1,0,1.0,10,10
claude46,dd_17929,T6,1,1,1.0,10,10
claude46,dd_17929,T6,2,0,1.0,10,10
claude46,dd_17929,T6,2,1,1.0,10,10
claude46,dd_1808,T0,1,0,1.0,10,10
claude46,dd_1808,T0,1,1,1.0,10,10
claude46,dd_1808,T0,2,0,1.0,10,10
claude46,dd_1808,T0,2,1,1.0,10,10
claude46,dd_1808,T1,1,0,1.0,10,10
claude46,dd_1808,T1,1,1,1.0,10,10
claude46,dd_1808,T1,2,0,1.0,10,10
claude46,dd_1808,T1,2,1,1.0,10,10
claude46,dd_1808,T3,1,0,1.0,10,10
claude46,dd_1808,T3,1,1,1.0,10,10
claude46,dd_1808,T3,2,0,1.0,10,10
claude46,dd_1808,T3,2,1,1.0,10,10
claude46,dd_1808,T5,1,0,1.0,10,10
claude46,dd_1808,T5,1,1,1.0,10,10
claude46,dd_1808,T5,2,0,1.0,10,10
claude46,dd_1808,T5,2,1,1.0,10,10
claude46,dd_1808,T6,1,0,0.0,10,10
claude46,dd_1808,T6,1,1,0.0,10,10
claude46,dd_1808,T6,2,0,1.0,10,10
claude46,dd_1808,T6,2,1,1.0,10,10
claude46,dd_1814,T0,1,0,0.0,10,10
claude46,dd_1814,T0,1,1,0.0,10,10
claude46,dd_1814,T0,2,0,0.0,10,10
claude46,dd_1814,T0,2,1,0.0,10,10
claude46,dd_1814,T1,1,0,0.0,10,10
claude46,dd_1814,T1,1,1,0.0,10,10
claude46,dd_1814,T1,2,0,0.0,10,10
claude46,dd_1814,T1,2,1,0.0,10,10
claude46,dd_1814,T3,1,0,0.0,10,10
claude46,dd_1814,T3,1,1,0.0,10,10
claude46,dd_1814,T3,2,0,0.0,10,10
claude46,dd_1814,T3,2,1,0.0,10,10
claude46,dd_1814,T5,1,0,0.0,10,10
claude46,dd_1814,T5,1,1,0.0,10,10
claude46,dd_1814,T5,2,0,0.0,10,10
claude46,dd_1814,T5,2,1,0.0,10,10
claude46,dd_1814,T6,1,0,0.0,10,10
claude46,dd_1814,T6,1,1,0.0,10,10
claude46,dd_1814,T6,2,0,0.0,10,10
claude46,dd_1814,T6,2,1,0.0,10,10
claude46,dd_18223,T0,1,0,1.0,10,10
claude46,dd_18223,T0,1,1,1.0,10,10
claude46,dd_18223,T0,2,0,1.0,10,10
claude46,dd_18223,T0,2,1,1.0,10,10
claude46,dd_18223,T1,1,0,1.0,10,10
claude46,dd_18223,T1,1,1,1.0,10,10
claude46,dd_18223,T1,2,0,0.9,10,10
claude46,dd_18223,T1,2,1,0.8,10,10
claude46,dd_18223,T3,1,0,1.0,10,10
claude46,dd_18223,T3,1,1,1.0,10,10
claude46,dd_18223,T3,2,0,0.0,10,10
claude46,dd_18223,T3,2,1,0.0,10,10
claude46,dd_18223,T5,1,0,1.0,10,10
claude46,dd_18223,T5,1,1,1.0,10,10
claude46,dd_18223,T5,2,0,1.0,10,10
claude46,dd_18223,T5,2,1,1.0,10,10
claude46,dd_18223,T6,1,0,1.0,10,10
claude46,dd_18223,T6,1,1,1.0,10,10
claude46,dd_18223,T6,2,0,1.0,10,10
claude46,dd_18223,T6,2,1,1.0,10,10
claude46,dd_18643,T0,1,0,1.0,10,10
claude46,dd_18643,T0,1,1,1.0,10,10
claude46,dd_18643,T0,2,0,1.0,10,10
claude46,dd_18643,T0,2,1,1.0,10,10
claude46,dd_18643,T1,1,0,1.0,10,10
claude46,dd_18643,T1,1,1,1.0,10,10
claude46,dd_18643,T1,2,0,1.0,10,10
claude46,dd_18643,T1,2,1,1.0,10,10
claude46,dd_18643,T3,1,0,1.0,10,10
claude46,dd_18643,T3,1,1,1.0,10,10
claude46,dd_18643,T3,2,0,1.0,10,10
claude46,dd_18643,T3,2,1,1.0,10,10
claude46,dd_18643,T5,1,0,1.0,10,10
claude46,dd_18643,T5,1,1,1.0,10,10
claude46,dd_18643,T5,2,0,1.0,10,10
claude46,dd_18643,T5,2,1,1.0,10,10
claude46,dd_18643,T6,1,0,1.0,10,10
claude46,dd_18643,T6,1,1,1.0,10,10
claude46,dd_18643,T6,2,0,1.0,10,10
claude46,dd_18643,T6,2,1,1.0,10,10
claude46,dd_18670,T0,1,0,0.0,10,10
claude46,dd_18670,T0,1,1,0.0,10,10
claude46,dd_18670,T0,2,0,1.0,10,10
claude46,dd_18670,T0,2,1,1.0,10,10
claude46,dd_18670,T1,1,0,0.0,10,10
claude46,dd_18670,T1,1,1,0.0,10,10
claude46,dd_18670,T1,2,0,0.0,10,10
claude46,dd_18670,T1,2,1,0.0,10,10
claude46,dd_18670,T3,1,0,0.1,10,10
claude46,dd_18670,T3,1,1,0.3,10,10
claude46,dd_18670,T3,2,0,1.0,10,10
claude46,dd_18670,T3,2,1,1.0,10,10
claude46,dd_18670,T5,1,0,0.0,10,10
claude46,dd_18670,T5,1,1,0.0,10,10
claude46,dd_18670,T5,2,0,0.0,10,10
claude46,dd_18670,T5,2,1,0.0,10,10
claude46,dd_18670,T6,1,0,0.0,10,10
claude46,dd_18670,T6,1,1,0.0,10,10
claude46,dd_18670,T6,2,0,0.0,10,10
claude46,dd_18670,T6,2,1,0.0,10,10
claude46,dd_2081,T0,1,0,1.0,10,10
claude46,dd_2081,T0,1,1,1.0,10,10
claude46,dd_2081,T0,2,0,1.0,10,10
claude46,dd_2081,T0,2,1,1.0,10,10
claude46,dd_2081,T1,1,0,1.0,10,10
claude46,dd_2081,T1,1,1,1.0,10,10
claude46,dd_2081,T1,2,0,1.0,10,10
claude46,dd_2081,T1,2,1,1.0,10,10
claude46,dd_2081,T3,1,0,1.0,10,10
claude46,dd_2081,T3,1,1,1.0,10,10
claude46,dd_2081,T3,2,0,1.0,10,10
claude46,dd_2081,T3,2,1,1.0,10,10
claude46,dd_2081,T5,1,0,1.0,10,10
claude46,dd_2081,T5,1,1,1.0,10,10
claude46,dd_2081,T5,2,0,1.0,10,10
claude46,dd_2081,T5,2,1,1.0,10,10
claude46,dd_2081,T6,1,0,1.0,10,10
claude46,dd_2081,T6,1,1,1.0,10,10
claude46,dd_2081,T6,2,0,1.0,10,10
claude46,dd_2081,T6,2,1,1.0,10,10
claude46,dd_21158,T0,1,0,1.0,10,10
claude46,dd_21158,T0,1,1,1.0,10,10
claude46,dd_21158,T0,2,0,1.0,10,10
claude46,dd_21158,T0,2,1,1.0,10,10
claude46,dd_21158,T1,1,0,1.0,10,10
claude46,dd_21158,T1,1,1,1.0,10,10
claude46,dd_21158,T1,2,0,1.0,10,10
claude46,dd_21158,T1,2,1,1.0,10,10
claude46,dd_21158,T3,1,0,1.0,10,10
claude46,dd_21158,T3,1,1,1.0,10,10
claude46,dd_21158,T3,2,0,1.0,10,10
claude46,dd_21158,T3,2,1,1.0,10,10
claude46,dd_21158,T5,1,0,1.0,10,10
claude46,dd_21158,T5,1,1,1.0,10,10
claude46,dd_21158,T5,2,0,1.0,10,10
claude46,dd_21158,T5,2,1,1.0,10,10
claude46,dd_21158,T6,1,0,1.0,10,10
claude46,dd_21158,T6,1,1,1.0,10,10
claude46,dd_21158,T6,2,0,1.0,10,10
claude46,dd_21158,T6,2,1,1.0,10,10
claude46,dd_21629,T0,1,0,1.0,10,10
claude46,dd_21629,T0,1,1,1.0,10,10
claude46,dd_21629,T0,2,0,1.0,10,10
claude46,dd_21629,T0,2,1,1.0,10,10
claude46,dd_21629,T1,1,0,1.0,10,10
claude46,dd_21629,T1,1,1,1.0,10,10
claude46,dd_21629,T1,2,0,1.0,10,10
claude46,dd_21629,T1,2,1,1.0,10,10
claude46,dd_21629,T3,1,0,1.0,10,10
claude46,dd_21629,T3,1,1,1.0,10,10
claude46,dd_21629,T3,2,0,1.0,10,10
claude46,dd_21629,T3,2,1,1.0,10,10
claude46,dd_21629,T5,1,0,1.0,10,10
claude46,dd_21629,T5,1,1,1.0,10,10
claude46,dd_21629,T5,2,0,1.0,10,10
claude46,dd_21629,T5,2,1,1.0,10,10
claude46,dd_21629,T6,1,0,1.0,10,10
claude46,dd_21629,T6,1,1,1.0,10,10
claude46,dd_21629,T6,2,0,1.0,10,10
claude46,dd_21629,T6,2,1,1.0,10,10
claude46,dd_21630,T0,1,0,0.0,10,10
claude46,dd_21630,T0,1,1,0.0,10,10
claude46,dd_21630,T0,2,0,0.0,10,10
claude46,dd_21630,T0,2,1,0.0,10,10
claude46,dd_21630,T1,1,0,0.0,10,10
claude46,dd_21630,T1,1,1,0.0,10,10
claude46,dd_21630,T1,2,0,0.0,10,10
claude46,dd_21630,T1,2,1,0.0,10,10
claude46,dd_21630,T3,1,0,0.0,10,10
claude46,dd_21630,T3,1,1,0.0,10,10
claude46,dd_21630,T3,2,0,0.0,10,10
claude46,dd_21630,T3,2,1,0.0,10,10
claude46,dd_21630,T5,1,0,0.0,10,10
claude46,dd_21630,T5,1,1,0.0,10,10
claude46,dd_21630,T5,2,0,0.0,10,10
claude46,dd_21630,T5,2,1,0.0,10,10
claude46,dd_21630,T6,1,0,0.0,10,10
claude46,dd_21630,T6,1,1,0.0,10,10
claude46,dd_21630,T6,2,0,0.0,10,10
claude46,dd_21630,T6,2,1,0.0,10,10
claude46,dd_22819,T0,1,0,0.0,10,10
claude46,dd_22819,T0,1,1,0.0,10,10
claude46,dd_22819,T0,2,0,0.0,10,10
claude46,dd_22819,T0,2,1,0.0,10,10
claude46,dd_22819,T1,1,0,0.0,10,10
claude46,dd_22819,T1,1,1,0.0,10,10
claude46,dd_22819,T1,2,0,0.0,10,10
claude46,dd_22819,T1,2,1,0.0,10,10
claude46,dd_22819,T3,1,0,0.0,10,10
claude46,dd_22819,T3,1,1,0.0,10,10
claude46,dd_22819,T3,2,0,0.0,10,10
claude46,dd_22819,T3,2,1,0.0,10,10
claude46,dd_22819,T5,1,0,0.0,10,10
claude46,dd_22819,T5,1,1,0.0,10,10
claude46,dd_22819,T5,2,0,0.0,10,10
claude46,dd_22819,T5,2,1,0.0,10,10
claude46,dd_22819,T6,1,0,0.0,10,10
claude46,dd_22819,T6,1,1,0.0,10,10
claude46,dd_22819,T6,2,0,0.0,10,10
claude46,dd_22819,T6,2,1,0.0,10,10
claude46,dd_23534,T0,1,0,1.0,10,10
claude46,dd_23534,T0,1,1,1.0,10,10
claude46,dd_23534,T0,2,0,1.0,10,10
claude46,dd_23534,T0,2,1,1.0,10,10
claude46,dd_23534,T1,1,0,1.0,10,10
claude46,dd_23534,T1,1,1,1.0,10,10
claude46,dd_23534,T1,2,0,1.0,10,10
claude46,dd_23534,T1,2,1,1.0,10,10
claude46,dd_23534,T3,1,0,1.0,10,10
claude46,dd_23534,T3,1,1,1.0,10,10
claude46,dd_23534,T3,2,0,1.0,10,10
claude46,dd_23534,T3,2,1,1.0,10,10
claude46,dd_23534,T5,1,0,1.0,10,10
claude46,dd_23534,T5,1,1,1.0,10,10
claude46,dd_23534,T5,2,0,1.0,10,10
claude46,dd_23534,T5,2,1,1.0,10,10
claude46,dd_23534,T6,1,0,1.0,10,10
claude46,dd_23534,T6,1,1,1.0,10,10
claude46,dd_23534,T6,2,0,1.0,10,10
claude46,dd_23534,T6,2,1,1.0,10,10
claude46,dd_24260,T0,1,0,0.0,10,10
claude46,dd_24260,T0,1,1,0.0,10,10
claude46,dd_24260,T0,2,0,0.0,10,10
claude46,dd_24260,T0,2,1,0.0,10,10
claude46,dd_24260,T1,1,0,1.0,10,10
claude46,dd_24260,T1,1,1,1.0,10,10
claude46,dd_24260,T1,2,0,0.3,10,10
claude46,dd_24260,T1,2,1,0.2,10,10
claude46,dd_24260,T3,1,0,1.0,10,10
claude46,dd_24260,T3,1,1,1.0,10,10
claude46,dd_24260,T3,2,0,1.0,10,10
claude46,dd_24260,T3,2,1,1.0,10,10
claude46,dd_24260,T5,1,0,1.0,10,10
claude46,dd_24260,T5,1,1,1.0,10,10
claude46,dd_24260,T5,2,0,1.0,10,10
claude46,dd_24260,T5,2,1,1.0,10,10
claude46,dd_24260,T6,1,0,1.0,10,10
claude46,dd_24260,T6,1,1,1.0,10,10
claude46,dd_24260,T6,2,0,0.2,10,10
claude46,dd_24260,T6,2,1,0.1,10,10
claude46,dd_24405,T0,1,0,0.0,10,10
claude46,dd_24405,T0,1,1,0.0,10,10
claude46,dd_24405,T0,2,0,0.0,10,10
claude46,dd_24405,T0,2,1,0.0,10,10
claude46,dd_24405,T1,1,0,0.0,10,10
claude46,dd_24405,T1,1,1,0.0,10,10
claude46,dd_24405,T1,2,0,0.0,10,10
claude46,dd_24405,T1,2,1,0.0,10,10
claude46,dd_24405,T3,1,0,0.0,10,10
claude46,dd_24405,T3,1,1,0.0,10,10
claude46,dd_24405,T3,2,0,0.0,10,10
claude46,dd_24405,T3,2,1,0.0,10,10
claude46,dd_24405,T5,1,0,0.0,10,10
claude46,dd_24405,T5,1,1,0.0,10,10
claude46,dd_24405,T5,2,0,0.0,10,10
claude46,dd_24405,T5,2,1,0.0,10,10
claude46,dd_24405,T6,1,0,0.0,10,10
claude46,dd_24405,T6,1,1,0.0,10,10
claude46,dd_24405,T6,2,0,0.0,10,10
claude46,dd_24405,T6,2,1,0.0,10,10
claude46,dd_24975,T0,1,0,1.0,10,10
claude46,dd_24975,T0,1,1,1.0,10,10
claude46,dd_24975,T0,2,0,1.0,10,10
claude46,dd_24975,T0,2,1,1.0,10,10
claude46,dd_24975,T1,1,0,1.0,10,10
claude46,dd_24975,T1,1,1,1.0,10,10
claude46,dd_24975,T1,2,0,1.0,10,10
claude46,dd_24975,T1,2,1,1.0,10,10
claude46,dd_24975,T3,1,0,1.0,10,10
claude46,dd_24975,T3,1,1,1.0,10,10
claude46,dd_24975,T3,2,0,1.0,10,10
claude46,dd_24975,T3,2,1,1.0,10,10
claude46,dd_24975,T5,1,0,1.0,10,10
claude46,dd_24975,T5,1,1,1.0,10,10
claude46,dd_24975,T5,2,0,1.0,10,10
claude46,dd_24975,T5,2,1,1.0,10,10
claude46,dd_24975,T6,1,0,1.0,10,10
claude46,dd_24975,T6,1,1,1.0,10,10
claude46,dd_24975,T6,2,0,1.0,10,10
claude46,dd_24975,T6,2,1,1.0,10,10
claude46,dd_25137,T0,1,0,1.0,10,10
claude46,dd_25137,T0,1,1,1.0,10,10
claude46,dd_25137,T0,2,0,1.0,10,10
claude46,dd_25137,T0,2,1,1.0,10,10
claude46,dd_25137,T1,1,0,1.0,10,10
claude46,dd_25137,T1,1,1,1.0,10,10
claude46,dd_25137,T1,2,0,1.0,10,10
claude46,dd_25137,T1,2,1,1.0,10,10
claude46,dd_25137,T3,1,0,1.0,10,10
claude46,dd_25137,T3,1,1,1.0,10,10
claude46,dd_25137,T3,2,0,1.0,10,10
claude46,dd_25137,T3,2,1,1.0,10,10
claude46,dd_25137,T5,1,0,1.0,10,10
claude46,dd_25137,T5,1,1,1.0,10,10
claude46,dd_25137,T5,2,0,1.0,10,10
claude46,dd_25137,T5,2,1,1.0,10,10
claude46,dd_25137,T6,1,0,1.0,10,10
claude46,dd_25137,T6,1,1,1.0,10,10
claude46,dd_25137,T6,2,0,1.0,10,10
claude46,dd_25137,T6,2,1,1.0,10,10
claude46,dd_25302,T0,1,0,0.0,10,10
claude46,dd_25302,T0,1,1,0.0,10,10
claude46,dd_25302,T0,2,0,0.0,10,10
claude46,dd_25302,T0,2,1,0.0,10,10
claude46,dd_25302,T1,1,0,0.0,10,10
claude46,dd_25302,T1,1,1,0.0,10,10
claude46,dd_25302,T1,2,0,0.0,10,10
claude46,dd_25302,T1,2,1,0.0,10,10
claude46,dd_25302,T3,1,0,0.0,10,10
claude46,dd_25302,T3,1,1,0.0,10,10
claude46,dd_25302,T3,2,0,0.0,10,10
claude46,dd_25302,T3,2,1,0.0,10,10
claude46,dd_25302,T5,1,0,0.0,10,10
claude46,dd_25302,T5,1,1,0.0,10,10
claude46,dd_25302,T5,2,0,0.0,10,10
claude46,dd_25302,T5,2,1,0.0,10,10
claude46,dd_25302,T6,1,0,0.0,10,10
claude46,dd_25302,T6,1,1,0.0,10,10
claude46,dd_25302,T6,2,0,0.0,10,10
claude46,dd_25302,T6,2,1,0.0,10,10
claude46,dd_25868,T0,1,0,1.0,10,10
claude46,dd_25868,T0,1,1,1.0,10,10
claude46,dd_25868,T0,2,0,1.0,10,10
claude46,dd_25868,T0,2,1,1.0,10,10
claude46,dd_25868,T1,1,0,1.0,10,10
claude46,dd_25868,T1,1,1,1.0,10,10
claude46,dd_25868,T1,2,0,1.0,10,10
claude46,dd_25868,T1,2,1,1.0,10,10
claude46,dd_25868,T3,1,0,1.0,10,10
claude46,dd_25868,T3,1,1,1.0,10,10
claude46,dd_25868,T3,2,0,1.0,10,10
claude46,dd_25868,T3,2,1,1.0,10,10
claude46,dd_25868,T5,1,0,1.0,10,10
claude46,dd_25868,T5,1,1,1.0,10,10
claude46,dd_25868,T5,2,0,1.0,10,10
claude46,dd_25868,T5,2,1,1.0,10,10
claude46,dd_25868,T6,1,0,1.0,10,10
claude46,dd_25868,T6,1,1,1.0,10,10
claude46,dd_25868,T6,2,0,1.0,10,10
claude46,dd_25868,T6,2,1,1.0,10,10
claude46,dd_26178,T0,1,0,0.0,10,10
claude46,dd_26178,T0,1,1,0.0,10,10
claude46,dd_26178,T0,2,0,0.0,10,10
claude46,dd_26178,T0,2,1,0.0,10,10
claude46,dd_26178,T1,1,0,0.0,10,10
claude46,dd_26178,T1,1,1,0.0,10,10
claude46,dd_26178,T1,2,0,0.0,10,10
claude46,dd_26178,T1,2,1,0.0,10,10
claude46,dd_26178,T3,1,0,0.0,10,10
claude46,dd_26178,T3,1,1,0.0,10,10
claude46,dd_26178,T3,2,0,0.0,10,10
claude46,dd_26178,T3,2,1,0.0,10,10
claude46,dd_26178,T5,1,0,0.0,10,10
claude46,dd_26178,T5,1,1,0.0,10,10
claude46,dd_26178,T5,2,0,0.0,10,10
claude46,dd_26178,T5,2,1,0.0,10,10
claude46,dd_26178,T6,1,0,0.0,10,10
claude46,dd_26178,T6,1,1,0.0,10,10
claude46,dd_26178,T6,2,0,0.0,10,10
claude46,dd_26178,T6,2,1,0.0,10,10
claude46,dd_26321,T0,1,0,1.0,10,10
claude46,dd_26321,T0,1,1,1.0,10,10
claude46,dd_26321,T0,2,0,1.0,10,10
claude46,dd_26321,T0,2,1,1.0,10,10
claude46,dd_26321,T1,1,0,1.0,10,10
claude46,dd_26321,T1,1,1,1.0,10,10
claude46,dd_26321,T1,2,0,1.0,10,10
claude46,dd_26321,T1,2,1,1.0,10,10
claude46,dd_26321,T3,1,0,1.0,10,10
claude46,dd_26321,T3,1,1,1.0,10,10
claude46,dd_26321,T3,2,0,1.0,10,10
claude46,dd_26321,T3,2,1,1.0,10,10
claude46,dd_26321,T5,1,0,1.0,10,10
claude46,dd_26321,T5,1,1,1.0,10,10
claude46,dd_26321,T5,2,0,1.0,10,10
claude46,dd_26321,T5,2,1,1.0,10,10
claude46,dd_26321,T6,1,0,1.0,10,10
claude46,dd_26321,T6,1,1,1.0,10,10
claude46,dd_26321,T6,2,0,1.0,10,10
claude46,dd_26321,T6,2,1,1.0,10,10
claude46,dd_27524,T0,1,0,0.0,10,10
claude46,dd_27524,T0,1,1,0.0,10,10
claude46,dd_27524,T0,2,0,0.0,10,10
claude46,dd_27524,T0,2,1,0.0,10,10
claude46,dd_27524,T1,1,0,0.0,10,10
claude46,dd_27524,T1,1,1,0.0,10,10
claude46,dd_27524,T1,2,0,0.0,10,10
claude46,dd_27524,T1,2,1,0.0,10,10
claude46,dd_27524,T3,1,0,0.0,10,10
claude46,dd_27524,T3,1,1,0.0,10,10
claude46,dd_27524,T3,2,0,0.0,10,10
claude46,dd_27524,T3,2,1,0.0,10,10
claude46,dd_27524,T5,1,0,0.0,10,10
claude46,dd_27524,T5,1,1,0.0,10,10
claude46,dd_27524,T5,2,0,0.0,10,10
claude46,dd_27524,T5,2,1,0.0,10,10
claude46,dd_27524,T6,1,0,0.0,10,10
claude46,dd_27524,T6,1,1,0.0,10,10
claude46,dd_27524,T6,2,0,0.0,10,10
claude46,dd_27524,T6,2,1,0.0,10,10
claude46,dd_27558,T0,1,0,0.0,10,10
claude46,dd_27558,T0,1,1,0.0,10,10
claude46,dd_27558,T0,2,0,0.0,10,10
claude46,dd_27558,T0,2,1,0.0,10,10
claude46,dd_27558,T1,1,0,0.0,10,10
claude46,dd_27558,T1,1,1,0.0,10,10
claude46,dd_27558,T1,2,0,0.0,10,10
claude46,dd_27558,T1,2,1,0.0,10,10
claude46,dd_27558,T3,1,0,0.0,10,10
claude46,dd_27558,T3,1,1,0.0,10,10
claude46,dd_27558,T3,2,0,0.0,10,10
claude46,dd_27558,T3,2,1,0.0,10,10
claude46,dd_27558,T5,1,0,0.0,10,10
claude46,dd_27558,T5,1,1,0.0,10,10
claude46,dd_27558,T5,2,0,0.0,10,10
claude46,dd_27558,T5,2,1,0.0,10,10
claude46,dd_27558,T6,1,0,0.0,10,10
claude46,dd_27558,T6,1,1,0.0,10,10
claude46,dd_27558,T6,2,0,0.0,10,10
claude46,dd_27558,T6,2,1,0.0,10,10
claude46,dd_28814,T0,1,0,0.0,10,10
claude46,dd_28814,T0,1,1,0.0,10,10
claude46,dd_28814,T0,2,0,0.0,10,10
claude46,dd_28814,T0,2,1,0.0,10,10
claude46,dd_28814,T1,1,0,0.0,10,10
claude46,dd_28814,T1,1,1,0.0,10,10
claude46,dd_28814,T1,2,0,0.0,10,10
claude46,dd_28814,T1,2,1,0.0,10,10
claude46,dd_28814,T3,1,0,0.0,10,10
claude46,dd_28814,T3,1,1,0.0,10,10
claude46,dd_28814,T3,2,0,0.0,10,10
claude46,dd_28814,T3,2,1,0.0,10,10
claude46,dd_28814,T5,1,0,0.0,10,10
claude46,dd_28814,T5,1,1,0.0,10,10
claude46,dd_28814,T5,2,0,0.0,10,10
claude46,dd_28814,T5,2,1,0.0,10,10
claude46,dd_28814,T6,1,0,0.0,10,10
claude46,dd_28814,T6,1,1,0.0,10,10
claude46,dd_28814,T6,2,0,0.0,10,10
claude46,dd_28814,T6,2,1,0.0,10,10
claude46,dd_29454,T0,1,0,0.0,10,10
claude46,dd_29454,T0,1,1,0.0,10,10
claude46,dd_29454,T0,2,0,0.0,10,10
claude46,dd_29454,T0,2,1,0.0,10,10
claude46,dd_29454,T1,1,0,0.0,10,10
claude46,dd_29454,T1,1,1,0.0,10,10
claude46,dd_29454,T1,2,0,0.0,10,10
claude46,dd_29454,T1,2,1,0.0,10,10
claude46,dd_29454,T3,1,0,,0,10
claude46,dd_29454,T3,1,1,,0,10
claude46,dd_29454,T3,2,0,,0,10
claude46,dd_29454,T3,2,1,,0,10
claude46,dd_29454,T5,1,0,0.0,10,10
claude46,dd_29454,T5,1,1,0.0,10,10
claude46,dd_29454,T5,2,0,0.0,10,10
claude46,dd_29454,T5,2,1,0.0,10,10
claude46,dd_29454,T6,1,0,0.0,10,10
claude46,dd_29454,T6,1,1,0.0,10,10
claude46,dd_29454,T6,2,0,0.0,10,10
claude46,dd_29454,T6,2,1,0.0,10,10
claude46,dd_29978,T0,1,0,1.0,10,10
claude46,dd_29978,T0,1,1,1.0,10,10
claude46,dd_29978,T0,2,0,0.8,10,10
claude46,dd_29978,T0,2,1,0.3,10,10
claude46,dd_29978,T1,1,0,1.0,10,10
claude46,dd_29978,T1,1,1,1.0,10,10
claude46,dd_29978,T1,2,0,0.0,10,10
claude46,dd_29978,T1,2,1,0.0,10,10
claude46,dd_29978,T3,1,0,1.0,10,10
claude46,dd_29978,T3,1,1,1.0,10,10
claude46,dd_29978,T3,2,0,0.0,10,10
claude46,dd_29978,T3,2,1,0.0,10,10
claude46,dd_29978,T5,1,0,1.0,10,10
claude46,dd_29978,T5,1,1,1.0,10,10
claude46,dd_29978,T5,2,0,0.0,10,10
claude46,dd_29978,T5,2,1,0.0,10,10
claude46,dd_29978,T6,1,0,0.0,10,10
claude46,dd_29978,T6,1,1,0.0,10,10
claude46,dd_29978,T6,2,0,0.0,10,10
claude46,dd_29978,T6,2,1,0.0,10,10
claude46,dd_30131,T0,1,0,0.0,10,10
claude46,dd_30131,T0,1,1,0.0,10,10
claude46,dd_30131,T0,2,0,0.0,10,10
claude46,dd_30131,T0,2,1,0.0,10,10
claude46,dd_30131,T1,1,0,0.0,10,10
claude46,dd_30131,T1,1,1,0.0,10,10
claude46,dd_30131,T1,2,0,0.0,10,10
claude46,dd_30131,T1,2,1,0.0,10,10
claude46,dd_30131,T3,1,0,0.0,10,10
claude46,dd_30131,T3,1,1,0.0,10,10
claude46,dd_30131,T3,2,0,0.0,10,10
claude46,dd_30131,T3,2,1,0.0,10,10
claude46,dd_30131,T5,1,0,0.0,10,10
claude46,dd_30131,T5,1,1,0.0,10,10
claude46,dd_30131,T5,2,0,0.0,10,10
claude46,dd_30131,T5,2,1,0.0,10,10
claude46,dd_30131,T6,1,0,0.0,10,10
claude46,dd_30131,T6,1,1,0.0,10,10
claude46,dd_30131,T6,2,0,0.0,10,10
claude46,dd_30131,T6,2,1,0.0,10,10
claude46,dd_30899,T0,1,0,1.0,10,10
claude46,dd_30899,T0,1,1,1.0,10,10
claude46,dd_30899,T0,2,0,1.0,10,10
claude46,dd_30899,T0,2,1,1.0,10,10
claude46,dd_30899,T1,1,0,1.0,10,10
claude46,dd_30899,T1,1,1,1.0,10,10
claude46,dd_30899,T1,2,0,1.0,10,10
claude46,dd_30899,T1,2,1,1.0,10,10
claude46,dd_30899,T3,1,0,1.0,10,10
claude46,dd_30899,T3,1,1,1.0,10,10
claude46,dd_30899,T3,2,0,1.0,10,10
claude46,dd_30899,T3,2,1,1.0,10,10
claude46,dd_30899,T5,1,0,1.0,10,10
claude46,dd_30899,T5,1,1,1.0,10,10
claude46,dd_30899,T5,2,0,1.0,10,10
claude46,dd_30899,T5,2,1,1.0,10,10
claude46,dd_30899,T6,1,0,1.0,10,10
claude46,dd_30899,T6,1,1,1.0,10,10
claude46,dd_30899,T6,2,0,1.0,10,10
claude46,dd_30899,T6,2,1,1.0,10,10
claude46,dd_31129,T0,1,0,0.0,10,10
claude46,dd_31129,T0,1,1,0.0,10,10
claude46,dd_31129,T0,2,0,0.0,10,10
claude46,dd_31129,T0,2,1,0.0,10,10
claude46,dd_31129,T1,1,0,0.0,10,10
claude46,dd_31129,T1,1,1,0.0,10,10
claude46,dd_31129,T1,2,0,0.0,10,10
claude46,dd_31129,T1,2,1,0.0,10,10
claude46,dd_31129,T3,1,0,0.0,10,10
claude46,dd_31129,T3,1,1,0.0,10,10
claude46,dd_31129,T3,2,0,0.0,10,10
claude46,dd_31129,T3,2,1,0.0,10,10
claude46,dd_31129,T5,1,0,0.0,10,10
claude46,dd_31129,T5,1,1,0.0,10,10
claude46,dd_31129,T5,2,0,0.0,10,10
claude46,dd_31129,T5,2,1,0.0,10,10
claude46,dd_31129,T6,1,0,0.0,10,10
claude46,dd_31129,T6,1,1,0.0,10,10
claude46,dd_31129,T6,2,0,0.0,10,10
claude46,dd_31129,T6,2,1,0.0,10,10
claude46,dd_32872,T0,1,0,0.0,10,10
claude46,dd_32872,T0,1,1,0.0,10,10
claude46,dd_32872,T0,2,0,0.0,10,10
claude46,dd_32872,T0,2,1,0.0,10,10
claude46,dd_32872,T1,1,0,0.0,10,10
claude46,dd_32872,T1,1,1,0.0,10,10
claude46,dd_32872,T1,2,0,0.0,10,10
claude46,dd_32872,T1,2,1,0.0,10,10
claude46,dd_32872,T3,1,0,0.0,10,10
claude46,dd_32872,T3,1,1,0.0,10,10
claude46,dd_32872,T3,2,0,0.0,10,10
claude46,dd_32872,T3,2,1,0.0,10,10
claude46,dd_32872,T5,1,0,0.0,10,10
claude46,dd_32872,T5,1,1,0.0,10,10
claude46,dd_32872,T5,2,0,0.0,10,10
claude46,dd_32872,T5,2,1,0.0,10,10
claude46,dd_32872,T6,1,0,0.0,10,10
claude46,dd_32872,T6,1,1,0.0,10,10
claude46,dd_32872,T6,2,0,0.0,10,10
claude46,dd_32872,T6,2,1,0.0,10,10
claude46,dd_33618,T0,1,0,0.0,10,10
claude46,dd_33618,T0,1,1,0.0,10,10
claude46,dd_33618,T0,2,0,0.0,10,10
claude46,dd_33618,T0,2,1,0.0,10,10
claude46,dd_33618,T1,1,0,1.0,10,10
claude46,dd_33618,T1,1,1,1.0,10,10
claude46,dd_33618,T1,2,0,1.0,10,10
claude46,dd_33618,T1,2,1,1.0,10,10
claude46,dd_33618,T3,1,0,0.0,10,10
claude46,dd_33618,T3,1,1,0.0,10,10
claude46,dd_33618,T3,2,0,0.0,10,10
claude46,dd_33618,T3,2,1,0.0,10,10
claude46,dd_33618,T5,1,0,1.0,10,10
claude46,dd_33618,T5,1,1,1.0,10,10
claude46,dd_33618,T5,2,0,0.0,10,10
claude46,dd_33618,T5,2,1,0.0,10,10
claude46,dd_33618,T6,1,0,0.0,10,10
claude46,dd_33618,T6,1,1,0.0,10,10
claude46,dd_33618,T6,2,0,0.0,10,10
claude46,dd_33618,T6,2,1,0.0,10,10
claude46,dd_34148,T0,1,0,0.0,10,10
claude46,dd_34148,T0,1,1,0.0,10,10
claude46,dd_34148,T0,2,0,0.0,10,10
claude46,dd_34148,T0,2,1,0.0,10,10
claude46,dd_34148,T1,1,0,0.0,10,10
claude46,dd_34148,T1,1,1,0.0,10,10
claude46,dd_34148,T1,2,0,0.0,10,10
claude46,dd_34148,T1,2,1,0.0,10,10
claude46,dd_34148,T3,1,0,0.0,10,10
claude46,dd_34148,T3,1,1,0.0,10,10
claude46,dd_34148,T3,2,0,0.0,10,10
claude46,dd_34148,T3,2,1,0.0,10,10
claude46,dd_34148,T5,1,0,0.0,10,10
claude46,dd_34148,T5,1,1,0.0,10,10
claude46,dd_34148,T5,2,0,0.0,10,10
claude46,dd_34148,T5,2,1,0.0,10,10
claude46,dd_34148,T6,1,0,0.0,10,10
claude46,dd_34148,T6,1,1,0.0,10,10
claude46,dd_34148,T6,2,0,0.0,10,10
claude46,dd_34148,T6,2,1,0.0,10,10
claude46,dd_34460,T0,1,0,0.0,10,10
claude46,dd_34460,T0,1,1,0.0,10,10
claude46,dd_34460,T0,2,0,0.0,10,10
claude46,dd_34460,T0,2,1,0.0,10,10
claude46,dd_34460,T1,1,0,0.0,10,10
claude46,dd_34460,T1,1,1,0.0,10,10
claude46,dd_34460,T1,2,0,0.0,10,10
claude46,dd_34460,T1,2,1,0.0,10,10
claude46,dd_34460,T3,1,0,0.0,10,10
claude46,dd_34460,T3,1,1,0.0,10,10
claude46,dd_34460,T3,2,0,0.0,10,10
claude46,dd_34460,T3,2,1,0.0,10,10
claude46,dd_34460,T5,1,0,0.0,10,10
claude46,dd_34460,T5,1,1,0.0,10,10
claude46,dd_34460,T5,2,0,0.0,10,10
claude46,dd_34460,T5,2,1,0.0,10,10
claude46,dd_34460,T6,1,0,0.0,10,10
claude46,dd_34460,T6,1,1,0.0,10,10
claude46,dd_34460,T6,2,0,0.0,10,10
claude46,dd_34460,T6,2,1,0.0,10,10
claude46,dd_35732,T0,1,0,0.0,10,10
claude46,dd_35732,T0,1,1,0.0,10,10
claude46,dd_35732,T0,2,0,0.0,10,10
claude46,dd_35732,T0,2,1,0.0,10,10
claude46,dd_35732,T1,1,0,0.0,10,10
claude46,dd_35732,T1,1,1,0.0,10,10
claude46,dd_35732,T1,2,0,0.0,10,10
claude46,dd_35732,T1,2,1,0.0,10,10
claude46,dd_35732,T3,1,0,0.0,10,10
claude46,dd_35732,T3,1,1,0.0,10,10
claude46,dd_35732,T3,2,0,0.0,10,10
claude46,dd_35732,T3,2,1,0.0,10,10
claude46,dd_35732,T5,1,0,0.0,10,10
claude46,dd_35732,T5,1,1,0.0,10,10
claude46,dd_35732,T5,2,0,0.0,10,10
claude46,dd_35732,T5,2,1,0.0,10,10
claude46,dd_35732,T6,1,0,0.0,10,10
claude46,dd_35732,T6,1,1,0.0,10,10
claude46,dd_35732,T6,2,0,0.0,10,10
claude46,dd_35732,T6,2,1,0.0,10,10
claude46,dd_36819,T0,1,0,0.0,10,10
claude46,dd_36819,T0,1,1,0.0,10,10
claude46,dd_36819,T0,2,0,0.0,10,10
claude46,dd_36819,T0,2,1,0.0,10,10
claude46,dd_36819,T1,1,0,0.0,10,10
claude46,dd_36819,T1,1,1,0.0,10,10
claude46,dd_36819,T1,2,0,0.0,10,10
claude46,dd_36819,T1,2,1,0.0,10,10
claude46,dd_36819,T3,1,0,0.0,10,10
claude46,dd_36819,T3,1,1,0.0,10,10
claude46,dd_36819,T3,2,0,0.0,10,10
claude46,dd_36819,T3,2,1,0.0,10,10
claude46,dd_36819,T5,1,0,0.0,10,10
claude46,dd_36819,T5,1,1,0.0,10,10
claude46,dd_36819,T5,2,0,0.0,10,10
claude46,dd_36819,T5,2,1,0.0,10,10
claude46,dd_36819,T6,1,0,0.0,10,10
claude46,dd_36819,T6,1,1,0.0,10,10
claude46,dd_36819,T6,2,0,0.0,10,10
claude46,dd_36819,T6,2,1,0.0,10,10
claude46,dd_37249,T0,1,0,1.0,10,10
claude46,dd_37249,T0,1,1,1.0,10,10
claude46,dd_37249,T0,2,0,1.0,10,10
claude46,dd_37249,T0,2,1,1.0,10,10
claude46,dd_37249,T1,1,0,1.0,10,10
claude46,dd_37249,T1,1,1,1.0,10,10
claude46,dd_37249,T1,2,0,1.0,10,10
claude46,dd_37249,T1,2,1,1.0,10,10
claude46,dd_37249,T3,1,0,1.0,10,10
claude46,dd_37249,T3,1,1,1.0,10,10
claude46,dd_37249,T3,2,0,1.0,10,10
claude46,dd_37249,T3,2,1,1.0,10,10
claude46,dd_37249,T5,1,0,1.0,10,10
claude46,dd_37249,T5,1,1,1.0,10,10
claude46,dd_37249,T5,2,0,1.0,10,10
claude46,dd_37249,T5,2,1,1.0,10,10
claude46,dd_37249,T6,1,0,1.0,10,10
claude46,dd_37249,T6,1,1,1.0,10,10
claude46,dd_37249,T6,2,0,1.0,10,10
claude46,dd_37249,T6,2,1,1.0,10,10
claude46,dd_37490,T0,1,0,1.0,10,10
claude46,dd_37490,T0,1,1,1.0,10,10
claude46,dd_37490,T0,2,0,1.0,10,10
claude46,dd_37490,T0,2,1,1.0,10,10
claude46,dd_37490,T1,1,0,1.0,10,10
claude46,dd_37490,T1,1,1,1.0,10,10
claude46,dd_37490,T1,2,0,1.0,10,10
claude46,dd_37490,T1,2,1,1.0,10,10
claude46,dd_37490,T3,1,0,1.0,10,10
claude46,dd_37490,T3,1,1,1.0,10,10
claude46,dd_37490,T3,2,0,1.0,10,10
claude46,dd_37490,T3,2,1,1.0,10,10
claude46,dd_37490,T5,1,0,1.0,10,10
claude46,dd_37490,T5,1,1,1.0,10,10
claude46,dd_37490,T5,2,0,1.0,10,10
claude46,dd_37490,T5,2,1,1.0,10,10
claude46,dd_37490,T6,1,0,1.0,10,10
claude46,dd_37490,T6,1,1,1.0,10,10
claude46,dd_37490,T6,2,0,1.0,10,10
claude46,dd_37490,T6,2,1,1.0,10,10
claude46,dd_38533,T0,1,0,0.0,10,10
claude46,dd_38533,T0,1,1,0.0,10,10
claude46,dd_38533,T0,2,0,0.0,10,10
claude46,dd_38533,T0,2,1,0.0,10,10
claude46,dd_38533,T1,1,0,0.0,10,10
claude46,dd_38533,T1,1,1,0.0,10,10
claude46,dd_38533,T1,2,0,0.0,10,10
claude46,dd_38533,T1,2,1,0.0,10,10
claude46,dd_38533,T3,1,0,0.0,10,10
claude46,dd_38533,T3,1,1,0.0,10,10
claude46,dd_38533,T3,2,0,0.0,10,10
claude46,dd_38533,T3,2,1,0.0,10,10
claude46,dd_38533,T5,1,0,0.0,10,10
claude46,dd_38533,T5,1,1,0.0,10,10
claude46,dd_38533,T5,2,0,0.0,10,10
claude46,dd_38533,T5,2,1,0.0,10,10
claude46,dd_38533,T6,1,0,0.0,10,10
claude46,dd_38533,T6,1,1,0.0,10,10
claude46,dd_38533,T6,2,0,0.0,10,10
claude46,dd_38533,T6,2,1,0.0,10,10
claude46,dd_39199,T0,1,0,1.0,10,10
claude46,dd_39199,T0,1,1,1.0,10,10
claude46,dd_39199,T0,2,0,1.0,10,10
claude46,dd_39199,T0,2,1,1.0,10,10
claude46,dd_39199,T1,1,0,1.0,10,10
claude46,dd_39199,T1,1,1,1.0,10,10
claude46,dd_39199,T1,2,0,1.0,10,10
claude46,dd_39199,T1,2,1,1.0,10,10
claude46,dd_39199,T3,1,0,1.0,10,10
claude46,dd_39199,T3,1,1,1.0,10,10
claude46,dd_39199,T3,2,0,1.0,10,10
claude46,dd_39199,T3,2,1,1.0,10,10
claude46,dd_39199,T5,1,0,1.0,10,10
claude46,dd_39199,T5,1,1,1.0,10,10
claude46,dd_39199,T5,2,0,1.0,10,10
claude46,dd_39199,T5,2,1,1.0,10,10
claude46,dd_39199,T6,1,0,1.0,10,10
claude46,dd_39199,T6,1,1,1.0,10,10
claude46,dd_39199,T6,2,0,1.0,10,10
claude46,dd_39199,T6,2,1,1.0,10,10
claude46,dd_42860,T0,1,0,0.0,10,10
claude46,dd_42860,T0,1,1,0.0,10,10
claude46,dd_42860,T0,2,0,0.0,10,10
claude46,dd_42860,T0,2,1,0.0,10,10
claude46,dd_42860,T1,1,0,0.0,10,10
claude46,dd_42860,T1,1,1,0.0,10,10
claude46,dd_42860,T1,2,0,0.0,10,10
claude46,dd_42860,T1,2,1,0.0,10,10
claude46,dd_42860,T3,1,0,0.0,10,10
claude46,dd_42860,T3,1,1,0.0,10,10
claude46,dd_42860,T3,2,0,0.0,10,10
claude46,dd_42860,T3,2,1,0.0,10,10
claude46,dd_42860,T5,1,0,0.0,10,10
claude46,dd_42860,T5,1,1,0.0,10,10
claude46,dd_42860,T5,2,0,0.0,10,10
claude46,dd_42860,T5,2,1,0.0,10,10
claude46,dd_42860,T6,1,0,0.0,10,10
claude46,dd_42860,T6,1,1,0.0,10,10
claude46,dd_42860,T6,2,0,0.0,10,10
claude46,dd_42860,T6,2,1,0.0,10,10
claude46,dd_44063,T0,1,0,1.0,10,10
claude46,dd_44063,T0,1,1,1.0,10,10
claude46,dd_44063,T0,2,0,1.0,10,10
claude46,dd_44063,T0,2,1,1.0,10,10
claude46,dd_44063,T1,1,0,1.0,10,10
claude46,dd_44063,T1,1,1,1.0,10,10
claude46,dd_44063,T1,2,0,1.0,10,10
claude46,dd_44063,T1,2,1,1.0,10,10
claude46,dd_44063,T3,1,0,1.0,10,10
claude46,dd_44063,T3,1,1,1.0,10,10
claude46,dd_44063,T3,2,0,1.0,10,10
claude46,dd_44063,T3,2,1,1.0,10,10
claude46,dd_44063,T5,1,0,1.0,10,10
claude46,dd_44063,T5,1,1,1.0,10,10
claude46,dd_44063,T5,2,0,1.0,10,10
claude46,dd_44063,T5,2,1,1.0,10,10
claude46,dd_44063,T6,1,0,1.0,10,10
claude46,dd_44063,T6,1,1,1.0,10,10
claude46,dd_44063,T6,2,0,0.0,10,10
claude46,dd_44063,T6,2,1,0.0,10,10
claude46,dd_44380,T0,1,0,1.0,10,10
claude46,dd_44380,T0,1,1,1.0,10,10
claude46,dd_44380,T0,2,0,1.0,10,10
claude46,dd_44380,T0,2,1,1.0,10,10
claude46,dd_44380,T1,1,0,1.0,10,10
claude46,dd_44380,T1,1,1,1.0,10,10
claude46,dd_44380,T1,2,0,1.0,10,10
claude46,dd_44380,T1,2,1,1.0,10,10
claude46,dd_44380,T3,1,0,1.0,10,10
claude46,dd_44380,T3,1,1,1.0,10,10
claude46,dd_44380,T3,2,0,1.0,10,10
claude46,dd_44380,T3,2,1,1.0,10,10
claude46,dd_44380,T5,1,0,1.0,10,10
claude46,dd_44380,T5,1,1,1.0,10,10
claude46,dd_44380,T5,2,0,1.0,10,10
claude46,dd_44380,T5,2,1,1.0,10,10
claude46,dd_44380,T6,1,0,1.0,10,10
claude46,dd_44380,T6,1,1,1.0,10,10
claude46,dd_44380,T6,2,0,1.0,10,10
claude46,dd_44380,T6,2,1,1.0,10,10
claude46,dd_45938,T0,1,0,0.0,10,10
claude46,dd_45938,T0,1,1,0.0,10,10
claude46,dd_45938,T0,2,0,0.0,10,10
claude46,dd_45938,T0,2,1,0.0,10,10
claude46,dd_45938,T1,1,0,0.0,10,10
claude46,dd_45938,T1,1,1,0.0,10,10
claude46,dd_45938,T1,2,0,0.0,10,10
claude46,dd_45938,T1,2,1,0.0,10,10
claude46,dd_45938,T3,1,0,0.0,10,10
claude46,dd_45938,T3,1,1,0.0,10,10
claude46,dd_45938,T3,2,0,0.0,10,10
claude46,dd_45938,T3,2,1,0.0,10,10
claude46,dd_45938,T5,1,0,0.0,10,10
claude46,dd_45938,T5,1,1,0.0,10,10
claude46,dd_45938,T5,2,0,0.0,10,10
claude46,dd_45938,T5,2,1,0.0,10,10
claude46,dd_45938,T6,1,0,0.0,10,10
claude46,dd_45938,T6,1,1,0.0,10,10
claude46,dd_45938,T6,2,0,0.0,10,10
claude46,dd_45938,T6,2,1,0.0,10,10
claude46,dd_46859,T0,1,0,0.0,10,10
claude46,dd_46859,T0,1,1,0.0,10,10
claude46,dd_46859,T0,2,0,0.0,10,10
claude46,dd_46859,T0,2,1,0.0,10,10
claude46,dd_46859,T1,1,0,0.0,10,10
claude46,dd_46859,T1,1,1,0.0,10,10
claude46,dd_46859,T1,2,0,0.0,10,10
claude46,dd_46859,T1,2,1,0.0,10,10
claude46,dd_46859,T3,1,0,0.0,10,10
claude46,dd_46859,T3,1,1,0.0,10,10
claude46,dd_46859,T3,2,0,0.0,10,10
claude46,dd_46859,T3,2,1,0.0,10,10
claude46,dd_46859,T5,1,0,0.0,10,10
claude46,dd_46859,T5,1,1,0.0,10,10
claude46,dd_46859,T5,2,0,0.0,10,10
claude46,dd_46859,T5,2,1,0.0,10,10
claude46,dd_46859,T6,1,0,0.0,10,10
claude46,dd_46859,T6,1,1,0.0,10,10
claude46,dd_46859,T6,2,0,0.0,10,10
claude46,dd_46859,T6,2,1,0.0,10,10
claude46,dd_47886,T0,1,0,1.0,10,10
claude46,dd_47886,T0,1,1,1.0,10,10
claude46,dd_47886,T0,2,0,1.0,10,10
claude46,dd_47886,T0,2,1,1.0,10,10
claude46,dd_47886,T1,1,0,0.0,10,10
claude46,dd_47886,T1,1,1,0.0,10,10
claude46,dd_47886,T1,2,0,0.0,10,10
claude46,dd_47886,T1,2,1,0.0,10,10
claude46,dd_47886,T3,1,0,0.0,10,10
claude46,dd_47886,T3,1,1,0.0,10,10
claude46,dd_47886,T3,2,0,0.0,10,10
claude46,dd_47886,T3,2,1,0.0,10,10
claude46,dd_47886,T5,1,0,0.0,10,10
claude46,dd_47886,T5,1,1,0.0,10,10
claude46,dd_47886,T5,2,0,0.0,10,10
claude46,dd_47886,T5,2,1,0.0,10,10
claude46,dd_47886,T6,1,0,0.0,10,10
claude46,dd_47886,T6,1,1,0.0,10,10
claude46,dd_47886,T6,2,0,0.0,10,10
claude46,dd_47886,T6,2,1,0.0,10,10
claude46,dd_5570,T0,1,0,1.0,10,10
claude46,dd_5570,T0,1,1,1.0,10,10
claude46,dd_5570,T0,2,0,1.0,10,10
claude46,dd_5570,T0,2,1,1.0,10,10
claude46,dd_5570,T1,1,0,1.0,10,10
claude46,dd_5570,T1,1,1,1.0,10,10
claude46,dd_5570,T1,2,0,1.0,10,10
claude46,dd_5570,T1,2,1,1.0,10,10
claude46,dd_5570,T3,1,0,1.0,10,10
claude46,dd_5570,T3,1,1,1.0,10,10
claude46,dd_5570,T3,2,0,1.0,10,10
claude46,dd_5570,T3,2,1,1.0,10,10
claude46,dd_5570,T5,1,0,1.0,10,10
claude46,dd_5570,T5,1,1,1.0,10,10
claude46,dd_5570,T5,2,0,1.0,10,10
claude46,dd_5570,T5,2,1,1.0,10,10
claude46,dd_5570,T6,1,0,1.0,10,10
claude46,dd_5570,T6,1,1,1.0,10,10
claude46,dd_5570,T6,2,0,1.0,10,10
claude46,dd_5570,T6,2,1,1.0,10,10
claude46,dd_6488,T0,1,0,0.0,10,10
claude46,dd_6488,T0,1,1,0.0,10,10
claude46,dd_6488,T0,2,0,0.0,10,10
claude46,dd_6488,T0,2,1,0.0,10,10
claude46,dd_6488,T1,1,0,0.0,10,10
claude46,dd_6488,T1,1,1,0.0,10,10
claude46,dd_6488,T1,2,0,0.0,10,10
claude46,dd_6488,T1,2,1,0.0,10,10
claude46,dd_6488,T3,1,0,0.0,10,10
claude46,dd_6488,T3,1,1,0.0,10,10
claude46,dd_6488,T3,2,0,0.0,10,10
claude46,dd_6488,T3,2,1,0.0,10,10
claude46,dd_6488,T5,1,0,0.0,10,10
claude46,dd_6488,T5,1,1,0.0,10,10
claude46,dd_6488,T5,2,0,0.0,10,10
claude46,dd_6488,T5,2,1,0.0,10,10
claude46,dd_6488,T6,1,0,0.0,10,10
claude46,dd_6488,T6,1,1,0.0,10,10
claude46,dd_6488,T6,2,0,0.0,10,10
claude46,dd_6488,T6,2,1,0.0,10,10
claude46,dd_6826,T0,1,0,1.0,10,10
claude46,dd_6826,T0,1,1,1.0,10,10
claude46,dd_6826,T0,2,0,1.0,10,10
claude46,dd_6826,T0,2,1,1.0,10,10
claude46,dd_6826,T1,1,0,1.0,10,10
claude46,dd_6826,T1,1,1,1.0,10,10
claude46,dd_6826,T1,2,0,1.0,10,10
claude46,dd_6826,T1,2,1,1.0,10,10
claude46,dd_6826,T3,1,0,1.0,10,10
claude46,dd_6826,T3,1,1,1.0,10,10
claude46,dd_6826,T3,2,0,1.0,10,10
claude46,dd_6826,T3,2,1,1.0,10,10
claude46,dd_6826,T5,1,0,1.0,10,10
claude46,dd_6826,T5,1,1,1.0,10,10
claude46,dd_6826,T5,2,0,1.0,10,10
claude46,dd_6826,T5,2,1,1.0,10,10
claude46,dd_6826,T6,1,0,1.0,10,10
claude46,dd_6826,T6,1,1,1.0,10,10
claude46,dd_6826,T6,2,0,1.0,10,10
claude46,dd_6826,T6,2,1,1.0,10,10
claude46,dd_6868,T0,1,0,1.0,10,10
claude46,dd_6868,T0,1,1,1.0,10,10
claude46,dd_6868,T0,2,0,1.0,10,10
claude46,dd_6868,T0,2,1,1.0,10,10
claude46,dd_6868,T1,1,0,0.0,10,10
claude46,dd_6868,T1,1,1,0.0,10,10
claude46,dd_6868,T1,2,0,0.0,10,10
claude46,dd_6868,T1,2,1,0.0,10,10
claude46,dd_6868,T3,1,0,0.0,10,10
claude46,dd_6868,T3,1,1,0.0,10,10
claude46,dd_6868,T3,2,0,0.0,10,10
claude46,dd_6868,T3,2,1,0.2,10,10
claude46,dd_6868,T5,1,0,0.0,10,10
claude46,dd_6868,T5,1,1,0.0,10,10
claude46,dd_6868,T5,2,0,0.0,10,10
claude46,dd_6868,T5,2,1,0.0,10,10
claude46,dd_6868,T6,1,0,0.0,10,10
claude46,dd_6868,T6,1,1,0.0,10,10
claude46,dd_6868,T6,2,0,0.0,10,10
claude46,dd_6868,T6,2,1,0.0,10,10
claude46,dd_7687,T0,1,0,1.0,10,10
claude46,dd_7687,T0,1,1,1.0,10,10
claude46,dd_7687,T0,2,0,1.0,10,10
claude46,dd_7687,T0,2,1,1.0,10,10
claude46,dd_7687,T1,1,0,1.0,10,10
claude46,dd_7687,T1,1,1,1.0,10,10
claude46,dd_7687,T1,2,0,1.0,10,10
claude46,dd_7687,T1,2,1,1.0,10,10
claude46,dd_7687,T3,1,0,1.0,10,10
claude46,dd_7687,T3,1,1,1.0,10,10
claude46,dd_7687,T3,2,0,1.0,10,10
claude46,dd_7687,T3,2,1,1.0,10,10
claude46,dd_7687,T5,1,0,1.0,10,10
claude46,dd_7687,T5,1,1,1.0,10,10
claude46,dd_7687,T5,2,0,1.0,10,10
claude46,dd_7687,T5,2,1,1.0,10,10
claude46,dd_7687,T6,1,0,1.0,10,10
claude46,dd_7687,T6,1,1,1.0,10,10
claude46,dd_7687,T6,2,0,1.0,10,10
claude46,dd_7687,T6,2,1,1.0,10,10
claude46,dd_8580,T0,1,0,0.0,10,10
claude46,dd_8580,T0,1,1,0.0,10,10
claude46,dd_8580,T0,2,0,0.0,10,10
claude46,dd_8580,T0,2,1,0.0,10,10
claude46,dd_8580,T1,1,0,0.0,10,10
claude46,dd_8580,T1,1,1,0.0,10,10
claude46,dd_8580,T1,2,0,0.0,10,10
claude46,dd_8580,T1,2,1,0.0,10,10
claude46,dd_8580,T3,1,0,0.0,10,10
claude46,dd_8580,T3,1,1,0.0,10,10
claude46,dd_8580,T3,2,0,0.0,10,10
claude46,dd_8580,T3,2,1,0.0,10,10
claude46,dd_8580,T5,1,0,0.0,10,10
claude46,dd_8580,T5,1,1,0.0,10,10
claude46,dd_8580,T5,2,0,0.0,10,10
claude46,dd_8580,T5,2,1,0.0,10,10
claude46,dd_8580,T6,1,0,0.0,10,10
claude46,dd_8580,T6,1,1,0.0,10,10
claude46,dd_8580,T6,2,0,0.0,10,10
claude46,dd_8580,T6,2,1,0.0,10,10
claude46,dd_9595,T0,1,0,0.0,10,10
claude46,dd_9595,T0,1,1,0.0,10,10
claude46,dd_9595,T0,2,0,0.0,10,10
claude46,dd_9595,T0,2,1,0.0,10,10
claude46,dd_9595,T1,1,0,1.0,10,10
claude46,dd_9595,T1,1,1,1.0,10,10
claude46,dd_9595,T1,2,0,1.0,10,10
claude46,dd_9595,T1,2,1,1.0,10,10
claude46,dd_9595,T3,1,0,1.0,10,10
claude46,dd_9595,T3,1,1,1.0,10,10
claude46,dd_9595,T3,2,0,1.0,10,10
claude46,dd_9595,T3,2,1,1.0,10,10
claude46,dd_9595,T5,1,0,1.0,10,10
claude46,dd_9595,T5,1,1,1.0,10,10
claude46,dd_9595,T5,2,0,1.0,10,10
claude46,dd_9595,T5,2,1,1.0,10,10
claude46,dd_9595,T6,1,0,1.0,10,10
claude46,dd_9595,T6,1,1,1.0,10,10
claude46,dd_9595,T6,2,0,1.0,10,10
claude46,dd_9595,T6,2,1,1.0,10,10
claude46,dd_9899,T0,1,0,1.0,10,10
claude46,dd_9899,T0,1,1,1.0,10,10
claude46,dd_9899,T0,2,0,1.0,10,10
claude46,dd_9899,T0,2,1,1.0,10,10
claude46,dd_9899,T1,1,0,1.0,10,10
claude46,dd_9899,T1,1,1,1.0,10,10
claude46,dd_9899,T1,2,0,1.0,10,10
claude46,dd_9899,T1,2,1,1.0,10,10
claude46,dd_9899,T3,1,0,1.0,10,10
claude46,dd_9899,T3,1,1,1.0,10,10
claude46,dd_9899,T3,2,0,1.0,10,10
claude46,dd_9899,T3,2,1,1.0,10,10
claude46,dd_9899,T5,1,0,1.0,10,10
claude46,dd_9899,T5,1,1,1.0,10,10
claude46,dd_9899,T5,2,0,1.0,10,10
claude46,dd_9899,T5,2,1,1.0,10,10
claude46,dd_9899,T6,1,0,1.0,10,10
claude46,dd_9899,T6,1,1,1.0,10,10
claude46,dd_9899,T6,2,0,1.0,10,10
claude46,dd_9899,T6,2,1,1.0,10,10
claude46,dd_9955,T0,1,0,1.0,10,10
claude46,dd_9955,T0,1,1,1.0,10,10
claude46,dd_9955,T0,2,0,0.0,10,10
claude46,dd_9955,T0,2,1,0.0,10,10
claude46,dd_9955,T1,1,0,1.0,10,10
claude46,dd_9955,T1,1,1,1.0,10,10
claude46,dd_9955,T1,2,0,1.0,10,10
claude46,dd_9955,T1,2,1,1.0,10,10
claude46,dd_9955,T3,1,0,1.0,10,10
claude46,dd_9955,T3,1,1,1.0,10,10
claude46,dd_9955,T3,2,0,1.0,10,10
claude46,dd_9955,T3,2,1,1.0,10,10
claude46,dd_9955,T5,1,0,1.0,10,10
claude46,dd_9955,T5,1,1,1.0,10,10
claude46,dd_9955,T5,2,0,1.0,10,10
claude46,dd_9955,T5,2,1,1.0,10,10
claude46,dd_9955,T6,1,0,1.0,10,10
claude46,dd_9955,T6,1,1,1.0,10,10
claude46,dd_9955,T6,2,0,0.0,10,10
claude46,dd_9955,T6,2,1,0.0,10,10
claude46,mc_C_034,T0,1,0,1.0,10,10
claude46,mc_C_034,T0,1,1,1.0,10,10
claude46,mc_C_034,T0,2,0,1.0,10,10
claude46,mc_C_034,T0,2,1,1.0,10,10
claude46,mc_C_034,T1,1,0,1.0,10,10
claude46,mc_C_034,T1,1,1,1.0,10,10
claude46,mc_C_034,T1,2,0,1.0,10,10
claude46,mc_C_034,T1,2,1,1.0,10,10
claude46,mc_C_034,T3,1,0,1.0,10,10
claude46,mc_C_034,T3,1,1,1.0,10,10
claude46,mc_C_034,T3,2,0,1.0,10,10
claude46,mc_C_034,T3,2,1,1.0,10,10
claude46,mc_C_034,T5,1,0,1.0,10,10
claude46,mc_C_034,T5,1,1,1.0,10,10
claude46,mc_C_034,T5,2,0,1.0,10,10
claude46,mc_C_034,T5,2,1,1.0,10,10
claude46,mc_C_034,T6,1,0,1.0,10,10
claude46,mc_C_034,T6,1,1,1.0,10,10
claude46,mc_C_034,T6,2,0,1.0,10,10
claude46,mc_C_034,T6,2,1,1.0,10,10
claude46,mc_C_1095,T0,1,0,1.0,10,10
claude46,mc_C_1095,T0,1,1,1.0,10,10
claude46,mc_C_1095,T0,2,0,1.0,10,10
claude46,mc_C_1095,T0,2,1,1.0,10,10
claude46,mc_C_1095,T1,1,0,1.0,10,10
claude46,mc_C_1095,T1,1,1,1.0,10,10
claude46,mc_C_1095,T1,2,0,1.0,10,10
claude46,mc_C_1095,T1,2,1,1.0,10,10
claude46,mc_C_1095,T3,1,0,1.0,10,10
claude46,mc_C_1095,T3,1,1,1.0,10,10
claude46,mc_C_1095,T3,2,0,1.0,10,10
claude46,mc_C_1095,T3,2,1,1.0,10,10
claude46,mc_C_1095,T5,1,0,1.0,10,10
claude46,mc_C_1095,T5,1,1,1.0,10,10
claude46,mc_C_1095,T5,2,0,1.0,10,10
claude46,mc_C_1095,T5,2,1,1.0,10,10
claude46,mc_C_1095,T6,1,0,1.0,10,10
claude46,mc_C_1095,T6,1,1,1.0,10,10
claude46,mc_C_1095,T6,2,0,1.0,10,10
claude46,mc_C_1095,T6,2,1,1.0,10,10
claude46,mc_C_1216,T0,1,0,1.0,10,10
claude46,mc_C_1216,T0,1,1,1.0,10,10
claude46,mc_C_1216,T0,2,0,1.0,10,10
claude46,mc_C_1216,T0,2,1,1.0,10,10
claude46,mc_C_1216,T1,1,0,1.0,10,10
claude46,mc_C_1216,T1,1,1,1.0,10,10
claude46,mc_C_1216,T1,2,0,1.0,10,10
claude46,mc_C_1216,T1,2,1,1.0,10,10
claude46,mc_C_1216,T3,1,0,1.0,10,10
claude46,mc_C_1216,T3,1,1,1.0,10,10
claude46,mc_C_1216,T3,2,0,1.0,10,10
claude46,mc_C_1216,T3,2,1,1.0,10,10
claude46,mc_C_1216,T5,1,0,1.0,10,10
claude46,mc_C_1216,T5,1,1,1.0,10,10
claude46,mc_C_1216,T5,2,0,1.0,10,10
claude46,mc_C_1216,T5,2,1,1.0,10,10
claude46,mc_C_1216,T6,1,0,1.0,10,10
claude46,mc_C_1216,T6,1,1,1.0,10,10
claude46,mc_C_1216,T6,2,0,1.0,10,10
claude46,mc_C_1216,T6,2,1,1.0,10,10
claude46,mc_C_183,T0,1,0,1.0,10,10
claude46,mc_C_183,T0,1,1,1.0,10,10
claude46,mc_C_183,T0,2,0,1.0,10,10
claude46,mc_C_183,T0,2,1,1.0,10,10
claude46,mc_C_183,T1,1,0,1.0,10,10
claude46,mc_C_183,T1,1,1,1.0,10,10
claude46,mc_C_183,T1,2,0,1.0,10,10
claude46,mc_C_183,T1,2,1,1.0,10,10
claude46,mc_C_183,T3,1,0,1.0,10,10
claude46,mc_C_183,T3,1,1,1.0,10,10
claude46,mc_C_183,T3,2,0,1.0,10,10
claude46,mc_C_183,T3,2,1,1.0,10,10
claude46,mc_C_183,T5,1,0,1.0,10,10
claude46,mc_C_183,T5,1,1,1.0,10,10
claude46,mc_C_183,T5,2,0,1.0,10,10
claude46,mc_C_183,T5,2,1,1.0,10,10
claude46,mc_C_183,T6,1,0,1.0,10,10
claude46,mc_C_183,T6,1,1,1.0,10,10
claude46,mc_C_183,T6,2,0,1.0,10,10
claude46,mc_C_183,T6,2,1,1.0,10,10
claude46,mc_C_291,T0,1,0,1.0,10,10
claude46,mc_C_291,T0,1,1,1.0,10,10
claude46,mc_C_291,T0,2,0,1.0,10,10
claude46,mc_C_291,T0,2,1,1.0,10,10
claude46,mc_C_291,T1,1,0,1.0,10,10
claude46,mc_C_291,T1,1,1,1.0,10,10
claude46,mc_C_291,T1,2,0,1.0,10,10
claude46,mc_C_291,T1,2,1,1.0,10,10
claude46,mc_C_291,T3,1,0,1.0,10,10
claude46,mc_C_291,T3,1,1,1.0,10,10
claude46,mc_C_291,T3,2,0,1.0,10,10
claude46,mc_C_291,T3,2,1,1.0,10,10
claude46,mc_C_291,T5,1,0,1.0,10,10
claude46,mc_C_291,T5,1,1,1.0,10,10
claude46,mc_C_291,T5,2,0,1.0,10,10
claude46,mc_C_291,T5,2,1,1.0,10,10
claude46,mc_C_291,T6,1,0,1.0,10,10
claude46,mc_C_291,T6,1,1,1.0,10,10
claude46,mc_C_291,T6,2,0,1.0,10,10
claude46,mc_C_291,T6,2,1,1.0,10,10
claude46,mc_C_467,T0,1,0,1.0,10,10
claude46,mc_C_467,T0,1,1,1.0,10,10
claude46,mc_C_467,T0,2,0,1.0,10,10
claude46,mc_C_467,T0,2,1,1.0,10,10
claude46,mc_C_467,T1,1,0,1.0,10,10
claude46,mc_C_467,T1,1,1,1.0,10,10
claude46,mc_C_467,T1,2,0,1.0,10,10
claude46,mc_C_467,T1,2,1,1.0,10,10
claude46,mc_C_467,T3,1,0,1.0,10,10
claude46,mc_C_467,T3,1,1,1.0,10,10
claude46,mc_C_467,T3,2,0,1.0,10,10
claude46,mc_C_467,T3,2,1,1.0,10,10
claude46,mc_C_467,T5,1,0,1.0,10,10
claude46,mc_C_467,T5,1,1,1.0,10,10
claude46,mc_C_467,T5,2,0,1.0,10,10
claude46,mc_C_467,T5,2,1,1.0,10,10
claude46,mc_C_467,T6,1,0,1.0,10,10
claude46,mc_C_467,T6,1,1,1.0,10,10
claude46,mc_C_467,T6,2,0,1.0,10,10
claude46,mc_C_467,T6,2,1,1.0,10,10
claude46,mc_C_527,T0,1,0,1.0,10,10
claude46,mc_C_527,T0,1,1,1.0,10,10
claude46,mc_C_527,T0,2,0,1.0,10,10
claude46,mc_C_527,T0,2,1,1.0,10,10
claude46,mc_C_527,T1,1,0,1.0,10,10
claude46,mc_C_527,T1,1,1,1.0,10,10
claude46,mc_C_527,T1,2,0,1.0,10,10
claude46,mc_C_527,T1,2,1,1.0,10,10
claude46,mc_C_527,T3,1,0,1.0,10,10
claude46,mc_C_527,T3,1,1,1.0,10,10
claude46,mc_C_527,T3,2,0,1.0,10,10
claude46,mc_C_527,T3,2,1,1.0,10,10
claude46,mc_C_527,T5,1,0,1.0,10,10
claude46,mc_C_527,T5,1,1,1.0,10,10
claude46,mc_C_527,T5,2,0,1.0,10,10
claude46,mc_C_527,T5,2,1,1.0,10,10
claude46,mc_C_527,T6,1,0,1.0,10,10
claude46,mc_C_527,T6,1,1,1.0,10,10
claude46,mc_C_527,T6,2,0,1.0,10,10
claude46,mc_C_527,T6,2,1,1.0,10,10
claude46,mc_C_675,T0,1,0,1.0,10,10
claude46,mc_C_675,T0,1,1,1.0,10,10
claude46,mc_C_675,T0,2,0,1.0,10,10
claude46,mc_C_675,T0,2,1,1.0,10,10
claude46,mc_C_675,T1,1,0,1.0,10,10
claude46,mc_C_675,T1,1,1,1.0,10,10
claude46,mc_C_675,T1,2,0,1.0,10,10
claude46,mc_C_675,T1,2,1,1.0,10,10
claude46,mc_C_675,T3,1,0,1.0,10,10
claude46,mc_C_675,T3,1,1,1.0,10,10
claude46,mc_C_675,T3,2,0,1.0,10,10
claude46,mc_C_675,T3,2,1,1.0,10,10
claude46,mc_C_675,T5,1,0,1.0,10,10
claude46,mc_C_675,T5,1,1,1.0,10,10
claude46,mc_C_675,T5,2,0,1.0,10,10
claude46,mc_C_675,T5,2,1,1.0,10,10
claude46,mc_C_675,T6,1,0,1.0,10,10
claude46,mc_C_675,T6,1,1,1.0,10,10
claude46,mc_C_675,T6,2,0,1.0,10,10
claude46,mc_C_675,T6,2,1,1.0,10,10
claude46,mc_C_772,T0,1,0,1.0,10,10
claude46,mc_C_772,T0,1,1,1.0,10,10
claude46,mc_C_772,T0,2,0,1.0,10,10
claude46,mc_C_772,T0,2,1,1.0,10,10
claude46,mc_C_772,T1,1,0,1.0,10,10
claude46,mc_C_772,T1,1,1,1.0,10,10
claude46,mc_C_772,T1,2,0,1.0,10,10
claude46,mc_C_772,T1,2,1,1.0,10,10
claude46,mc_C_772,T3,1,0,1.0,10,10
claude46,mc_C_772,T3,1,1,1.0,10,10
claude46,mc_C_772,T3,2,0,1.0,10,10
claude46,mc_C_772,T3,2,1,1.0,10,10
claude46,mc_C_772,T5,1,0,1.0,10,10
claude46,mc_C_772,T5,1,1,1.0,10,10
claude46,mc_C_772,T5,2,0,1.0,10,10
claude46,mc_C_772,T5,2,1,1.0,10,10
claude46,mc_C_772,T6,1,0,1.0,10,10
claude46,mc_C_772,T6,1,1,1.0,10,10
claude46,mc_C_772,T6,2,0,1.0,10,10
claude46,mc_C_772,T6,2,1,1.0,10,10
claude46,mc_C_941,T0,1,0,1.0,10,10
claude46,mc_C_941,T0,1,1,1.0,10,10
claude46,mc_C_941,T0,2,0,1.0,10,10
claude46,mc_C_941,T0,2,1,1.0,10,10
claude46,mc_C_941,T1,1,0,1.0,10,10
claude46,mc_C_941,T1,1,1,1.0,10,10
claude46,mc_C_941,T1,2,0,1.0,10,10
claude46,mc_C_941,T1,2,1,1.0,10,10
claude46,mc_C_941,T3,1,0,1.0,10,10
claude46,mc_C_941,T3,1,1,1.0,10,10
claude46,mc_C_941,T3,2,0,1.0,10,10
claude46,mc_C_941,T3,2,1,1.0,10,10
claude46,mc_C_941,T5,1,0,1.0,10,10
claude46,mc_C_941,T5,1,1,1.0,10,10
claude46,mc_C_941,T5,2,0,1.0,10,10
claude46,mc_C_941,T5,2,1,1.0,10,10
claude46,mc_C_941,T6,1,0,1.0,10,10
claude46,mc_C_941,T6,1,1,1.0,10,10
claude46,mc_C_941,T6,2,0,1.0,10,10
claude46,mc_C_941,T6,2,1,1.0,10,10
claude46,mc_G_005,T0,1,0,1.0,10,10
claude46,mc_G_005,T0,1,1,1.0,10,10
claude46,mc_G_005,T0,2,0,1.0,10,10
claude46,mc_G_005,T0,2,1,1.0,10,10
claude46,mc_G_005,T1,1,0,1.0,10,10
claude46,mc_G_005,T1,1,1,1.0,10,10
claude46,mc_G_005,T1,2,0,1.0,10,10
claude46,mc_G_005,T1,2,1,1.0,10,10
claude46,mc_G_005,T3,1,0,1.0,10,10
claude46,mc_G_005,T3,1,1,1.0,10,10
claude46,mc_G_005,T3,2,0,1.0,10,10
claude46,mc_G_005,T3,2,1,1.0,10,10
claude46,mc_G_005,T5,1,0,1.0,10,10
claude46,mc_G_005,T5,1,1,1.0,10,10
claude46,mc_G_005,T5,2,0,1.0,10,10
claude46,mc_G_005,T5,2,1,1.0,10,10
claude46,mc_G_005,T6,1,0,1.0,10,10
claude46,mc_G_005,T6,1,1,1.0,10,10
claude46,mc_G_005,T6,2,0,1.0,10,10
claude46,mc_G_005,T6,2,1,1.0,10,10
claude46,mc_G_037,T0,1,0,1.0,10,10
claude46,mc_G_037,T0,1,1,1.0,10,10
claude46,mc_G_037,T0,2,0,1.0,10,10
claude46,mc_G_037,T0,2,1,1.0,10,10
claude46,mc_G_037,T1,1,0,1.0,10,10
claude46,mc_G_037,T1,1,1,1.0,10,10
claude46,mc_G_037,T1,2,0,1.0,10,10
claude46,mc_G_037,T1,2,1,1.0,10,10
claude46,mc_G_037,T3,1,0,1.0,10,10
claude46,mc_G_037,T3,1,1,1.0,10,10
claude46,mc_G_037,T3,2,0,1.0,10,10
claude46,mc_G_037,T3,2,1,1.0,10,10
claude46,mc_G_037,T5,1,0,1.0,10,10
claude46,mc_G_037,T5,1,1,1.0,10,10
claude46,mc_G_037,T5,2,0,1.0,10,10
claude46,mc_G_037,T5,2,1,1.0,10,10
claude46,mc_G_037,T6,1,0,1.0,10,10
claude46,mc_G_037,T6,1,1,1.0,10,10
claude46,mc_G_037,T6,2,0,1.0,10,10
claude46,mc_G_037,T6,2,1,1.0,10,10
claude46,mc_G_064,T0,1,0,0.0,10,10
claude46,mc_G_064,T0,1,1,0.0,10,10
claude46,mc_G_064,T0,2,0,0.0,10,10
claude46,mc_G_064,T0,2,1,0.0,10,10
claude46,mc_G_064,T1,1,0,0.0,10,10
claude46,mc_G_064,T1,1,1,0.0,10,10
claude46,mc_G_064,T1,2,0,0.0,10,10
claude46,mc_G_064,T1,2,1,0.0,10,10
claude46,mc_G_064,T3,1,0,0.0,10,10
claude46,mc_G_064,T3,1,1,0.0,10,10
claude46,mc_G_064,T3,2,0,0.0,10,10
claude46,mc_G_064,T3,2,1,0.0,10,10
claude46,mc_G_064,T5,1,0,0.0,10,10
claude46,mc_G_064,T5,1,1,0.0,10,10
claude46,mc_G_064,T5,2,0,0.0,10,10
claude46,mc_G_064,T5,2,1,0.0,10,10
claude46,mc_G_064,T6,1,0,0.0,10,10
claude46,mc_G_064,T6,1,1,0.0,10,10
claude46,mc_G_064,T6,2,0,0.0,10,10
claude46,mc_G_064,T6,2,1,0.0,10,10
claude46,mc_G_086,T0,1,0,1.0,10,10
claude46,mc_G_086,T0,1,1,1.0,10,10
claude46,mc_G_086,T0,2,0,1.0,10,10
claude46,mc_G_086,T0,2,1,1.0,10,10
claude46,mc_G_086,T1,1,0,1.0,10,10
claude46,mc_G_086,T1,1,1,1.0,10,10
claude46,mc_G_086,T1,2,0,1.0,10,10
claude46,mc_G_086,T1,2,1,1.0,10,10
claude46,mc_G_086,T3,1,0,1.0,10,10
claude46,mc_G_086,T3,1,1,1.0,10,10
claude46,mc_G_086,T3,2,0,1.0,10,10
claude46,mc_G_086,T3,2,1,1.0,10,10
claude46,mc_G_086,T5,1,0,1.0,10,10
claude46,mc_G_086,T5,1,1,1.0,10,10
claude46,mc_G_086,T5,2,0,1.0,10,10
claude46,mc_G_086,T5,2,1,1.0,10,10
claude46,mc_G_086,T6,1,0,1.0,10,10
claude46,mc_G_086,T6,1,1,1.0,10,10
claude46,mc_G_086,T6,2,0,1.0,10,10
claude46,mc_G_086,T6,2,1,1.0,10,10
claude46,mc_G_112,T0,1,0,1.0,10,10
claude46,mc_G_112,T0,1,1,1.0,10,10
claude46,mc_G_112,T0,2,0,1.0,10,10
claude46,mc_G_112,T0,2,1,1.0,10,10
claude46,mc_G_112,T1,1,0,0.4,10,10
claude46,mc_G_112,T1,1,1,0.3,10,10
claude46,mc_G_112,T1,2,0,1.0,10,10
claude46,mc_G_112,T1,2,1,1.0,10,10
claude46,mc_G_112,T3,1,0,1.0,10,10
claude46,mc_G_112,T3,1,1,1.0,10,10
claude46,mc_G_112,T3,2,0,1.0,10,10
claude46,mc_G_112,T3,2,1,1.0,10,10
claude46,mc_G_112,T5,1,0,0.0,10,10
claude46,mc_G_112,T5,1,1,0.0,10,10
claude46,mc_G_112,T5,2,0,0.0,10,10
claude46,mc_G_112,T5,2,1,0.0,10,10
claude46,mc_G_112,T6,1,0,0.0,10,10
claude46,mc_G_112,T6,1,1,0.0,10,10
claude46,mc_G_112,T6,2,0,0.0,10,10
claude46,mc_G_112,T6,2,1,0.0,10,10
claude46,mc_G_135,T0,1,0,1.0,10,10
claude46,mc_G_135,T0,1,1,1.0,10,10
claude46,mc_G_135,T0,2,0,1.0,10,10
claude46,mc_G_135,T0,2,1,1.0,10,10
claude46,mc_G_135,T1,1,0,1.0,10,10
claude46,mc_G_135,T1,1,1,1.0,10,10
claude46,mc_G_135,T1,2,0,1.0,10,10
claude46,mc_G_135,T1,2,1,1.0,10,10
claude46,mc_G_135,T3,1,0,1.0,10,10
claude46,mc_G_135,T3,1,1,1.0,10,10
claude46,mc_G_135,T3,2,0,1.0,10,10
claude46,mc_G_135,T3,2,1,1.0,10,10
claude46,mc_G_135,T5,1,0,1.0,10,10
claude46,mc_G_135,T5,1,1,1.0,10,10
claude46,mc_G_135,T5,2,0,1.0,10,10
claude46,mc_G_135,T5,2,1,1.0,10,10
claude46,mc_G_135,T6,1,0,1.0,10,10
claude46,mc_G_135,T6,1,1,1.0,10,10
claude46,mc_G_135,T6,2,0,1.0,10,10
claude46,mc_G_135,T6,2,1,1.0,10,10
claude46,mc_G_156,T0,1,0,0.0,10,10
claude46,mc_G_156,T0,1,1,0.0,10,10
claude46,mc_G_156,T0,2,0,0.0,10,10
claude46,mc_G_156,T0,2,1,0.0,10,10
claude46,mc_G_156,T1,1,0,0.0,10,10
claude46,mc_G_156,T1,1,1,0.0,10,10
claude46,mc_G_156,T1,2,0,0.0,10,10
claude46,mc_G_156,T1,2,1,0.0,10,10
claude46,mc_G_156,T3,1,0,0.0,10,10
claude46,mc_G_156,T3,1,1,0.0,10,10
claude46,mc_G_156,T3,2,0,0.0,10,10
claude46,mc_G_156,T3,2,1,0.0,10,10
claude46,mc_G_156,T5,1,0,0.0,10,10
claude46,mc_G_156,T5,1,1,0.0,10,10
claude46,mc_G_156,T5,2,0,0.0,10,10
claude46,mc_G_156,T5,2,1,0.0,10,10
claude46,mc_G_156,T6,1,0,0.0,10,10
claude46,mc_G_156,T6,1,1,0.0,10,10
claude46,mc_G_156,T6,2,0,0.0,10,10
claude46,mc_G_156,T6,2,1,0.0,10,10
claude46,mc_G_179,T0,1,0,0.0,10,10
claude46,mc_G_179,T0,1,1,0.0,10,10
claude46,mc_G_179,T0,2,0,0.0,10,10
claude46,mc_G_179,T0,2,1,0.0,10,10
claude46,mc_G_179,T1,1,0,0.0,10,10
claude46,mc_G_179,T1,1,1,0.0,10,10
claude46,mc_G_179,T1,2,0,0.0,10,10
claude46,mc_G_179,T1,2,1,0.0,10,10
claude46,mc_G_179,T3,1,0,0.0,10,10
claude46,mc_G_179,T3,1,1,0.0,10,10
claude46,mc_G_179,T3,2,0,0.0,10,10
claude46,mc_G_179,T3,2,1,0.0,10,10
claude46,mc_G_179,T5,1,0,0.0,10,10
claude46,mc_G_179,T5,1,1,0.0,10,10
claude46,mc_G_179,T5,2,0,0.0,10,10
claude46,mc_G_179,T5,2,1,0.0,10,10
claude46,mc_G_179,T6,1,0,0.0,10,10
claude46,mc_G_179,T6,1,1,0.0,10,10
claude46,mc_G_179,T6,2,0,0.0,10,10
claude46,mc_G_179,T6,2,1,0.0,10,10
claude46,mc_G_186,T0,1,0,0.0,10,10
claude46,mc_G_186,T0,1,1,0.0,10,10
claude46,mc_G_186,T0,2,0,0.0,10,10
claude46,mc_G_186,T0,2,1,0.0,10,10
claude46,mc_G_186,T1,1,0,0.0,10,10
claude46,mc_G_186,T1,1,1,0.0,10,10
claude46,mc_G_186,T1,2,0,0.0,10,10
claude46,mc_G_186,T1,2,1,0.0,10,10
claude46,mc_G_186,T3,1,0,0.0,10,10
claude46,mc_G_186,T3,1,1,0.0,10,10
claude46,mc_G_186,T3,2,0,0.0,10,10
claude46,mc_G_186,T3,2,1,0.0,10,10
claude46,mc_G_186,T5,1,0,0.0,10,10
claude46,mc_G_186,T5,1,1,0.0,10,10
claude46,mc_G_186,T5,2,0,0.0,10,10
claude46,mc_G_186,T5,2,1,0.0,10,10
claude46,mc_G_186,T6,1,0,0.0,10,10
claude46,mc_G_186,T6,1,1,0.0,10,10
claude46,mc_G_186,T6,2,0,0.0,10,10
claude46,mc_G_186,T6,2,1,0.0,10,10
claude46,mc_G_235,T0,1,0,1.0,10,10
claude46,mc_G_235,T0,1,1,1.0,10,10
claude46,mc_G_235,T0,2,0,1.0,10,10
claude46,mc_G_235,T0,2,1,1.0,10,10
claude46,mc_G_235,T1,1,0,1.0,10,10
claude46,mc_G_235,T1,1,1,1.0,10,10
claude46,mc_G_235,T1,2,0,1.0,10,10
claude46,mc_G_235,T1,2,1,1.0,10,10
claude46,mc_G_235,T3,1,0,1.0,10,10
claude46,mc_G_235,T3,1,1,1.0,10,10
claude46,mc_G_235,T3,2,0,1.0,10,10
claude46,mc_G_235,T3,2,1,1.0,10,10
claude46,mc_G_235,T5,1,0,1.0,10,10
claude46,mc_G_235,T5,1,1,1.0,10,10
claude46,mc_G_235,T5,2,0,1.0,10,10
claude46,mc_G_235,T5,2,1,1.0,10,10
claude46,mc_G_235,T6,1,0,1.0,10,10
claude46,mc_G_235,T6,1,1,1.0,10,10
claude46,mc_G_235,T6,2,0,1.0,10,10
claude46,mc_G_235,T6,2,1,1.0,10,10
claude46,mc_G_236,T0,1,0,1.0,10,10
claude46,mc_G_236,T0,1,1,1.0,10,10
claude46,mc_G_236,T0,2,0,1.0,10,10
claude46,mc_G_236,T0,2,1,1.0,10,10
claude46,mc_G_236,T1,1,0,1.0,10,10
claude46,mc_G_236,T1,1,1,1.0,10,10
claude46,mc_G_236,T1,2,0,1.0,10,10
claude46,mc_G_236,T1,2,1,1.0,10,10
claude46,mc_G_236,T3,1,0,1.0,10,10
claude46,mc_G_236,T3,1,1,1.0,10,10
claude46,mc_G_236,T3,2,0,1.0,10,10
claude46,mc_G_236,T3,2,1,1.0,10,10
claude46,mc_G_236,T5,1,0,1.0,10,10
claude46,mc_G_236,T5,1,1,1.0,10,10
claude46,mc_G_236,T5,2,0,1.0,10,10
claude46,mc_G_236,T5,2,1,1.0,10,10
claude46,mc_G_236,T6,1,0,1.0,10,10
claude46,mc_G_236,T6,1,1,1.0,10,10
claude46,mc_G_236,T6,2,0,1.0,10,10
claude46,mc_G_236,T6,2,1,1.0,10,10
claude46,mc_G_288,T0,1,0,1.0,10,10
claude46,mc_G_288,T0,1,1,1.0,10,10
claude46,mc_G_288,T0,2,0,1.0,10,10
claude46,mc_G_288,T0,2,1,1.0,10,10
claude46,mc_G_288,T1,1,0,1.0,10,10
claude46,mc_G_288,T1,1,1,1.0,10,10
claude46,mc_G_288,T1,2,0,1.0,10,10
claude46,mc_G_288,T1,2,1,1.0,10,10
claude46,mc_G_288,T3,1,0,1.0,10,10
claude46,mc_G_288,T3,1,1,1.0,10,10
claude46,mc_G_288,T3,2,0,1.0,10,10
claude46,mc_G_288,T3,2,1,1.0,10,10
claude46,mc_G_288,T5,1,0,1.0,10,10
claude46,mc_G_288,T5,1,1,1.0,10,10
claude46,mc_G_288,T5,2,0,1.0,10,10
claude46,mc_G_288,T5,2,1,1.0,10,10
claude46,mc_G_288,T6,1,0,1.0,10,10
claude46,mc_G_288,T6,1,1,1.0,10,10
claude46,mc_G_288,T6,2,0,1.0,10,10
claude46,mc_G_288,T6,2,1,1.0,10,10
claude46,mc_G_302,T0,1,0,1.0,10,10
claude46,mc_G_302,T0,1,1,1.0,10,10
claude46,mc_G_302,T0,2,0,1.0,10,10
claude46,mc_G_302,T0,2,1,1.0,10,10
claude46,mc_G_302,T1,1,0,1.0,10,10
claude46,mc_G_302,T1,1,1,1.0,10,10
claude46,mc_G_302,T1,2,0,1.0,10,10
claude46,mc_G_302,T1,2,1,1.0,10,10
claude46,mc_G_302,T3,1,0,1.0,10,10
claude46,mc_G_302,T3,1,1,1.0,10,10
claude46,mc_G_302,T3,2,0,1.0,10,10
claude46,mc_G_302,T3,2,1,1.0,10,10
claude46,mc_G_302,T5,1,0,1.0,10,10
claude46,mc_G_302,T5,1,1,1.0,10,10
claude46,mc_G_302,T5,2,0,1.0,10,10
claude46,mc_G_302,T5,2,1,1.0,10,10
claude46,mc_G_302,T6,1,0,1.0,10,10
claude46,mc_G_302,T6,1,1,1.0,10,10
claude46,mc_G_302,T6,2,0,1.0,10,10
claude46,mc_G_302,T6,2,1,1.0,10,10
claude46,mc_G_365,T0,1,0,1.0,10,10
claude46,mc_G_365,T0,1,1,1.0,10,10
claude46,mc_G_365,T0,2,0,1.0,10,10
claude46,mc_G_365,T0,2,1,1.0,10,10
claude46,mc_G_365,T1,1,0,1.0,10,10
claude46,mc_G_365,T1,1,1,1.0,10,10
claude46,mc_G_365,T1,2,0,1.0,10,10
claude46,mc_G_365,T1,2,1,1.0,10,10
claude46,mc_G_365,T3,1,0,1.0,10,10
claude46,mc_G_365,T3,1,1,1.0,10,10
claude46,mc_G_365,T3,2,0,1.0,10,10
claude46,mc_G_365,T3,2,1,1.0,10,10
claude46,mc_G_365,T5,1,0,1.0,10,10
claude46,mc_G_365,T5,1,1,1.0,10,10
claude46,mc_G_365,T5,2,0,1.0,10,10
claude46,mc_G_365,T5,2,1,1.0,10,10
claude46,mc_G_365,T6,1,0,1.0,10,10
claude46,mc_G_365,T6,1,1,1.0,10,10
claude46,mc_G_365,T6,2,0,1.0,10,10
claude46,mc_G_365,T6,2,1,1.0,10,10
claude46,mc_G_373,T0,1,0,0.0,10,10
claude46,mc_G_373,T0,1,1,0.0,10,10
claude46,mc_G_373,T0,2,0,0.0,10,10
claude46,mc_G_373,T0,2,1,0.0,10,10
claude46,mc_G_373,T1,1,0,0.0,10,10
claude46,mc_G_373,T1,1,1,0.0,10,10
claude46,mc_G_373,T1,2,0,0.0,10,10
claude46,mc_G_373,T1,2,1,0.0,10,10
claude46,mc_G_373,T3,1,0,0.0,10,10
claude46,mc_G_373,T3,1,1,0.0,10,10
claude46,mc_G_373,T3,2,0,0.0,10,10
claude46,mc_G_373,T3,2,1,0.0,10,10
claude46,mc_G_373,T5,1,0,0.0,10,10
claude46,mc_G_373,T5,1,1,0.0,10,10
claude46,mc_G_373,T5,2,0,0.0,10,10
claude46,mc_G_373,T5,2,1,0.0,10,10
claude46,mc_G_373,T6,1,0,0.0,10,10
claude46,mc_G_373,T6,1,1,0.0,10,10
claude46,mc_G_373,T6,2,0,0.0,10,10
claude46,mc_G_373,T6,2,1,0.0,10,10
claude46,mc_G_385,T0,1,0,1.0,10,10
claude46,mc_G_385,T0,1,1,1.0,10,10
claude46,mc_G_385,T0,2,0,1.0,10,10
claude46,mc_G_385,T0,2,1,1.0,10,10
claude46,mc_G_385,T1,1,0,1.0,10,10
claude46,mc_G_385,T1,1,1,1.0,10,10
claude46,mc_G_385,T1,2,0,1.0,10,10
claude46,mc_G_385,T1,2,1,1.0,10,10
claude46,mc_G_385,T3,1,0,1.0,10,10
claude46,mc_G_385,T3,1,1,1.0,10,10
claude46,mc_G_385,T3,2,0,1.0,10,10
claude46,mc_G_385,T3,2,1,1.0,10,10
claude46,mc_G_385,T5,1,0,1.0,10,10
claude46,mc_G_385,T5,1,1,1.0,10,10
claude46,mc_G_385,T5,2,0,1.0,10,10
claude46,mc_G_385,T5,2,1,1.0,10,10
claude46,mc_G_385,T6,1,0,1.0,10,10
claude46,mc_G_385,T6,1,1,1.0,10,10
claude46,mc_G_385,T6,2,0,1.0,10,10
claude46,mc_G_385,T6,2,1,1.0,10,10
claude46,mc_G_397,T0,1,0,0.0,10,10
claude46,mc_G_397,T0,1,1,0.0,10,10
claude46,mc_G_397,T0,2,0,0.0,10,10
claude46,mc_G_397,T0,2,1,0.0,10,10
claude46,mc_G_397,T1,1,0,0.0,10,10
claude46,mc_G_397,T1,1,1,0.0,10,10
claude46,mc_G_397,T1,2,0,0.0,10,10
claude46,mc_G_397,T1,2,1,0.0,10,10
claude46,mc_G_397,T3,1,0,0.0,10,10
claude46,mc_G_397,T3,1,1,0.0,10,10
claude46,mc_G_397,T3,2,0,0.0,10,10
claude46,mc_G_397,T3,2,1,0.0,10,10
claude46,mc_G_397,T5,1,0,0.0,10,10
claude46,mc_G_397,T5,1,1,0.0,10,10
claude46,mc_G_397,T5,2,0,0.0,10,10
claude46,mc_G_397,T5,2,1,0.0,10,10
claude46,mc_G_397,T6,1,0,0.0,10,10
claude46,mc_G_397,T6,1,1,0.0,10,10
claude46,mc_G_397,T6,2,0,0.0,10,10
claude46,mc_G_397,T6,2,1,0.0,10,10
claude46,mc_G_431,T0,1,0,1.0,10,10
claude46,mc_G_431,T0,1,1,1.0,10,10
claude46,mc_G_431,T0,2,0,1.0,10,10
claude46,mc_G_431,T0,2,1,1.0,10,10
claude46,mc_G_431,T1,1,0,1.0,10,10
claude46,mc_G_431,T1,1,1,1.0,10,10
claude46,mc_G_431,T1,2,0,1.0,10,10
claude46,mc_G_431,T1,2,1,1.0,10,10
claude46,mc_G_431,T3,1,0,1.0,10,10
claude46,mc_G_431,T3,1,1,1.0,10,10
claude46,mc_G_431,T3,2,0,1.0,10,10
claude46,mc_G_431,T3,2,1,1.0,10,10
claude46,mc_G_431,T5,1,0,1.0,10,10
claude46,mc_G_431,T5,1,1,1.0,10,10
claude46,mc_G_431,T5,2,0,1.0,10,10
claude46,mc_G_431,T5,2,1,1.0,10,10
claude46,mc_G_431,T6,1,0,1.0,10,10
claude46,mc_G_431,T6,1,1,1.0,10,10
claude46,mc_G_431,T6,2,0,1.0,10,10
claude46,mc_G_431,T6,2,1,1.0,10,10
claude46,mc_G_453,T0,1,0,1.0,10,10
claude46,mc_G_453,T0,1,1,1.0,10,10
claude46,mc_G_453,T0,2,0,1.0,10,10
claude46,mc_G_453,T0,2,1,1.0,10,10
claude46,mc_G_453,T1,1,0,1.0,10,10
claude46,mc_G_453,T1,1,1,1.0,10,10
claude46,mc_G_453,T1,2,0,1.0,10,10
claude46,mc_G_453,T1,2,1,1.0,10,10
claude46,mc_G_453,T3,1,0,1.0,10,10
claude46,mc_G_453,T3,1,1,1.0,10,10
claude46,mc_G_453,T3,2,0,1.0,10,10
claude46,mc_G_453,T3,2,1,1.0,10,10
claude46,mc_G_453,T5,1,0,1.0,10,10
claude46,mc_G_453,T5,1,1,1.0,10,10
claude46,mc_G_453,T5,2,0,1.0,10,10
claude46,mc_G_453,T5,2,1,1.0,10,10
claude46,mc_G_453,T6,1,0,1.0,10,10
claude46,mc_G_453,T6,1,1,1.0,10,10
claude46,mc_G_453,T6,2,0,1.0,10,10
claude46,mc_G_453,T6,2,1,1.0,10,10
claude46,mc_G_492,T0,1,0,1.0,10,10
claude46,mc_G_492,T0,1,1,1.0,10,10
claude46,mc_G_492,T0,2,0,1.0,10,10
claude46,mc_G_492,T0,2,1,1.0,10,10
claude46,mc_G_492,T1,1,0,1.0,10,10
claude46,mc_G_492,T1,1,1,1.0,10,10
claude46,mc_G_492,T1,2,0,1.0,10,10
claude46,mc_G_492,T1,2,1,1.0,10,10
claude46,mc_G_492,T3,1,0,1.0,10,10
claude46,mc_G_492,T3,1,1,1.0,10,10
claude46,mc_G_492,T3,2,0,1.0,10,10
claude46,mc_G_492,T3,2,1,1.0,10,10
claude46,mc_G_492,T5,1,0,1.0,10,10
claude46,mc_G_492,T5,1,1,1.0,10,10
claude46,mc_G_492,T5,2,0,1.0,10,10
claude46,mc_G_492,T5,2,1,1.0,10,10
claude46,mc_G_492,T6,1,0,1.0,10,10
claude46,mc_G_492,T6,1,1,1.0,10,10
claude46,mc_G_492,T6,2,0,1.0,10,10
claude46,mc_G_492,T6,2,1,1.0,10,10
claude46,mc_G_572,T0,1,0,1.0,10,10
claude46,mc_G_572,T0,1,1,1.0,10,10
claude46,mc_G_572,T0,2,0,1.0,10,10
claude46,mc_G_572,T0,2,1,1.0,10,10
claude46,mc_G_572,T1,1,0,1.0,10,10
claude46,mc_G_572,T1,1,1,1.0,10,10
claude46,mc_G_572,T1,2,0,1.0,10,10
claude46,mc_G_572,T1,2,1,1.0,10,10
claude46,mc_G_572,T3,1,0,1.0,10,10
claude46,mc_G_572,T3,1,1,1.0,10,10
claude46,mc_G_572,T3,2,0,1.0,10,10
claude46,mc_G_572,T3,2,1,1.0,10,10
claude46,mc_G_572,T5,1,0,1.0,10,10
claude46,mc_G_572,T5,1,1,1.0,10,10
claude46,mc_G_572,T5,2,0,1.0,10,10
claude46,mc_G_572,T5,2,1,1.0,10,10
claude46,mc_G_572,T6,1,0,1.0,10,10
claude46,mc_G_572,T6,1,1,1.0,10,10
claude46,mc_G_572,T6,2,0,1.0,10,10
claude46,mc_G_572,T6,2,1,1.0,10,10
claude46,mc_G_595,T0,1,0,1.0,10,10
claude46,mc_G_595,T0,1,1,1.0,10,10
claude46,mc_G_595,T0,2,0,1.0,10,10
claude46,mc_G_595,T0,2,1,1.0,10,10
claude46,mc_G_595,T1,1,0,1.0,10,10
claude46,mc_G_595,T1,1,1,1.0,10,10
claude46,mc_G_595,T1,2,0,1.0,10,10
claude46,mc_G_595,T1,2,1,1.0,10,10
claude46,mc_G_595,T3,1,0,1.0,10,10
claude46,mc_G_595,T3,1,1,1.0,10,10
claude46,mc_G_595,T3,2,0,1.0,10,10
claude46,mc_G_595,T3,2,1,1.0,10,10
claude46,mc_G_595,T5,1,0,1.0,10,10
claude46,mc_G_595,T5,1,1,1.0,10,10
claude46,mc_G_595,T5,2,0,1.0,10,10
claude46,mc_G_595,T5,2,1,1.0,10,10
claude46,mc_G_595,T6,1,0,1.0,10,10
claude46,mc_G_595,T6,1,1,1.0,10,10
claude46,mc_G_595,T6,2,0,1.0,10,10
claude46,mc_G_595,T6,2,1,1.0,10,10
claude46,mc_G_601,T0,1,0,1.0,10,10
claude46,mc_G_601,T0,1,1,1.0,10,10
claude46,mc_G_601,T0,2,0,1.0,10,10
claude46,mc_G_601,T0,2,1,1.0,10,10
claude46,mc_G_601,T1,1,0,1.0,10,10
claude46,mc_G_601,T1,1,1,1.0,10,10
claude46,mc_G_601,T1,2,0,1.0,10,10
claude46,mc_G_601,T1,2,1,1.0,10,10
claude46,mc_G_601,T3,1,0,1.0,10,10
claude46,mc_G_601,T3,1,1,1.0,10,10
claude46,mc_G_601,T3,2,0,1.0,10,10
claude46,mc_G_601,T3,2,1,1.0,10,10
claude46,mc_G_601,T5,1,0,1.0,10,10
claude46,mc_G_601,T5,1,1,1.0,10,10
claude46,mc_G_601,T5,2,0,1.0,10,10
claude46,mc_G_601,T5,2,1,1.0,10,10
claude46,mc_G_601,T6,1,0,1.0,10,10
claude46,mc_G_601,T6,1,1,1.0,10,10
claude46,mc_G_601,T6,2,0,1.0,10,10
claude46,mc_G_601,T6,2,1,1.0,10,10
claude46,mc_H_035,T0,1,0,0.0,10,10
claude46,mc_H_035,T0,1,1,0.0,10,10
claude46,mc_H_035,T0,2,0,0.0,10,10
claude46,mc_H_035,T0,2,1,0.0,10,10
claude46,mc_H_035,T1,1,0,0.0,10,10
claude46,mc_H_035,T1,1,1,0.0,10,10
claude46,mc_H_035,T1,2,0,0.0,10,10
claude46,mc_H_035,T1,2,1,0.0,10,10
claude46,mc_H_035,T3,1,0,0.0,10,10
claude46,mc_H_035,T3,1,1,0.0,10,10
claude46,mc_H_035,T3,2,0,0.0,10,10
claude46,mc_H_035,T3,2,1,0.0,10,10
claude46,mc_H_035,T5,1,0,0.0,10,10
claude46,mc_H_035,T5,1,1,0.0,10,10
claude46,mc_H_035,T5,2,0,0.0,10,10
claude46,mc_H_035,T5,2,1,0.0,10,10
claude46,mc_H_035,T6,1,0,0.0,10,10
claude46,mc_H_035,T6,1,1,0.0,10,10
claude46,mc_H_035,T6,2,0,0.0,10,10
claude46,mc_H_035,T6,2,1,0.0,10,10
claude46,mc_H_044,T0,1,0,0.0,10,10
claude46,mc_H_044,T0,1,1,0.0,10,10
claude46,mc_H_044,T0,2,0,0.0,10,10
claude46,mc_H_044,T0,2,1,0.0,10,10
claude46,mc_H_044,T1,1,0,0.0,10,10
claude46,mc_H_044,T1,1,1,0.0,10,10
claude46,mc_H_044,T1,2,0,0.0,10,10
claude46,mc_H_044,T1,2,1,0.0,10,10
claude46,mc_H_044,T3,1,0,0.0,10,10
claude46,mc_H_044,T3,1,1,0.0,10,10
claude46,mc_H_044,T3,2,0,0.0,10,10
claude46,mc_H_044,T3,2,1,0.0,10,10
claude46,mc_H_044,T5,1,0,0.0,10,10
claude46,mc_H_044,T5,1,1,0.0,10,10
claude46,mc_H_044,T5,2,0,0.0,10,10
claude46,mc_H_044,T5,2,1,0.0,10,10
claude46,mc_H_044,T6,1,0,0.0,10,10
claude46,mc_H_044,T6,1,1,0.0,10,10
claude46,mc_H_044,T6,2,0,0.0,10,10
claude46,mc_H_044,T6,2,1,0.0,10,10
claude46,mc_H_049,T0,1,0,0.0,10,10
claude46,mc_H_049,T0,1,1,0.0,10,10
claude46,mc_H_049,T0,2,0,0.0,10,10
claude46,mc_H_049,T0,2,1,0.0,10,10
claude46,mc_H_049,T1,1,0,0.0,10,10
claude46,mc_H_049,T1,1,1,0.0,10,10
claude46,mc_H_049,T1,2,0,0.0,10,10
claude46,mc_H_049,T1,2,1,0.0,10,10
claude46,mc_H_049,T3,1,0,0.0,10,10
claude46,mc_H_049,T3,1,1,0.0,10,10
claude46,mc_H_049,T3,2,0,0.0,10,10
claude46,mc_H_049,T3,2,1,0.0,10,10
claude46,mc_H_049,T5,1,0,0.0,10,10
claude46,mc_H_049,T5,1,1,0.0,10,10
claude46,mc_H_049,T5,2,0,0.0,10,10
claude46,mc_H_049,T5,2,1,0.0,10,10
claude46,mc_H_049,T6,1,0,0.0,10,10
claude46,mc_H_049,T6,1,1,0.0,10,10
claude46,mc_H_049,T6,2,0,0.0,10,10
claude46,mc_H_049,T6,2,1,0.0,10,10
claude46,mc_H_060,T0,1,0,1.0,10,10
claude46,mc_H_060,T0,1,1,1.0,10,10
claude46,mc_H_060,T0,2,0,1.0,10,10
claude46,mc_H_060,T0,2,1,1.0,10,10
claude46,mc_H_060,T1,1,0,1.0,10,10
claude46,mc_H_060,T1,1,1,1.0,10,10
claude46,mc_H_060,T1,2,0,1.0,10,10
claude46,mc_H_060,T1,2,1,1.0,10,10
claude46,mc_H_060,T3,1,0,1.0,10,10
claude46,mc_H_060,T3,1,1,1.0,10,10
claude46,mc_H_060,T3,2,0,1.0,10,10
claude46,mc_H_060,T3,2,1,1.0,10,10
claude46,mc_H_060,T5,1,0,1.0,10,10
claude46,mc_H_060,T5,1,1,1.0,10,10
claude46,mc_H_060,T5,2,0,1.0,10,10
claude46,mc_H_060,T5,2,1,1.0,10,10
claude46,mc_H_060,T6,1,0,1.0,10,10
claude46,mc_H_060,T6,1,1,1.0,10,10
claude46,mc_H_060,T6,2,0,1.0,10,10
claude46,mc_H_060,T6,2,1,1.0,10,10
claude46,mc_H_066,T0,1,0,0.0,10,10
claude46,mc_H_066,T0,1,1,0.0,10,10
claude46,mc_H_066,T0,2,0,0.0,10,10
claude46,mc_H_066,T0,2,1,0.0,10,10
claude46,mc_H_066,T1,1,0,0.0,10,10
claude46,mc_H_066,T1,1,1,0.0,10,10
claude46,mc_H_066,T1,2,0,0.0,10,10
claude46,mc_H_066,T1,2,1,0.0,10,10
claude46,mc_H_066,T3,1,0,0.0,10,10
claude46,mc_H_066,T3,1,1,0.0,10,10
claude46,mc_H_066,T3,2,0,0.0,10,10
claude46,mc_H_066,T3,2,1,0.0,10,10
claude46,mc_H_066,T5,1,0,0.0,10,10
claude46,mc_H_066,T5,1,1,0.0,10,10
claude46,mc_H_066,T5,2,0,0.0,10,10
claude46,mc_H_066,T5,2,1,0.0,10,10
claude46,mc_H_066,T6,1,0,0.0,10,10
claude46,mc_H_066,T6,1,1,0.0,10,10
claude46,mc_H_066,T6,2,0,0.0,10,10
claude46,mc_H_066,T6,2,1,0.0,10,10
claude46,mc_H_072,T0,1,0,0.0,10,10
claude46,mc_H_072,T0,1,1,0.0,10,10
claude46,mc_H_072,T0,2,0,0.0,10,10
claude46,mc_H_072,T0,2,1,0.0,10,10
claude46,mc_H_072,T1,1,0,0.0,10,10
claude46,mc_H_072,T1,1,1,0.0,10,10
claude46,mc_H_072,T1,2,0,0.0,10,10
claude46,mc_H_072,T1,2,1,0.0,10,10
claude46,mc_H_072,T3,1,0,0.0,10,10
claude46,mc_H_072,T3,1,1,0.0,10,10
claude46,mc_H_072,T3,2,0,0.0,10,10
claude46,mc_H_072,T3,2,1,0.0,10,10
claude46,mc_H_072,T5,1,0,0.0,10,10
claude46,mc_H_072,T5,1,1,0.0,10,10
claude46,mc_H_072,T5,2,0,0.0,10,10
claude46,mc_H_072,T5,2,1,0.0,10,10
claude46,mc_H_072,T6,1,0,0.0,10,10
claude46,mc_H_072,T6,1,1,0.0,10,10
claude46,mc_H_072,T6,2,0,0.0,10,10
claude46,mc_H_072,T6,2,1,0.0,10,10
claude46,mc_H_073,T0,1,0,0.7,10,10
claude46,mc_H_073,T0,1,1,1.0,10,10
claude46,mc_H_073,T0,2,0,0.0,10,10
claude46,mc_H_073,T0,2,1,0.0,10,10
claude46,mc_H_073,T1,1,0,1.0,10,10
claude46,mc_H_073,T1,1,1,1.0,10,10
claude46,mc_H_073,T1,2,0,1.0,10,10
claude46,mc_H_073,T1,2,1,1.0,10,10
claude46,mc_H_073,T3,1,0,0.8,10,10
claude46,mc_H_073,T3,1,1,0.9,10,10
claude46,mc_H_073,T3,2,0,0.0,10,10
claude46,mc_H_073,T3,2,1,0.0,10,10
claude46,mc_H_073,T5,1,0,1.0,10,10
claude46,mc_H_073,T5,1,1,1.0,10,10
claude46,mc_H_073,T5,2,0,1.0,10,10
claude46,mc_H_073,T5,2,1,1.0,10,10
claude46,mc_H_073,T6,1,0,0.0,10,10
claude46,mc_H_073,T6,1,1,0.0,10,10
claude46,mc_H_073,T6,2,0,1.0,10,10
claude46,mc_H_073,T6,2,1,1.0,10,10
claude_haiku45,dd_0107,T1,1,0,0.0,10,10
claude_haiku45,dd_0107,T1,1,1,0.0,10,10
claude_haiku45,dd_0107,T1,2,0,0.0,10,10
claude_haiku45,dd_0107,T1,2,1,0.0,10,10
claude_haiku45,dd_0107,T3,1,0,0.0,10,10
claude_haiku45,dd_0107,T3,1,1,0.0,10,10
claude_haiku45,dd_0107,T3,2,0,0.0,10,10
claude_haiku45,dd_0107,T3,2,1,0.0,10,10
claude_haiku45,dd_0107,T5,1,0,0.0,10,10
claude_haiku45,dd_0107,T5,1,1,0.0,10,10
claude_haiku45,dd_0107,T5,2,0,0.0,10,10
claude_haiku45,dd_0107,T5,2,1,0.0,10,10
claude_haiku45,dd_0107,T6,1,0,0.0,10,10
claude_haiku45,dd_0107,T6,1,1,0.0,10,10
claude_haiku45,dd_0107,T6,2,0,0.0,10,10
claude_haiku45,dd_0107,T6,2,1,0.0,10,10
claude_haiku45,dd_0283,T1,1,0,0.0,10,10
claude_haiku45,dd_0283,T1,1,1,0.0,10,10
claude_haiku45,dd_0283,T1,2,0,0.0,10,10
claude_haiku45,dd_0283,T1,2,1,0.0,10,10
claude_haiku45,dd_0283,T3,1,0,0.0,10,10
claude_haiku45,dd_0283,T3,1,1,0.0,10,10
claude_haiku45,dd_0283,T3,2,0,0.0,10,10
claude_haiku45,dd_0283,T3,2,1,0.0,10,10
claude_haiku45,dd_0283,T5,1,0,0.0,10,10
claude_haiku45,dd_0283,T5,1,1,0.0,10,10
claude_haiku45,dd_0283,T5,2,0,0.0,10,10
claude_haiku45,dd_0283,T5,2,1,0.0,10,10
claude_haiku45,dd_0283,T6,1,0,0.0,10,10
claude_haiku45,dd_0283,T6,1,1,0.0,10,10
claude_haiku45,dd_0283,T6,2,0,0.0,10,10
claude_haiku45,dd_0283,T6,2,1,0.0,10,10
claude_haiku45,dd_11241,T1,1,0,0.0,10,10
claude_haiku45,dd_11241,T1,1,1,0.0,10,10
claude_haiku45,dd_11241,T1,2,0,0.0,10,10
claude_haiku45,dd_11241,T1,2,1,0.0,10,10
claude_haiku45,dd_11241,T3,1,0,0.0,10,10
claude_haiku45,dd_11241,T3,1,1,0.0,10,10
claude_haiku45,dd_11241,T3,2,0,0.0,10,10
claude_haiku45,dd_11241,T3,2,1,0.0,10,10
claude_haiku45,dd_11241,T5,1,0,0.0,10,10
claude_haiku45,dd_11241,T5,1,1,0.0,10,10
claude_haiku45,dd_11241,T5,2,0,0.0,10,10
claude_haiku45,dd_11241,T5,2,1,0.0,10,10
claude_haiku45,dd_11241,T6,1,0,0.0,10,10
claude_haiku45,dd_11241,T6,1,1,0.0,10,10
claude_haiku45,dd_11241,T6,2,0,0.0,10,10
claude_haiku45,dd_11241,T6,2,1,0.0,10,10
claude_haiku45,dd_13518,T1,1,0,0.0,10,10
claude_haiku45,dd_13518,T1,1,1,0.0,10,10
claude_haiku45,dd_13518,T1,2,0,0.0,10,10
claude_haiku45,dd_13518,T1,2,1,0.0,10,10
claude_haiku45,dd_13518,T3,1,0,0.0,10,10
claude_haiku45,dd_13518,T3,1,1,0.0,10,10
claude_haiku45,dd_13518,T3,2,0,0.0,10,10
claude_haiku45,dd_13518,T3,2,1,0.0,10,10
claude_haiku45,dd_13518,T5,1,0,0.0,10,10
claude_haiku45,dd_13518,T5,1,1,0.0,10,10
claude_haiku45,dd_13518,T5,2,0,0.0,10,10
claude_haiku45,dd_13518,T5,2,1,0.0,10,10
claude_haiku45,dd_13518,T6,1,0,0.0,10,10
claude_haiku45,dd_13518,T6,1,1,0.0,10,10
claude_haiku45,dd_13518,T6,2,0,0.0,10,10
claude_haiku45,dd_13518,T6,2,1,0.0,10,10
claude_haiku45,dd_14408,T1,1,0,1.0,10,10
claude_haiku45,dd_14408,T1,1,1,1.0,10,10
claude_haiku45,dd_14408,T1,2,0,1.0,10,10
claude_haiku45,dd_14408,T1,2,1,1.0,10,10
claude_haiku45,dd_14408,T3,1,0,1.0,10,10
claude_haiku45,dd_14408,T3,1,1,1.0,10,10
claude_haiku45,dd_14408,T3,2,0,1.0,10,10
claude_haiku45,dd_14408,T3,2,1,1.0,10,10
claude_haiku45,dd_14408,T5,1,0,1.0,10,10
claude_haiku45,dd_14408,T5,1,1,1.0,10,10
claude_haiku45,dd_14408,T5,2,0,1.0,10,10
claude_haiku45,dd_14408,T5,2,1,1.0,10,10
claude_haiku45,dd_14408,T6,1,0,1.0,10,10
claude_haiku45,dd_14408,T6,1,1,1.0,10,10
claude_haiku45,dd_14408,T6,2,0,1.0,10,10
claude_haiku45,dd_14408,T6,2,1,1.0,10,10
claude_haiku45,dd_14818,T1,1,0,1.0,10,10
claude_haiku45,dd_14818,T1,1,1,1.0,10,10
claude_haiku45,dd_14818,T1,2,0,0.0,10,10
claude_haiku45,dd_14818,T1,2,1,0.0,10,10
claude_haiku45,dd_14818,T3,1,0,1.0,10,10
claude_haiku45,dd_14818,T3,1,1,1.0,10,10
claude_haiku45,dd_14818,T3,2,0,0.0,10,10
claude_haiku45,dd_14818,T3,2,1,0.0,10,10
claude_haiku45,dd_14818,T5,1,0,1.0,10,10
claude_haiku45,dd_14818,T5,1,1,1.0,10,10
claude_haiku45,dd_14818,T5,2,0,0.9,10,10
claude_haiku45,dd_14818,T5,2,1,1.0,10,10
claude_haiku45,dd_14818,T6,1,0,1.0,10,10
claude_haiku45,dd_14818,T6,1,1,1.0,10,10
claude_haiku45,dd_14818,T6,2,0,0.1,10,10
claude_haiku45,dd_14818,T6,2,1,0.4,10,10
claude_haiku45,dd_15810,T1,1,0,0.9,10,10
claude_haiku45,dd_15810,T1,1,1,1.0,10,10
claude_haiku45,dd_15810,T1,2,0,1.0,10,10
claude_haiku45,dd_15810,T1,2,1,1.0,10,10
claude_haiku45,dd_15810,T3,1,0,1.0,10,10
claude_haiku45,dd_15810,T3,1,1,1.0,10,10
claude_haiku45,dd_15810,T3,2,0,1.0,10,10
claude_haiku45,dd_15810,T3,2,1,1.0,10,10
claude_haiku45,dd_15810,T5,1,0,1.0,10,10
claude_haiku45,dd_15810,T5,1,1,1.0,10,10
claude_haiku45,dd_15810,T5,2,0,1.0,10,10
claude_haiku45,dd_15810,T5,2,1,1.0,10,10
claude_haiku45,dd_15810,T6,1,0,1.0,10,10
claude_haiku45,dd_15810,T6,1,1,1.0,10,10
claude_haiku45,dd_15810,T6,2,0,1.0,10,10
claude_haiku45,dd_15810,T6,2,1,1.0,10,10
claude_haiku45,dd_17929,T1,1,0,0.0,10,10
claude_haiku45,dd_17929,T1,1,1,0.0,10,10
claude_haiku45,dd_17929,T1,2,0,0.0,10,10
claude_haiku45,dd_17929,T1,2,1,0.0,10,10
claude_haiku45,dd_17929,T3,1,0,0.0,10,10
claude_haiku45,dd_17929,T3,1,1,0.0,10,10
claude_haiku45,dd_17929,T3,2,0,0.0,10,10
claude_haiku45,dd_17929,T3,2,1,0.0,10,10
claude_haiku45,dd_17929,T5,1,0,0.0,10,10
claude_haiku45,dd_17929,T5,1,1,0.0,10,10
claude_haiku45,dd_17929,T5,2,0,0.0,10,10
claude_haiku45,dd_17929,T5,2,1,0.0,10,10
claude_haiku45,dd_17929,T6,1,0,0.0,10,10
claude_haiku45,dd_17929,T6,1,1,0.0,10,10
claude_haiku45,dd_17929,T6,2,0,0.0,10,10
claude_haiku45,dd_17929,T6,2,1,0.0,10,10
claude_haiku45,dd_1808,T1,1,0,1.0,10,10
claude_haiku45,dd_1808,T1,1,1,1.0,10,10
claude_haiku45,dd_1808,T1,2,0,1.0,10,10
claude_haiku45,dd_1808,T1,2,1,1.0,10,10
claude_haiku45,dd_1808,T3,1,0,0.0,10,10
claude_haiku45,dd_1808,T3,1,1,0.0,10,10
claude_haiku45,dd_1808,T3,2,0,0.4,10,10
claude_haiku45,dd_1808,T3,2,1,0.5,10,10
claude_haiku45,dd_1808,T5,1,0,1.0,10,10
claude_haiku45,dd_1808,T5,1,1,1.0,10,10
claude_haiku45,dd_1808,T5,2,0,1.0,10,10
claude_haiku45,dd_1808,T5,2,1,1.0,10,10
claude_haiku45,dd_1808,T6,1,0,0.0,10,10
claude_haiku45,dd_1808,T6,1,1,0.0,10,10
claude_haiku45,dd_1808,T6,2,0,1.0,10,10
claude_haiku45,dd_1808,T6,2,1,1.0,10,10
claude_haiku45,dd_1814,T1,1,0,0.0,10,10
claude_haiku45,dd_1814,T1,1,1,0.0,10,10
claude_haiku45,dd_1814,T1,2,0,0.0,10,10
claude_haiku45,dd_1814,T1,2,1,0.0,10,10
claude_haiku45,dd_1814,T3,1,0,0.0,10,10
claude_haiku45,dd_1814,T3,1,1,0.0,10,10
claude_haiku45,dd_1814,T3,2,0,0.0,10,10
claude_haiku45,dd_1814,T3,2,1,0.0,10,10
claude_haiku45,dd_1814,T5,1,0,0.0,10,10
claude_haiku45,dd_1814,T5,1,1,0.0,10,10
claude_haiku45,dd_1814,T5,2,0,0.0,10,10
claude_haiku45,dd_1814,T5,2,1,0.0,10,10
claude_haiku45,dd_1814,T6,1,0,0.0,10,10
claude_haiku45,dd_1814,T6,1,1,0.0,10,10
claude_haiku45,dd_1814,T6,2,0,0.0,10,10
claude_haiku45,dd_1814,T6,2,1,0.0,10,10
claude_haiku45,dd_18223,T1,1,0,0.0,10,10
claude_haiku45,dd_18223,T1,1,1,0.0,10,10
claude_haiku45,dd_18223,T1,2,0,0.0,10,10
claude_haiku45,dd_18223,T1,2,1,0.0,10,10
claude_haiku45,dd_18223,T3,1,0,0.0,10,10
claude_haiku45,dd_18223,T3,1,1,0.0,10,10
claude_haiku45,dd_18223,T3,2,0,0.0,10,10
claude_haiku45,dd_18223,T3,2,1,0.0,10,10
claude_haiku45,dd_18223,T5,1,0,0.0,10,10
claude_haiku45,dd_18223,T5,1,1,0.0,10,10
claude_haiku45,dd_18223,T5,2,0,0.0,10,10
claude_haiku45,dd_18223,T5,2,1,0.0,10,10
claude_haiku45,dd_18223,T6,1,0,0.0,10,10
claude_haiku45,dd_18223,T6,1,1,0.0,10,10
claude_haiku45,dd_18223,T6,2,0,0.0,10,10
claude_haiku45,dd_18223,T6,2,1,0.0,10,10
claude_haiku45,dd_18643,T1,1,0,1.0,10,10
claude_haiku45,dd_18643,T1,1,1,1.0,10,10
claude_haiku45,dd_18643,T1,2,0,1.0,10,10
claude_haiku45,dd_18643,T1,2,1,1.0,10,10
claude_haiku45,dd_18643,T3,1,0,1.0,10,10
claude_haiku45,dd_18643,T3,1,1,1.0,10,10
claude_haiku45,dd_18643,T3,2,0,1.0,10,10
claude_haiku45,dd_18643,T3,2,1,1.0,10,10
claude_haiku45,dd_18643,T5,1,0,1.0,10,10
claude_haiku45,dd_18643,T5,1,1,1.0,10,10
claude_haiku45,dd_18643,T5,2,0,1.0,10,10
claude_haiku45,dd_18643,T5,2,1,1.0,10,10
claude_haiku45,dd_18643,T6,1,0,1.0,10,10
claude_haiku45,dd_18643,T6,1,1,1.0,10,10
claude_haiku45,dd_18643,T6,2,0,1.0,10,10
claude_haiku45,dd_18643,T6,2,1,1.0,10,10
claude_haiku45,dd_18670,T1,1,0,1.0,10,10
claude_haiku45,dd_18670,T1,1,1,1.0,10,10
claude_haiku45,dd_18670,T1,2,0,1.0,10,10
claude_haiku45,dd_18670,T1,2,1,1.0,10,10
claude_haiku45,dd_18670,T3,1,0,1.0,10,10
claude_haiku45,dd_18670,T3,1,1,1.0,10,10
claude_haiku45,dd_18670,T3,2,0,1.0,10,10
claude_haiku45,dd_18670,T3,2,1,1.0,10,10
claude_haiku45,dd_18670,T5,1,0,1.0,10,10
claude_haiku45,dd_18670,T5,1,1,1.0,10,10
claude_haiku45,dd_18670,T5,2,0,1.0,10,10
claude_haiku45,dd_18670,T5,2,1,1.0,10,10
claude_haiku45,dd_18670,T6,1,0,0.8,10,10
claude_haiku45,dd_18670,T6,1,1,0.6,10,10
claude_haiku45,dd_18670,T6,2,0,1.0,10,10
claude_haiku45,dd_18670,T6,2,1,1.0,10,10
claude_haiku45,dd_2081,T1,1,0,1.0,10,10
claude_haiku45,dd_2081,T1,1,1,1.0,10,10
claude_haiku45,dd_2081,T1,2,0,1.0,10,10
claude_haiku45,dd_2081,T1,2,1,1.0,10,10
claude_haiku45,dd_2081,T3,1,0,1.0,4,10
claude_haiku45,dd_2081,T3,1,1,1.0,5,10
claude_haiku45,dd_2081,T3,2,0,1.0,10,10
claude_haiku45,dd_2081,T3,2,1,1.0,10,10
claude_haiku45,dd_2081,T5,1,0,1.0,10,10
claude_haiku45,dd_2081,T5,1,1,1.0,10,10
claude_haiku45,dd_2081,T5,2,0,1.0,10,10
claude_haiku45,dd_2081,T5,2,1,1.0,10,10
claude_haiku45,dd_2081,T6,1,0,1.0,9,10
claude_haiku45,dd_2081,T6,1,1,1.0,10,10
claude_haiku45,dd_2081,T6,2,0,1.0,10,10
claude_haiku45,dd_2081,T6,2,1,1.0,10,10
claude_haiku45,dd_21158,T1,1,0,1.0,10,10
claude_haiku45,dd_21158,T1,1,1,1.0,10,10
claude_haiku45,dd_21158,T1,2,0,1.0,10,10
claude_haiku45,dd_21158,T1,2,1,1.0,10,10
claude_haiku45,dd_21158,T3,1,0,1.0,10,10
claude_haiku45,dd_21158,T3,1,1,1.0,10,10
claude_haiku45,dd_21158,T3,2,0,1.0,10,10
claude_haiku45,dd_21158,T3,2,1,1.0,10,10
claude_haiku45,dd_21158,T5,1,0,1.0,10,10
claude_haiku45,dd_21158,T5,1,1,1.0,10,10
claude_haiku45,dd_21158,T5,2,0,1.0,10,10
claude_haiku45,dd_21158,T5,2,1,1.0,10,10
claude_haiku45,dd_21158,T6,1,0,1.0,10,10
claude_haiku45,dd_21158,T6,1,1,1.0,10,10
claude_haiku45,dd_21158,T6,2,0,1.0,10,10
claude_haiku45,dd_21158,T6,2,1,1.0,10,10
claude_haiku45,dd_21629,T1,1,0,1.0,10,10
claude_haiku45,dd_21629,T1,1,1,1.0,10,10
claude_haiku45,dd_21629,T1,2,0,1.0,10,10
claude_haiku45,dd_21629,T1,2,1,1.0,10,10
claude_haiku45,dd_21629,T3,1,0,1.0,10,10
claude_haiku45,dd_21629,T3,1,1,1.0,10,10
claude_haiku45,dd_21629,T3,2,0,1.0,10,10
claude_haiku45,dd_21629,T3,2,1,1.0,10,10
claude_haiku45,dd_21629,T5,1,0,1.0,10,10
claude_haiku45,dd_21629,T5,1,1,1.0,10,10
claude_haiku45,dd_21629,T5,2,0,1.0,10,10
claude_haiku45,dd_21629,T5,2,1,1.0,10,10
claude_haiku45,dd_21629,T6,1,0,1.0,10,10
claude_haiku45,dd_21629,T6,1,1,1.0,10,10
claude_haiku45,dd_21629,T6,2,0,1.0,10,10
claude_haiku45,dd_21629,T6,2,1,1.0,10,10
claude_haiku45,dd_21630,T1,1,0,0.0,10,10
claude_haiku45,dd_21630,T1,1,1,0.0,10,10
claude_haiku45,dd_21630,T1,2,0,0.0,10,10
claude_haiku45,dd_21630,T1,2,1,0.0,10,10
claude_haiku45,dd_21630,T3,1,0,0.0,10,10
claude_haiku45,dd_21630,T3,1,1,0.0,10,10
claude_haiku45,dd_21630,T3,2,0,0.0,10,10
claude_haiku45,dd_21630,T3,2,1,0.0,10,10
claude_haiku45,dd_21630,T5,1,0,0.0,10,10
claude_haiku45,dd_21630,T5,1,1,0.0,10,10
claude_haiku45,dd_21630,T5,2,0,0.0,10,10
claude_haiku45,dd_21630,T5,2,1,0.0,10,10
claude_haiku45,dd_21630,T6,1,0,0.0,10,10
claude_haiku45,dd_21630,T6,1,1,0.0,10,10
claude_haiku45,dd_21630,T6,2,0,0.2,10,10
claude_haiku45,dd_21630,T6,2,1,0.4,10,10
claude_haiku45,dd_22819,T1,1,0,0.0,10,10
claude_haiku45,dd_22819,T1,1,1,0.0,10,10
claude_haiku45,dd_22819,T1,2,0,0.0,10,10
claude_haiku45,dd_22819,T1,2,1,0.0,10,10
claude_haiku45,dd_22819,T3,1,0,0.0,10,10
claude_haiku45,dd_22819,T3,1,1,0.0,10,10
claude_haiku45,dd_22819,T3,2,0,0.0,10,10
claude_haiku45,dd_22819,T3,2,1,0.0,10,10
claude_haiku45,dd_22819,T5,1,0,0.0,10,10
claude_haiku45,dd_22819,T5,1,1,0.0,10,10
claude_haiku45,dd_22819,T5,2,0,0.0,10,10
claude_haiku45,dd_22819,T5,2,1,0.0,10,10
claude_haiku45,dd_22819,T6,1,0,0.0,10,10
claude_haiku45,dd_22819,T6,1,1,0.0,10,10
claude_haiku45,dd_22819,T6,2,0,0.0,10,10
claude_haiku45,dd_22819,T6,2,1,0.0,10,10
claude_haiku45,dd_23534,T1,1,0,1.0,10,10
claude_haiku45,dd_23534,T1,1,1,1.0,9,10
claude_haiku45,dd_23534,T1,2,0,0.0,2,10
claude_haiku45,dd_23534,T1,2,1,1.0,1,10
claude_haiku45,dd_23534,T3,1,0,1.0,10,10
claude_haiku45,dd_23534,T3,1,1,1.0,10,10
claude_haiku45,dd_23534,T3,2,0,0.0,8,10
claude_haiku45,dd_23534,T3,2,1,0.0,6,10
claude_haiku45,dd_23534,T5,1,0,1.0,10,10
claude_haiku45,dd_23534,T5,1,1,1.0,10,10
claude_haiku45,dd_23534,T5,2,0,1.0,6,10
claude_haiku45,dd_23534,T5,2,1,0.8333333333333334,6,10
claude_haiku45,dd_23534,T6,1,0,1.0,10,10
claude_haiku45,dd_23534,T6,1,1,1.0,10,10
claude_haiku45,dd_23534,T6,2,0,0.75,8,10
claude_haiku45,dd_23534,T6,2,1,0.5,4,10
claude_haiku45,dd_24260,T1,1,0,0.0,10,10
claude_haiku45,dd_24260,T1,1,1,0.0,10,10
claude_haiku45,dd_24260,T1,2,0,0.0,10,10
claude_haiku45,dd_24260,T1,2,1,0.0,10,10
claude_haiku45,dd_24260,T3,1,0,0.0,10,10
claude_haiku45,dd_24260,T3,1,1,0.0,10,10
claude_haiku45,dd_24260,T3,2,0,0.0,10,10
claude_haiku45,dd_24260,T3,2,1,0.0,10,10
claude_haiku45,dd_24260,T5,1,0,0.0,10,10
claude_haiku45,dd_24260,T5,1,1,0.0,10,10
claude_haiku45,dd_24260,T5,2,0,0.0,10,10
claude_haiku45,dd_24260,T5,2,1,0.0,10,10
claude_haiku45,dd_24260,T6,1,0,0.0,10,10
claude_haiku45,dd_24260,T6,1,1,0.0,10,10
claude_haiku45,dd_24260,T6,2,0,0.0,10,10
claude_haiku45,dd_24260,T6,2,1,0.0,10,10
claude_haiku45,dd_24405,T1,1,0,0.0,10,10
claude_haiku45,dd_24405,T1,1,1,0.0,10,10
claude_haiku45,dd_24405,T1,2,0,0.0,10,10
claude_haiku45,dd_24405,T1,2,1,0.0,10,10
claude_haiku45,dd_24405,T3,1,0,0.0,10,10
claude_haiku45,dd_24405,T3,1,1,0.0,10,10
claude_haiku45,dd_24405,T3,2,0,0.0,10,10
claude_haiku45,dd_24405,T3,2,1,0.0,10,10
claude_haiku45,dd_24405,T5,1,0,0.0,10,10
claude_haiku45,dd_24405,T5,1,1,0.0,10,10
claude_haiku45,dd_24405,T5,2,0,0.0,10,10
claude_haiku45,dd_24405,T5,2,1,0.0,10,10
claude_haiku45,dd_24405,T6,1,0,0.0,10,10
claude_haiku45,dd_24405,T6,1,1,0.0,10,10
claude_haiku45,dd_24405,T6,2,0,0.0,10,10
claude_haiku45,dd_24405,T6,2,1,0.0,10,10
claude_haiku45,dd_24975,T1,1,0,1.0,10,10
claude_haiku45,dd_24975,T1,1,1,1.0,10,10
claude_haiku45,dd_24975,T1,2,0,1.0,10,10
claude_haiku45,dd_24975,T1,2,1,1.0,10,10
claude_haiku45,dd_24975,T3,1,0,1.0,10,10
claude_haiku45,dd_24975,T3,1,1,1.0,10,10
claude_haiku45,dd_24975,T3,2,0,1.0,10,10
claude_haiku45,dd_24975,T3,2,1,1.0,10,10
claude_haiku45,dd_24975,T5,1,0,1.0,10,10
claude_haiku45,dd_24975,T5,1,1,1.0,10,10
claude_haiku45,dd_24975,T5,2,0,1.0,10,10
claude_haiku45,dd_24975,T5,2,1,1.0,10,10
claude_haiku45,dd_24975,T6,1,0,1.0,10,10
claude_haiku45,dd_24975,T6,1,1,1.0,10,10
claude_haiku45,dd_24975,T6,2,0,1.0,10,10
claude_haiku45,dd_24975,T6,2,1,1.0,10,10
claude_haiku45,dd_25137,T1,1,0,1.0,10,10
claude_haiku45,dd_25137,T1,1,1,1.0,10,10
claude_haiku45,dd_25137,T1,2,0,1.0,10,10
claude_haiku45,dd_25137,T1,2,1,1.0,10,10
claude_haiku45,dd_25137,T3,1,0,1.0,10,10
claude_haiku45,dd_25137,T3,1,1,1.0,10,10
claude_haiku45,dd_25137,T3,2,0,1.0,10,10
claude_haiku45,dd_25137,T3,2,1,1.0,10,10
claude_haiku45,dd_25137,T5,1,0,1.0,10,10
claude_haiku45,dd_25137,T5,1,1,1.0,10,10
claude_haiku45,dd_25137,T5,2,0,1.0,10,10
claude_haiku45,dd_25137,T5,2,1,1.0,10,10
claude_haiku45,dd_25137,T6,1,0,1.0,10,10
claude_haiku45,dd_25137,T6,1,1,1.0,10,10
claude_haiku45,dd_25137,T6,2,0,1.0,10,10
claude_haiku45,dd_25137,T6,2,1,1.0,10,10
claude_haiku45,dd_25302,T1,1,0,0.0,10,10
claude_haiku45,dd_25302,T1,1,1,0.0,10,10
claude_haiku45,dd_25302,T1,2,0,0.0,10,10
claude_haiku45,dd_25302,T1,2,1,0.0,10,10
claude_haiku45,dd_25302,T3,1,0,0.0,10,10
claude_haiku45,dd_25302,T3,1,1,0.0,10,10
claude_haiku45,dd_25302,T3,2,0,0.0,10,10
claude_haiku45,dd_25302,T3,2,1,0.0,10,10
claude_haiku45,dd_25302,T5,1,0,0.0,10,10
claude_haiku45,dd_25302,T5,1,1,0.0,10,10
claude_haiku45,dd_25302,T5,2,0,0.0,10,10
claude_haiku45,dd_25302,T5,2,1,0.0,10,10
claude_haiku45,dd_25302,T6,1,0,0.0,10,10
claude_haiku45,dd_25302,T6,1,1,0.0,10,10
claude_haiku45,dd_25302,T6,2,0,0.0,10,10
claude_haiku45,dd_25302,T6,2,1,0.0,10,10
claude_haiku45,dd_25868,T1,1,0,1.0,10,10
claude_haiku45,dd_25868,T1,1,1,1.0,10,10
claude_haiku45,dd_25868,T1,2,0,1.0,10,10
claude_haiku45,dd_25868,T1,2,1,1.0,10,10
claude_haiku45,dd_25868,T3,1,0,1.0,10,10
claude_haiku45,dd_25868,T3,1,1,1.0,10,10
claude_haiku45,dd_25868,T3,2,0,1.0,10,10
claude_haiku45,dd_25868,T3,2,1,1.0,10,10
claude_haiku45,dd_25868,T5,1,0,1.0,10,10
claude_haiku45,dd_25868,T5,1,1,1.0,10,10
claude_haiku45,dd_25868,T5,2,0,1.0,10,10
claude_haiku45,dd_25868,T5,2,1,1.0,10,10
claude_haiku45,dd_25868,T6,1,0,0.1,10,10
claude_haiku45,dd_25868,T6,1,1,0.2,10,10
claude_haiku45,dd_25868,T6,2,0,1.0,10,10
claude_haiku45,dd_25868,T6,2,1,1.0,10,10
claude_haiku45,dd_26178,T1,1,0,0.0,10,10
claude_haiku45,dd_26178,T1,1,1,0.0,10,10
claude_haiku45,dd_26178,T1,2,0,0.0,10,10
claude_haiku45,dd_26178,T1,2,1,0.0,10,10
claude_haiku45,dd_26178,T3,1,0,0.0,10,10
claude_haiku45,dd_26178,T3,1,1,0.0,10,10
claude_haiku45,dd_26178,T3,2,0,0.0,10,10
claude_haiku45,dd_26178,T3,2,1,0.0,10,10
claude_haiku45,dd_26178,T5,1,0,0.0,10,10
claude_haiku45,dd_26178,T5,1,1,0.0,10,10
claude_haiku45,dd_26178,T5,2,0,0.0,10,10
claude_haiku45,dd_26178,T5,2,1,0.0,10,10
claude_haiku45,dd_26178,T6,1,0,0.0,10,10
claude_haiku45,dd_26178,T6,1,1,0.0,10,10
claude_haiku45,dd_26178,T6,2,0,0.0,10,10
claude_haiku45,dd_26178,T6,2,1,0.0,10,10
claude_haiku45,dd_26321,T1,1,0,1.0,10,10
claude_haiku45,dd_26321,T1,1,1,1.0,10,10
claude_haiku45,dd_26321,T1,2,0,1.0,10,10
claude_haiku45,dd_26321,T1,2,1,1.0,10,10
claude_haiku45,dd_26321,T3,1,0,1.0,10,10
claude_haiku45,dd_26321,T3,1,1,1.0,10,10
claude_haiku45,dd_26321,T3,2,0,1.0,10,10
claude_haiku45,dd_26321,T3,2,1,1.0,10,10
claude_haiku45,dd_26321,T5,1,0,1.0,10,10
claude_haiku45,dd_26321,T5,1,1,1.0,10,10
claude_haiku45,dd_26321,T5,2,0,1.0,10,10
claude_haiku45,dd_26321,T5,2,1,1.0,10,10
claude_haiku45,dd_26321,T6,1,0,1.0,10,10
claude_haiku45,dd_26321,T6,1,1,1.0,10,10
claude_haiku45,dd_26321,T6,2,0,1.0,10,10
claude_haiku45,dd_26321,T6,2,1,1.0,10,10
claude_haiku45,dd_27524,T1,1,0,0.0,10,10
claude_haiku45,dd_27524,T1,1,1,0.0,10,10
claude_haiku45,dd_27524,T1,2,0,0.0,10,10
claude_haiku45,dd_27524,T1,2,1,0.0,10,10
claude_haiku45,dd_27524,T3,1,0,0.0,10,10
claude_haiku45,dd_27524,T3,1,1,0.0,10,10
claude_haiku45,dd_27524,T3,2,0,0.0,10,10
claude_haiku45,dd_27524,T3,2,1,0.0,10,10
claude_haiku45,dd_27524,T5,1,0,0.0,10,10
claude_haiku45,dd_27524,T5,1,1,0.0,10,10
claude_haiku45,dd_27524,T5,2,0,0.0,10,10
claude_haiku45,dd_27524,T5,2,1,0.0,10,10
claude_haiku45,dd_27524,T6,1,0,0.0,10,10
claude_haiku45,dd_27524,T6,1,1,0.0,10,10
claude_haiku45,dd_27524,T6,2,0,0.0,10,10
claude_haiku45,dd_27524,T6,2,1,0.0,10,10
claude_haiku45,dd_27558,T1,1,0,0.0,10,10
claude_haiku45,dd_27558,T1,1,1,0.0,10,10
claude_haiku45,dd_27558,T1,2,0,0.0,10,10
claude_haiku45,dd_27558,T1,2,1,0.0,10,10
claude_haiku45,dd_27558,T3,1,0,0.0,10,10
claude_haiku45,dd_27558,T3,1,1,0.0,10,10
claude_haiku45,dd_27558,T3,2,0,0.0,10,10
claude_haiku45,dd_27558,T3,2,1,0.0,10,10
claude_haiku45,dd_27558,T5,1,0,0.0,10,10
claude_haiku45,dd_27558,T5,1,1,0.0,10,10
claude_haiku45,dd_27558,T5,2,0,0.0,10,10
claude_haiku45,dd_27558,T5,2,1,0.0,10,10
claude_haiku45,dd_27558,T6,1,0,0.0,10,10
claude_haiku45,dd_27558,T6,1,1,0.0,10,10
claude_haiku45,dd_27558,T6,2,0,0.0,10,10
claude_haiku45,dd_27558,T6,2,1,0.0,10,10
claude_haiku45,dd_28814,T1,1,0,0.0,10,10
claude_haiku45,dd_28814,T1,1,1,0.0,10,10
claude_haiku45,dd_28814,T1,2,0,0.0,10,10
claude_haiku45,dd_28814,T1,2,1,0.0,10,10
claude_haiku45,dd_28814,T3,1,0,0.0,10,10
claude_haiku45,dd_28814,T3,1,1,0.0,10,10
claude_haiku45,dd_28814,T3,2,0,0.0,10,10
claude_haiku45,dd_28814,T3,2,1,0.0,10,10
claude_haiku45,dd_28814,T5,1,0,0.0,10,10
claude_haiku45,dd_28814,T5,1,1,0.0,10,10
claude_haiku45,dd_28814,T5,2,0,0.0,10,10
claude_haiku45,dd_28814,T5,2,1,0.0,10,10
claude_haiku45,dd_28814,T6,1,0,0.0,10,10
claude_haiku45,dd_28814,T6,1,1,0.0,10,10
claude_haiku45,dd_28814,T6,2,0,0.0,10,10
claude_haiku45,dd_28814,T6,2,1,0.0,10,10
claude_haiku45,dd_29454,T1,1,0,,0,10
claude_haiku45,dd_29454,T1,1,1,,0,10
claude_haiku45,dd_29454,T1,2,0,,0,10
claude_haiku45,dd_29454,T1,2,1,,0,10
claude_haiku45,dd_29454,T3,1,0,,0,10
claude_haiku45,dd_29454,T3,1,1,,0,10
claude_haiku45,dd_29454,T3,2,0,,0,10
claude_haiku45,dd_29454,T3,2,1,,0,10
claude_haiku45,dd_29454,T5,1,0,,0,10
claude_haiku45,dd_29454,T5,1,1,,0,10
claude_haiku45,dd_29454,T5,2,0,,0,10
claude_haiku45,dd_29454,T5,2,1,,0,10
claude_haiku45,dd_29454,T6,1,0,,0,10
claude_haiku45,dd_29454,T6,1,1,,0,10
claude_haiku45,dd_29454,T6,2,0,,0,10
claude_haiku45,dd_29454,T6,2,1,,0,10
claude_haiku45,dd_29978,T1,1,0,1.0,10,10
claude_haiku45,dd_29978,T1,1,1,1.0,10,10
claude_haiku45,dd_29978,T1,2,0,1.0,10,10
claude_haiku45,dd_29978,T1,2,1,1.0,10,10
claude_haiku45,dd_29978,T3,1,0,1.0,10,10
claude_haiku45,dd_29978,T3,1,1,1.0,10,10
claude_haiku45,dd_29978,T3,2,0,0.7,10,10
claude_haiku45,dd_29978,T3,2,1,0.8,10,10
claude_haiku45,dd_29978,T5,1,0,1.0,10,10
claude_haiku45,dd_29978,T5,1,1,1.0,10,10
claude_haiku45,dd_29978,T5,2,0,1.0,10,10
claude_haiku45,dd_29978,T5,2,1,1.0,10,10
claude_haiku45,dd_29978,T6,1,0,1.0,10,10
claude_haiku45,dd_29978,T6,1,1,1.0,10,10
claude_haiku45,dd_29978,T6,2,0,1.0,10,10
claude_haiku45,dd_29978,T6,2,1,1.0,10,10
claude_haiku45,dd_30131,T1,1,0,0.0,10,10
claude_haiku45,dd_30131,T1,1,1,0.0,10,10
claude_haiku45,dd_30131,T1,2,0,0.0,10,10
claude_haiku45,dd_30131,T1,2,1,0.0,10,10
claude_haiku45,dd_30131,T3,1,0,0.0,10,10
claude_haiku45,dd_30131,T3,1,1,0.0,10,10
claude_haiku45,dd_30131,T3,2,0,0.0,10,10
claude_haiku45,dd_30131,T3,2,1,0.0,10,10
claude_haiku45,dd_30131,T5,1,0,0.0,10,10
claude_haiku45,dd_30131,T5,1,1,0.0,10,10
claude_haiku45,dd_30131,T5,2,0,0.0,10,10
claude_haiku45,dd_30131,T5,2,1,0.0,10,10
claude_haiku45,dd_30131,T6,1,0,0.0,10,10
claude_haiku45,dd_30131,T6,1,1,0.0,10,10
claude_haiku45,dd_30131,T6,2,0,0.0,10,10
claude_haiku45,dd_30131,T6,2,1,0.0,10,10
claude_haiku45,dd_30899,T1,1,0,1.0,10,10
claude_haiku45,dd_30899,T1,1,1,1.0,10,10
claude_haiku45,dd_30899,T1,2,0,1.0,10,10
claude_haiku45,dd_30899,T1,2,1,1.0,10,10
claude_haiku45,dd_30899,T3,1,0,1.0,10,10
claude_haiku45,dd_30899,T3,1,1,1.0,10,10
claude_haiku45,dd_30899,T3,2,0,1.0,10,10
claude_haiku45,dd_30899,T3,2,1,1.0,10,10
claude_haiku45,dd_30899,T5,1,0,1.0,10,10
claude_haiku45,dd_30899,T5,1,1,1.0,10,10
claude_haiku45,dd_30899,T5,2,0,1.0,10,10
claude_haiku45,dd_30899,T5,2,1,1.0,10,10
claude_haiku45,dd_30899,T6,1,0,1.0,10,10
claude_haiku45,dd_30899,T6,1,1,1.0,10,10
claude_haiku45,dd_30899,T6,2,0,1.0,10,10
claude_haiku45,dd_30899,T6,2,1,1.0,10,10
claude_haiku45,dd_31129,T1,1,0,0.0,10,10
claude_haiku45,dd_31129,T1,1,1,0.0,10,10
claude_haiku45,dd_31129,T1,2,0,0.0,10,10
claude_haiku45,dd_31129,T1,2,1,0.0,10,10
claude_haiku45,dd_31129,T3,1,0,0.0,10,10
claude_haiku45,dd_31129,T3,1,1,0.0,10,10
claude_haiku45,dd_31129,T3,2,0,0.0,10,10
claude_haiku45,dd_31129,T3,2,1,0.0,10,10
claude_haiku45,dd_31129,T5,1,0,0.0,10,10
claude_haiku45,dd_31129,T5,1,1,0.0,10,10
claude_haiku45,dd_31129,T5,2,0,0.0,10,10
claude_haiku45,dd_31129,T5,2,1,0.0,10,10
claude_haiku45,dd_31129,T6,1,0,0.0,10,10
claude_haiku45,dd_31129,T6,1,1,0.0,10,10
claude_haiku45,dd_31129,T6,2,0,0.0,10,10
claude_haiku45,dd_31129,T6,2,1,0.0,10,10
claude_haiku45,dd_32872,T1,1,0,0.0,10,10
claude_haiku45,dd_32872,T1,1,1,0.0,10,10
claude_haiku45,dd_32872,T1,2,0,0.0,10,10
claude_haiku45,dd_32872,T1,2,1,0.0,10,10
claude_haiku45,dd_32872,T3,1,0,0.0,10,10
claude_haiku45,dd_32872,T3,1,1,0.0,10,10
claude_haiku45,dd_32872,T3,2,0,0.0,10,10
claude_haiku45,dd_32872,T3,2,1,0.0,10,10
claude_haiku45,dd_32872,T5,1,0,0.0,10,10
claude_haiku45,dd_32872,T5,1,1,0.0,10,10
claude_haiku45,dd_32872,T5,2,0,0.0,10,10
claude_haiku45,dd_32872,T5,2,1,0.0,10,10
claude_haiku45,dd_32872,T6,1,0,0.0,10,10
claude_haiku45,dd_32872,T6,1,1,0.0,10,10
claude_haiku45,dd_32872,T6,2,0,0.0,10,10
claude_haiku45,dd_32872,T6,2,1,0.0,10,10
claude_haiku45,dd_33618,T1,1,0,1.0,10,10
claude_haiku45,dd_33618,T1,1,1,1.0,10,10
claude_haiku45,dd_33618,T1,2,0,0.0,10,10
claude_haiku45,dd_33618,T1,2,1,0.0,10,10
claude_haiku45,dd_33618,T3,1,0,1.0,10,10
claude_haiku45,dd_33618,T3,1,1,0.8,10,10
claude_haiku45,dd_33618,T3,2,0,0.0,10,10
claude_haiku45,dd_33618,T3,2,1,0.0,10,10
claude_haiku45,dd_33618,T5,1,0,0.9,10,10
claude_haiku45,dd_33618,T5,1,1,1.0,10,10
claude_haiku45,dd_33618,T5,2,0,0.0,10,10
claude_haiku45,dd_33618,T5,2,1,0.0,10,10
claude_haiku45,dd_33618,T6,1,0,0.0,10,10
claude_haiku45,dd_33618,T6,1,1,0.1,10,10
claude_haiku45,dd_33618,T6,2,0,0.0,10,10
claude_haiku45,dd_33618,T6,2,1,0.0,10,10
claude_haiku45,dd_34148,T1,1,0,0.9,10,10
claude_haiku45,dd_34148,T1,1,1,1.0,10,10
claude_haiku45,dd_34148,T1,2,0,0.3,10,10
claude_haiku45,dd_34148,T1,2,1,0.0,10,10
claude_haiku45,dd_34148,T3,1,0,0.0,10,10
claude_haiku45,dd_34148,T3,1,1,0.0,10,10
claude_haiku45,dd_34148,T3,2,0,0.0,10,10
claude_haiku45,dd_34148,T3,2,1,0.0,10,10
claude_haiku45,dd_34148,T5,1,0,0.2,10,10
claude_haiku45,dd_34148,T5,1,1,0.1,10,10
claude_haiku45,dd_34148,T5,2,0,1.0,10,10
claude_haiku45,dd_34148,T5,2,1,1.0,10,10
claude_haiku45,dd_34148,T6,1,0,0.0,10,10
claude_haiku45,dd_34148,T6,1,1,0.0,10,10
claude_haiku45,dd_34148,T6,2,0,0.4,10,10
claude_haiku45,dd_34148,T6,2,1,0.1,10,10
claude_haiku45,dd_34460,T1,1,0,0.0,10,10
claude_haiku45,dd_34460,T1,1,1,0.0,10,10
claude_haiku45,dd_34460,T1,2,0,0.0,10,10
claude_haiku45,dd_34460,T1,2,1,0.0,10,10
claude_haiku45,dd_34460,T3,1,0,0.0,10,10
claude_haiku45,dd_34460,T3,1,1,0.0,10,10
claude_haiku45,dd_34460,T3,2,0,0.0,10,10
claude_haiku45,dd_34460,T3,2,1,0.0,10,10
claude_haiku45,dd_34460,T5,1,0,0.0,10,10
claude_haiku45,dd_34460,T5,1,1,0.0,10,10
claude_haiku45,dd_34460,T5,2,0,0.0,10,10
claude_haiku45,dd_34460,T5,2,1,0.0,10,10
claude_haiku45,dd_34460,T6,1,0,0.0,10,10
claude_haiku45,dd_34460,T6,1,1,0.0,10,10
claude_haiku45,dd_34460,T6,2,0,0.0,10,10
claude_haiku45,dd_34460,T6,2,1,0.0,10,10
claude_haiku45,dd_35732,T1,1,0,0.0,10,10
claude_haiku45,dd_35732,T1,1,1,0.0,10,10
claude_haiku45,dd_35732,T1,2,0,0.0,10,10
claude_haiku45,dd_35732,T1,2,1,0.0,10,10
claude_haiku45,dd_35732,T3,1,0,0.0,10,10
claude_haiku45,dd_35732,T3,1,1,0.0,10,10
claude_haiku45,dd_35732,T3,2,0,0.0,10,10
claude_haiku45,dd_35732,T3,2,1,0.0,10,10
claude_haiku45,dd_35732,T5,1,0,0.0,10,10
claude_haiku45,dd_35732,T5,1,1,0.0,10,10
claude_haiku45,dd_35732,T5,2,0,0.0,10,10
claude_haiku45,dd_35732,T5,2,1,0.0,10,10
claude_haiku45,dd_35732,T6,1,0,0.0,10,10
claude_haiku45,dd_35732,T6,1,1,0.0,10,10
claude_haiku45,dd_35732,T6,2,0,0.0,10,10
claude_haiku45,dd_35732,T6,2,1,0.0,10,10
claude_haiku45,dd_36819,T1,1,0,0.0,10,10
claude_haiku45,dd_36819,T1,1,1,0.0,10,10
claude_haiku45,dd_36819,T1,2,0,0.0,10,10
claude_haiku45,dd_36819,T1,2,1,0.0,10,10
claude_haiku45,dd_36819,T3,1,0,0.0,10,10
claude_haiku45,dd_36819,T3,1,1,0.0,10,10
claude_haiku45,dd_36819,T3,2,0,0.0,10,10
claude_haiku45,dd_36819,T3,2,1,0.0,10,10
claude_haiku45,dd_36819,T5,1,0,0.0,10,10
claude_haiku45,dd_36819,T5,1,1,0.0,10,10
claude_haiku45,dd_36819,T5,2,0,0.0,10,10
claude_haiku45,dd_36819,T5,2,1,0.0,10,10
claude_haiku45,dd_36819,T6,1,0,0.0,10,10
claude_haiku45,dd_36819,T6,1,1,0.0,10,10
claude_haiku45,dd_36819,T6,2,0,0.0,10,10
claude_haiku45,dd_36819,T6,2,1,0.0,10,10
claude_haiku45,dd_37249,T1,1,0,1.0,10,10
claude_haiku45,dd_37249,T1,1,1,1.0,10,10
claude_haiku45,dd_37249,T1,2,0,1.0,10,10
claude_haiku45,dd_37249,T1,2,1,1.0,10,10
claude_haiku45,dd_37249,T3,1,0,1.0,10,10
claude_haiku45,dd_37249,T3,1,1,1.0,10,10
claude_haiku45,dd_37249,T3,2,0,1.0,10,10
claude_haiku45,dd_37249,T3,2,1,1.0,10,10
claude_haiku45,dd_37249,T5,1,0,1.0,10,10
claude_haiku45,dd_37249,T5,1,1,1.0,10,10
claude_haiku45,dd_37249,T5,2,0,1.0,10,10
claude_haiku45,dd_37249,T5,2,1,1.0,10,10
claude_haiku45,dd_37249,T6,1,0,1.0,10,10
claude_haiku45,dd_37249,T6,1,1,1.0,10,10
claude_haiku45,dd_37249,T6,2,0,1.0,10,10
claude_haiku45,dd_37249,T6,2,1,1.0,10,10
claude_haiku45,dd_37490,T1,1,0,1.0,10,10
claude_haiku45,dd_37490,T1,1,1,1.0,10,10
claude_haiku45,dd_37490,T1,2,0,1.0,10,10
claude_haiku45,dd_37490,T1,2,1,1.0,10,10
claude_haiku45,dd_37490,T3,1,0,1.0,10,10
claude_haiku45,dd_37490,T3,1,1,1.0,10,10
claude_haiku45,dd_37490,T3,2,0,1.0,10,10
claude_haiku45,dd_37490,T3,2,1,1.0,10,10
claude_haiku45,dd_37490,T5,1,0,1.0,10,10
claude_haiku45,dd_37490,T5,1,1,1.0,10,10
claude_haiku45,dd_37490,T5,2,0,1.0,10,10
claude_haiku45,dd_37490,T5,2,1,1.0,10,10
claude_haiku45,dd_37490,T6,1,0,1.0,10,10
claude_haiku45,dd_37490,T6,1,1,1.0,10,10
claude_haiku45,dd_37490,T6,2,0,1.0,10,10
claude_haiku45,dd_37490,T6,2,1,1.0,10,10
claude_haiku45,dd_38533,T1,1,0,0.0,10,10
claude_haiku45,dd_38533,T1,1,1,0.0,10,10
claude_haiku45,dd_38533,T1,2,0,0.0,10,10
claude_haiku45,dd_38533,T1,2,1,0.0,10,10
claude_haiku45,dd_38533,T3,1,0,0.0,10,10
claude_haiku45,dd_38533,T3,1,1,0.0,10,10
claude_haiku45,dd_38533,T3,2,0,0.0,10,10
claude_haiku45,dd_38533,T3,2,1,0.0,10,10
claude_haiku45,dd_38533,T5,1,0,0.0,10,10
claude_haiku45,dd_38533,T5,1,1,0.0,10,10
claude_haiku45,dd_38533,T5,2,0,0.0,10,10
claude_haiku45,dd_38533,T5,2,1,0.0,10,10
claude_haiku45,dd_38533,T6,1,0,0.0,10,10
claude_haiku45,dd_38533,T6,1,1,0.0,10,10
claude_haiku45,dd_38533,T6,2,0,0.0,10,10
claude_haiku45,dd_38533,T6,2,1,0.0,10,10
claude_haiku45,dd_39199,T1,1,0,1.0,10,10
claude_haiku45,dd_39199,T1,1,1,1.0,10,10
claude_haiku45,dd_39199,T1,2,0,1.0,10,10
claude_haiku45,dd_39199,T1,2,1,1.0,10,10
claude_haiku45,dd_39199,T3,1,0,1.0,10,10
claude_haiku45,dd_39199,T3,1,1,1.0,10,10
claude_haiku45,dd_39199,T3,2,0,1.0,10,10
claude_haiku45,dd_39199,T3,2,1,1.0,10,10
claude_haiku45,dd_39199,T5,1,0,1.0,10,10
claude_haiku45,dd_39199,T5,1,1,1.0,10,10
claude_haiku45,dd_39199,T5,2,0,1.0,10,10
claude_haiku45,dd_39199,T5,2,1,1.0,10,10
claude_haiku45,dd_39199,T6,1,0,1.0,10,10
claude_haiku45,dd_39199,T6,1,1,1.0,10,10
claude_haiku45,dd_39199,T6,2,0,1.0,10,10
claude_haiku45,dd_39199,T6,2,1,1.0,10,10
claude_haiku45,dd_42860,T1,1,0,0.0,10,10
claude_haiku45,dd_42860,T1,1,1,0.0,10,10
claude_haiku45,dd_42860,T1,2,0,0.0,10,10
claude_haiku45,dd_42860,T1,2,1,0.0,10,10
claude_haiku45,dd_42860,T3,1,0,0.0,10,10
claude_haiku45,dd_42860,T3,1,1,0.0,10,10
claude_haiku45,dd_42860,T3,2,0,0.0,10,10
claude_haiku45,dd_42860,T3,2,1,0.0,10,10
claude_haiku45,dd_42860,T5,1,0,0.0,10,10
claude_haiku45,dd_42860,T5,1,1,0.0,10,10
claude_haiku45,dd_42860,T5,2,0,0.0,10,10
claude_haiku45,dd_42860,T5,2,1,0.0,10,10
claude_haiku45,dd_42860,T6,1,0,0.0,10,10
claude_haiku45,dd_42860,T6,1,1,0.0,10,10
claude_haiku45,dd_42860,T6,2,0,0.0,10,10
claude_haiku45,dd_42860,T6,2,1,0.0,10,10
claude_haiku45,dd_44063,T1,1,0,1.0,10,10
claude_haiku45,dd_44063,T1,1,1,1.0,10,10
claude_haiku45,dd_44063,T1,2,0,1.0,10,10
claude_haiku45,dd_44063,T1,2,1,0.7,10,10
claude_haiku45,dd_44063,T3,1,0,1.0,10,10
claude_haiku45,dd_44063,T3,1,1,1.0,9,10
claude_haiku45,dd_44063,T3,2,0,0.0,3,10
claude_haiku45,dd_44063,T3,2,1,0.0,1,10
claude_haiku45,dd_44063,T5,1,0,0.4,10,10
claude_haiku45,dd_44063,T5,1,1,0.5,10,10
claude_haiku45,dd_44063,T5,2,0,1.0,10,10
claude_haiku45,dd_44063,T5,2,1,1.0,10,10
claude_haiku45,dd_44063,T6,1,0,1.0,10,10
claude_haiku45,dd_44063,T6,1,1,1.0,10,10
claude_haiku45,dd_44063,T6,2,0,0.0,10,10
claude_haiku45,dd_44063,T6,2,1,0.1,10,10
claude_haiku45,dd_44380,T1,1,0,1.0,10,10
claude_haiku45,dd_44380,T1,1,1,1.0,10,10
claude_haiku45,dd_44380,T1,2,0,1.0,10,10
claude_haiku45,dd_44380,T1,2,1,1.0,10,10
claude_haiku45,dd_44380,T3,1,0,1.0,10,10
claude_haiku45,dd_44380,T3,1,1,1.0,10,10
claude_haiku45,dd_44380,T3,2,0,1.0,10,10
claude_haiku45,dd_44380,T3,2,1,1.0,10,10
claude_haiku45,dd_44380,T5,1,0,1.0,10,10
claude_haiku45,dd_44380,T5,1,1,1.0,10,10
claude_haiku45,dd_44380,T5,2,0,1.0,10,10
claude_haiku45,dd_44380,T5,2,1,1.0,10,10
claude_haiku45,dd_44380,T6,1,0,1.0,10,10
claude_haiku45,dd_44380,T6,1,1,1.0,10,10
claude_haiku45,dd_44380,T6,2,0,1.0,10,10
claude_haiku45,dd_44380,T6,2,1,1.0,10,10
claude_haiku45,dd_45938,T1,1,0,0.0,10,10
claude_haiku45,dd_45938,T1,1,1,0.0,10,10
claude_haiku45,dd_45938,T1,2,0,0.0,10,10
claude_haiku45,dd_45938,T1,2,1,0.0,10,10
claude_haiku45,dd_45938,T3,1,0,0.0,10,10
claude_haiku45,dd_45938,T3,1,1,0.0,10,10
claude_haiku45,dd_45938,T3,2,0,0.0,10,10
claude_haiku45,dd_45938,T3,2,1,0.0,10,10
claude_haiku45,dd_45938,T5,1,0,0.0,10,10
claude_haiku45,dd_45938,T5,1,1,0.0,10,10
claude_haiku45,dd_45938,T5,2,0,0.0,10,10
claude_haiku45,dd_45938,T5,2,1,0.0,10,10
claude_haiku45,dd_45938,T6,1,0,0.0,10,10
claude_haiku45,dd_45938,T6,1,1,0.0,10,10
claude_haiku45,dd_45938,T6,2,0,0.0,10,10
claude_haiku45,dd_45938,T6,2,1,0.0,10,10
claude_haiku45,dd_46859,T1,1,0,0.0,10,10
claude_haiku45,dd_46859,T1,1,1,0.0,10,10
claude_haiku45,dd_46859,T1,2,0,0.0,10,10
claude_haiku45,dd_46859,T1,2,1,0.0,10,10
claude_haiku45,dd_46859,T3,1,0,0.0,10,10
claude_haiku45,dd_46859,T3,1,1,0.0,10,10
claude_haiku45,dd_46859,T3,2,0,0.0,10,10
claude_haiku45,dd_46859,T3,2,1,0.0,10,10
claude_haiku45,dd_46859,T5,1,0,0.0,10,10
claude_haiku45,dd_46859,T5,1,1,0.0,10,10
claude_haiku45,dd_46859,T5,2,0,0.0,10,10
claude_haiku45,dd_46859,T5,2,1,0.0,10,10
claude_haiku45,dd_46859,T6,1,0,0.0,10,10
claude_haiku45,dd_46859,T6,1,1,0.0,10,10
claude_haiku45,dd_46859,T6,2,0,0.0,10,10
claude_haiku45,dd_46859,T6,2,1,0.0,10,10
claude_haiku45,dd_47886,T1,1,0,0.0,10,10
claude_haiku45,dd_47886,T1,1,1,0.0,10,10
claude_haiku45,dd_47886,T1,2,0,1.0,10,10
claude_haiku45,dd_47886,T1,2,1,1.0,10,10
claude_haiku45,dd_47886,T3,1,0,1.0,10,10
claude_haiku45,dd_47886,T3,1,1,1.0,10,10
claude_haiku45,dd_47886,T3,2,0,1.0,10,10
claude_haiku45,dd_47886,T3,2,1,1.0,10,10
claude_haiku45,dd_47886,T5,1,0,1.0,10,10
claude_haiku45,dd_47886,T5,1,1,0.9,10,10
claude_haiku45,dd_47886,T5,2,0,1.0,10,10
claude_haiku45,dd_47886,T5,2,1,1.0,10,10
claude_haiku45,dd_47886,T6,1,0,0.0,10,10
claude_haiku45,dd_47886,T6,1,1,0.1,10,10
claude_haiku45,dd_47886,T6,2,0,1.0,10,10
claude_haiku45,dd_47886,T6,2,1,1.0,10,10
claude_haiku45,dd_5570,T1,1,0,1.0,10,10
claude_haiku45,dd_5570,T1,1,1,1.0,10,10
claude_haiku45,dd_5570,T1,2,0,1.0,10,10
claude_haiku45,dd_5570,T1,2,1,1.0,10,10
claude_haiku45,dd_5570,T3,1,0,1.0,10,10
claude_haiku45,dd_5570,T3,1,1,1.0,10,10
claude_haiku45,dd_5570,T3,2,0,1.0,10,10
claude_haiku45,dd_5570,T3,2,1,1.0,10,10
claude_haiku45,dd_5570,T5,1,0,1.0,10,10
claude_haiku45,dd_5570,T5,1,1,1.0,10,10
claude_haiku45,dd_5570,T5,2,0,1.0,10,10
claude_haiku45,dd_5570,T5,2,1,1.0,10,10
claude_haiku45,dd_5570,T6,1,0,1.0,10,10
claude_haiku45,dd_5570,T6,1,1,1.0,10,10
claude_haiku45,dd_5570,T6,2,0,1.0,10,10
claude_haiku45,dd_5570,T6,2,1,1.0,10,10
claude_haiku45,dd_6488,T1,1,0,0.0,10,10
claude_haiku45,dd_6488,T1,1,1,0.0,10,10
claude_haiku45,dd_6488,T1,2,0,0.0,10,10
claude_haiku45,dd_6488,T1,2,1,0.0,10,10
claude_haiku45,dd_6488,T3,1,0,0.0,10,10
claude_haiku45,dd_6488,T3,1,1,0.0,10,10
claude_haiku45,dd_6488,T3,2,0,0.0,10,10
claude_haiku45,dd_6488,T3,2,1,0.0,10,10
claude_haiku45,dd_6488,T5,1,0,0.0,10,10
claude_haiku45,dd_6488,T5,1,1,0.0,10,10
claude_haiku45,dd_6488,T5,2,0,0.0,10,10
claude_haiku45,dd_6488,T5,2,1,0.0,10,10
claude_haiku45,dd_6488,T6,1,0,0.0,10,10
claude_haiku45,dd_6488,T6,1,1,0.0,10,10
claude_haiku45,dd_6488,T6,2,0,0.0,10,10
claude_haiku45,dd_6488,T6,2,1,0.0,10,10
claude_haiku45,dd_6826,T1,1,0,1.0,10,10
claude_haiku45,dd_6826,T1,1,1,1.0,10,10
claude_haiku45,dd_6826,T1,2,0,1.0,10,10
claude_haiku45,dd_6826,T1,2,1,1.0,10,10
claude_haiku45,dd_6826,T3,1,0,1.0,10,10
claude_haiku45,dd_6826,T3,1,1,1.0,10,10
claude_haiku45,dd_6826,T3,2,0,1.0,10,10
claude_haiku45,dd_6826,T3,2,1,1.0,10,10
claude_haiku45,dd_6826,T5,1,0,1.0,10,10
claude_haiku45,dd_6826,T5,1,1,1.0,10,10
claude_haiku45,dd_6826,T5,2,0,1.0,10,10
claude_haiku45,dd_6826,T5,2,1,1.0,10,10
claude_haiku45,dd_6826,T6,1,0,1.0,10,10
claude_haiku45,dd_6826,T6,1,1,1.0,10,10
claude_haiku45,dd_6826,T6,2,0,1.0,10,10
claude_haiku45,dd_6826,T6,2,1,1.0,10,10
claude_haiku45,dd_6868,T1,1,0,0.0,10,10
claude_haiku45,dd_6868,T1,1,1,0.0,10,10
claude_haiku45,dd_6868,T1,2,0,0.0,10,10
claude_haiku45,dd_6868,T1,2,1,0.0,10,10
claude_haiku45,dd_6868,T3,1,0,0.0,10,10
claude_haiku45,dd_6868,T3,1,1,0.0,10,10
claude_haiku45,dd_6868,T3,2,0,0.0,10,10
claude_haiku45,dd_6868,T3,2,1,0.0,10,10
claude_haiku45,dd_6868,T5,1,0,0.0,10,10
claude_haiku45,dd_6868,T5,1,1,0.0,10,10
claude_haiku45,dd_6868,T5,2,0,0.0,10,10
claude_haiku45,dd_6868,T5,2,1,0.0,10,10
claude_haiku45,dd_6868,T6,1,0,0.0,10,10
claude_haiku45,dd_6868,T6,1,1,0.0,10,10
claude_haiku45,dd_6868,T6,2,0,0.0,10,10
claude_haiku45,dd_6868,T6,2,1,0.0,10,10
claude_haiku45,dd_7687,T1,1,0,1.0,10,10
claude_haiku45,dd_7687,T1,1,1,1.0,10,10
claude_haiku45,dd_7687,T1,2,0,1.0,10,10
claude_haiku45,dd_7687,T1,2,1,1.0,10,10
claude_haiku45,dd_7687,T3,1,0,1.0,10,10
claude_haiku45,dd_7687,T3,1,1,1.0,10,10
claude_haiku45,dd_7687,T3,2,0,1.0,10,10
claude_haiku45,dd_7687,T3,2,1,1.0,10,10
claude_haiku45,dd_7687,T5,1,0,1.0,10,10
claude_haiku45,dd_7687,T5,1,1,1.0,10,10
claude_haiku45,dd_7687,T5,2,0,1.0,10,10
claude_haiku45,dd_7687,T5,2,1,1.0,10,10
claude_haiku45,dd_7687,T6,1,0,1.0,10,10
claude_haiku45,dd_7687,T6,1,1,1.0,10,10
claude_haiku45,dd_7687,T6,2,0,1.0,10,10
claude_haiku45,dd_7687,T6,2,1,1.0,10,10
claude_haiku45,dd_8580,T1,1,0,1.0,10,10
claude_haiku45,dd_8580,T1,1,1,1.0,10,10
claude_haiku45,dd_8580,T1,2,0,1.0,10,10
claude_haiku45,dd_8580,T1,2,1,1.0,10,10
claude_haiku45,dd_8580,T3,1,0,0.8,10,10
claude_haiku45,dd_8580,T3,1,1,1.0,10,10
claude_haiku45,dd_8580,T3,2,0,0.0,10,10
claude_haiku45,dd_8580,T3,2,1,0.0,10,10
claude_haiku45,dd_8580,T5,1,0,1.0,10,10
claude_haiku45,dd_8580,T5,1,1,1.0,10,10
claude_haiku45,dd_8580,T5,2,0,1.0,10,10
claude_haiku45,dd_8580,T5,2,1,1.0,10,10
claude_haiku45,dd_8580,T6,1,0,1.0,10,10
claude_haiku45,dd_8580,T6,1,1,1.0,10,10
claude_haiku45,dd_8580,T6,2,0,1.0,10,10
claude_haiku45,dd_8580,T6,2,1,1.0,10,10
claude_haiku45,dd_9595,T1,1,0,1.0,10,10
claude_haiku45,dd_9595,T1,1,1,1.0,10,10
claude_haiku45,dd_9595,T1,2,0,1.0,10,10
claude_haiku45,dd_9595,T1,2,1,1.0,10,10
claude_haiku45,dd_9595,T3,1,0,1.0,10,10
claude_haiku45,dd_9595,T3,1,1,1.0,10,10
claude_haiku45,dd_9595,T3,2,0,1.0,10,10
claude_haiku45,dd_9595,T3,2,1,1.0,10,10
claude_haiku45,dd_9595,T5,1,0,1.0,10,10
claude_haiku45,dd_9595,T5,1,1,1.0,10,10
claude_haiku45,dd_9595,T5,2,0,1.0,10,10
claude_haiku45,dd_9595,T5,2,1,1.0,10,10
claude_haiku45,dd_9595,T6,1,0,1.0,10,10
claude_haiku45,dd_9595,T6,1,1,1.0,10,10
claude_haiku45,dd_9595,T6,2,0,1.0,10,10
claude_haiku45,dd_9595,T6,2,1,1.0,10,10
claude_haiku45,dd_9899,T1,1,0,1.0,10,10
claude_haiku45,dd_9899,T1,1,1,1.0,10,10
claude_haiku45,dd_9899,T1,2,0,1.0,10,10
claude_haiku45,dd_9899,T1,2,1,1.0,10,10
claude_haiku45,dd_9899,T3,1,0,1.0,10,10
claude_haiku45,dd_9899,T3,1,1,1.0,10,10
claude_haiku45,dd_9899,T3,2,0,1.0,10,10
claude_haiku45,dd_9899,T3,2,1,1.0,10,10
claude_haiku45,dd_9899,T5,1,0,1.0,10,10
claude_haiku45,dd_9899,T5,1,1,1.0,10,10
claude_haiku45,dd_9899,T5,2,0,1.0,10,10
claude_haiku45,dd_9899,T5,2,1,1.0,10,10
claude_haiku45,dd_9899,T6,1,0,1.0,10,10
claude_haiku45,dd_9899,T6,1,1,1.0,10,10
claude_haiku45,dd_9899,T6,2,0,1.0,10,10
claude_haiku45,dd_9899,T6,2,1,1.0,10,10
claude_haiku45,dd_9955,T1,1,0,1.0,10,10
claude_haiku45,dd_9955,T1,1,1,1.0,10,10
claude_haiku45,dd_9955,T1,2,0,0.0,10,10
claude_haiku45,dd_9955,T1,2,1,0.0,10,10
claude_haiku45,dd_9955,T3,1,0,1.0,10,10
claude_haiku45,dd_9955,T3,1,1,1.0,10,10
claude_haiku45,dd_9955,T3,2,0,0.5,10,10
claude_haiku45,dd_9955,T3,2,1,0.4,10,10
claude_haiku45,dd_9955,T5,1,0,0.9,10,10
claude_haiku45,dd_9955,T5,1,1,1.0,10,10
claude_haiku45,dd_9955,T5,2,0,0.4,10,10
claude_haiku45,dd_9955,T5,2,1,0.7,10,10
claude_haiku45,dd_9955,T6,1,0,0.0,10,10
claude_haiku45,dd_9955,T6,1,1,0.0,10,10
claude_haiku45,dd_9955,T6,2,0,0.0,10,10
claude_haiku45,dd_9955,T6,2,1,0.0,10,10
claude_haiku45,mc_C_034,T1,1,0,1.0,10,10
claude_haiku45,mc_C_034,T1,1,1,1.0,10,10
claude_haiku45,mc_C_034,T1,2,0,1.0,10,10
claude_haiku45,mc_C_034,T1,2,1,1.0,10,10
claude_haiku45,mc_C_034,T3,1,0,1.0,10,10
claude_haiku45,mc_C_034,T3,1,1,1.0,10,10
claude_haiku45,mc_C_034,T3,2,0,1.0,10,10
claude_haiku45,mc_C_034,T3,2,1,1.0,10,10
claude_haiku45,mc_C_034,T5,1,0,1.0,10,10
claude_haiku45,mc_C_034,T5,1,1,1.0,10,10
claude_haiku45,mc_C_034,T5,2,0,1.0,10,10
claude_haiku45,mc_C_034,T5,2,1,1.0,10,10
claude_haiku45,mc_C_034,T6,1,0,1.0,10,10
claude_haiku45,mc_C_034,T6,1,1,1.0,10,10
claude_haiku45,mc_C_034,T6,2,0,1.0,10,10
claude_haiku45,mc_C_034,T6,2,1,1.0,10,10
claude_haiku45,mc_C_1095,T1,1,0,1.0,10,10
claude_haiku45,mc_C_1095,T1,1,1,1.0,10,10
claude_haiku45,mc_C_1095,T1,2,0,1.0,10,10
claude_haiku45,mc_C_1095,T1,2,1,1.0,10,10
claude_haiku45,mc_C_1095,T3,1,0,1.0,10,10
claude_haiku45,mc_C_1095,T3,1,1,1.0,10,10
claude_haiku45,mc_C_1095,T3,2,0,1.0,10,10
claude_haiku45,mc_C_1095,T3,2,1,1.0,10,10
claude_haiku45,mc_C_1095,T5,1,0,1.0,10,10
claude_haiku45,mc_C_1095,T5,1,1,1.0,10,10
claude_haiku45,mc_C_1095,T5,2,0,1.0,10,10
claude_haiku45,mc_C_1095,T5,2,1,1.0,10,10
claude_haiku45,mc_C_1095,T6,1,0,1.0,10,10
claude_haiku45,mc_C_1095,T6,1,1,1.0,10,10
claude_haiku45,mc_C_1095,T6,2,0,1.0,10,10
claude_haiku45,mc_C_1095,T6,2,1,1.0,10,10
claude_haiku45,mc_C_1216,T1,1,0,1.0,10,10
claude_haiku45,mc_C_1216,T1,1,1,1.0,10,10
claude_haiku45,mc_C_1216,T1,2,0,1.0,10,10
claude_haiku45,mc_C_1216,T1,2,1,1.0,10,10
claude_haiku45,mc_C_1216,T3,1,0,1.0,10,10
claude_haiku45,mc_C_1216,T3,1,1,1.0,10,10
claude_haiku45,mc_C_1216,T3,2,0,1.0,10,10
claude_haiku45,mc_C_1216,T3,2,1,1.0,10,10
claude_haiku45,mc_C_1216,T5,1,0,1.0,10,10
claude_haiku45,mc_C_1216,T5,1,1,1.0,10,10
claude_haiku45,mc_C_1216,T5,2,0,1.0,10,10
claude_haiku45,mc_C_1216,T5,2,1,1.0,10,10
claude_haiku45,mc_C_1216,T6,1,0,1.0,10,10
claude_haiku45,mc_C_1216,T6,1,1,1.0,10,10
claude_haiku45,mc_C_1216,T6,2,0,1.0,10,10
claude_haiku45,mc_C_1216,T6,2,1,1.0,10,10
claude_haiku45,mc_C_183,T1,1,0,1.0,10,10
claude_haiku45,mc_C_183,T1,1,1,1.0,10,10
claude_haiku45,mc_C_183,T1,2,0,1.0,10,10
claude_haiku45,mc_C_183,T1,2,1,1.0,10,10
claude_haiku45,mc_C_183,T3,1,0,1.0,10,10
claude_haiku45,mc_C_183,T3,1,1,1.0,10,10
claude_haiku45,mc_C_183,T3,2,0,1.0,10,10
claude_haiku45,mc_C_183,T3,2,1,1.0,10,10
claude_haiku45,mc_C_183,T5,1,0,1.0,10,10
claude_haiku45,mc_C_183,T5,1,1,1.0,10,10
claude_haiku45,mc_C_183,T5,2,0,1.0,10,10
claude_haiku45,mc_C_183,T5,2,1,1.0,10,10
claude_haiku45,mc_C_183,T6,1,0,1.0,10,10
claude_haiku45,mc_C_183,T6,1,1,1.0,10,10
claude_haiku45,mc_C_183,T6,2,0,1.0,10,10
claude_haiku45,mc_C_183,T6,2,1,1.0,10,10
claude_haiku45,mc_C_291,T1,1,0,1.0,10,10
claude_haiku45,mc_C_291,T1,1,1,1.0,10,10
claude_haiku45,mc_C_291,T1,2,0,1.0,10,10
claude_haiku45,mc_C_291,T1,2,1,1.0,10,10
claude_haiku45,mc_C_291,T3,1,0,1.0,10,10
claude_haiku45,mc_C_291,T3,1,1,1.0,10,10
claude_haiku45,mc_C_291,T3,2,0,1.0,10,10
claude_haiku45,mc_C_291,T3,2,1,1.0,10,10
claude_haiku45,mc_C_291,T5,1,0,1.0,10,10
claude_haiku45,mc_C_291,T5,1,1,1.0,10,10
claude_haiku45,mc_C_291,T5,2,0,1.0,10,10
claude_haiku45,mc_C_291,T5,2,1,1.0,10,10
claude_haiku45,mc_C_291,T6,1,0,1.0,10,10
claude_haiku45,mc_C_291,T6,1,1,1.0,10,10
claude_haiku45,mc_C_291,T6,2,0,1.0,10,10
claude_haiku45,mc_C_291,T6,2,1,1.0,10,10
claude_haiku45,mc_C_467,T1,1,0,1.0,10,10
claude_haiku45,mc_C_467,T1,1,1,1.0,10,10
claude_haiku45,mc_C_467,T1,2,0,1.0,10,10
claude_haiku45,mc_C_467,T1,2,1,1.0,10,10
claude_haiku45,mc_C_467,T3,1,0,1.0,10,10
claude_haiku45,mc_C_467,T3,1,1,1.0,10,10
claude_haiku45,mc_C_467,T3,2,0,1.0,10,10
claude_haiku45,mc_C_467,T3,2,1,1.0,10,10
claude_haiku45,mc_C_467,T5,1,0,1.0,10,10
claude_haiku45,mc_C_467,T5,1,1,1.0,10,10
claude_haiku45,mc_C_467,T5,2,0,1.0,10,10
claude_haiku45,mc_C_467,T5,2,1,1.0,10,10
claude_haiku45,mc_C_467,T6,1,0,1.0,10,10
claude_haiku45,mc_C_467,T6,1,1,1.0,10,10
claude_haiku45,mc_C_467,T6,2,0,1.0,10,10
claude_haiku45,mc_C_467,T6,2,1,1.0,10,10
claude_haiku45,mc_C_527,T1,1,0,1.0,10,10
claude_haiku45,mc_C_527,T1,1,1,1.0,10,10
claude_haiku45,mc_C_527,T1,2,0,1.0,10,10
claude_haiku45,mc_C_527,T1,2,1,1.0,10,10
claude_haiku45,mc_C_527,T3,1,0,1.0,10,10
claude_haiku45,mc_C_527,T3,1,1,1.0,10,10
claude_haiku45,mc_C_527,T3,2,0,1.0,10,10
claude_haiku45,mc_C_527,T3,2,1,1.0,10,10
claude_haiku45,mc_C_527,T5,1,0,1.0,10,10
claude_haiku45,mc_C_527,T5,1,1,1.0,10,10
claude_haiku45,mc_C_527,T5,2,0,1.0,10,10
claude_haiku45,mc_C_527,T5,2,1,1.0,10,10
claude_haiku45,mc_C_527,T6,1,0,1.0,10,10
claude_haiku45,mc_C_527,T6,1,1,1.0,10,10
claude_haiku45,mc_C_527,T6,2,0,1.0,10,10
claude_haiku45,mc_C_527,T6,2,1,1.0,10,10
claude_haiku45,mc_C_675,T1,1,0,1.0,10,10
claude_haiku45,mc_C_675,T1,1,1,1.0,10,10
claude_haiku45,mc_C_675,T1,2,0,1.0,10,10
claude_haiku45,mc_C_675,T1,2,1,1.0,10,10
claude_haiku45,mc_C_675,T3,1,0,1.0,10,10
claude_haiku45,mc_C_675,T3,1,1,1.0,10,10
claude_haiku45,mc_C_675,T3,2,0,1.0,10,10
claude_haiku45,mc_C_675,T3,2,1,1.0,10,10
claude_haiku45,mc_C_675,T5,1,0,1.0,10,10
claude_haiku45,mc_C_675,T5,1,1,1.0,10,10
claude_haiku45,mc_C_675,T5,2,0,1.0,10,10
claude_haiku45,mc_C_675,T5,2,1,1.0,10,10
claude_haiku45,mc_C_675,T6,1,0,1.0,10,10
claude_haiku45,mc_C_675,T6,1,1,1.0,10,10
claude_haiku45,mc_C_675,T6,2,0,1.0,10,10
claude_haiku45,mc_C_675,T6,2,1,1.0,10,10
claude_haiku45,mc_C_772,T1,1,0,1.0,10,10
claude_haiku45,mc_C_772,T1,1,1,1.0,10,10
claude_haiku45,mc_C_772,T1,2,0,1.0,10,10
claude_haiku45,mc_C_772,T1,2,1,1.0,10,10
claude_haiku45,mc_C_772,T3,1,0,1.0,10,10
claude_haiku45,mc_C_772,T3,1,1,1.0,10,10
claude_haiku45,mc_C_772,T3,2,0,1.0,10,10
claude_haiku45,mc_C_772,T3,2,1,1.0,10,10
claude_haiku45,mc_C_772,T5,1,0,1.0,10,10
claude_haiku45,mc_C_772,T5,1,1,1.0,10,10
claude_haiku45,mc_C_772,T5,2,0,1.0,10,10
claude_haiku45,mc_C_772,T5,2,1,1.0,10,10
claude_haiku45,mc_C_772,T6,1,0,1.0,10,10
claude_haiku45,mc_C_772,T6,1,1,1.0,10,10
claude_haiku45,mc_C_772,T6,2,0,1.0,10,10
claude_haiku45,mc_C_772,T6,2,1,1.0,10,10
claude_haiku45,mc_C_941,T1,1,0,1.0,10,10
claude_haiku45,mc_C_941,T1,1,1,1.0,10,10
claude_haiku45,mc_C_941,T1,2,0,1.0,10,10
claude_haiku45,mc_C_941,T1,2,1,1.0,10,10
claude_haiku45,mc_C_941,T3,1,0,1.0,10,10
claude_haiku45,mc_C_941,T3,1,1,1.0,10,10
claude_haiku45,mc_C_941,T3,2,0,1.0,10,10
claude_haiku45,mc_C_941,T3,2,1,1.0,10,10
claude_haiku45,mc_C_941,T5,1,0,1.0,10,10
claude_haiku45,mc_C_941,T5,1,1,1.0,10,10
claude_haiku45,mc_C_941,T5,2,0,1.0,10,10
claude_haiku45,mc_C_941,T5,2,1,1.0,10,10
claude_haiku45,mc_C_941,T6,1,0,1.0,10,10
claude_haiku45,mc_C_941,T6,1,1,1.0,10,10
claude_haiku45,mc_C_941,T6,2,0,1.0,10,10
claude_haiku45,mc_C_941,T6,2,1,1.0,10,10
claude_haiku45,mc_G_005,T1,1,0,1.0,10,10
claude_haiku45,mc_G_005,T1,1,1,1.0,10,10
claude_haiku45,mc_G_005,T1,2,0,1.0,10,10
claude_haiku45,mc_G_005,T1,2,1,1.0,10,10
claude_haiku45,mc_G_005,T3,1,0,1.0,10,10
claude_haiku45,mc_G_005,T3,1,1,1.0,10,10
claude_haiku45,mc_G_005,T3,2,0,1.0,10,10
claude_haiku45,mc_G_005,T3,2,1,1.0,10,10
claude_haiku45,mc_G_005,T5,1,0,1.0,10,10
claude_haiku45,mc_G_005,T5,1,1,1.0,10,10
claude_haiku45,mc_G_005,T5,2,0,1.0,10,10
claude_haiku45,mc_G_005,T5,2,1,1.0,10,10
claude_haiku45,mc_G_005,T6,1,0,1.0,10,10
claude_haiku45,mc_G_005,T6,1,1,1.0,10,10
claude_haiku45,mc_G_005,T6,2,0,1.0,10,10
claude_haiku45,mc_G_005,T6,2,1,1.0,10,10
claude_haiku45,mc_G_037,T1,1,0,1.0,10,10
claude_haiku45,mc_G_037,T1,1,1,1.0,10,10
claude_haiku45,mc_G_037,T1,2,0,1.0,10,10
claude_haiku45,mc_G_037,T1,2,1,1.0,10,10
claude_haiku45,mc_G_037,T3,1,0,1.0,10,10
claude_haiku45,mc_G_037,T3,1,1,1.0,10,10
claude_haiku45,mc_G_037,T3,2,0,1.0,10,10
claude_haiku45,mc_G_037,T3,2,1,1.0,10,10
claude_haiku45,mc_G_037,T5,1,0,1.0,10,10
claude_haiku45,mc_G_037,T5,1,1,1.0,10,10
claude_haiku45,mc_G_037,T5,2,0,1.0,10,10
claude_haiku45,mc_G_037,T5,2,1,1.0,10,10
claude_haiku45,mc_G_037,T6,1,0,1.0,10,10
claude_haiku45,mc_G_037,T6,1,1,1.0,10,10
claude_haiku45,mc_G_037,T6,2,0,1.0,10,10
claude_haiku45,mc_G_037,T6,2,1,1.0,10,10
claude_haiku45,mc_G_064,T1,1,0,0.0,10,10
claude_haiku45,mc_G_064,T1,1,1,0.0,10,10
claude_haiku45,mc_G_064,T1,2,0,0.0,10,10
claude_haiku45,mc_G_064,T1,2,1,0.0,10,10
claude_haiku45,mc_G_064,T3,1,0,0.0,10,10
claude_haiku45,mc_G_064,T3,1,1,0.0,10,10
claude_haiku45,mc_G_064,T3,2,0,0.0,10,10
claude_haiku45,mc_G_064,T3,2,1,0.0,10,10
claude_haiku45,mc_G_064,T5,1,0,0.0,10,10
claude_haiku45,mc_G_064,T5,1,1,0.0,10,10
claude_haiku45,mc_G_064,T5,2,0,0.0,10,10
claude_haiku45,mc_G_064,T5,2,1,0.0,10,10
claude_haiku45,mc_G_064,T6,1,0,0.0,10,10
claude_haiku45,mc_G_064,T6,1,1,0.0,10,10
claude_haiku45,mc_G_064,T6,2,0,0.0,10,10
claude_haiku45,mc_G_064,T6,2,1,0.0,10,10
claude_haiku45,mc_G_086,T1,1,0,1.0,10,10
claude_haiku45,mc_G_086,T1,1,1,1.0,10,10
claude_haiku45,mc_G_086,T1,2,0,1.0,10,10
claude_haiku45,mc_G_086,T1,2,1,1.0,10,10
claude_haiku45,mc_G_086,T3,1,0,1.0,10,10
claude_haiku45,mc_G_086,T3,1,1,1.0,10,10
claude_haiku45,mc_G_086,T3,2,0,1.0,10,10
claude_haiku45,mc_G_086,T3,2,1,1.0,10,10
claude_haiku45,mc_G_086,T5,1,0,1.0,10,10
claude_haiku45,mc_G_086,T5,1,1,1.0,10,10
claude_haiku45,mc_G_086,T5,2,0,1.0,10,10
claude_haiku45,mc_G_086,T5,2,1,1.0,10,10
claude_haiku45,mc_G_086,T6,1,0,1.0,10,10
claude_haiku45,mc_G_086,T6,1,1,1.0,10,10
claude_haiku45,mc_G_086,T6,2,0,1.0,10,10
claude_haiku45,mc_G_086,T6,2,1,1.0,10,10
claude_haiku45,mc_G_112,T1,1,0,1.0,10,10
claude_haiku45,mc_G_112,T1,1,1,1.0,10,10
claude_haiku45,mc_G_112,T1,2,0,1.0,10,10
claude_haiku45,mc_G_112,T1,2,1,1.0,10,10
claude_haiku45,mc_G_112,T3,1,0,1.0,10,10
claude_haiku45,mc_G_112,T3,1,1,1.0,10,10
claude_haiku45,mc_G_112,T3,2,0,1.0,10,10
claude_haiku45,mc_G_112,T3,2,1,1.0,10,10
claude_haiku45,mc_G_112,T5,1,0,1.0,10,10
claude_haiku45,mc_G_112,T5,1,1,1.0,10,10
claude_haiku45,mc_G_112,T5,2,0,1.0,10,10
claude_haiku45,mc_G_112,T5,2,1,1.0,10,10
claude_haiku45,mc_G_112,T6,1,0,1.0,10,10
claude_haiku45,mc_G_112,T6,1,1,1.0,10,10
claude_haiku45,mc_G_112,T6,2,0,1.0,10,10
claude_haiku45,mc_G_112,T6,2,1,1.0,10,10
claude_haiku45,mc_G_135,T1,1,0,1.0,10,10
claude_haiku45,mc_G_135,T1,1,1,1.0,10,10
claude_haiku45,mc_G_135,T1,2,0,0.0,10,10
claude_haiku45,mc_G_135,T1,2,1,0.0,10,10
claude_haiku45,mc_G_135,T3,1,0,1.0,10,10
claude_haiku45,mc_G_135,T3,1,1,1.0,10,10
claude_haiku45,mc_G_135,T3,2,0,0.0,10,10
claude_haiku45,mc_G_135,T3,2,1,0.0,10,10
claude_haiku45,mc_G_135,T5,1,0,1.0,10,10
claude_haiku45,mc_G_135,T5,1,1,1.0,10,10
claude_haiku45,mc_G_135,T5,2,0,0.0,10,10
claude_haiku45,mc_G_135,T5,2,1,0.0,10,10
claude_haiku45,mc_G_135,T6,1,0,1.0,10,10
claude_haiku45,mc_G_135,T6,1,1,1.0,10,10
claude_haiku45,mc_G_135,T6,2,0,0.0,10,10
claude_haiku45,mc_G_135,T6,2,1,0.0,10,10
claude_haiku45,mc_G_156,T1,1,0,0.0,10,10
claude_haiku45,mc_G_156,T1,1,1,0.0,10,10
claude_haiku45,mc_G_156,T1,2,0,0.0,10,10
claude_haiku45,mc_G_156,T1,2,1,0.0,10,10
claude_haiku45,mc_G_156,T3,1,0,0.0,10,10
claude_haiku45,mc_G_156,T3,1,1,0.0,10,10
claude_haiku45,mc_G_156,T3,2,0,0.0,10,10
claude_haiku45,mc_G_156,T3,2,1,0.0,10,10
claude_haiku45,mc_G_156,T5,1,0,0.0,10,10
claude_haiku45,mc_G_156,T5,1,1,0.0,10,10
claude_haiku45,mc_G_156,T5,2,0,0.0,10,10
claude_haiku45,mc_G_156,T5,2,1,0.0,10,10
claude_haiku45,mc_G_156,T6,1,0,0.0,10,10
claude_haiku45,mc_G_156,T6,1,1,0.0,10,10
claude_haiku45,mc_G_156,T6,2,0,0.0,10,10
claude_haiku45,mc_G_156,T6,2,1,0.0,10,10
claude_haiku45,mc_G_179,T1,1,0,0.0,10,10
claude_haiku45,mc_G_179,T1,1,1,0.0,10,10
claude_haiku45,mc_G_179,T1,2,0,0.0,10,10
claude_haiku45,mc_G_179,T1,2,1,0.0,10,10
claude_haiku45,mc_G_179,T3,1,0,0.0,10,10
claude_haiku45,mc_G_179,T3,1,1,0.0,10,10
claude_haiku45,mc_G_179,T3,2,0,0.0,10,10
claude_haiku45,mc_G_179,T3,2,1,0.0,10,10
claude_haiku45,mc_G_179,T5,1,0,0.0,10,10
claude_haiku45,mc_G_179,T5,1,1,0.0,10,10
claude_haiku45,mc_G_179,T5,2,0,0.0,10,10
claude_haiku45,mc_G_179,T5,2,1,0.0,10,10
claude_haiku45,mc_G_179,T6,1,0,0.0,10,10
claude_haiku45,mc_G_179,T6,1,1,0.0,10,10
claude_haiku45,mc_G_179,T6,2,0,0.0,10,10
claude_haiku45,mc_G_179,T6,2,1,0.0,10,10
claude_haiku45,mc_G_186,T1,1,0,0.0,10,10
claude_haiku45,mc_G_186,T1,1,1,0.0,10,10
claude_haiku45,mc_G_186,T1,2,0,0.0,10,10
claude_haiku45,mc_G_186,T1,2,1,0.0,10,10
claude_haiku45,mc_G_186,T3,1,0,0.0,10,10
claude_haiku45,mc_G_186,T3,1,1,0.0,10,10
claude_haiku45,mc_G_186,T3,2,0,0.0,10,10
claude_haiku45,mc_G_186,T3,2,1,0.0,10,10
claude_haiku45,mc_G_186,T5,1,0,0.0,10,10
claude_haiku45,mc_G_186,T5,1,1,0.0,10,10
claude_haiku45,mc_G_186,T5,2,0,0.0,10,10
claude_haiku45,mc_G_186,T5,2,1,0.0,10,10
claude_haiku45,mc_G_186,T6,1,0,0.0,10,10
claude_haiku45,mc_G_186,T6,1,1,0.0,10,10
claude_haiku45,mc_G_186,T6,2,0,0.0,10,10
claude_haiku45,mc_G_186,T6,2,1,0.0,10,10
claude_haiku45,mc_G_235,T1,1,0,1.0,10,10
claude_haiku45,mc_G_235,T1,1,1,1.0,10,10
claude_haiku45,mc_G_235,T1,2,0,1.0,10,10
claude_haiku45,mc_G_235,T1,2,1,1.0,10,10
claude_haiku45,mc_G_235,T3,1,0,1.0,10,10
claude_haiku45,mc_G_235,T3,1,1,1.0,10,10
claude_haiku45,mc_G_235,T3,2,0,1.0,10,10
claude_haiku45,mc_G_235,T3,2,1,1.0,10,10
claude_haiku45,mc_G_235,T5,1,0,1.0,10,10
claude_haiku45,mc_G_235,T5,1,1,1.0,10,10
claude_haiku45,mc_G_235,T5,2,0,1.0,10,10
claude_haiku45,mc_G_235,T5,2,1,1.0,10,10
claude_haiku45,mc_G_235,T6,1,0,1.0,10,10
claude_haiku45,mc_G_235,T6,1,1,1.0,10,10
claude_haiku45,mc_G_235,T6,2,0,1.0,10,10
claude_haiku45,mc_G_235,T6,2,1,1.0,10,10
claude_haiku45,mc_G_236,T1,1,0,1.0,10,10
claude_haiku45,mc_G_236,T1,1,1,1.0,10,10
claude_haiku45,mc_G_236,T1,2,0,1.0,10,10
claude_haiku45,mc_G_236,T1,2,1,1.0,10,10
claude_haiku45,mc_G_236,T3,1,0,1.0,10,10
claude_haiku45,mc_G_236,T3,1,1,1.0,10,10
claude_haiku45,mc_G_236,T3,2,0,1.0,10,10
claude_haiku45,mc_G_236,T3,2,1,1.0,10,10
claude_haiku45,mc_G_236,T5,1,0,1.0,10,10
claude_haiku45,mc_G_236,T5,1,1,1.0,10,10
claude_haiku45,mc_G_236,T5,2,0,1.0,10,10
claude_haiku45,mc_G_236,T5,2,1,1.0,10,10
claude_haiku45,mc_G_236,T6,1,0,1.0,10,10
claude_haiku45,mc_G_236,T6,1,1,1.0,10,10
claude_haiku45,mc_G_236,T6,2,0,1.0,10,10
claude_haiku45,mc_G_236,T6,2,1,1.0,10,10
claude_haiku45,mc_G_288,T1,1,0,1.0,10,10
claude_haiku45,mc_G_288,T1,1,1,1.0,10,10
claude_haiku45,mc_G_288,T1,2,0,1.0,10,10
claude_haiku45,mc_G_288,T1,2,1,1.0,10,10
claude_haiku45,mc_G_288,T3,1,0,1.0,10,10
claude_haiku45,mc_G_288,T3,1,1,1.0,10,10
claude_haiku45,mc_G_288,T3,2,0,1.0,10,10
claude_haiku45,mc_G_288,T3,2,1,1.0,10,10
claude_haiku45,mc_G_288,T5,1,0,1.0,10,10
claude_haiku45,mc_G_288,T5,1,1,1.0,10,10
claude_haiku45,mc_G_288,T5,2,0,1.0,10,10
claude_haiku45,mc_G_288,T5,2,1,1.0,10,10
claude_haiku45,mc_G_288,T6,1,0,1.0,10,10
claude_haiku45,mc_G_288,T6,1,1,1.0,10,10
claude_haiku45,mc_G_288,T6,2,0,1.0,10,10
claude_haiku45,mc_G_288,T6,2,1,1.0,10,10
claude_haiku45,mc_G_302,T1,1,0,0.0,10,10
claude_haiku45,mc_G_302,T1,1,1,0.0,10,10
claude_haiku45,mc_G_302,T1,2,0,0.0,10,10
claude_haiku45,mc_G_302,T1,2,1,0.0,10,10
claude_haiku45,mc_G_302,T3,1,0,0.9,10,10
claude_haiku45,mc_G_302,T3,1,1,0.9,10,10
claude_haiku45,mc_G_302,T3,2,0,0.9,10,10
claude_haiku45,mc_G_302,T3,2,1,0.7,10,10
claude_haiku45,mc_G_302,T5,1,0,0.0,10,10
claude_haiku45,mc_G_302,T5,1,1,0.0,10,10
claude_haiku45,mc_G_302,T5,2,0,0.0,10,10
claude_haiku45,mc_G_302,T5,2,1,0.0,10,10
claude_haiku45,mc_G_302,T6,1,0,0.0,10,10
claude_haiku45,mc_G_302,T6,1,1,0.0,10,10
claude_haiku45,mc_G_302,T6,2,0,0.0,10,10
claude_haiku45,mc_G_302,T6,2,1,0.0,10,10
claude_haiku45,mc_G_365,T1,1,0,1.0,10,10
claude_haiku45,mc_G_365,T1,1,1,1.0,10,10
claude_haiku45,mc_G_365,T1,2,0,1.0,10,10
claude_haiku45,mc_G_365,T1,2,1,1.0,10,10
claude_haiku45,mc_G_365,T3,1,0,1.0,10,10
claude_haiku45,mc_G_365,T3,1,1,1.0,10,10
claude_haiku45,mc_G_365,T3,2,0,1.0,10,10
claude_haiku45,mc_G_365,T3,2,1,1.0,10,10
claude_haiku45,mc_G_365,T5,1,0,1.0,10,10
claude_haiku45,mc_G_365,T5,1,1,1.0,10,10
claude_haiku45,mc_G_365,T5,2,0,1.0,10,10
claude_haiku45,mc_G_365,T5,2,1,1.0,10,10
claude_haiku45,mc_G_365,T6,1,0,1.0,10,10
claude_haiku45,mc_G_365,T6,1,1,1.0,10,10
claude_haiku45,mc_G_365,T6,2,0,1.0,10,10
claude_haiku45,mc_G_365,T6,2,1,1.0,10,10
claude_haiku45,mc_G_373,T1,1,0,0.0,10,10
claude_haiku45,mc_G_373,T1,1,1,0.0,10,10
claude_haiku45,mc_G_373,T1,2,0,0.0,10,10
claude_haiku45,mc_G_373,T1,2,1,0.0,10,10
claude_haiku45,mc_G_373,T3,1,0,0.0,10,10
claude_haiku45,mc_G_373,T3,1,1,0.0,10,10
claude_haiku45,mc_G_373,T3,2,0,0.0,10,10
claude_haiku45,mc_G_373,T3,2,1,0.0,10,10
claude_haiku45,mc_G_373,T5,1,0,0.0,10,10
claude_haiku45,mc_G_373,T5,1,1,0.0,10,10
claude_haiku45,mc_G_373,T5,2,0,0.0,10,10
claude_haiku45,mc_G_373,T5,2,1,0.0,10,10
claude_haiku45,mc_G_373,T6,1,0,0.0,10,10
claude_haiku45,mc_G_373,T6,1,1,0.0,10,10
claude_haiku45,mc_G_373,T6,2,0,0.0,10,10
claude_haiku45,mc_G_373,T6,2,1,0.0,10,10
claude_haiku45,mc_G_385,T1,1,0,1.0,10,10
claude_haiku45,mc_G_385,T1,1,1,1.0,10,10
claude_haiku45,mc_G_385,T1,2,0,1.0,10,10
claude_haiku45,mc_G_385,T1,2,1,1.0,10,10
claude_haiku45,mc_G_385,T3,1,0,1.0,10,10
claude_haiku45,mc_G_385,T3,1,1,1.0,10,10
claude_haiku45,mc_G_385,T3,2,0,1.0,10,10
claude_haiku45,mc_G_385,T3,2,1,1.0,10,10
claude_haiku45,mc_G_385,T5,1,0,1.0,10,10
claude_haiku45,mc_G_385,T5,1,1,1.0,10,10
claude_haiku45,mc_G_385,T5,2,0,1.0,10,10
claude_haiku45,mc_G_385,T5,2,1,1.0,10,10
claude_haiku45,mc_G_385,T6,1,0,1.0,10,10
claude_haiku45,mc_G_385,T6,1,1,1.0,10,10
claude_haiku45,mc_G_385,T6,2,0,1.0,10,10
claude_haiku45,mc_G_385,T6,2,1,1.0,10,10
claude_haiku45,mc_G_397,T1,1,0,0.0,10,10
claude_haiku45,mc_G_397,T1,1,1,0.0,10,10
claude_haiku45,mc_G_397,T1,2,0,0.0,10,10
claude_haiku45,mc_G_397,T1,2,1,0.0,10,10
claude_haiku45,mc_G_397,T3,1,0,0.0,10,10
claude_haiku45,mc_G_397,T3,1,1,0.0,10,10
claude_haiku45,mc_G_397,T3,2,0,0.0,10,10
claude_haiku45,mc_G_397,T3,2,1,0.0,10,10
claude_haiku45,mc_G_397,T5,1,0,0.0,10,10
claude_haiku45,mc_G_397,T5,1,1,0.0,10,10
claude_haiku45,mc_G_397,T5,2,0,0.0,10,10
claude_haiku45,mc_G_397,T5,2,1,0.0,10,10
claude_haiku45,mc_G_397,T6,1,0,0.0,10,10
claude_haiku45,mc_G_397,T6,1,1,0.0,10,10
claude_haiku45,mc_G_397,T6,2,0,0.0,10,10
claude_haiku45,mc_G_397,T6,2,1,0.0,10,10
claude_haiku45,mc_G_431,T1,1,0,1.0,10,10
claude_haiku45,mc_G_431,T1,1,1,1.0,10,10
claude_haiku45,mc_G_431,T1,2,0,1.0,10,10
claude_haiku45,mc_G_431,T1,2,1,1.0,10,10
claude_haiku45,mc_G_431,T3,1,0,1.0,10,10
claude_haiku45,mc_G_431,T3,1,1,1.0,10,10
claude_haiku45,mc_G_431,T3,2,0,1.0,10,10
claude_haiku45,mc_G_431,T3,2,1,1.0,10,10
claude_haiku45,mc_G_431,T5,1,0,1.0,10,10
claude_haiku45,mc_G_431,T5,1,1,1.0,10,10
claude_haiku45,mc_G_431,T5,2,0,1.0,10,10
claude_haiku45,mc_G_431,T5,2,1,1.0,10,10
claude_haiku45,mc_G_431,T6,1,0,1.0,10,10
claude_haiku45,mc_G_431,T6,1,1,1.0,10,10
claude_haiku45,mc_G_431,T6,2,0,1.0,10,10
claude_haiku45,mc_G_431,T6,2,1,1.0,10,10
claude_haiku45,mc_G_453,T1,1,0,1.0,10,10
claude_haiku45,mc_G_453,T1,1,1,1.0,10,10
claude_haiku45,mc_G_453,T1,2,0,1.0,10,10
claude_haiku45,mc_G_453,T1,2,1,1.0,10,10
claude_haiku45,mc_G_453,T3,1,0,1.0,10,10
claude_haiku45,mc_G_453,T3,1,1,1.0,10,10
claude_haiku45,mc_G_453,T3,2,0,1.0,10,10
claude_haiku45,mc_G_453,T3,2,1,1.0,10,10
claude_haiku45,mc_G_453,T5,1,0,1.0,10,10
claude_haiku45,mc_G_453,T5,1,1,1.0,10,10
claude_haiku45,mc_G_453,T5,2,0,1.0,10,10
claude_haiku45,mc_G_453,T5,2,1,1.0,10,10
claude_haiku45,mc_G_453,T6,1,0,1.0,10,10
claude_haiku45,mc_G_453,T6,1,1,1.0,10,10
claude_haiku45,mc_G_453,T6,2,0,1.0,10,10
claude_haiku45,mc_G_453,T6,2,1,1.0,10,10
claude_haiku45,mc_G_492,T1,1,0,1.0,10,10
claude_haiku45,mc_G_492,T1,1,1,1.0,10,10
claude_haiku45,mc_G_492,T1,2,0,1.0,10,10
claude_haiku45,mc_G_492,T1,2,1,1.0,10,10
claude_haiku45,mc_G_492,T3,1,0,1.0,10,10
claude_haiku45,mc_G_492,T3,1,1,1.0,10,10
claude_haiku45,mc_G_492,T3,2,0,1.0,10,10
claude_haiku45,mc_G_492,T3,2,1,1.0,10,10
claude_haiku45,mc_G_492,T5,1,0,1.0,10,10
claude_haiku45,mc_G_492,T5,1,1,1.0,10,10
claude_haiku45,mc_G_492,T5,2,0,1.0,10,10
claude_haiku45,mc_G_492,T5,2,1,1.0,10,10
claude_haiku45,mc_G_492,T6,1,0,1.0,10,10
claude_haiku45,mc_G_492,T6,1,1,1.0,10,10
claude_haiku45,mc_G_492,T6,2,0,1.0,10,10
claude_haiku45,mc_G_492,T6,2,1,1.0,10,10
claude_haiku45,mc_G_572,T1,1,0,1.0,10,10
claude_haiku45,mc_G_572,T1,1,1,1.0,10,10
claude_haiku45,mc_G_572,T1,2,0,1.0,10,10
claude_haiku45,mc_G_572,T1,2,1,1.0,10,10
claude_haiku45,mc_G_572,T3,1,0,1.0,10,10
claude_haiku45,mc_G_572,T3,1,1,1.0,10,10
claude_haiku45,mc_G_572,T3,2,0,1.0,10,10
claude_haiku45,mc_G_572,T3,2,1,1.0,10,10
claude_haiku45,mc_G_572,T5,1,0,1.0,10,10
claude_haiku45,mc_G_572,T5,1,1,1.0,10,10
claude_haiku45,mc_G_572,T5,2,0,1.0,10,10
claude_haiku45,mc_G_572,T5,2,1,1.0,10,10
claude_haiku45,mc_G_572,T6,1,0,1.0,10,10
claude_haiku45,mc_G_572,T6,1,1,1.0,10,10
claude_haiku45,mc_G_572,T6,2,0,1.0,10,10
claude_haiku45,mc_G_572,T6,2,1,1.0,10,10
claude_haiku45,mc_G_595,T1,1,0,1.0,10,10
claude_haiku45,mc_G_595,T1,1,1,1.0,10,10
claude_haiku45,mc_G_595,T1,2,0,1.0,10,10
claude_haiku45,mc_G_595,T1,2,1,1.0,10,10
claude_haiku45,mc_G_595,T3,1,0,1.0,10,10
claude_haiku45,mc_G_595,T3,1,1,1.0,10,10
claude_haiku45,mc_G_595,T3,2,0,1.0,10,10
claude_haiku45,mc_G_595,T3,2,1,1.0,10,10
claude_haiku45,mc_G_595,T5,1,0,1.0,10,10
claude_haiku45,mc_G_595,T5,1,1,1.0,10,10
claude_haiku45,mc_G_595,T5,2,0,1.0,10,10
claude_haiku45,mc_G_595,T5,2,1,1.0,10,10
claude_haiku45,mc_G_595,T6,1,0,1.0,10,10
claude_haiku45,mc_G_595,T6,1,1,1.0,10,10
claude_haiku45,mc_G_595,T6,2,0,1.0,10,10
claude_haiku45,mc_G_595,T6,2,1,1.0,10,10
claude_haiku45,mc_G_601,T1,1,0,0.25,8,10
claude_haiku45,mc_G_601,T1,1,1,0.625,8,10
claude_haiku45,mc_G_601,T1,2,0,0.0,10,10
claude_haiku45,mc_G_601,T1,2,1,0.0,10,10
claude_haiku45,mc_G_601,T3,1,0,0.14285714285714285,7,10
claude_haiku45,mc_G_601,T3,1,1,0.0,7,10
claude_haiku45,mc_G_601,T3,2,0,0.0,10,10
claude_haiku45,mc_G_601,T3,2,1,0.0,10,10
claude_haiku45,mc_G_601,T5,1,0,0.5,10,10
claude_haiku45,mc_G_601,T5,1,1,0.3,10,10
claude_haiku45,mc_G_601,T5,2,0,0.0,10,10
claude_haiku45,mc_G_601,T5,2,1,0.0,10,10
claude_haiku45,mc_G_601,T6,1,0,0.9,10,10
claude_haiku45,mc_G_601,T6,1,1,0.6,10,10
claude_haiku45,mc_G_601,T6,2,0,0.0,10,10
claude_haiku45,mc_G_601,T6,2,1,0.0,10,10
claude_haiku45,mc_H_035,T1,1,0,0.0,10,10
claude_haiku45,mc_H_035,T1,1,1,0.0,10,10
claude_haiku45,mc_H_035,T1,2,0,0.0,10,10
claude_haiku45,mc_H_035,T1,2,1,0.0,10,10
claude_haiku45,mc_H_035,T3,1,0,0.0,10,10
claude_haiku45,mc_H_035,T3,1,1,0.0,10,10
claude_haiku45,mc_H_035,T3,2,0,0.0,10,10
claude_haiku45,mc_H_035,T3,2,1,0.0,10,10
claude_haiku45,mc_H_035,T5,1,0,0.0,10,10
claude_haiku45,mc_H_035,T5,1,1,0.0,10,10
claude_haiku45,mc_H_035,T5,2,0,0.0,10,10
claude_haiku45,mc_H_035,T5,2,1,0.0,10,10
claude_haiku45,mc_H_035,T6,1,0,0.0,10,10
claude_haiku45,mc_H_035,T6,1,1,0.0,10,10
claude_haiku45,mc_H_035,T6,2,0,0.0,10,10
claude_haiku45,mc_H_035,T6,2,1,0.0,10,10
claude_haiku45,mc_H_044,T1,1,0,1.0,10,10
claude_haiku45,mc_H_044,T1,1,1,1.0,10,10
claude_haiku45,mc_H_044,T1,2,0,1.0,10,10
claude_haiku45,mc_H_044,T1,2,1,1.0,10,10
claude_haiku45,mc_H_044,T3,1,0,1.0,10,10
claude_haiku45,mc_H_044,T3,1,1,1.0,10,10
claude_haiku45,mc_H_044,T3,2,0,1.0,10,10
claude_haiku45,mc_H_044,T3,2,1,1.0,10,10
claude_haiku45,mc_H_044,T5,1,0,1.0,10,10
claude_haiku45,mc_H_044,T5,1,1,1.0,10,10
claude_haiku45,mc_H_044,T5,2,0,1.0,10,10
claude_haiku45,mc_H_044,T5,2,1,1.0,10,10
claude_haiku45,mc_H_044,T6,1,0,1.0,10,10
claude_haiku45,mc_H_044,T6,1,1,1.0,10,10
claude_haiku45,mc_H_044,T6,2,0,1.0,10,10
claude_haiku45,mc_H_044,T6,2,1,1.0,10,10
claude_haiku45,mc_H_049,T1,1,0,0.0,10,10
claude_haiku45,mc_H_049,T1,1,1,0.0,10,10
claude_haiku45,mc_H_049,T1,2,0,0.0,10,10
claude_haiku45,mc_H_049,T1,2,1,0.0,10,10
claude_haiku45,mc_H_049,T3,1,0,0.0,10,10
claude_haiku45,mc_H_049,T3,1,1,0.0,10,10
claude_haiku45,mc_H_049,T3,2,0,0.0,10,10
claude_haiku45,mc_H_049,T3,2,1,0.0,10,10
claude_haiku45,mc_H_049,T5,1,0,0.0,10,10
claude_haiku45,mc_H_049,T5,1,1,0.0,10,10
claude_haiku45,mc_H_049,T5,2,0,0.0,10,10
claude_haiku45,mc_H_049,T5,2,1,0.0,10,10
claude_haiku45,mc_H_049,T6,1,0,0.0,10,10
claude_haiku45,mc_H_049,T6,1,1,0.0,10,10
claude_haiku45,mc_H_049,T6,2,0,0.0,10,10
claude_haiku45,mc_H_049,T6,2,1,0.0,10,10
claude_haiku45,mc_H_060,T1,1,0,1.0,10,10
claude_haiku45,mc_H_060,T1,1,1,1.0,10,10
claude_haiku45,mc_H_060,T1,2,0,1.0,10,10
claude_haiku45,mc_H_060,T1,2,1,1.0,10,10
claude_haiku45,mc_H_060,T3,1,0,1.0,10,10
claude_haiku45,mc_H_060,T3,1,1,1.0,10,10
claude_haiku45,mc_H_060,T3,2,0,1.0,10,10
claude_haiku45,mc_H_060,T3,2,1,1.0,10,10
claude_haiku45,mc_H_060,T5,1,0,1.0,10,10
claude_haiku45,mc_H_060,T5,1,1,1.0,10,10
claude_haiku45,mc_H_060,T5,2,0,1.0,10,10
claude_haiku45,mc_H_060,T5,2,1,1.0,10,10
claude_haiku45,mc_H_060,T6,1,0,1.0,10,10
claude_haiku45,mc_H_060,T6,1,1,1.0,10,10
claude_haiku45,mc_H_060,T6,2,0,1.0,10,10
claude_haiku45,mc_H_060,T6,2,1,1.0,10,10
claude_haiku45,mc_H_066,T1,1,0,0.0,10,10
claude_haiku45,mc_H_066,T1,1,1,0.0,10,10
claude_haiku45,mc_H_066,T1,2,0,0.0,10,10
claude_haiku45,mc_H_066,T1,2,1,0.0,10,10
claude_haiku45,mc_H_066,T3,1,0,0.0,10,10
claude_haiku45,mc_H_066,T3,1,1,0.0,10,10
claude_haiku45,mc_H_066,T3,2,0,0.0,10,10
claude_haiku45,mc_H_066,T3,2,1,0.0,10,10
claude_haiku45,mc_H_066,T5,1,0,0.0,10,10
claude_haiku45,mc_H_066,T5,1,1,0.0,10,10
claude_haiku45,mc_H_066,T5,2,0,0.0,10,10
claude_haiku45,mc_H_066,T5,2,1,0.0,10,10
claude_haiku45,mc_H_066,T6,1,0,0.0,10,10
claude_haiku45,mc_H_066,T6,1,1,0.0,10,10
claude_haiku45,mc_H_066,T6,2,0,0.0,10,10
claude_haiku45,mc_H_066,T6,2,1,0.0,10,10
claude_haiku45,mc_H_072,T1,1,0,0.0,10,10
claude_haiku45,mc_H_072,T1,1,1,0.0,10,10
claude_haiku45,mc_H_072,T1,2,0,0.0,10,10
claude_haiku45,mc_H_072,T1,2,1,0.0,10,10
claude_haiku45,mc_H_072,T3,1,0,0.0,10,10
claude_haiku45,mc_H_072,T3,1,1,0.0,10,10
claude_haiku45,mc_H_072,T3,2,0,0.0,10,10
claude_haiku45,mc_H_072,T3,2,1,0.0,10,10
claude_haiku45,mc_H_072,T5,1,0,0.0,10,10
claude_haiku45,mc_H_072,T5,1,1,0.0,10,10
claude_haiku45,mc_H_072,T5,2,0,0.0,10,10
claude_haiku45,mc_H_072,T5,2,1,0.0,10,10
claude_haiku45,mc_H_072,T6,1,0,0.0,10,10
claude_haiku45,mc_H_072,T6,1,1,0.0,10,10
claude_haiku45,mc_H_072,T6,2,0,0.0,10,10
claude_haiku45,mc_H_072,T6,2,1,0.0,10,10
claude_haiku45,mc_H_073,T1,1,0,0.0,10,10
claude_haiku45,mc_H_073,T1,1,1,0.0,10,10
claude_haiku45,mc_H_073,T1,2,0,0.0,10,10
claude_haiku45,mc_H_073,T1,2,1,0.0,10,10
claude_haiku45,mc_H_073,T3,1,0,0.0,10,10
claude_haiku45,mc_H_073,T3,1,1,0.0,10,10
claude_haiku45,mc_H_073,T3,2,0,0.0,10,10
claude_haiku45,mc_H_073,T3,2,1,0.0,10,10
claude_haiku45,mc_H_073,T5,1,0,0.0,10,10
claude_haiku45,mc_H_073,T5,1,1,0.0,10,10
claude_haiku45,mc_H_073,T5,2,0,0.0,10,10
claude_haiku45,mc_H_073,T5,2,1,0.0,10,10
claude_haiku45,mc_H_073,T6,1,0,0.0,10,10
claude_haiku45,mc_H_073,T6,1,1,0.0,10,10
claude_haiku45,mc_H_073,T6,2,0,0.0,10,10
claude_haiku45,mc_H_073,T6,2,1,0.0,10,10
deepseek_v4,dd_0107,T0,1,0,0.0918917332867601,1,1
deepseek_v4,dd_0107,T0,2,0,0.6530733326970938,1,1
deepseek_v4,dd_0107,T1,1,0,0.5871767742970986,1,1
deepseek_v4,dd_0107,T1,2,0,0.8828664703933914,1,1
deepseek_v4,dd_0107,T3,1,0,0.11791252010106953,1,1
deepseek_v4,dd_0107,T3,2,0,0.6919447487724828,1,1
deepseek_v4,dd_0107,T5,1,0,0.5038937737833342,1,1
deepseek_v4,dd_0107,T5,2,0,0.9609658795984427,1,1
deepseek_v4,dd_0107,T6,1,0,0.10139933809626551,1,1
deepseek_v4,dd_0107,T6,2,0,0.8117681414082735,1,1
deepseek_v4,dd_0283,T0,1,0,0.00011811945248783184,1,1
deepseek_v4,dd_0283,T0,2,0,0.0037746624257968494,1,1
deepseek_v4,dd_0283,T1,1,0,3.458095190685921e-06,1,1
deepseek_v4,dd_0283,T1,2,0,7.127655281302279e-05,1,1
deepseek_v4,dd_0283,T3,1,0,4.95906269979277e-07,1,1
deepseek_v4,dd_0283,T3,2,0,2.538371138406779e-05,1,1
deepseek_v4,dd_0283,T5,1,0,3.777082752519136e-06,1,1
deepseek_v4,dd_0283,T5,2,0,0.0002242579515438094,1,1
deepseek_v4,dd_0283,T6,1,0,2.1077554129013074e-06,1,1
deepseek_v4,dd_0283,T6,2,0,4.58637454142576e-05,1,1
deepseek_v4,dd_11241,T0,1,0,0.025013458515886353,1,1
deepseek_v4,dd_11241,T0,2,0,0.15257349934255277,1,1
deepseek_v4,dd_11241,T1,1,0,0.005008605349505669,1,1
deepseek_v4,dd_11241,T1,2,0,0.13141252754778887,1,1
deepseek_v4,dd_11241,T3,1,0,0.0008317262281525367,1,1
deepseek_v4,dd_11241,T3,2,0,0.028300184470008954,1,1
deepseek_v4,dd_11241,T5,1,0,0.010159179572297903,1,1
deepseek_v4,dd_11241,T5,2,0,0.6898617044375658,1,1
deepseek_v4,dd_11241,T6,1,0,0.011978330141480108,1,1
deepseek_v4,dd_11241,T6,2,0,0.08522982247375338,1,1
deepseek_v4,dd_13518,T0,1,0,1.491171560698756e-06,1,1
deepseek_v4,dd_13518,T0,2,0,2.495437686923937e-05,1,1
deepseek_v4,dd_13518,T1,1,0,1.7143448387057483e-06,1,1
deepseek_v4,dd_13518,T1,2,0,1.5436505858186102e-05,1,1
deepseek_v4,dd_13518,T3,1,0,2.237979698607584e-06,1,1
deepseek_v4,dd_13518,T3,2,0,9.541168011839557e-06,1,1
deepseek_v4,dd_13518,T5,1,0,2.4299594866800178e-06,1,1
deepseek_v4,dd_13518,T5,2,0,0.00020875306984193773,1,1
deepseek_v4,dd_13518,T6,1,0,6.13410273983588e-06,1,1
deepseek_v4,dd_13518,T6,2,0,0.000195554066922272,1,1
deepseek_v4,dd_14408,T0,1,0,0.821541841258126,1,1
deepseek_v4,dd_14408,T0,2,0,0.9941835036633778,1,1
deepseek_v4,dd_14408,T1,1,0,0.9956089585517801,1,1
deepseek_v4,dd_14408,T1,2,0,0.9987112095324074,1,1
deepseek_v4,dd_14408,T3,1,0,0.9473138726284871,1,1
deepseek_v4,dd_14408,T3,2,0,0.999059572423298,1,1
deepseek_v4,dd_14408,T5,1,0,0.8426037872674418,1,1
deepseek_v4,dd_14408,T5,2,0,0.9920794998895511,1,1
deepseek_v4,dd_14408,T6,1,0,0.10438990285558233,1,1
deepseek_v4,dd_14408,T6,2,0,0.5154236425569526,1,1
deepseek_v4,dd_14818,T0,1,0,0.6737579299406083,1,1
deepseek_v4,dd_14818,T0,2,0,0.9902454988859988,1,1
deepseek_v4,dd_14818,T1,1,0,0.9112115006005245,1,1
deepseek_v4,dd_14818,T1,2,0,0.9967128303638979,1,1
deepseek_v4,dd_14818,T3,1,0,0.7518432397159202,1,1
deepseek_v4,dd_14818,T3,2,0,0.9856658287309245,1,1
deepseek_v4,dd_14818,T5,1,0,0.913900711731589,1,1
deepseek_v4,dd_14818,T5,2,0,0.9980664603906735,1,1
deepseek_v4,dd_14818,T6,1,0,0.3534342942512925,1,1
deepseek_v4,dd_14818,T6,2,0,0.8213208231109038,1,1
deepseek_v4,dd_15810,T0,1,0,0.33417256035644505,1,1
deepseek_v4,dd_15810,T0,2,0,0.9541662068964808,1,1
deepseek_v4,dd_15810,T1,1,0,0.3229795807716588,1,1
deepseek_v4,dd_15810,T1,2,0,0.9157909730545019,1,1
deepseek_v4,dd_15810,T3,1,0,0.08779024366137805,1,1
deepseek_v4,dd_15810,T3,2,0,0.6211127832045946,1,1
deepseek_v4,dd_15810,T5,1,0,0.206034066326337,1,1
deepseek_v4,dd_15810,T5,2,0,0.7544884505615317,1,1
deepseek_v4,dd_15810,T6,1,0,0.0456421505997651,1,1
deepseek_v4,dd_15810,T6,2,0,0.8179235508007281,1,1
deepseek_v4,dd_17929,T0,1,0,0.012215057334606597,1,1
deepseek_v4,dd_17929,T0,2,0,0.0338550751242688,1,1
deepseek_v4,dd_17929,T1,1,0,0.06550156138438996,1,1
deepseek_v4,dd_17929,T1,2,0,0.02177304435658099,1,1
deepseek_v4,dd_17929,T3,1,0,0.3131177719965326,1,1
deepseek_v4,dd_17929,T3,2,0,0.2932083666159738,1,1
deepseek_v4,dd_17929,T5,1,0,0.3236990186650825,1,1
deepseek_v4,dd_17929,T5,2,0,0.7469539183425482,1,1
deepseek_v4,dd_17929,T6,1,0,0.045715826151878386,1,1
deepseek_v4,dd_17929,T6,2,0,0.1406854464743811,1,1
deepseek_v4,dd_1808,T0,1,0,0.09325910139382632,1,1
deepseek_v4,dd_1808,T0,2,0,0.9335132533376752,1,1
deepseek_v4,dd_1808,T1,1,0,0.9746484908127789,1,1
deepseek_v4,dd_1808,T1,2,0,0.9626614653151246,1,1
deepseek_v4,dd_1808,T3,1,0,0.8961303538720822,1,1
deepseek_v4,dd_1808,T3,2,0,0.9820297515030973,1,1
deepseek_v4,dd_1808,T5,1,0,0.9812459371451976,1,1
deepseek_v4,dd_1808,T5,2,0,0.9771806143357563,1,1
deepseek_v4,dd_1808,T6,1,0,0.2757105783123536,1,1
deepseek_v4,dd_1808,T6,2,0,0.6672408408727084,1,1
deepseek_v4,dd_1814,T0,1,0,0.01940950818966027,1,1
deepseek_v4,dd_1814,T0,2,0,0.017686899149944816,1,1
deepseek_v4,dd_1814,T1,1,0,0.012989131085892777,1,1
deepseek_v4,dd_1814,T1,2,0,0.06152065564521782,1,1
deepseek_v4,dd_1814,T3,1,0,0.00038305049236378474,1,1
deepseek_v4,dd_1814,T3,2,0,0.004099156754626793,1,1
deepseek_v4,dd_1814,T5,1,0,0.0013303025868367944,1,1
deepseek_v4,dd_1814,T5,2,0,0.08382064165028437,1,1
deepseek_v4,dd_1814,T6,1,0,0.00241367313121721,1,1
deepseek_v4,dd_1814,T6,2,0,0.01797314139649456,1,1
deepseek_v4,dd_18223,T0,1,0,0.07818201766283135,1,1
deepseek_v4,dd_18223,T0,2,0,0.7443080185520327,1,1
deepseek_v4,dd_18223,T1,1,0,0.1411588231545158,1,1
deepseek_v4,dd_18223,T1,2,0,0.8320288322180869,1,1
deepseek_v4,dd_18223,T3,1,0,0.3600239446461414,1,1
deepseek_v4,dd_18223,T3,2,0,0.6332251281566197,1,1
deepseek_v4,dd_18223,T5,1,0,0.35148323063842823,1,1
deepseek_v4,dd_18223,T5,2,0,0.9256471679891919,1,1
deepseek_v4,dd_18223,T6,1,0,0.07974757380598069,1,1
deepseek_v4,dd_18223,T6,2,0,0.6541555103542465,1,1
deepseek_v4,dd_18643,T0,1,0,0.9999227437749157,1,1
deepseek_v4,dd_18643,T0,2,0,0.9999822253682097,1,1
deepseek_v4,dd_18643,T1,1,0,0.9999870355293806,1,1
deepseek_v4,dd_18643,T1,2,0,0.9999958410248302,1,1
deepseek_v4,dd_18643,T3,1,0,0.9999691476877485,1,1
deepseek_v4,dd_18643,T3,2,0,0.9999980463317683,1,1
deepseek_v4,dd_18643,T5,1,0,0.999968511051028,1,1
deepseek_v4,dd_18643,T5,2,0,0.9999954658730389,1,1
deepseek_v4,dd_18643,T6,1,0,0.9999955810629032,1,1
deepseek_v4,dd_18643,T6,2,0,0.9994774396941126,1,1
deepseek_v4,dd_18670,T0,1,0,0.5794636377545276,1,1
deepseek_v4,dd_18670,T0,2,0,0.9461912272269896,1,1
deepseek_v4,dd_18670,T1,1,0,0.9500291598310182,1,1
deepseek_v4,dd_18670,T1,2,0,0.9837183275829561,1,1
deepseek_v4,dd_18670,T3,1,0,0.9810562377238049,1,1
deepseek_v4,dd_18670,T3,2,0,0.9967330272385162,1,1
deepseek_v4,dd_18670,T5,1,0,0.8651778173105346,1,1
deepseek_v4,dd_18670,T5,2,0,0.9814555198597219,1,1
deepseek_v4,dd_18670,T6,1,0,0.6259920061093707,1,1
deepseek_v4,dd_18670,T6,2,0,0.8967193743797197,1,1
deepseek_v4,dd_2081,T0,1,0,0.8237801844294228,1,1
deepseek_v4,dd_2081,T0,2,0,0.9784754801612203,1,1
deepseek_v4,dd_2081,T1,1,0,0.6930876567364006,1,1
deepseek_v4,dd_2081,T1,2,0,0.9913882919384901,1,1
deepseek_v4,dd_2081,T3,1,0,0.9027148494701631,1,1
deepseek_v4,dd_2081,T3,2,0,0.9986655910037825,1,1
deepseek_v4,dd_2081,T5,1,0,0.7865824813708253,1,1
deepseek_v4,dd_2081,T5,2,0,0.9925366169969883,1,1
deepseek_v4,dd_2081,T6,1,0,0.028057719401765033,1,1
deepseek_v4,dd_2081,T6,2,0,0.36490927074988805,1,1
deepseek_v4,dd_21158,T0,1,0,0.8680907243800898,1,1
deepseek_v4,dd_21158,T0,2,0,0.968006266171962,1,1
deepseek_v4,dd_21158,T1,1,0,0.8801698401622925,1,1
deepseek_v4,dd_21158,T1,2,0,0.988467198986329,1,1
deepseek_v4,dd_21158,T3,1,0,0.7286246267974342,1,1
deepseek_v4,dd_21158,T3,2,0,0.9769251862210111,1,1
deepseek_v4,dd_21158,T5,1,0,0.22414035387394865,1,1
deepseek_v4,dd_21158,T5,2,0,0.9630673833523371,1,1
deepseek_v4,dd_21158,T6,1,0,0.21965838289011608,1,1
deepseek_v4,dd_21158,T6,2,0,0.8428121220300625,1,1
deepseek_v4,dd_21629,T0,1,0,0.8694441874712312,1,1
deepseek_v4,dd_21629,T0,2,0,0.9889646632737519,1,1
deepseek_v4,dd_21629,T1,1,0,0.6007145886968643,1,1
deepseek_v4,dd_21629,T1,2,0,0.5447711280073068,1,1
deepseek_v4,dd_21629,T3,1,0,0.9344788311410566,1,1
deepseek_v4,dd_21629,T3,2,0,0.9871435639484739,1,1
deepseek_v4,dd_21629,T5,1,0,0.34251311458224787,1,1
deepseek_v4,dd_21629,T5,2,0,0.8177587473635666,1,1
deepseek_v4,dd_21629,T6,1,0,0.026157948860063562,1,1
deepseek_v4,dd_21629,T6,2,0,0.11208121979101444,1,1
deepseek_v4,dd_21630,T0,1,0,0.005599459289048908,1,1
deepseek_v4,dd_21630,T0,2,0,0.36158640738129605,1,1
deepseek_v4,dd_21630,T1,1,0,0.05016933890097245,1,1
deepseek_v4,dd_21630,T1,2,0,0.8904074276340622,1,1
deepseek_v4,dd_21630,T3,1,0,0.0025125628800620166,1,1
deepseek_v4,dd_21630,T3,2,0,0.696762483143783,1,1
deepseek_v4,dd_21630,T5,1,0,0.006297534356697949,1,1
deepseek_v4,dd_21630,T5,2,0,0.7822365114171119,1,1
deepseek_v4,dd_21630,T6,1,0,0.04044529075397889,1,1
deepseek_v4,dd_21630,T6,2,0,0.7482955352158293,1,1
deepseek_v4,dd_22819,T0,1,0,0.00011348124986405923,1,1
deepseek_v4,dd_22819,T0,2,0,0.00048236824987289944,1,1
deepseek_v4,dd_22819,T1,1,0,4.7035997059300804e-05,1,1
deepseek_v4,dd_22819,T1,2,0,0.000550399136358997,1,1
deepseek_v4,dd_22819,T3,1,0,0.0001510872251712745,1,1
deepseek_v4,dd_22819,T3,2,0,0.0014702365452461369,1,1
deepseek_v4,dd_22819,T5,1,0,0.0008813275201423767,1,1
deepseek_v4,dd_22819,T5,2,0,0.03169407389177247,1,1
deepseek_v4,dd_22819,T6,1,0,0.00028772725375430245,1,1
deepseek_v4,dd_22819,T6,2,0,0.0007450108481566369,1,1
deepseek_v4,dd_23534,T0,1,0,0.9448432196674333,1,1
deepseek_v4,dd_23534,T0,2,0,0.9915818187302373,1,1
deepseek_v4,dd_23534,T1,1,0,0.7548839339095901,1,1
deepseek_v4,dd_23534,T1,2,0,0.742018102109723,1,1
deepseek_v4,dd_23534,T3,1,0,0.7575625593170686,1,1
deepseek_v4,dd_23534,T3,2,0,0.47208829763546944,1,1
deepseek_v4,dd_23534,T5,1,0,0.8235912608253538,1,1
deepseek_v4,dd_23534,T5,2,0,0.8552236208046952,1,1
deepseek_v4,dd_23534,T6,1,0,0.038791881313373876,1,1
deepseek_v4,dd_23534,T6,2,0,0.2765424291599203,1,1
deepseek_v4,dd_24260,T0,1,0,0.023860350980987436,1,1
deepseek_v4,dd_24260,T0,2,0,0.04531163194175604,1,1
deepseek_v4,dd_24260,T1,1,0,0.0773488365338361,1,1
deepseek_v4,dd_24260,T1,2,0,0.22331022889442484,1,1
deepseek_v4,dd_24260,T3,1,0,0.029804515405366244,1,1
deepseek_v4,dd_24260,T3,2,0,0.255135546762317,1,1
deepseek_v4,dd_24260,T5,1,0,0.15394574286536616,1,1
deepseek_v4,dd_24260,T5,2,0,0.8662881258495144,1,1
deepseek_v4,dd_24260,T6,1,0,0.004769935797828773,1,1
deepseek_v4,dd_24260,T6,2,0,0.14973767606871885,1,1
deepseek_v4,dd_24405,T0,1,0,4.173803768100567e-06,1,1
deepseek_v4,dd_24405,T0,2,0,7.960220708216062e-05,1,1
deepseek_v4,dd_24405,T1,1,0,5.984627689508752e-06,1,1
deepseek_v4,dd_24405,T1,2,0,0.0003779916045859477,1,1
deepseek_v4,dd_24405,T3,1,0,6.2667021254995e-07,1,1
deepseek_v4,dd_24405,T3,2,0,0.0002481041716663382,1,1
deepseek_v4,dd_24405,T5,1,0,1.2198021391458889e-05,1,1
deepseek_v4,dd_24405,T5,2,0,0.00022405127400902715,1,1
deepseek_v4,dd_24405,T6,1,0,6.244930338255954e-06,1,1
deepseek_v4,dd_24405,T6,2,0,6.705001655813867e-05,1,1
deepseek_v4,dd_24975,T0,1,0,0.0009547935587167065,1,1
deepseek_v4,dd_24975,T0,2,0,0.04085199004159167,1,1
deepseek_v4,dd_24975,T1,1,0,0.00809586253473469,1,1
deepseek_v4,dd_24975,T1,2,0,0.19403828636768775,1,1
deepseek_v4,dd_24975,T3,1,0,0.06839929219940435,1,1
deepseek_v4,dd_24975,T3,2,0,0.9030373084756509,1,1
deepseek_v4,dd_24975,T5,1,0,0.006882528979023675,1,1
deepseek_v4,dd_24975,T5,2,0,0.11880858435683148,1,1
deepseek_v4,dd_24975,T6,1,0,0.003050327485849895,1,1
deepseek_v4,dd_24975,T6,2,0,0.07370616193076004,1,1
deepseek_v4,dd_25137,T0,1,0,0.9854804645652913,1,1
deepseek_v4,dd_25137,T0,2,0,0.9997658156085034,1,1
deepseek_v4,dd_25137,T1,1,0,0.9978074076571357,1,1
deepseek_v4,dd_25137,T1,2,0,0.9998615226233969,1,1
deepseek_v4,dd_25137,T3,1,0,0.9963998491262132,1,1
deepseek_v4,dd_25137,T3,2,0,0.9999233925515058,1,1
deepseek_v4,dd_25137,T5,1,0,0.99821773198969,1,1
deepseek_v4,dd_25137,T5,2,0,0.9997522497216236,1,1
deepseek_v4,dd_25137,T6,1,0,0.8042756473434023,1,1
deepseek_v4,dd_25137,T6,2,0,0.9299940246193968,1,1
deepseek_v4,dd_25302,T0,1,0,0.0001598209872092733,1,1
deepseek_v4,dd_25302,T0,2,0,0.013748862186333245,1,1
deepseek_v4,dd_25302,T1,1,0,5.7940479323097405e-05,1,1
deepseek_v4,dd_25302,T1,2,0,0.00044273436677295805,1,1
deepseek_v4,dd_25302,T3,1,0,6.102281842277595e-06,1,1
deepseek_v4,dd_25302,T3,2,0,0.0017548984864345935,1,1
deepseek_v4,dd_25302,T5,1,0,0.00033200797404416764,1,1
deepseek_v4,dd_25302,T5,2,0,0.029169295473241062,1,1
deepseek_v4,dd_25302,T6,1,0,0.0002636688886686738,1,1
deepseek_v4,dd_25302,T6,2,0,0.006219036101408867,1,1
deepseek_v4,dd_25868,T0,1,0,0.4179246387095774,1,1
deepseek_v4,dd_25868,T0,2,0,0.8464344655502033,1,1
deepseek_v4,dd_25868,T1,1,0,0.5819445161713975,1,1
deepseek_v4,dd_25868,T1,2,0,0.5634427081405273,1,1
deepseek_v4,dd_25868,T3,1,0,0.2561568824955548,1,1
deepseek_v4,dd_25868,T3,2,0,0.27244098979465686,1,1
deepseek_v4,dd_25868,T5,1,0,0.3170602333286561,1,1
deepseek_v4,dd_25868,T5,2,0,0.5892335844888111,1,1
deepseek_v4,dd_25868,T6,1,0,0.12171591143933523,1,1
deepseek_v4,dd_25868,T6,2,0,0.2558495415705141,1,1
deepseek_v4,dd_26178,T0,1,0,0.002229206070452382,1,1
deepseek_v4,dd_26178,T0,2,0,0.08095346159452493,1,1
deepseek_v4,dd_26178,T1,1,0,0.0012477731626910733,1,1
deepseek_v4,dd_26178,T1,2,0,0.09362424628728445,1,1
deepseek_v4,dd_26178,T3,1,0,0.000945865737617967,1,1
deepseek_v4,dd_26178,T3,2,0,0.4472952517676712,1,1
deepseek_v4,dd_26178,T5,1,0,0.005828242670868148,1,1
deepseek_v4,dd_26178,T5,2,0,0.529266243569034,1,1
deepseek_v4,dd_26178,T6,1,0,0.0006676306662398732,1,1
deepseek_v4,dd_26178,T6,2,0,0.0408635011544304,1,1
deepseek_v4,dd_26321,T0,1,0,0.9776435551960198,1,1
deepseek_v4,dd_26321,T0,2,0,0.9982050918205451,1,1
deepseek_v4,dd_26321,T1,1,0,0.9992467122826435,1,1
deepseek_v4,dd_26321,T1,2,0,0.9997438469808889,1,1
deepseek_v4,dd_26321,T3,1,0,0.9992247139773491,1,1
deepseek_v4,dd_26321,T3,2,0,0.9989590571405534,1,1
deepseek_v4,dd_26321,T5,1,0,0.9908223741310481,1,1
deepseek_v4,dd_26321,T5,2,0,0.9989150691187596,1,1
deepseek_v4,dd_26321,T6,1,0,0.775468025354238,1,1
deepseek_v4,dd_26321,T6,2,0,0.9870415240560849,1,1
deepseek_v4,dd_27524,T0,1,0,2.9437493775458082e-05,1,1
deepseek_v4,dd_27524,T0,2,0,0.00041312949886421196,1,1
deepseek_v4,dd_27524,T1,1,0,1.517795243226707e-05,1,1
deepseek_v4,dd_27524,T1,2,0,0.00013452164047434532,1,1
deepseek_v4,dd_27524,T3,1,0,1.0293933635929221e-05,1,1
deepseek_v4,dd_27524,T3,2,0,0.00024079597126778452,1,1
deepseek_v4,dd_27524,T5,1,0,2.1482292899072745e-05,1,1
deepseek_v4,dd_27524,T5,2,0,0.0010011299280258538,1,1
deepseek_v4,dd_27524,T6,1,0,0.00018119254417636082,1,1
deepseek_v4,dd_27524,T6,2,0,0.008234134555350941,1,1
deepseek_v4,dd_27558,T0,1,0,0.0015616030823134702,1,1
deepseek_v4,dd_27558,T0,2,0,0.024385850644330718,1,1
deepseek_v4,dd_27558,T1,1,0,0.027914522480777016,1,1
deepseek_v4,dd_27558,T1,2,0,0.3776643921256719,1,1
deepseek_v4,dd_27558,T3,1,0,0.15855721680637547,1,1
deepseek_v4,dd_27558,T3,2,0,0.6804350209783718,1,1
deepseek_v4,dd_27558,T5,1,0,0.059578080584800366,1,1
deepseek_v4,dd_27558,T5,2,0,0.844097514818433,1,1
deepseek_v4,dd_27558,T6,1,0,0.025994613460337067,1,1
deepseek_v4,dd_27558,T6,2,0,0.1306355093921277,1,1
deepseek_v4,dd_28814,T0,1,0,0.0013415199066185732,1,1
deepseek_v4,dd_28814,T0,2,0,0.00850827719834538,1,1
deepseek_v4,dd_28814,T1,1,0,0.0012069603814778905,1,1
deepseek_v4,dd_28814,T1,2,0,0.0623341598871761,1,1
deepseek_v4,dd_28814,T3,1,0,0.01638384626646338,1,1
deepseek_v4,dd_28814,T3,2,0,0.06161631707249223,1,1
deepseek_v4,dd_28814,T5,1,0,0.0027089803595291067,1,1
deepseek_v4,dd_28814,T5,2,0,0.019383710337343076,1,1
deepseek_v4,dd_28814,T6,1,0,0.0016033684220896195,1,1
deepseek_v4,dd_28814,T6,2,0,0.029394832168852896,1,1
deepseek_v4,dd_29454,T0,1,0,0.6149478733367877,1,1
deepseek_v4,dd_29454,T0,2,0,0.28023380853273777,1,1
deepseek_v4,dd_29454,T1,1,0,0.5588226842573506,1,1
deepseek_v4,dd_29454,T1,2,0,0.5163058657430759,1,1
deepseek_v4,dd_29454,T3,1,0,0.945202737143505,1,1
deepseek_v4,dd_29454,T3,2,0,0.9566118837671652,1,1
deepseek_v4,dd_29454,T5,1,0,0.37501060076607484,1,1
deepseek_v4,dd_29454,T5,2,0,0.4955855497067413,1,1
deepseek_v4,dd_29454,T6,1,0,0.018979956905277224,1,1
deepseek_v4,dd_29454,T6,2,0,0.058083989766847775,1,1
deepseek_v4,dd_29978,T0,1,0,0.579569597408985,1,1
deepseek_v4,dd_29978,T0,2,0,0.766929074992968,1,1
deepseek_v4,dd_29978,T1,1,0,0.03479687357322719,1,1
deepseek_v4,dd_29978,T1,2,0,0.030457751521567634,1,1
deepseek_v4,dd_29978,T3,1,0,0.04909088724703814,1,1
deepseek_v4,dd_29978,T3,2,0,0.46144525266368397,1,1
deepseek_v4,dd_29978,T5,1,0,0.010885194566093834,1,1
deepseek_v4,dd_29978,T5,2,0,0.015835607375472977,1,1
deepseek_v4,dd_29978,T6,1,0,0.012284107056353083,1,1
deepseek_v4,dd_29978,T6,2,0,0.07679542551500693,1,1
deepseek_v4,dd_30131,T0,1,0,9.918431199701868e-05,1,1
deepseek_v4,dd_30131,T0,2,0,0.009552320981734606,1,1
deepseek_v4,dd_30131,T1,1,0,1.5477299655484726e-05,1,1
deepseek_v4,dd_30131,T1,2,0,0.012985144179973152,1,1
deepseek_v4,dd_30131,T3,1,0,6.762025047140765e-05,1,1
deepseek_v4,dd_30131,T3,2,0,0.007656188079490862,1,1
deepseek_v4,dd_30131,T5,1,0,4.3519033009816785e-05,1,1
deepseek_v4,dd_30131,T5,2,0,0.020991114754234184,1,1
deepseek_v4,dd_30131,T6,1,0,0.00016424879007476264,1,1
deepseek_v4,dd_30131,T6,2,0,0.021370043001594743,1,1
deepseek_v4,dd_30899,T0,1,0,0.9937675133491132,1,1
deepseek_v4,dd_30899,T0,2,0,0.999937010156035,1,1
deepseek_v4,dd_30899,T1,1,0,0.9898140109802508,1,1
deepseek_v4,dd_30899,T1,2,0,0.999779092467078,1,1
deepseek_v4,dd_30899,T3,1,0,0.9962261338261728,1,1
deepseek_v4,dd_30899,T3,2,0,0.99996407782209,1,1
deepseek_v4,dd_30899,T5,1,0,0.9966461617670554,1,1
deepseek_v4,dd_30899,T5,2,0,0.9997317533382278,1,1
deepseek_v4,dd_30899,T6,1,0,0.9047781325619424,1,1
deepseek_v4,dd_30899,T6,2,0,0.9989915889730576,1,1
deepseek_v4,dd_31129,T0,1,0,4.2237605802552515e-06,1,1
deepseek_v4,dd_31129,T0,2,0,8.020691167663802e-05,1,1
deepseek_v4,dd_31129,T1,1,0,1.2631035501103886e-05,1,1
deepseek_v4,dd_31129,T1,2,0,3.486200739176703e-05,1,1
deepseek_v4,dd_31129,T3,1,0,5.398958794976099e-06,1,1
deepseek_v4,dd_31129,T3,2,0,3.111299808818277e-05,1,1
deepseek_v4,dd_31129,T5,1,0,2.015875698042228e-05,1,1
deepseek_v4,dd_31129,T5,2,0,0.0002945585269302993,1,1
deepseek_v4,dd_31129,T6,1,0,0.0002555733816927383,1,1
deepseek_v4,dd_31129,T6,2,0,0.0001936418248878555,1,1
deepseek_v4,dd_32872,T0,1,0,0.6621413701263822,1,1
deepseek_v4,dd_32872,T0,2,0,0.9567167306826819,1,1
deepseek_v4,dd_32872,T1,1,0,0.013257635930353779,1,1
deepseek_v4,dd_32872,T1,2,0,0.8184280617693244,1,1
deepseek_v4,dd_32872,T3,1,0,0.0778582196958261,1,1
deepseek_v4,dd_32872,T3,2,0,0.875601769432551,1,1
deepseek_v4,dd_32872,T5,1,0,0.020546125865054644,1,1
deepseek_v4,dd_32872,T5,2,0,0.8228051034368526,1,1
deepseek_v4,dd_32872,T6,1,0,0.00598802331733612,1,1
deepseek_v4,dd_32872,T6,2,0,0.33111973181720705,1,1
deepseek_v4,dd_33618,T0,1,0,6.664116339421535e-05,1,1
deepseek_v4,dd_33618,T0,2,0,0.0037247431955277272,1,1
deepseek_v4,dd_33618,T1,1,0,0.001211666763293357,1,1
deepseek_v4,dd_33618,T1,2,0,0.02591259635973659,1,1
deepseek_v4,dd_33618,T3,1,0,4.471889370165013e-05,1,1
deepseek_v4,dd_33618,T3,2,0,0.0007084757778038381,1,1
deepseek_v4,dd_33618,T5,1,0,0.0002523818202280684,1,1
deepseek_v4,dd_33618,T5,2,0,0.0472488502145613,1,1
deepseek_v4,dd_33618,T6,1,0,0.0011563808292105408,1,1
deepseek_v4,dd_33618,T6,2,0,0.03206689083844721,1,1
deepseek_v4,dd_34148,T0,1,0,0.036303571847077255,1,1
deepseek_v4,dd_34148,T0,2,0,0.4550888606048225,1,1
deepseek_v4,dd_34148,T1,1,0,0.04562072471230144,1,1
deepseek_v4,dd_34148,T1,2,0,0.7938373665495256,1,1
deepseek_v4,dd_34148,T3,1,0,0.07082398369112337,1,1
deepseek_v4,dd_34148,T3,2,0,0.9185336357932168,1,1
deepseek_v4,dd_34148,T5,1,0,0.2182225962785384,1,1
deepseek_v4,dd_34148,T5,2,0,0.8853003123639552,1,1
deepseek_v4,dd_34148,T6,1,0,0.010817467128706793,1,1
deepseek_v4,dd_34148,T6,2,0,0.23920076235728147,1,1
deepseek_v4,dd_34460,T0,1,0,2.1600200715674245e-05,1,1
deepseek_v4,dd_34460,T0,2,0,0.00020555377337106012,1,1
deepseek_v4,dd_34460,T1,1,0,2.6029164588477126e-06,1,1
deepseek_v4,dd_34460,T1,2,0,0.00011250742721457288,1,1
deepseek_v4,dd_34460,T3,1,0,1.3062843765909746e-05,1,1
deepseek_v4,dd_34460,T3,2,0,0.0005288206194733302,1,1
deepseek_v4,dd_34460,T5,1,0,6.849127137488411e-06,1,1
deepseek_v4,dd_34460,T5,2,0,0.00020316847860798684,1,1
deepseek_v4,dd_34460,T6,1,0,1.3212436316548458e-05,1,1
deepseek_v4,dd_34460,T6,2,0,6.978479997281611e-05,1,1
deepseek_v4,dd_35732,T0,1,0,1.5807204919752628e-05,1,1
deepseek_v4,dd_35732,T0,2,0,0.0005863396431327988,1,1
deepseek_v4,dd_35732,T1,1,0,4.238010128676386e-06,1,1
deepseek_v4,dd_35732,T1,2,0,7.354216531404722e-05,1,1
deepseek_v4,dd_35732,T3,1,0,7.600649512082876e-06,1,1
deepseek_v4,dd_35732,T3,2,0,7.850126416400232e-05,1,1
deepseek_v4,dd_35732,T5,1,0,1.8941490553416236e-06,1,1
deepseek_v4,dd_35732,T5,2,0,2.4629104232294603e-05,1,1
deepseek_v4,dd_35732,T6,1,0,3.2020706982784147e-06,1,1
deepseek_v4,dd_35732,T6,2,0,4.267788679387933e-05,1,1
deepseek_v4,dd_36819,T0,1,0,0.0037156885788028975,1,1
deepseek_v4,dd_36819,T0,2,0,0.10984294620003152,1,1
deepseek_v4,dd_36819,T1,1,0,0.005785496172737038,1,1
deepseek_v4,dd_36819,T1,2,0,0.8787717846178966,1,1
deepseek_v4,dd_36819,T3,1,0,0.007774347762127857,1,1
deepseek_v4,dd_36819,T3,2,0,0.9403609651225003,1,1
deepseek_v4,dd_36819,T5,1,0,0.032169758700894245,1,1
deepseek_v4,dd_36819,T5,2,0,0.8852747438924953,1,1
deepseek_v4,dd_36819,T6,1,0,0.01898649223019693,1,1
deepseek_v4,dd_36819,T6,2,0,0.4395358982718275,1,1
deepseek_v4,dd_37249,T0,1,0,0.9712211477948494,1,1
deepseek_v4,dd_37249,T0,2,0,0.9860948575871206,1,1
deepseek_v4,dd_37249,T1,1,0,0.9344954073079333,1,1
deepseek_v4,dd_37249,T1,2,0,0.9970279675484077,1,1
deepseek_v4,dd_37249,T3,1,0,0.8110933876002786,1,1
deepseek_v4,dd_37249,T3,2,0,0.9975070073122573,1,1
deepseek_v4,dd_37249,T5,1,0,0.8408806247653572,1,1
deepseek_v4,dd_37249,T5,2,0,0.9980694543987663,1,1
deepseek_v4,dd_37249,T6,1,0,0.8256342033167797,1,1
deepseek_v4,dd_37249,T6,2,0,0.9932686201818784,1,1
deepseek_v4,dd_37490,T0,1,0,0.999378666119956,1,1
deepseek_v4,dd_37490,T0,2,0,0.999995269903192,1,1
deepseek_v4,dd_37490,T1,1,0,0.9997394399496811,1,1
deepseek_v4,dd_37490,T1,2,0,0.9999876003576657,1,1
deepseek_v4,dd_37490,T3,1,0,0.9999187547297943,1,1
deepseek_v4,dd_37490,T3,2,0,0.9999972546908995,1,1
deepseek_v4,dd_37490,T5,1,0,0.9992105022131617,1,1
deepseek_v4,dd_37490,T5,2,0,0.9999819785626414,1,1
deepseek_v4,dd_37490,T6,1,0,0.8867901340981978,1,1
deepseek_v4,dd_37490,T6,2,0,0.9963816994364825,1,1
deepseek_v4,dd_38533,T0,1,0,0.08909295260491383,1,1
deepseek_v4,dd_38533,T0,2,0,0.4585996789056842,1,1
deepseek_v4,dd_38533,T1,1,0,0.04448296697343922,1,1
deepseek_v4,dd_38533,T1,2,0,0.03008241447359286,1,1
deepseek_v4,dd_38533,T3,1,0,0.03304853106885791,1,1
deepseek_v4,dd_38533,T3,2,0,0.08708499160440801,1,1
deepseek_v4,dd_38533,T5,1,0,0.05443072681894921,1,1
deepseek_v4,dd_38533,T5,2,0,0.3450621793571995,1,1
deepseek_v4,dd_38533,T6,1,0,0.008515248602334331,1,1
deepseek_v4,dd_38533,T6,2,0,0.15284199610451762,1,1
deepseek_v4,dd_39199,T0,1,0,0.8836653019243518,1,1
deepseek_v4,dd_39199,T0,2,0,0.9965407112478293,1,1
deepseek_v4,dd_39199,T1,1,0,0.937866981177672,1,1
deepseek_v4,dd_39199,T1,2,0,0.9993610147360963,1,1
deepseek_v4,dd_39199,T3,1,0,0.8523099385729984,1,1
deepseek_v4,dd_39199,T3,2,0,0.9997680434650226,1,1
deepseek_v4,dd_39199,T5,1,0,0.9317277217966048,1,1
deepseek_v4,dd_39199,T5,2,0,0.9991822384364634,1,1
deepseek_v4,dd_39199,T6,1,0,0.3180663493288488,1,1
deepseek_v4,dd_39199,T6,2,0,0.9725703884514239,1,1
deepseek_v4,dd_42860,T0,1,0,0.0002358696078588692,1,1
deepseek_v4,dd_42860,T0,2,0,0.040645183631649984,1,1
deepseek_v4,dd_42860,T1,1,0,0.00017958541531125762,1,1
deepseek_v4,dd_42860,T1,2,0,0.23127765928196514,1,1
deepseek_v4,dd_42860,T3,1,0,2.0528715291176713e-05,1,1
deepseek_v4,dd_42860,T3,2,0,0.21878410702645776,1,1
deepseek_v4,dd_42860,T5,1,0,0.00025085310544710227,1,1
deepseek_v4,dd_42860,T5,2,0,0.9969837852130654,1,1
deepseek_v4,dd_42860,T6,1,0,0.00024383717390255558,1,1
deepseek_v4,dd_42860,T6,2,0,0.5897495820990111,1,1
deepseek_v4,dd_44063,T0,1,0,0.15069061158970412,1,1
deepseek_v4,dd_44063,T0,2,0,0.5713854755926776,1,1
deepseek_v4,dd_44063,T1,1,0,0.7277525557076727,1,1
deepseek_v4,dd_44063,T1,2,0,0.9029273623673401,1,1
deepseek_v4,dd_44063,T3,1,0,0.556950303807346,1,1
deepseek_v4,dd_44063,T3,2,0,0.9664102489419749,1,1
deepseek_v4,dd_44063,T5,1,0,0.3172023047110949,1,1
deepseek_v4,dd_44063,T5,2,0,0.9689034415767468,1,1
deepseek_v4,dd_44063,T6,1,0,0.025393865640078003,1,1
deepseek_v4,dd_44063,T6,2,0,0.4992189381353246,1,1
deepseek_v4,dd_44380,T0,1,0,0.9707144568540675,1,1
deepseek_v4,dd_44380,T0,2,0,0.9420611054665669,1,1
deepseek_v4,dd_44380,T1,1,0,0.9904494976735896,1,1
deepseek_v4,dd_44380,T1,2,0,0.9944307251578428,1,1
deepseek_v4,dd_44380,T3,1,0,0.9744192909754573,1,1
deepseek_v4,dd_44380,T3,2,0,0.9968577904450366,1,1
deepseek_v4,dd_44380,T5,1,0,0.9930497779755036,1,1
deepseek_v4,dd_44380,T5,2,0,0.9934636419266886,1,1
deepseek_v4,dd_44380,T6,1,0,0.9392193607984559,1,1
deepseek_v4,dd_44380,T6,2,0,0.550950925089062,1,1
deepseek_v4,dd_45938,T0,1,0,3.5407694783703254e-06,1,1
deepseek_v4,dd_45938,T0,2,0,6.2201561627550614e-06,1,1
deepseek_v4,dd_45938,T1,1,0,1.433397920018198e-06,1,1
deepseek_v4,dd_45938,T1,2,0,5.6852150385178665e-06,1,1
deepseek_v4,dd_45938,T3,1,0,3.7649848829083195e-06,1,1
deepseek_v4,dd_45938,T3,2,0,8.743080925146346e-06,1,1
deepseek_v4,dd_45938,T5,1,0,2.908693776428637e-06,1,1
deepseek_v4,dd_45938,T5,2,0,0.00021455955863922555,1,1
deepseek_v4,dd_45938,T6,1,0,1.0626286391334297e-05,1,1
deepseek_v4,dd_45938,T6,2,0,0.00013110630951927265,1,1
deepseek_v4,dd_46859,T0,1,0,8.661405058785986e-06,1,1
deepseek_v4,dd_46859,T0,2,0,7.670915709022124e-05,1,1
deepseek_v4,dd_46859,T1,1,0,5.9558127877977175e-06,1,1
deepseek_v4,dd_46859,T1,2,0,1.0018845901022994e-05,1,1
deepseek_v4,dd_46859,T3,1,0,4.406641874465135e-06,1,1
deepseek_v4,dd_46859,T3,2,0,1.7588191358414898e-05,1,1
deepseek_v4,dd_46859,T5,1,0,7.84643821682091e-06,1,1
deepseek_v4,dd_46859,T5,2,0,0.0009077708062199829,1,1
deepseek_v4,dd_46859,T6,1,0,9.661857073539521e-05,1,1
deepseek_v4,dd_46859,T6,2,0,0.00039684499334669015,1,1
deepseek_v4,dd_47886,T0,1,0,0.12581950394519517,1,1
deepseek_v4,dd_47886,T0,2,0,0.6913777054575748,1,1
deepseek_v4,dd_47886,T1,1,0,0.019693334142016804,1,1
deepseek_v4,dd_47886,T1,2,0,0.43998608012686763,1,1
deepseek_v4,dd_47886,T3,1,0,0.004402188012135545,1,1
deepseek_v4,dd_47886,T3,2,0,0.38681230608032635,1,1
deepseek_v4,dd_47886,T5,1,0,0.002636203114064475,1,1
deepseek_v4,dd_47886,T5,2,0,0.36479524550060466,1,1
deepseek_v4,dd_47886,T6,1,0,0.014094444220239092,1,1
deepseek_v4,dd_47886,T6,2,0,0.4380835986797597,1,1
deepseek_v4,dd_5570,T0,1,0,0.9994393287848059,1,1
deepseek_v4,dd_5570,T0,2,0,0.9999676747076942,1,1
deepseek_v4,dd_5570,T1,1,0,0.9999775902862972,1,1
deepseek_v4,dd_5570,T1,2,0,0.9999916489216798,1,1
deepseek_v4,dd_5570,T3,1,0,0.9997179794715918,1,1
deepseek_v4,dd_5570,T3,2,0,0.999970458067402,1,1
deepseek_v4,dd_5570,T5,1,0,0.9999279503332756,1,1
deepseek_v4,dd_5570,T5,2,0,0.999991326082049,1,1
deepseek_v4,dd_5570,T6,1,0,0.9988742757316719,1,1
deepseek_v4,dd_5570,T6,2,0,0.9999378611199449,1,1
deepseek_v4,dd_6488,T0,1,0,0.09506456395375071,1,1
deepseek_v4,dd_6488,T0,2,0,0.27120643171468434,1,1
deepseek_v4,dd_6488,T1,1,0,0.0002797129525847093,1,1
deepseek_v4,dd_6488,T1,2,0,0.00014842440400160433,1,1
deepseek_v4,dd_6488,T3,1,0,7.891983166708521e-05,1,1
deepseek_v4,dd_6488,T3,2,0,0.00011105645897550017,1,1
deepseek_v4,dd_6488,T5,1,0,0.00033376489064155374,1,1
deepseek_v4,dd_6488,T5,2,0,0.000566092516876489,1,1
deepseek_v4,dd_6488,T6,1,0,0.000732931101445947,1,1
deepseek_v4,dd_6488,T6,2,0,0.001804038970937258,1,1
deepseek_v4,dd_6826,T0,1,0,0.8227778415289395,1,1
deepseek_v4,dd_6826,T0,2,0,0.9710178669979884,1,1
deepseek_v4,dd_6826,T1,1,0,0.9349393141662605,1,1
deepseek_v4,dd_6826,T1,2,0,0.9972807872839262,1,1
deepseek_v4,dd_6826,T3,1,0,0.848835690884913,1,1
deepseek_v4,dd_6826,T3,2,0,0.9800386694690666,1,1
deepseek_v4,dd_6826,T5,1,0,0.9747869595177058,1,1
deepseek_v4,dd_6826,T5,2,0,0.9947932096669005,1,1
deepseek_v4,dd_6826,T6,1,0,0.18877922226419797,1,1
deepseek_v4,dd_6826,T6,2,0,0.8119609997973587,1,1
deepseek_v4,dd_6868,T0,1,0,0.37814597038627745,1,1
deepseek_v4,dd_6868,T0,2,0,0.7692007919521227,1,1
deepseek_v4,dd_6868,T1,1,0,0.5219023622047232,1,1
deepseek_v4,dd_6868,T1,2,0,0.8284660695887066,1,1
deepseek_v4,dd_6868,T3,1,0,0.26309764045381095,1,1
deepseek_v4,dd_6868,T3,2,0,0.8133449831985405,1,1
deepseek_v4,dd_6868,T5,1,0,0.7750539318404778,1,1
deepseek_v4,dd_6868,T5,2,0,0.9131364404702785,1,1
deepseek_v4,dd_6868,T6,1,0,0.2508583062616403,1,1
deepseek_v4,dd_6868,T6,2,0,0.6610268010193038,1,1
deepseek_v4,dd_7687,T0,1,0,0.9996058071210064,1,1
deepseek_v4,dd_7687,T0,2,0,0.999920441460095,1,1
deepseek_v4,dd_7687,T1,1,0,0.9999919809345835,1,1
deepseek_v4,dd_7687,T1,2,0,0.9999730060474253,1,1
deepseek_v4,dd_7687,T3,1,0,0.9999909017711931,1,1
deepseek_v4,dd_7687,T3,2,0,0.9999982146688462,1,1
deepseek_v4,dd_7687,T5,1,0,0.9999654678134123,1,1
deepseek_v4,dd_7687,T5,2,0,0.9999866400066756,1,1
deepseek_v4,dd_7687,T6,1,0,0.9700567406929269,1,1
deepseek_v4,dd_7687,T6,2,0,0.993856538709782,1,1
deepseek_v4,dd_8580,T0,1,0,0.003564672070600311,1,1
deepseek_v4,dd_8580,T0,2,0,0.015243585155490215,1,1
deepseek_v4,dd_8580,T1,1,0,0.011067733611766953,1,1
deepseek_v4,dd_8580,T1,2,0,0.11733725041563188,1,1
deepseek_v4,dd_8580,T3,1,0,0.0012044266212250436,1,1
deepseek_v4,dd_8580,T3,2,0,0.008448534683831634,1,1
deepseek_v4,dd_8580,T5,1,0,0.007309367566352852,1,1
deepseek_v4,dd_8580,T5,2,0,0.34357656441757295,1,1
deepseek_v4,dd_8580,T6,1,0,0.004471779343667663,1,1
deepseek_v4,dd_8580,T6,2,0,0.04388176702429381,1,1
deepseek_v4,dd_9595,T0,1,0,0.06892058619775542,1,1
deepseek_v4,dd_9595,T0,2,0,0.48456015539110686,1,1
deepseek_v4,dd_9595,T1,1,0,0.6798325200356349,1,1
deepseek_v4,dd_9595,T1,2,0,0.45688681286805133,1,1
deepseek_v4,dd_9595,T3,1,0,0.9031408106407742,1,1
deepseek_v4,dd_9595,T3,2,0,0.6121059017726919,1,1
deepseek_v4,dd_9595,T5,1,0,0.7791466283645394,1,1
deepseek_v4,dd_9595,T5,2,0,0.43550760317416815,1,1
deepseek_v4,dd_9595,T6,1,0,0.13884630429442965,1,1
deepseek_v4,dd_9595,T6,2,0,0.3867607283288526,1,1
deepseek_v4,dd_9899,T0,1,0,0.2087170646327427,1,1
deepseek_v4,dd_9899,T0,2,0,0.3304660868888803,1,1
deepseek_v4,dd_9899,T1,1,0,0.5528207458010966,1,1
deepseek_v4,dd_9899,T1,2,0,0.5967453120238523,1,1
deepseek_v4,dd_9899,T3,1,0,0.14187901382037546,1,1
deepseek_v4,dd_9899,T3,2,0,0.46610126298438026,1,1
deepseek_v4,dd_9899,T5,1,0,0.7082149401726094,1,1
deepseek_v4,dd_9899,T5,2,0,0.8601430732105173,1,1
deepseek_v4,dd_9899,T6,1,0,0.3028233858444419,1,1
deepseek_v4,dd_9899,T6,2,0,0.46820168907839016,1,1
deepseek_v4,dd_9955,T0,1,0,0.1033258766630829,1,1
deepseek_v4,dd_9955,T0,2,0,0.42707373408030486,1,1
deepseek_v4,dd_9955,T1,1,0,0.02625188557221326,1,1
deepseek_v4,dd_9955,T1,2,0,0.6249831286530453,1,1
deepseek_v4,dd_9955,T3,1,0,0.22987945707276547,1,1
deepseek_v4,dd_9955,T3,2,0,0.9110462522190271,1,1
deepseek_v4,dd_9955,T5,1,0,0.0856644403042927,1,1
deepseek_v4,dd_9955,T5,2,0,0.8785765576886746,1,1
deepseek_v4,dd_9955,T6,1,0,0.07109281555924118,1,1
deepseek_v4,dd_9955,T6,2,0,0.6203961484291776,1,1
deepseek_v4,mc_C_034,T0,1,0,0.9999778788543908,1,1
deepseek_v4,mc_C_034,T0,2,0,0.9999957649205374,1,1
deepseek_v4,mc_C_034,T1,1,0,0.9999958375751302,1,1
deepseek_v4,mc_C_034,T1,2,0,0.999994701323984,1,1
deepseek_v4,mc_C_034,T3,1,0,0.9999984269840357,1,1
deepseek_v4,mc_C_034,T3,2,0,0.999999221389522,1,1
deepseek_v4,mc_C_034,T5,1,0,0.999999497923785,1,1
deepseek_v4,mc_C_034,T5,2,0,0.9999988812024282,1,1
deepseek_v4,mc_C_034,T6,1,0,0.9999811999089757,1,1
deepseek_v4,mc_C_034,T6,2,0,0.9999617087790972,1,1
deepseek_v4,mc_C_1095,T0,1,0,0.9999981436462679,1,1
deepseek_v4,mc_C_1095,T0,2,0,0.9999962471029197,1,1
deepseek_v4,mc_C_1095,T1,1,0,0.9999993515634132,1,1
deepseek_v4,mc_C_1095,T1,2,0,0.9999993920844682,1,1
deepseek_v4,mc_C_1095,T3,1,0,0.9999999325345235,1,1
deepseek_v4,mc_C_1095,T3,2,0,0.999999593128705,1,1
deepseek_v4,mc_C_1095,T5,1,0,0.9999997499396467,1,1
deepseek_v4,mc_C_1095,T5,2,0,0.9999990197624604,1,1
deepseek_v4,mc_C_1095,T6,1,0,0.9995436358363319,1,1
deepseek_v4,mc_C_1095,T6,2,0,0.9998476653072255,1,1
deepseek_v4,mc_C_1216,T0,1,0,0.9999939613161942,1,1
deepseek_v4,mc_C_1216,T0,2,0,0.9999974979590027,1,1
deepseek_v4,mc_C_1216,T1,1,0,0.9999976878370764,1,1
deepseek_v4,mc_C_1216,T1,2,0,0.9999985117837751,1,1
deepseek_v4,mc_C_1216,T3,1,0,0.9999997396933736,1,1
deepseek_v4,mc_C_1216,T3,2,0,0.9999994793255288,1,1
deepseek_v4,mc_C_1216,T5,1,0,0.9999993967845525,1,1
deepseek_v4,mc_C_1216,T5,2,0,0.999998470902309,1,1
deepseek_v4,mc_C_1216,T6,1,0,0.9938034063839781,1,1
deepseek_v4,mc_C_1216,T6,2,0,0.9994304568282191,1,1
deepseek_v4,mc_C_183,T0,1,0,0.9999993345018621,1,1
deepseek_v4,mc_C_183,T0,2,0,0.9999979946072304,1,1
deepseek_v4,mc_C_183,T1,1,0,0.9999972046546756,1,1
deepseek_v4,mc_C_183,T1,2,0,0.999971781369225,1,1
deepseek_v4,mc_C_183,T3,1,0,0.999999126660623,1,1
deepseek_v4,mc_C_183,T3,2,0,0.999997479932567,1,1
deepseek_v4,mc_C_183,T5,1,0,0.999996560230685,1,1
deepseek_v4,mc_C_183,T5,2,0,0.9999833943871688,1,1
deepseek_v4,mc_C_183,T6,1,0,0.9999448812555558,1,1
deepseek_v4,mc_C_183,T6,2,0,0.9998916301778453,1,1
deepseek_v4,mc_C_291,T0,1,0,0.9999896263220908,1,1
deepseek_v4,mc_C_291,T0,2,0,0.9999982189237735,1,1
deepseek_v4,mc_C_291,T1,1,0,0.9999986661439784,1,1
deepseek_v4,mc_C_291,T1,2,0,0.9999993892974953,1,1
deepseek_v4,mc_C_291,T3,1,0,0.9999999006194349,1,1
deepseek_v4,mc_C_291,T3,2,0,0.9999993874317182,1,1
deepseek_v4,mc_C_291,T5,1,0,0.9999969517345977,1,1
deepseek_v4,mc_C_291,T5,2,0,0.9999983262582778,1,1
deepseek_v4,mc_C_291,T6,1,0,0.9999877814543945,1,1
deepseek_v4,mc_C_291,T6,2,0,0.9999840354857193,1,1
deepseek_v4,mc_C_467,T0,1,0,0.9995324923197255,1,1
deepseek_v4,mc_C_467,T0,2,0,0.9999776543430834,1,1
deepseek_v4,mc_C_467,T1,1,0,0.9987345320872497,1,1
deepseek_v4,mc_C_467,T1,2,0,0.9999857058511247,1,1
deepseek_v4,mc_C_467,T3,1,0,0.9994604321449266,1,1
deepseek_v4,mc_C_467,T3,2,0,0.9999922137303765,1,1
deepseek_v4,mc_C_467,T5,1,0,0.9990613591909945,1,1
deepseek_v4,mc_C_467,T5,2,0,0.9999532957195024,1,1
deepseek_v4,mc_C_467,T6,1,0,0.8850207230941427,1,1
deepseek_v4,mc_C_467,T6,2,0,0.9940492475559068,1,1
deepseek_v4,mc_C_527,T0,1,0,0.9999988443904547,1,1
deepseek_v4,mc_C_527,T0,2,0,0.9999943365282172,1,1
deepseek_v4,mc_C_527,T1,1,0,0.9999995397088564,1,1
deepseek_v4,mc_C_527,T1,2,0,0.9999976369753883,1,1
deepseek_v4,mc_C_527,T3,1,0,0.9999998177987196,1,1
deepseek_v4,mc_C_527,T3,2,0,0.9999992321771651,1,1
deepseek_v4,mc_C_527,T5,1,0,0.9999998325978656,1,1
deepseek_v4,mc_C_527,T5,2,0,0.9999987095140961,1,1
deepseek_v4,mc_C_527,T6,1,0,0.9999494536050412,1,1
deepseek_v4,mc_C_527,T6,2,0,0.9998979488158216,1,1
deepseek_v4,mc_C_675,T0,1,0,0.9999974313750136,1,1
deepseek_v4,mc_C_675,T0,2,0,0.9999988530609222,1,1
deepseek_v4,mc_C_675,T1,1,0,0.9999982870535746,1,1
deepseek_v4,mc_C_675,T1,2,0,0.9999981127423124,1,1
deepseek_v4,mc_C_675,T3,1,0,0.9999992611718062,1,1
deepseek_v4,mc_C_675,T3,2,0,0.9999994202558687,1,1
deepseek_v4,mc_C_675,T5,1,0,0.9999931620644076,1,1
deepseek_v4,mc_C_675,T5,2,0,0.9999849547751958,1,1
deepseek_v4,mc_C_675,T6,1,0,0.9896226428663588,1,1
deepseek_v4,mc_C_675,T6,2,0,0.9997226265300388,1,1
deepseek_v4,mc_C_772,T0,1,0,0.999970858913126,1,1
deepseek_v4,mc_C_772,T0,2,0,0.9999955801775495,1,1
deepseek_v4,mc_C_772,T1,1,0,0.9999971979228706,1,1
deepseek_v4,mc_C_772,T1,2,0,0.9999958422224375,1,1
deepseek_v4,mc_C_772,T3,1,0,0.9999962594014757,1,1
deepseek_v4,mc_C_772,T3,2,0,0.9999963307814755,1,1
deepseek_v4,mc_C_772,T5,1,0,0.9999987303073825,1,1
deepseek_v4,mc_C_772,T5,2,0,0.9999979433166788,1,1
deepseek_v4,mc_C_772,T6,1,0,0.9999681438999712,1,1
deepseek_v4,mc_C_772,T6,2,0,0.9998890635148809,1,1
deepseek_v4,mc_C_941,T0,1,0,0.9999926304552275,1,1
deepseek_v4,mc_C_941,T0,2,0,0.9999970785915228,1,1
deepseek_v4,mc_C_941,T1,1,0,0.9999983348686023,1,1
deepseek_v4,mc_C_941,T1,2,0,0.999998316079049,1,1
deepseek_v4,mc_C_941,T3,1,0,0.9999980777686704,1,1
deepseek_v4,mc_C_941,T3,2,0,0.9999996220711105,1,1
deepseek_v4,mc_C_941,T5,1,0,0.9999982681766622,1,1
deepseek_v4,mc_C_941,T5,2,0,0.9999976818247122,1,1
deepseek_v4,mc_C_941,T6,1,0,0.9974700352080251,1,1
deepseek_v4,mc_C_941,T6,2,0,0.9745911167136192,1,1
deepseek_v4,mc_G_005,T0,1,0,0.9308487114793582,1,1
deepseek_v4,mc_G_005,T0,2,0,0.9972272514951029,1,1
deepseek_v4,mc_G_005,T1,1,0,0.9873652533237822,1,1
deepseek_v4,mc_G_005,T1,2,0,0.9997483193402533,1,1
deepseek_v4,mc_G_005,T3,1,0,0.9987076840405276,1,1
deepseek_v4,mc_G_005,T3,2,0,0.9995462645483506,1,1
deepseek_v4,mc_G_005,T5,1,0,0.993846782188256,1,1
deepseek_v4,mc_G_005,T5,2,0,0.9996515488429875,1,1
deepseek_v4,mc_G_005,T6,1,0,0.9850997963428357,1,1
deepseek_v4,mc_G_005,T6,2,0,0.9985851183803477,1,1
deepseek_v4,mc_G_037,T0,1,0,0.9840850055347974,1,1
deepseek_v4,mc_G_037,T0,2,0,0.9874731062513064,1,1
deepseek_v4,mc_G_037,T1,1,0,0.99729072038393,1,1
deepseek_v4,mc_G_037,T1,2,0,0.9893657275879619,1,1
deepseek_v4,mc_G_037,T3,1,0,0.9912328002971836,1,1
deepseek_v4,mc_G_037,T3,2,0,0.9927890889133949,1,1
deepseek_v4,mc_G_037,T5,1,0,0.9975282895916547,1,1
deepseek_v4,mc_G_037,T5,2,0,0.9971057767817476,1,1
deepseek_v4,mc_G_037,T6,1,0,0.9378768860794873,1,1
deepseek_v4,mc_G_037,T6,2,0,0.8708287263380267,1,1
deepseek_v4,mc_G_064,T0,1,0,8.006555828407487e-07,1,1
deepseek_v4,mc_G_064,T0,2,0,1.5897609515843227e-05,1,1
deepseek_v4,mc_G_064,T1,1,0,4.515562642465558e-07,1,1
deepseek_v4,mc_G_064,T1,2,0,1.7841329618092515e-06,1,1
deepseek_v4,mc_G_064,T3,1,0,2.5209977519762186e-07,1,1
deepseek_v4,mc_G_064,T3,2,0,6.436260620049049e-07,1,1
deepseek_v4,mc_G_064,T5,1,0,1.2116669001743606e-06,1,1
deepseek_v4,mc_G_064,T5,2,0,0.0001061761027201857,1,1
deepseek_v4,mc_G_064,T6,1,0,1.6848088142422487e-05,1,1
deepseek_v4,mc_G_064,T6,2,0,0.00017222827822106047,1,1
deepseek_v4,mc_G_086,T0,1,0,0.9998181058759372,1,1
deepseek_v4,mc_G_086,T0,2,0,0.9999877752834369,1,1
deepseek_v4,mc_G_086,T1,1,0,0.9999063547529597,1,1
deepseek_v4,mc_G_086,T1,2,0,0.9999594499094256,1,1
deepseek_v4,mc_G_086,T3,1,0,0.9997617067960759,1,1
deepseek_v4,mc_G_086,T3,2,0,0.9999764688840164,1,1
deepseek_v4,mc_G_086,T5,1,0,0.9999600330140244,1,1
deepseek_v4,mc_G_086,T5,2,0,0.9999567454386002,1,1
deepseek_v4,mc_G_086,T6,1,0,0.9924938808284136,1,1
deepseek_v4,mc_G_086,T6,2,0,0.9575236212841084,1,1
deepseek_v4,mc_G_112,T0,1,0,0.029482520441530272,1,1
deepseek_v4,mc_G_112,T0,2,0,0.6179927479902173,1,1
deepseek_v4,mc_G_112,T1,1,0,0.003162696669814921,1,1
deepseek_v4,mc_G_112,T1,2,0,0.19896488391481684,1,1
deepseek_v4,mc_G_112,T3,1,0,0.1768020248206586,1,1
deepseek_v4,mc_G_112,T3,2,0,0.863787522451039,1,1
deepseek_v4,mc_G_112,T5,1,0,0.0008427836193072034,1,1
deepseek_v4,mc_G_112,T5,2,0,0.057596720598453735,1,1
deepseek_v4,mc_G_112,T6,1,0,0.0020522272495208005,1,1
deepseek_v4,mc_G_112,T6,2,0,8.835141427447541e-05,1,1
deepseek_v4,mc_G_135,T0,1,0,0.9962055331183036,1,1
deepseek_v4,mc_G_135,T0,2,0,0.999512219975543,1,1
deepseek_v4,mc_G_135,T1,1,0,0.9988433435661858,1,1
deepseek_v4,mc_G_135,T1,2,0,0.9986693959424224,1,1
deepseek_v4,mc_G_135,T3,1,0,0.9968001287960097,1,1
deepseek_v4,mc_G_135,T3,2,0,0.9990600023725873,1,1
deepseek_v4,mc_G_135,T5,1,0,0.9892532431131267,1,1
deepseek_v4,mc_G_135,T5,2,0,0.9985245767934008,1,1
deepseek_v4,mc_G_135,T6,1,0,0.7956134392828088,1,1
deepseek_v4,mc_G_135,T6,2,0,0.9922064433186772,1,1
deepseek_v4,mc_G_156,T0,1,0,0.010809229091783612,1,1
deepseek_v4,mc_G_156,T0,2,0,0.0036891011618461755,1,1
deepseek_v4,mc_G_156,T1,1,0,0.012168588796954927,1,1
deepseek_v4,mc_G_156,T1,2,0,0.00016385129975748924,1,1
deepseek_v4,mc_G_156,T3,1,0,0.0017608459428606338,1,1
deepseek_v4,mc_G_156,T3,2,0,0.00021254909364287755,1,1
deepseek_v4,mc_G_156,T5,1,0,0.0490209560215884,1,1
deepseek_v4,mc_G_156,T5,2,0,0.0007662491877649114,1,1
deepseek_v4,mc_G_156,T6,1,0,0.030355969435263752,1,1
deepseek_v4,mc_G_156,T6,2,0,0.00271746599412781,1,1
deepseek_v4,mc_G_179,T0,1,0,1.1618628101839334e-06,1,1
deepseek_v4,mc_G_179,T0,2,0,7.077522357068489e-07,1,1
deepseek_v4,mc_G_179,T1,1,0,1.350551809720102e-06,1,1
deepseek_v4,mc_G_179,T1,2,0,1.5305032106116556e-06,1,1
deepseek_v4,mc_G_179,T3,1,0,7.550310814341543e-07,1,1
deepseek_v4,mc_G_179,T3,2,0,2.6500612249069633e-07,1,1
deepseek_v4,mc_G_179,T5,1,0,1.4562196111178594e-06,1,1
deepseek_v4,mc_G_179,T5,2,0,9.426999886263943e-07,1,1
deepseek_v4,mc_G_179,T6,1,0,2.7156863027233413e-06,1,1
deepseek_v4,mc_G_179,T6,2,0,1.88437782500106e-06,1,1
deepseek_v4,mc_G_186,T0,1,0,0.0861707499254107,1,1
deepseek_v4,mc_G_186,T0,2,0,0.19532472160157327,1,1
deepseek_v4,mc_G_186,T1,1,0,0.07139394591166832,1,1
deepseek_v4,mc_G_186,T1,2,0,0.31614488051822026,1,1
deepseek_v4,mc_G_186,T3,1,0,0.1910156458715393,1,1
deepseek_v4,mc_G_186,T3,2,0,0.5707659623840734,1,1
deepseek_v4,mc_G_186,T5,1,0,0.16368497102209018,1,1
deepseek_v4,mc_G_186,T5,2,0,0.5810180297315823,1,1
deepseek_v4,mc_G_186,T6,1,0,0.01715643247410093,1,1
deepseek_v4,mc_G_186,T6,2,0,0.18286915115190275,1,1
deepseek_v4,mc_G_235,T0,1,0,0.9990455556543435,1,1
deepseek_v4,mc_G_235,T0,2,0,0.9997700642700015,1,1
deepseek_v4,mc_G_235,T1,1,0,0.9979706909001634,1,1
deepseek_v4,mc_G_235,T1,2,0,0.9992823134251675,1,1
deepseek_v4,mc_G_235,T3,1,0,0.9958311698514533,1,1
deepseek_v4,mc_G_235,T3,2,0,0.9991572069172512,1,1
deepseek_v4,mc_G_235,T5,1,0,0.9697661810926016,1,1
deepseek_v4,mc_G_235,T5,2,0,0.974928329322911,1,1
deepseek_v4,mc_G_235,T6,1,0,0.35969178087866777,1,1
deepseek_v4,mc_G_235,T6,2,0,0.6718516541060838,1,1
deepseek_v4,mc_G_236,T0,1,0,0.8561675804782959,1,1
deepseek_v4,mc_G_236,T0,2,0,0.8250760982245099,1,1
deepseek_v4,mc_G_236,T1,1,0,0.9959162644731799,1,1
deepseek_v4,mc_G_236,T1,2,0,0.9258240601535613,1,1
deepseek_v4,mc_G_236,T3,1,0,0.9909168305503726,1,1
deepseek_v4,mc_G_236,T3,2,0,0.9640635723482914,1,1
deepseek_v4,mc_G_236,T5,1,0,0.99180043494658,1,1
deepseek_v4,mc_G_236,T5,2,0,0.8566113967543919,1,1
deepseek_v4,mc_G_236,T6,1,0,0.9866448253768819,1,1
deepseek_v4,mc_G_236,T6,2,0,0.6351375832852978,1,1
deepseek_v4,mc_G_288,T0,1,0,0.8825603813925806,1,1
deepseek_v4,mc_G_288,T0,2,0,0.7931554081317134,1,1
deepseek_v4,mc_G_288,T1,1,0,0.9183198702428513,1,1
deepseek_v4,mc_G_288,T1,2,0,0.7741895243766415,1,1
deepseek_v4,mc_G_288,T3,1,0,0.8998685117672758,1,1
deepseek_v4,mc_G_288,T3,2,0,0.7469189376333921,1,1
deepseek_v4,mc_G_288,T5,1,0,0.8692448811528023,1,1
deepseek_v4,mc_G_288,T5,2,0,0.7904886445425922,1,1
deepseek_v4,mc_G_288,T6,1,0,0.42126535297405476,1,1
deepseek_v4,mc_G_288,T6,2,0,0.5371580409540303,1,1
deepseek_v4,mc_G_302,T0,1,0,0.6412135196614706,1,1
deepseek_v4,mc_G_302,T0,2,0,0.6937145602509937,1,1
deepseek_v4,mc_G_302,T1,1,0,0.08302782438689887,1,1
deepseek_v4,mc_G_302,T1,2,0,0.461407329721975,1,1
deepseek_v4,mc_G_302,T3,1,0,0.7987815776914308,1,1
deepseek_v4,mc_G_302,T3,2,0,0.9314603180066315,1,1
deepseek_v4,mc_G_302,T5,1,0,0.6799379654299201,1,1
deepseek_v4,mc_G_302,T5,2,0,0.8586510169780356,1,1
deepseek_v4,mc_G_302,T6,1,0,0.023372487047637336,1,1
deepseek_v4,mc_G_302,T6,2,0,0.21524567590484087,1,1
deepseek_v4,mc_G_365,T0,1,0,0.9836919754561617,1,1
deepseek_v4,mc_G_365,T0,2,0,0.9988988255255385,1,1
deepseek_v4,mc_G_365,T1,1,0,0.9905469033728052,1,1
deepseek_v4,mc_G_365,T1,2,0,0.9955546339837181,1,1
deepseek_v4,mc_G_365,T3,1,0,0.9848165975457106,1,1
deepseek_v4,mc_G_365,T3,2,0,0.9980558603479397,1,1
deepseek_v4,mc_G_365,T5,1,0,0.9931314314720744,1,1
deepseek_v4,mc_G_365,T5,2,0,0.997690690368409,1,1
deepseek_v4,mc_G_365,T6,1,0,0.04783824326389857,1,1
deepseek_v4,mc_G_365,T6,2,0,0.8528541140654184,1,1
deepseek_v4,mc_G_373,T0,1,0,2.148920246974562e-05,1,1
deepseek_v4,mc_G_373,T0,2,0,0.0001847932177181123,1,1
deepseek_v4,mc_G_373,T1,1,0,4.258234809222185e-06,1,1
deepseek_v4,mc_G_373,T1,2,0,0.0003539788890245663,1,1
deepseek_v4,mc_G_373,T3,1,0,4.837043696132591e-06,1,1
deepseek_v4,mc_G_373,T3,2,0,0.00031841702538697294,1,1
deepseek_v4,mc_G_373,T5,1,0,3.820987090811983e-06,1,1
deepseek_v4,mc_G_373,T5,2,0,0.0014438575877950674,1,1
deepseek_v4,mc_G_373,T6,1,0,1.5339175914313952e-05,1,1
deepseek_v4,mc_G_373,T6,2,0,0.00019709427082957343,1,1
deepseek_v4,mc_G_385,T0,1,0,0.9775844465781337,1,1
deepseek_v4,mc_G_385,T0,2,0,0.9829171884955353,1,1
deepseek_v4,mc_G_385,T1,1,0,0.5825726818139616,1,1
deepseek_v4,mc_G_385,T1,2,0,0.8729260904756503,1,1
deepseek_v4,mc_G_385,T3,1,0,0.8808627383686771,1,1
deepseek_v4,mc_G_385,T3,2,0,0.9526173647597294,1,1
deepseek_v4,mc_G_385,T5,1,0,0.2704508556854983,1,1
deepseek_v4,mc_G_385,T5,2,0,0.4501218148976403,1,1
deepseek_v4,mc_G_385,T6,1,0,0.4623877084679385,1,1
deepseek_v4,mc_G_385,T6,2,0,0.9177457732932995,1,1
deepseek_v4,mc_G_397,T0,1,0,0.00037289717895749863,1,1
deepseek_v4,mc_G_397,T0,2,0,5.738541086730553e-05,1,1
deepseek_v4,mc_G_397,T1,1,0,0.0003619331297082251,1,1
deepseek_v4,mc_G_397,T1,2,0,2.398039870987745e-05,1,1
deepseek_v4,mc_G_397,T3,1,0,0.00032777104671288804,1,1
deepseek_v4,mc_G_397,T3,2,0,0.00014741694592856902,1,1
deepseek_v4,mc_G_397,T5,1,0,0.0020462593460107703,1,1
deepseek_v4,mc_G_397,T5,2,0,8.45920215815088e-05,1,1
deepseek_v4,mc_G_397,T6,1,0,0.0014427249351339766,1,1
deepseek_v4,mc_G_397,T6,2,0,0.00011125920151278113,1,1
deepseek_v4,mc_G_431,T0,1,0,0.9939459648262171,1,1
deepseek_v4,mc_G_431,T0,2,0,0.9996502675625336,1,1
deepseek_v4,mc_G_431,T1,1,0,0.9995961018722175,1,1
deepseek_v4,mc_G_431,T1,2,0,0.9998301071507564,1,1
deepseek_v4,mc_G_431,T3,1,0,0.999964871524448,1,1
deepseek_v4,mc_G_431,T3,2,0,0.9999809137553132,1,1
deepseek_v4,mc_G_431,T5,1,0,0.9997158288042504,1,1
deepseek_v4,mc_G_431,T5,2,0,0.9999501330909616,1,1
deepseek_v4,mc_G_431,T6,1,0,0.9918166108191107,1,1
deepseek_v4,mc_G_431,T6,2,0,0.9947897112663259,1,1
deepseek_v4,mc_G_453,T0,1,0,0.9318743865811815,1,1
deepseek_v4,mc_G_453,T0,2,0,0.9606038241017248,1,1
deepseek_v4,mc_G_453,T1,1,0,0.5779234683517956,1,1
deepseek_v4,mc_G_453,T1,2,0,0.9773423526130717,1,1
deepseek_v4,mc_G_453,T3,1,0,0.9959084831308299,1,1
deepseek_v4,mc_G_453,T3,2,0,0.9992632383791366,1,1
deepseek_v4,mc_G_453,T5,1,0,0.35854956723971715,1,1
deepseek_v4,mc_G_453,T5,2,0,0.38900783762518415,1,1
deepseek_v4,mc_G_453,T6,1,0,0.028060426233137085,1,1
deepseek_v4,mc_G_453,T6,2,0,0.743515908702805,1,1
deepseek_v4,mc_G_492,T0,1,0,0.9910931052650068,1,1
deepseek_v4,mc_G_492,T0,2,0,0.9992710727570455,1,1
deepseek_v4,mc_G_492,T1,1,0,0.9517002388712144,1,1
deepseek_v4,mc_G_492,T1,2,0,0.9958115266229917,1,1
deepseek_v4,mc_G_492,T3,1,0,0.8402533405055136,1,1
deepseek_v4,mc_G_492,T3,2,0,0.9922549045619624,1,1
deepseek_v4,mc_G_492,T5,1,0,0.9763162634284517,1,1
deepseek_v4,mc_G_492,T5,2,0,0.9971549380327249,1,1
deepseek_v4,mc_G_492,T6,1,0,0.8959706430209824,1,1
deepseek_v4,mc_G_492,T6,2,0,0.9730762052448451,1,1
deepseek_v4,mc_G_572,T0,1,0,0.5188709321116919,1,1
deepseek_v4,mc_G_572,T0,2,0,0.8596476392052365,1,1
deepseek_v4,mc_G_572,T1,1,0,0.8358036404901662,1,1
deepseek_v4,mc_G_572,T1,2,0,0.9377003918346256,1,1
deepseek_v4,mc_G_572,T3,1,0,0.9514527455392755,1,1
deepseek_v4,mc_G_572,T3,2,0,0.9769516164444499,1,1
deepseek_v4,mc_G_572,T5,1,0,0.893407892254443,1,1
deepseek_v4,mc_G_572,T5,2,0,0.9861868204163516,1,1
deepseek_v4,mc_G_572,T6,1,0,0.47619427002059317,1,1
deepseek_v4,mc_G_572,T6,2,0,0.5460158204796799,1,1
deepseek_v4,mc_G_595,T0,1,0,0.011104452024915994,1,1
deepseek_v4,mc_G_595,T0,2,0,0.5665366510722806,1,1
deepseek_v4,mc_G_595,T1,1,0,0.32598598825615716,1,1
deepseek_v4,mc_G_595,T1,2,0,0.947804252738619,1,1
deepseek_v4,mc_G_595,T3,1,0,0.2937905700005412,1,1
deepseek_v4,mc_G_595,T3,2,0,0.970931592281701,1,1
deepseek_v4,mc_G_595,T5,1,0,0.20471801731886405,1,1
deepseek_v4,mc_G_595,T5,2,0,0.7785690843392341,1,1
deepseek_v4,mc_G_595,T6,1,0,0.9848736653865926,1,1
deepseek_v4,mc_G_595,T6,2,0,0.0027761463593216277,1,1
deepseek_v4,mc_G_601,T0,1,0,0.9772073092116482,1,1
deepseek_v4,mc_G_601,T0,2,0,0.9483587392152495,1,1
deepseek_v4,mc_G_601,T1,1,0,0.998397235925354,1,1
deepseek_v4,mc_G_601,T1,2,0,0.9602819439760273,1,1
deepseek_v4,mc_G_601,T3,1,0,0.9380103216571699,1,1
deepseek_v4,mc_G_601,T3,2,0,0.35967069186176404,1,1
deepseek_v4,mc_G_601,T5,1,0,0.9922383851711463,1,1
deepseek_v4,mc_G_601,T5,2,0,0.9191818227446874,1,1
deepseek_v4,mc_G_601,T6,1,0,0.9710065954906214,1,1
deepseek_v4,mc_G_601,T6,2,0,0.625396993074367,1,1
deepseek_v4,mc_H_035,T0,1,0,6.64805906408935e-05,1,1
deepseek_v4,mc_H_035,T0,2,0,0.001317437308723835,1,1
deepseek_v4,mc_H_035,T1,1,0,4.097594975133684e-05,1,1
deepseek_v4,mc_H_035,T1,2,0,0.0002098439071644629,1,1
deepseek_v4,mc_H_035,T3,1,0,9.99650666508849e-05,1,1
deepseek_v4,mc_H_035,T3,2,0,0.00023616968685199184,1,1
deepseek_v4,mc_H_035,T5,1,0,2.9940364843270376e-05,1,1
deepseek_v4,mc_H_035,T5,2,0,0.00037320353266134685,1,1
deepseek_v4,mc_H_035,T6,1,0,5.837304295748771e-05,1,1
deepseek_v4,mc_H_035,T6,2,0,0.0003039321448016437,1,1
deepseek_v4,mc_H_044,T0,1,0,0.29779408489460135,1,1
deepseek_v4,mc_H_044,T0,2,0,0.0475558068026698,1,1
deepseek_v4,mc_H_044,T1,1,0,0.971546576199654,1,1
deepseek_v4,mc_H_044,T1,2,0,0.7282446883114728,1,1
deepseek_v4,mc_H_044,T3,1,0,0.9755802751911107,1,1
deepseek_v4,mc_H_044,T3,2,0,0.5341094695718733,1,1
deepseek_v4,mc_H_044,T5,1,0,0.9255644264663447,1,1
deepseek_v4,mc_H_044,T5,2,0,0.8550738379618466,1,1
deepseek_v4,mc_H_044,T6,1,0,0.7449079550762078,1,1
deepseek_v4,mc_H_044,T6,2,0,0.08076080689167153,1,1
deepseek_v4,mc_H_049,T0,1,0,0.6446158245985053,1,1
deepseek_v4,mc_H_049,T0,2,0,0.8692379363836998,1,1
deepseek_v4,mc_H_049,T1,1,0,0.8489633891918418,1,1
deepseek_v4,mc_H_049,T1,2,0,0.9900150923672673,1,1
deepseek_v4,mc_H_049,T3,1,0,0.39768345014552337,1,1
deepseek_v4,mc_H_049,T3,2,0,0.984272645665244,1,1
deepseek_v4,mc_H_049,T5,1,0,0.9176512746782736,1,1
deepseek_v4,mc_H_049,T5,2,0,0.9968986621269833,1,1
deepseek_v4,mc_H_049,T6,1,0,0.6223903010789538,1,1
deepseek_v4,mc_H_049,T6,2,0,0.985504303269562,1,1
deepseek_v4,mc_H_060,T0,1,0,0.5321611106650601,1,1
deepseek_v4,mc_H_060,T0,2,0,0.9320788619925879,1,1
deepseek_v4,mc_H_060,T1,1,0,0.7490205205886177,1,1
deepseek_v4,mc_H_060,T1,2,0,0.9839149559157444,1,1
deepseek_v4,mc_H_060,T3,1,0,0.9291770258350018,1,1
deepseek_v4,mc_H_060,T3,2,0,0.9765349916466541,1,1
deepseek_v4,mc_H_060,T5,1,0,0.8492092684042217,1,1
deepseek_v4,mc_H_060,T5,2,0,0.9878176273531497,1,1
deepseek_v4,mc_H_060,T6,1,0,0.1910356916427114,1,1
deepseek_v4,mc_H_060,T6,2,0,0.9030807282304153,1,1
deepseek_v4,mc_H_066,T0,1,0,5.426471102080861e-05,1,1
deepseek_v4,mc_H_066,T0,2,0,0.0041405685937742215,1,1
deepseek_v4,mc_H_066,T1,1,0,1.0095621686215034e-05,1,1
deepseek_v4,mc_H_066,T1,2,0,0.0004957636766552246,1,1
deepseek_v4,mc_H_066,T3,1,0,5.570849690214314e-06,1,1
deepseek_v4,mc_H_066,T3,2,0,0.00036289014830466184,1,1
deepseek_v4,mc_H_066,T5,1,0,6.556529439452602e-05,1,1
deepseek_v4,mc_H_066,T5,2,0,0.02114042443870153,1,1
deepseek_v4,mc_H_066,T6,1,0,1.9289515292183886e-05,1,1
deepseek_v4,mc_H_066,T6,2,0,0.00044512793346977687,1,1
deepseek_v4,mc_H_072,T0,1,0,0.015209007162682364,1,1
deepseek_v4,mc_H_072,T0,2,0,0.0014450019005477488,1,1
deepseek_v4,mc_H_072,T1,1,0,0.07045859886213701,1,1
deepseek_v4,mc_H_072,T1,2,0,0.01319075409342274,1,1
deepseek_v4,mc_H_072,T3,1,0,0.028581938050992628,1,1
deepseek_v4,mc_H_072,T3,2,0,0.0004911999776874287,1,1
deepseek_v4,mc_H_072,T5,1,0,0.7177180358666101,1,1
deepseek_v4,mc_H_072,T5,2,0,0.01413818880177009,1,1
deepseek_v4,mc_H_072,T6,1,0,0.028604826996983523,1,1
deepseek_v4,mc_H_072,T6,2,0,0.029814888281537888,1,1
deepseek_v4,mc_H_073,T0,1,0,0.02927941740205564,1,1
deepseek_v4,mc_H_073,T0,2,0,0.08519250072563012,1,1
deepseek_v4,mc_H_073,T1,1,0,0.08384069985223475,1,1
deepseek_v4,mc_H_073,T1,2,0,0.16128255865911167,1,1
deepseek_v4,mc_H_073,T3,1,0,0.05769639541333538,1,1
deepseek_v4,mc_H_073,T3,2,0,0.06367586117151924,1,1
deepseek_v4,mc_H_073,T5,1,0,0.5720337118576202,1,1
deepseek_v4,mc_H_073,T5,2,0,0.10258179668931378,1,1
deepseek_v4,mc_H_073,T6,1,0,0.14661289356259244,1,1
deepseek_v4,mc_H_073,T6,2,0,0.013772186188094393,1,1
gpt41,dd_0107,T1,1,0,2.3195228302435627e-16,1,1
gpt41,dd_0107,T1,2,0,4.1524200211755823e-14,1,1
gpt41,dd_0107,T3,1,0,1.553983417281935e-17,1,1
gpt41,dd_0107,T3,2,0,4.806775066499311e-15,1,1
gpt41,dd_0107,T5,1,0,1.2736685964183572e-15,1,1
gpt41,dd_0107,T5,2,0,5.765064269705644e-14,1,1
gpt41,dd_0107,T6,1,0,2.070482504119794e-18,1,1
gpt41,dd_0107,T6,2,0,1.5605313853756026e-15,1,1
gpt41,dd_0283,T1,1,0,0.0,1,1
gpt41,dd_0283,T1,2,0,7.769428277389268e-17,1,1
gpt41,dd_0283,T3,1,0,0.0,1,1
gpt41,dd_0283,T3,2,0,4.496600113557188e-17,1,1
gpt41,dd_0283,T5,1,0,0.0,1,1
gpt41,dd_0283,T5,2,0,2.903223237253691e-17,1,1
gpt41,dd_0283,T6,1,0,0.0,1,1
gpt41,dd_0283,T6,2,0,5.00578465093359e-18,1,1
gpt41,dd_11241,T1,1,0,1.9502961033552045e-13,1,1
gpt41,dd_11241,T1,2,0,5.21926302471274e-13,1,1
gpt41,dd_11241,T3,1,0,4.6323592794767677e-14,1,1
gpt41,dd_11241,T3,2,0,8.037725264999178e-12,1,1
gpt41,dd_11241,T5,1,0,9.57381410270486e-18,1,1
gpt41,dd_11241,T5,2,0,3.05077640098646e-12,1,1
gpt41,dd_11241,T6,1,0,1.4009585401731443e-18,1,1
gpt41,dd_11241,T6,2,0,4.111452592548016e-15,1,1
gpt41,dd_13518,T1,1,0,2.4499043620695367e-16,1,1
gpt41,dd_13518,T1,2,0,1.5694676538876452e-16,1,1
gpt41,dd_13518,T3,1,0,0.0,1,1
gpt41,dd_13518,T3,2,0,4.1586752785312187e-17,1,1
gpt41,dd_13518,T5,1,0,1.5572539597065396e-16,1,1
gpt41,dd_13518,T5,2,0,9.57381410270486e-18,1,1
gpt41,dd_13518,T6,1,0,1.9715189118056397e-19,1,1
gpt41,dd_13518,T6,2,0,3.898509006033901e-18,1,1
gpt41,dd_14408,T1,1,0,0.9999999999999976,1,1
gpt41,dd_14408,T1,2,0,0.9999999999999998,1,1
gpt41,dd_14408,T3,1,0,0.9999999999999996,1,1
gpt41,dd_14408,T3,2,0,1.0,1,1
gpt41,dd_14408,T5,1,0,0.9999999999999962,1,1
gpt41,dd_14408,T5,2,0,0.9999999999999987,1,1
gpt41,dd_14408,T6,1,0,0.5234203493559075,1,1
gpt41,dd_14408,T6,2,0,0.9999999994623159,1,1
gpt41,dd_14818,T1,1,0,0.9999999999999969,1,1
gpt41,dd_14818,T1,2,0,1.0,1,1
gpt41,dd_14818,T3,1,0,0.9999999999999247,1,1
gpt41,dd_14818,T3,2,0,1.0,1,1
gpt41,dd_14818,T5,1,0,0.9999999999999996,1,1
gpt41,dd_14818,T5,2,0,1.0,1,1
gpt41,dd_14818,T6,1,0,0.9982725414512917,1,1
gpt41,dd_14818,T6,2,0,0.9449947109570167,1,1
gpt41,dd_15810,T1,1,0,0.8670357617327915,1,1
gpt41,dd_15810,T1,2,0,0.999999996905842,1,1
gpt41,dd_15810,T3,1,0,0.04468086724421863,1,1
gpt41,dd_15810,T3,2,0,0.9999975175206665,1,1
gpt41,dd_15810,T5,1,0,0.9999999451547391,1,1
gpt41,dd_15810,T5,2,0,1.0,1,1
gpt41,dd_15810,T6,1,0,0.9999968124334068,1,1
gpt41,dd_15810,T6,2,0,0.9999999999998741,1,1
gpt41,dd_17929,T1,1,0,0.980280871725403,1,1
gpt41,dd_17929,T1,2,0,0.9252299572870928,1,1
gpt41,dd_17929,T3,1,0,0.5389832402753261,1,1
gpt41,dd_17929,T3,2,0,0.17328819875026527,1,1
gpt41,dd_17929,T5,1,0,0.9994296844219127,1,1
gpt41,dd_17929,T5,2,0,0.999534473159994,1,1
gpt41,dd_17929,T6,1,0,0.9999980666413978,1,1
gpt41,dd_17929,T6,2,0,0.9999307781858081,1,1
gpt41,dd_1808,T1,1,0,0.9999999998989721,1,1
gpt41,dd_1808,T1,2,0,0.9999991940554158,1,1
gpt41,dd_1808,T3,1,0,0.9999932519471056,1,1
gpt41,dd_1808,T3,2,0,0.8962513559312693,1,1
gpt41,dd_1808,T5,1,0,0.9999999999981497,1,1
gpt41,dd_1808,T5,2,0,0.9999999999999627,1,1
gpt41,dd_1808,T6,1,0,0.00018522579680840004,1,1
gpt41,dd_1808,T6,2,0,0.012431648795191215,1,1
gpt41,dd_1814,T1,1,0,3.712170577605493e-19,1,1
gpt41,dd_1814,T1,2,0,1.1257018118315942e-18,1,1
gpt41,dd_1814,T3,1,0,0.0,1,1
gpt41,dd_1814,T3,2,0,7.325081395733107e-19,1,1
gpt41,dd_1814,T5,1,0,2.0986709572688716e-19,1,1
gpt41,dd_1814,T5,2,0,9.856974413267759e-19,1,1
gpt41,dd_1814,T6,1,0,0.0,1,1
gpt41,dd_1814,T6,2,0,3.1751877577229545e-19,1,1
gpt41,dd_18223,T1,1,0,2.123379125378155e-06,1,1
gpt41,dd_18223,T1,2,0,8.152020648012209e-09,1,1
gpt41,dd_18223,T3,1,0,2.4097327145671404e-09,1,1
gpt41,dd_18223,T3,2,0,2.940077739198003e-11,1,1
gpt41,dd_18223,T5,1,0,5.813750742989888e-10,1,1
gpt41,dd_18223,T5,2,0,2.2508450454085817e-08,1,1
gpt41,dd_18223,T6,1,0,5.90530399544444e-10,1,1
gpt41,dd_18223,T6,2,0,8.641369030329213e-11,1,1
gpt41,dd_18643,T1,1,0,1.0,1,1
gpt41,dd_18643,T1,2,0,1.0,1,1
gpt41,dd_18643,T3,1,0,1.0,1,1
gpt41,dd_18643,T3,2,0,1.0,1,1
gpt41,dd_18643,T5,1,0,1.0,1,1
gpt41,dd_18643,T5,2,0,1.0,1,1
gpt41,dd_18643,T6,1,0,0.9999999999995999,1,1
gpt41,dd_18643,T6,2,0,1.0,1,1
gpt41,dd_18670,T1,1,0,0.9099070125904232,1,1
gpt41,dd_18670,T1,2,0,0.9835969659780047,1,1
gpt41,dd_18670,T3,1,0,0.9496693682844375,1,1
gpt41,dd_18670,T3,2,0,0.06278920932203258,1,1
gpt41,dd_18670,T5,1,0,0.9986954936527734,1,1
gpt41,dd_18670,T5,2,0,0.9999998485673641,1,1
gpt41,dd_18670,T6,1,0,2.8054417772139232e-11,1,1
gpt41,dd_18670,T6,2,0,0.9263037235766038,1,1
gpt41,dd_2081,T1,1,0,0.9999999997121984,1,1
gpt41,dd_2081,T1,2,0,0.9999999999935416,1,1
gpt41,dd_2081,T3,1,0,0.9999999967573503,1,1
gpt41,dd_2081,T3,2,0,0.9999999993308415,1,1
gpt41,dd_2081,T5,1,0,0.9999999999995741,1,1
gpt41,dd_2081,T5,2,0,1.0,1,1
gpt41,dd_2081,T6,1,0,0.1645164652575012,1,1
gpt41,dd_2081,T6,2,0,0.9999956431212519,1,1
gpt41,dd_21158,T1,1,0,1.0,1,1
gpt41,dd_21158,T1,2,0,1.0,1,1
gpt41,dd_21158,T3,1,0,1.0,1,1
gpt41,dd_21158,T3,2,0,1.0,1,1
gpt41,dd_21158,T5,1,0,0.9999999999999998,1,1
gpt41,dd_21158,T5,2,0,1.0,1,1
gpt41,dd_21158,T6,1,0,0.999998671222082,1,1
gpt41,dd_21158,T6,2,0,0.9999999999998817,1,1
gpt41,dd_21629,T1,1,0,0.9999999999999867,1,1
gpt41,dd_21629,T1,2,0,1.0,1,1
gpt41,dd_21629,T3,1,0,1.0,1,1
gpt41,dd_21629,T3,2,0,1.0,1,1
gpt41,dd_21629,T5,1,0,0.9999999999996121,1,1
gpt41,dd_21629,T5,2,0,1.0,1,1
gpt41,dd_21629,T6,1,0,0.9999999998308102,1,1
gpt41,dd_21629,T6,2,0,0.9999999999997162,1,1
gpt41,dd_21630,T1,1,0,0.0,1,1
gpt41,dd_21630,T1,2,0,3.025228082774529e-16,1,1
gpt41,dd_21630,T3,1,0,0.0,1,1
gpt41,dd_21630,T3,2,0,2.248158615198697e-16,1,1
gpt41,dd_21630,T5,1,0,1.282891823608785e-19,1,1
gpt41,dd_21630,T5,2,0,7.37142830954034e-16,1,1
gpt41,dd_21630,T6,1,0,5.978557193649842e-19,1,1
gpt41,dd_21630,T6,2,0,9.919341002640802e-16,1,1
gpt41,dd_22819,T1,1,0,0.0,1,1
gpt41,dd_22819,T1,2,0,8.142290925517542e-17,1,1
gpt41,dd_22819,T3,1,0,1.584159950090724e-19,1,1
gpt41,dd_22819,T3,2,0,8.854330610839155e-18,1,1
gpt41,dd_22819,T5,1,0,0.0,1,1
gpt41,dd_22819,T5,2,0,8.016056405233486e-17,1,1
gpt41,dd_22819,T6,1,0,0.0,1,1
gpt41,dd_22819,T6,2,0,1.0033271034614627e-17,1,1
gpt41,dd_23534,T1,1,0,1.1317959786053109e-08,1,1
gpt41,dd_23534,T1,2,0,3.3982678079468067e-09,1,1
gpt41,dd_23534,T3,1,0,4.599055376522244e-10,1,1
gpt41,dd_23534,T3,2,0,3.364740792280932e-10,1,1
gpt41,dd_23534,T5,1,0,9.290347231245429e-10,1,1
gpt41,dd_23534,T5,2,0,8.864911257608057e-10,1,1
gpt41,dd_23534,T6,1,0,2.032255207203763e-12,1,1
gpt41,dd_23534,T6,2,0,8.211053291165056e-13,1,1
gpt41,dd_24260,T1,1,0,0.0453525883604252,1,1
gpt41,dd_24260,T1,2,0,3.7266391165016485e-06,1,1
gpt41,dd_24260,T3,1,0,1.1843144101888486e-05,1,1
gpt41,dd_24260,T3,2,0,0.16885695253623711,1,1
gpt41,dd_24260,T5,1,0,0.026759284036491596,1,1
gpt41,dd_24260,T5,2,0,0.9732407158489335,1,1
gpt41,dd_24260,T6,1,0,3.868170568255949e-18,1,1
gpt41,dd_24260,T6,2,0,9.585254508941045e-10,1,1
gpt41,dd_24405,T1,1,0,0.0,1,1
gpt41,dd_24405,T1,2,0,5.761622815867949e-18,1,1
gpt41,dd_24405,T3,1,0,0.0,1,1
gpt41,dd_24405,T3,2,0,1.119292266766999e-17,1,1
gpt41,dd_24405,T5,1,0,0.0,1,1
gpt41,dd_24405,T5,2,0,7.241903461563122e-17,1,1
gpt41,dd_24405,T6,1,0,0.0,1,1
gpt41,dd_24405,T6,2,0,0.0,1,1
gpt41,dd_24975,T1,1,0,0.999999999276467,1,1
gpt41,dd_24975,T1,2,0,0.9999999999919622,1,1
gpt41,dd_24975,T3,1,0,0.9999999999985363,1,1
gpt41,dd_24975,T3,2,0,1.0,1,1
gpt41,dd_24975,T5,1,0,0.9999996367319812,1,1
gpt41,dd_24975,T5,2,0,0.9999999999999722,1,1
gpt41,dd_24975,T6,1,0,0.9992562970432561,1,1
gpt41,dd_24975,T6,2,0,0.9999998874648162,1,1
gpt41,dd_25137,T1,1,0,0.9999999999999998,1,1
gpt41,dd_25137,T1,2,0,1.0,1,1
gpt41,dd_25137,T3,1,0,1.0,1,1
gpt41,dd_25137,T3,2,0,1.0,1,1
gpt41,dd_25137,T5,1,0,1.0,1,1
gpt41,dd_25137,T5,2,0,1.0,1,1
gpt41,dd_25137,T6,1,0,0.9999999998597366,1,1
gpt41,dd_25137,T6,2,0,0.9999999999999842,1,1
gpt41,dd_25302,T1,1,0,0.0,1,1
gpt41,dd_25302,T1,2,0,4.3152561000769255e-18,1,1
gpt41,dd_25302,T3,1,0,0.0,1,1
gpt41,dd_25302,T3,2,0,5.628154967091215e-18,1,1
gpt41,dd_25302,T5,1,0,0.0,1,1
gpt41,dd_25302,T5,2,0,2.5314803922389994e-19,1,1
gpt41,dd_25302,T6,1,0,0.0,1,1
gpt41,dd_25302,T6,2,0,9.259770523641926e-19,1,1
gpt41,dd_25868,T1,1,0,0.9999999095754375,1,1
gpt41,dd_25868,T1,2,0,0.999913853456997,1,1
gpt41,dd_25868,T3,1,0,0.9997584336046516,1,1
gpt41,dd_25868,T3,2,0,0.6150878507822096,1,1
gpt41,dd_25868,T5,1,0,0.9999907765325062,1,1
gpt41,dd_25868,T5,2,0,0.9999999538156595,1,1
gpt41,dd_25868,T6,1,0,0.00044421834102712117,1,1
gpt41,dd_25868,T6,2,0,0.3593640912680166,1,1
gpt41,dd_26178,T1,1,0,4.308765322208264e-15,1,1
gpt41,dd_26178,T1,2,0,1.765653922188039e-12,1,1
gpt41,dd_26178,T3,1,0,1.1176086870893849e-14,1,1
gpt41,dd_26178,T3,2,0,1.3867054168866738e-08,1,1
gpt41,dd_26178,T5,1,0,4.712396458674901e-17,1,1
gpt41,dd_26178,T5,2,0,4.508755242274481e-12,1,1
gpt41,dd_26178,T6,1,0,1.7067168954855255e-17,1,1
gpt41,dd_26178,T6,2,0,1.3168648552822186e-14,1,1
gpt41,dd_26321,T1,1,0,0.9999999984196588,1,1
gpt41,dd_26321,T1,2,0,0.9999999999249225,1,1
gpt41,dd_26321,T3,1,0,0.9999999915892065,1,1
gpt41,dd_26321,T3,2,0,0.9999999999999889,1,1
gpt41,dd_26321,T5,1,0,0.9999999999832478,1,1
gpt41,dd_26321,T5,2,0,0.9999999999999996,1,1
gpt41,dd_26321,T6,1,0,0.9998766053723506,1,1
gpt41,dd_26321,T6,2,0,0.9999999999999978,1,1
gpt41,dd_27524,T1,1,0,7.140368315899498e-20,1,1
gpt41,dd_27524,T1,2,0,3.929085391128439e-18,1,1
gpt41,dd_27524,T3,1,0,2.9828128564903707e-19,1,1
gpt41,dd_27524,T3,2,0,3.042551829487468e-17,1,1
gpt41,dd_27524,T5,1,0,3.808200142177169e-18,1,1
gpt41,dd_27524,T5,2,0,1.5760808673926096e-14,1,1
gpt41,dd_27524,T6,1,0,0.0,1,1
gpt41,dd_27524,T6,2,0,1.6329629344863575e-12,1,1
gpt41,dd_27558,T1,1,0,2.969373327303753e-10,1,1
gpt41,dd_27558,T1,2,0,0.672331652440596,1,1
gpt41,dd_27558,T3,1,0,0.1755381114660836,1,1
gpt41,dd_27558,T3,2,0,0.9999938558271514,1,1
gpt41,dd_27558,T5,1,0,4.1163657360628184e-07,1,1
gpt41,dd_27558,T5,2,0,0.09268776939997884,1,1
gpt41,dd_27558,T6,1,0,8.533047625744062e-17,1,1
gpt41,dd_27558,T6,2,0,0.007695648421383937,1,1
gpt41,dd_28814,T1,1,0,1.3517375454571096e-09,1,1
gpt41,dd_28814,T1,2,0,3.1875665931097213e-06,1,1
gpt41,dd_28814,T3,1,0,1.4975964973626103e-16,1,1
gpt41,dd_28814,T3,2,0,7.287724095819061e-14,1,1
gpt41,dd_28814,T5,1,0,1.5493120952755e-11,1,1
gpt41,dd_28814,T5,2,0,1.191108849497349e-06,1,1
gpt41,dd_28814,T6,1,0,3.1770843175020936e-15,1,1
gpt41,dd_28814,T6,2,0,6.875030747605878e-12,1,1
gpt41,dd_29454,T1,1,0,1.1125604332002954e-05,1,1
gpt41,dd_29454,T1,2,0,1.4144754292631033e-06,1,1
gpt41,dd_29454,T3,1,0,,0,1
gpt41,dd_29454,T3,2,0,,0,1
gpt41,dd_29454,T5,1,0,0.999929688169095,1,1
gpt41,dd_29454,T5,2,0,0.0005193048837398593,1,1
gpt41,dd_29454,T6,1,0,5.453293959695003e-07,1,1
gpt41,dd_29454,T6,2,0,1.0045260476947585e-09,1,1
gpt41,dd_29978,T1,1,0,3.042551829487467e-17,1,1
gpt41,dd_29978,T1,2,0,7.287724095819158e-14,1,1
gpt41,dd_29978,T3,1,0,9.135397235550775e-18,1,1
gpt41,dd_29978,T3,2,0,6.076333035763165e-15,1,1
gpt41,dd_29978,T5,1,0,1.8454009683489128e-17,1,1
gpt41,dd_29978,T5,2,0,5.61968939683199e-15,1,1
gpt41,dd_29978,T6,1,0,1.9911635650004722e-18,1,1
gpt41,dd_29978,T6,2,0,2.8257572871156004e-15,1,1
gpt41,dd_30131,T1,1,0,0.0,1,1
gpt41,dd_30131,T1,2,0,5.864672148586655e-17,1,1
gpt41,dd_30131,T3,1,0,0.0,1,1
gpt41,dd_30131,T3,2,0,3.1034872385556173e-15,1,1
gpt41,dd_30131,T5,1,0,0.0,1,1
gpt41,dd_30131,T5,2,0,5.146086319960449e-16,1,1
gpt41,dd_30131,T6,1,0,0.0,1,1
gpt41,dd_30131,T6,2,0,6.964470496719056e-17,1,1
gpt41,dd_30899,T1,1,0,0.9999999999999982,1,1
gpt41,dd_30899,T1,2,0,1.0,1,1
gpt41,dd_30899,T3,1,0,0.9999999999999991,1,1
gpt41,dd_30899,T3,2,0,1.0,1,1
gpt41,dd_30899,T5,1,0,0.9999999999999991,1,1
gpt41,dd_30899,T5,2,0,1.0,1,1
gpt41,dd_30899,T6,1,0,0.9999999999995672,1,1
gpt41,dd_30899,T6,2,0,1.0,1,1
gpt41,dd_31129,T1,1,0,0.0,1,1
gpt41,dd_31129,T1,2,0,8.383111731356207e-18,1,1
gpt41,dd_31129,T3,1,0,0.0,1,1
gpt41,dd_31129,T3,2,0,3.4674056876612307e-18,1,1
gpt41,dd_31129,T5,1,0,0.0,1,1
gpt41,dd_31129,T5,2,0,3.6568016341339e-15,1,1
gpt41,dd_31129,T6,1,0,0.0,1,1
gpt41,dd_31129,T6,2,0,4.281674510683264e-18,1,1
gpt41,dd_32872,T1,1,0,0.06754669694533684,1,1
gpt41,dd_32872,T1,2,0,0.0009547318859781167,1,1
gpt41,dd_32872,T3,1,0,1.3327855038753164e-12,1,1
gpt41,dd_32872,T3,2,0,1.0003110712971402e-11,1,1
gpt41,dd_32872,T5,1,0,0.0012843081676748777,1,1
gpt41,dd_32872,T5,2,0,2.4720696610330953e-08,1,1
gpt41,dd_32872,T6,1,0,2.0879679116458885e-14,1,1
gpt41,dd_32872,T6,2,0,8.556114006891287e-12,1,1
gpt41,dd_33618,T1,1,0,3.7412854922925667e-19,1,1
gpt41,dd_33618,T1,2,0,2.2931841308002388e-14,1,1
gpt41,dd_33618,T3,1,0,0.0,1,1
gpt41,dd_33618,T3,2,0,4.75935182572356e-16,1,1
gpt41,dd_33618,T5,1,0,0.0,1,1
gpt41,dd_33618,T5,2,0,1.9421126879000174e-15,1,1
gpt41,dd_33618,T6,1,0,2.1607423860280425e-20,1,1
gpt41,dd_33618,T6,2,0,1.9011164177826077e-14,1,1
gpt41,dd_34148,T1,1,0,4.152420021175516e-14,1,1
gpt41,dd_34148,T1,2,0,2.2508450454016386e-08,1,1
gpt41,dd_34148,T3,1,0,2.260325274022055e-06,1,1
gpt41,dd_34148,T3,2,0,0.00039204187675137195,1,1
gpt41,dd_34148,T5,1,0,7.257144906383242e-16,1,1
gpt41,dd_34148,T5,2,0,3.632680188248224e-07,1,1
gpt41,dd_34148,T6,1,0,1.7335937757956052e-17,1,1
gpt41,dd_34148,T6,2,0,2.6810038677817276e-14,1,1
gpt41,dd_34460,T1,1,0,0.0,1,1
gpt41,dd_34460,T1,2,0,2.497478627366196e-18,1,1
gpt41,dd_34460,T3,1,0,0.0,1,1
gpt41,dd_34460,T3,2,0,1.8744618050240602e-17,1,1
gpt41,dd_34460,T5,1,0,2.0779656451336502e-20,1,1
gpt41,dd_34460,T5,2,0,1.5908350720341763e-17,1,1
gpt41,dd_34460,T6,1,0,0.0,1,1
gpt41,dd_34460,T6,2,0,1.057498986867397e-18,1,1
gpt41,dd_35732,T1,1,0,0.0,1,1
gpt41,dd_35732,T1,2,0,6.441082273569894e-17,1,1
gpt41,dd_35732,T3,1,0,1.8744618050240562e-17,1,1
gpt41,dd_35732,T3,2,0,5.684235155717975e-17,1,1
gpt41,dd_35732,T5,1,0,1.4230204270058196e-18,1,1
gpt41,dd_35732,T5,2,0,4.586656810268135e-15,1,1
gpt41,dd_35732,T6,1,0,1.5965846705698467e-19,1,1
gpt41,dd_35732,T6,2,0,9.898508417582336e-17,1,1
gpt41,dd_36819,T1,1,0,2.3831107543483945e-18,1,1
gpt41,dd_36819,T1,2,0,4.2001132445113884e-16,1,1
gpt41,dd_36819,T3,1,0,4.117646136057594e-18,1,1
gpt41,dd_36819,T3,2,0,2.1329935059238714e-15,1,1
gpt41,dd_36819,T5,1,0,9.934283621752464e-19,1,1
gpt41,dd_36819,T5,2,0,5.564246011263928e-16,1,1
gpt41,dd_36819,T6,1,0,0.0,1,1
gpt41,dd_36819,T6,2,0,5.423935076522497e-17,1,1
gpt41,dd_37249,T1,1,0,0.0015978452141143624,1,1
gpt41,dd_37249,T1,2,0,1.17264244014257e-06,1,1
gpt41,dd_37249,T3,1,0,0.8933094058115292,1,1
gpt41,dd_37249,T3,2,0,0.00012731098864370838,1,1
gpt41,dd_37249,T5,1,0,0.9989515307752717,1,1
gpt41,dd_37249,T5,2,0,0.005469275714718972,1,1
gpt41,dd_37249,T6,1,0,0.008315776759025052,1,1
gpt41,dd_37249,T6,2,0,0.0003859660390309881,1,1
gpt41,dd_37490,T1,1,0,1.0,1,1
gpt41,dd_37490,T1,2,0,0.9999999999999996,1,1
gpt41,dd_37490,T3,1,0,1.0,1,1
gpt41,dd_37490,T3,2,0,1.0,1,1
gpt41,dd_37490,T5,1,0,1.0,1,1
gpt41,dd_37490,T5,2,0,1.0,1,1
gpt41,dd_37490,T6,1,0,0.9999599363144337,1,1
gpt41,dd_37490,T6,2,0,0.9999999999999571,1,1
gpt41,dd_38533,T1,1,0,1.0133244780087974e-16,1,1
gpt41,dd_38533,T1,2,0,3.0988191387122068e-12,1,1
gpt41,dd_38533,T3,1,0,1.1779508898282738e-15,1,1
gpt41,dd_38533,T3,2,0,1.162823302886858e-10,1,1
gpt41,dd_38533,T5,1,0,1.506172373854775e-17,1,1
gpt41,dd_38533,T5,2,0,5.9731302257953606e-12,1,1
gpt41,dd_38533,T6,1,0,4.4804070196956436e-15,1,1
gpt41,dd_38533,T6,2,0,1.5363375887373939e-15,1,1
gpt41,dd_39199,T1,1,0,0.9999999999967524,1,1
gpt41,dd_39199,T1,2,0,0.999999999999994,1,1
gpt41,dd_39199,T3,1,0,0.9999999999988778,1,1
gpt41,dd_39199,T3,2,0,1.0,1,1
gpt41,dd_39199,T5,1,0,0.9999997035092996,1,1
gpt41,dd_39199,T5,2,0,0.9999999999999927,1,1
gpt41,dd_39199,T6,1,0,0.9999999992876845,1,1
gpt41,dd_39199,T6,2,0,0.9999999999999858,1,1
gpt41,dd_42860,T1,1,0,8.515126531951232e-18,1,1
gpt41,dd_42860,T1,2,0,1.5941831731372964e-16,1,1
gpt41,dd_42860,T3,1,0,4.4455402156491245e-15,1,1
gpt41,dd_42860,T3,2,0,2.5876147046403867e-16,1,1
gpt41,dd_42860,T5,1,0,2.897990998844057e-16,1,1
gpt41,dd_42860,T5,2,0,2.132993505923879e-15,1,1
gpt41,dd_42860,T6,1,0,6.607705631298266e-16,1,1
gpt41,dd_42860,T6,2,0,2.5421472067325012e-17,1,1
gpt41,dd_44063,T1,1,0,0.9999907765325072,1,1
gpt41,dd_44063,T1,2,0,0.14414885823217405,1,1
gpt41,dd_44063,T3,1,0,0.9998058868266754,1,1
gpt41,dd_44063,T3,2,0,0.8596637523076224,1,1
gpt41,dd_44063,T5,1,0,0.9999662627607154,1,1
gpt41,dd_44063,T5,2,0,0.9999830355762873,1,1
gpt41,dd_44063,T6,1,0,1.1496191716612451e-08,1,1
gpt41,dd_44063,T6,2,0,8.267870727482841e-06,1,1
gpt41,dd_44380,T1,1,0,1.0,1,1
gpt41,dd_44380,T1,2,0,1.0,1,1
gpt41,dd_44380,T3,1,0,1.0,1,1
gpt41,dd_44380,T3,2,0,1.0,1,1
gpt41,dd_44380,T5,1,0,1.0,1,1
gpt41,dd_44380,T5,2,0,1.0,1,1
gpt41,dd_44380,T6,1,0,0.9999999999923304,1,1
gpt41,dd_44380,T6,2,0,1.0,1,1
gpt41,dd_45938,T1,1,0,0.0,1,1
gpt41,dd_45938,T1,2,0,1.641333597989621e-17,1,1
gpt41,dd_45938,T3,1,0,0.0,1,1
gpt41,dd_45938,T3,2,0,6.528773980955297e-18,1,1
gpt41,dd_45938,T5,1,0,0.0,1,1
gpt41,dd_45938,T5,2,0,4.120105632201304e-14,1,1
gpt41,dd_45938,T6,1,0,9.68955971580279e-16,1,1
gpt41,dd_45938,T6,2,0,1.337602459271252e-14,1,1
gpt41,dd_46859,T1,1,0,0.0,1,1
gpt41,dd_46859,T1,2,0,1.7886239494585953e-17,1,1
gpt41,dd_46859,T3,1,0,0.0,1,1
gpt41,dd_46859,T3,2,0,9.648902457348837e-18,1,1
gpt41,dd_46859,T5,1,0,0.0,1,1
gpt41,dd_46859,T5,2,0,6.050836826447879e-17,1,1
gpt41,dd_46859,T6,1,0,0.0,1,1
gpt41,dd_46859,T6,2,0,1.0395380116702202e-15,1,1
gpt41,dd_47886,T1,1,0,0.999664649946115,1,1
gpt41,dd_47886,T1,2,0,0.9999999999999956,1,1
gpt41,dd_47886,T3,1,0,0.9999999328021694,1,1
gpt41,dd_47886,T3,2,0,0.9999999997538302,1,1
gpt41,dd_47886,T5,1,0,0.9999982119355446,1,1
gpt41,dd_47886,T5,2,0,0.9999998909271594,1,1
gpt41,dd_47886,T6,1,0,0.10087862445890537,1,1
gpt41,dd_47886,T6,2,0,0.9988120945924318,1,1
gpt41,dd_5570,T1,1,0,1.0,1,1
gpt41,dd_5570,T1,2,0,0.9999999999999993,1,1
gpt41,dd_5570,T3,1,0,1.0,1,1
gpt41,dd_5570,T3,2,0,1.0,1,1
gpt41,dd_5570,T5,1,0,1.0,1,1
gpt41,dd_5570,T5,2,0,1.0,1,1
gpt41,dd_5570,T6,1,0,0.9999999999999305,1,1
gpt41,dd_5570,T6,2,0,0.999999999999998,1,1
gpt41,dd_6488,T1,1,0,4.658886145103373e-15,1,1
gpt41,dd_6488,T1,2,0,2.1757125257157842e-13,1,1
gpt41,dd_6488,T3,1,0,4.732252926454982e-15,1,1
gpt41,dd_6488,T3,2,0,1.297223134937671e-10,1,1
gpt41,dd_6488,T5,1,0,1.0706035468388838e-14,1,1
gpt41,dd_6488,T5,2,0,8.966730491446853e-12,1,1
gpt41,dd_6488,T6,1,0,3.780821454082277e-14,1,1
gpt41,dd_6488,T6,2,0,4.931120784719738e-14,1,1
gpt41,dd_6826,T1,1,0,0.9999999999932316,1,1
gpt41,dd_6826,T1,2,0,0.9999999999999984,1,1
gpt41,dd_6826,T3,1,0,0.9999999999999958,1,1
gpt41,dd_6826,T3,2,0,0.9999999999999998,1,1
gpt41,dd_6826,T5,1,0,0.9999999999999996,1,1
gpt41,dd_6826,T5,2,0,1.0,1,1
gpt41,dd_6826,T6,1,0,0.9947798743156098,1,1
gpt41,dd_6826,T6,2,0,0.9999999959009065,1,1
gpt41,dd_6868,T1,1,0,0.0,1,1
gpt41,dd_6868,T1,2,0,5.219263024712748e-13,1,1
gpt41,dd_6868,T3,1,0,7.562118644490215e-15,1,1
gpt41,dd_6868,T3,2,0,7.802166058179252e-15,1,1
gpt41,dd_6868,T5,1,0,0.0,1,1
gpt41,dd_6868,T5,2,0,1.1399918530430508e-12,1,1
gpt41,dd_6868,T6,1,0,5.317438842692045e-19,1,1
gpt41,dd_6868,T6,2,0,1.8348935848264211e-16,1,1
gpt41,dd_7687,T1,1,0,1.0,1,1
gpt41,dd_7687,T1,2,0,1.0,1,1
gpt41,dd_7687,T3,1,0,1.0,1,1
gpt41,dd_7687,T3,2,0,1.0,1,1
gpt41,dd_7687,T5,1,0,1.0,1,1
gpt41,dd_7687,T5,2,0,1.0,1,1
gpt41,dd_7687,T6,1,0,0.9999999999999529,1,1
gpt41,dd_7687,T6,2,0,1.0,1,1
gpt41,dd_8580,T1,1,0,2.841938778948555e-16,1,1
gpt41,dd_8580,T1,2,0,1.0277338255279112e-13,1,1
gpt41,dd_8580,T3,1,0,2.4308390550673987e-16,1,1
gpt41,dd_8580,T3,2,0,1.2664165549093978e-14,1,1
gpt41,dd_8580,T5,1,0,8.766974525593444e-19,1,1
gpt41,dd_8580,T5,2,0,1.9614643309355223e-14,1,1
gpt41,dd_8580,T6,1,0,2.5368081929914287e-18,1,1
gpt41,dd_8580,T6,2,0,1.824446028469063e-15,1,1
gpt41,dd_9595,T1,1,0,0.999999999845951,1,1
gpt41,dd_9595,T1,2,0,0.9999999999913092,1,1
gpt41,dd_9595,T3,1,0,0.9999999966017321,1,1
gpt41,dd_9595,T3,2,0,0.9999999999959583,1,1
gpt41,dd_9595,T5,1,0,0.9999999986692192,1,1
gpt41,dd_9595,T5,2,0,0.9999999998781373,1,1
gpt41,dd_9595,T6,1,0,0.9998440197707459,1,1
gpt41,dd_9595,T6,2,0,0.9999997257909216,1,1
gpt41,dd_9899,T1,1,0,0.9999999999691882,1,1
gpt41,dd_9899,T1,2,0,1.0,1,1
gpt41,dd_9899,T3,1,0,0.9999999995812512,1,1
gpt41,dd_9899,T3,2,0,0.9999999999995606,1,1
gpt41,dd_9899,T5,1,0,0.999999999868235,1,1
gpt41,dd_9899,T5,2,0,1.0,1,1
gpt41,dd_9899,T6,1,0,0.9999999984441597,1,1
gpt41,dd_9899,T6,2,0,1.0,1,1
gpt41,dd_9955,T1,1,0,0.0007096703407826485,1,1
gpt41,dd_9955,T1,2,0,1.4005229527017071e-07,1,1
gpt41,dd_9955,T3,1,0,0.09807932610676665,1,1
gpt41,dd_9955,T3,2,0,5.9551412096701715e-06,1,1
gpt41,dd_9955,T5,1,0,0.001987774094855365,1,1
gpt41,dd_9955,T5,2,0,1.0188094428871392e-06,1,1
gpt41,dd_9955,T6,1,0,5.0937072019767774e-06,1,1
gpt41,dd_9955,T6,2,0,6.214783413846797e-08,1,1
gpt41,mc_C_034,T1,1,0,1.0,1,1
gpt41,mc_C_034,T1,2,0,1.0,1,1
gpt41,mc_C_034,T3,1,0,1.0,1,1
gpt41,mc_C_034,T3,2,0,1.0,1,1
gpt41,mc_C_034,T5,1,0,1.0,1,1
gpt41,mc_C_034,T5,2,0,1.0,1,1
gpt41,mc_C_034,T6,1,0,0.9999999999999785,1,1
gpt41,mc_C_034,T6,2,0,0.9999999999999991,1,1
gpt41,mc_C_1095,T1,1,0,1.0,1,1
gpt41,mc_C_1095,T1,2,0,1.0,1,1
gpt41,mc_C_1095,T3,1,0,1.0,1,1
gpt41,mc_C_1095,T3,2,0,1.0,1,1
gpt41,mc_C_1095,T5,1,0,1.0,1,1
gpt41,mc_C_1095,T5,2,0,1.0,1,1
gpt41,mc_C_1095,T6,1,0,0.9997800466700082,1,1
gpt41,mc_C_1095,T6,2,0,0.9999999893677608,1,1
gpt41,mc_C_1216,T1,1,0,1.0,1,1
gpt41,mc_C_1216,T1,2,0,1.0,1,1
gpt41,mc_C_1216,T3,1,0,1.0,1,1
gpt41,mc_C_1216,T3,2,0,1.0,1,1
gpt41,mc_C_1216,T5,1,0,1.0,1,1
gpt41,mc_C_1216,T5,2,0,1.0,1,1
gpt41,mc_C_1216,T6,1,0,0.999999999999261,1,1
gpt41,mc_C_1216,T6,2,0,0.9999999999999998,1,1
gpt41,mc_C_183,T1,1,0,1.0,1,1
gpt41,mc_C_183,T1,2,0,1.0,1,1
gpt41,mc_C_183,T3,1,0,1.0,1,1
gpt41,mc_C_183,T3,2,0,0.9999999999999967,1,1
gpt41,mc_C_183,T5,1,0,1.0,1,1
gpt41,mc_C_183,T5,2,0,1.0,1,1
gpt41,mc_C_183,T6,1,0,0.9999950630100958,1,1
gpt41,mc_C_183,T6,2,0,0.9999999999999989,1,1
gpt41,mc_C_291,T1,1,0,1.0,1,1
gpt41,mc_C_291,T1,2,0,1.0,1,1
gpt41,mc_C_291,T3,1,0,1.0,1,1
gpt41,mc_C_291,T3,2,0,1.0,1,1
gpt41,mc_C_291,T5,1,0,1.0,1,1
gpt41,mc_C_291,T5,2,0,1.0,1,1
gpt41,mc_C_291,T6,1,0,1.0,1,1
gpt41,mc_C_291,T6,2,0,1.0,1,1
gpt41,mc_C_467,T1,1,0,1.0,1,1
gpt41,mc_C_467,T1,2,0,1.0,1,1
gpt41,mc_C_467,T3,1,0,1.0,1,1
gpt41,mc_C_467,T3,2,0,1.0,1,1
gpt41,mc_C_467,T5,1,0,1.0,1,1
gpt41,mc_C_467,T5,2,0,1.0,1,1
gpt41,mc_C_467,T6,1,0,5.691027610716989e-09,1,1
gpt41,mc_C_467,T6,2,0,0.9905874089847213,1,1
gpt41,mc_C_527,T1,1,0,1.0,1,1
gpt41,mc_C_527,T1,2,0,1.0,1,1
gpt41,mc_C_527,T3,1,0,1.0,1,1
gpt41,mc_C_527,T3,2,0,1.0,1,1
gpt41,mc_C_527,T5,1,0,1.0,1,1
gpt41,mc_C_527,T5,2,0,1.0,1,1
gpt41,mc_C_527,T6,1,0,0.9999999999999989,1,1
gpt41,mc_C_527,T6,2,0,1.0,1,1
gpt41,mc_C_675,T1,1,0,1.0,1,1
gpt41,mc_C_675,T1,2,0,1.0,1,1
gpt41,mc_C_675,T3,1,0,1.0,1,1
gpt41,mc_C_675,T3,2,0,1.0,1,1
gpt41,mc_C_675,T5,1,0,1.0,1,1
gpt41,mc_C_675,T5,2,0,1.0,1,1
gpt41,mc_C_675,T6,1,0,0.25683200437207393,1,1
gpt41,mc_C_675,T6,2,0,0.9987355778193313,1,1
gpt41,mc_C_772,T1,1,0,1.0,1,1
gpt41,mc_C_772,T1,2,0,1.0,1,1
gpt41,mc_C_772,T3,1,0,1.0,1,1
gpt41,mc_C_772,T3,2,0,1.0,1,1
gpt41,mc_C_772,T5,1,0,1.0,1,1
gpt41,mc_C_772,T5,2,0,1.0,1,1
gpt41,mc_C_772,T6,1,0,0.9999999907625504,1,1
gpt41,mc_C_772,T6,2,0,0.9999999999999651,1,1
gpt41,mc_C_941,T1,1,0,1.0,1,1
gpt41,mc_C_941,T1,2,0,1.0,1,1
gpt41,mc_C_941,T3,1,0,1.0,1,1
gpt41,mc_C_941,T3,2,0,1.0,1,1
gpt41,mc_C_941,T5,1,0,1.0,1,1
gpt41,mc_C_941,T5,2,0,1.0,1,1
gpt41,mc_C_941,T6,1,0,0.9999998461826474,1,1
gpt41,mc_C_941,T6,2,0,0.9911526447225263,1,1
gpt41,mc_G_005,T1,1,0,0.999999999999996,1,1
gpt41,mc_G_005,T1,2,0,1.0,1,1
gpt41,mc_G_005,T3,1,0,1.0,1,1
gpt41,mc_G_005,T3,2,0,1.0,1,1
gpt41,mc_G_005,T5,1,0,1.0,1,1
gpt41,mc_G_005,T5,2,0,1.0,1,1
gpt41,mc_G_005,T6,1,0,0.9999998173373577,1,1
gpt41,mc_G_005,T6,2,0,0.999999999999984,1,1
gpt41,mc_G_037,T1,1,0,0.9999999999999911,1,1
gpt41,mc_G_037,T1,2,0,1.0,1,1
gpt41,mc_G_037,T3,1,0,0.9999999999997824,1,1
gpt41,mc_G_037,T3,2,0,1.0,1,1
gpt41,mc_G_037,T5,1,0,0.9999999999999931,1,1
gpt41,mc_G_037,T5,2,0,1.0,1,1
gpt41,mc_G_037,T6,1,0,0.9999999999767422,1,1
gpt41,mc_G_037,T6,2,0,1.0,1,1
gpt41,mc_G_064,T1,1,0,0.0,1,1
gpt41,mc_G_064,T1,2,0,1.2267202859047633e-18,1,1
gpt41,mc_G_064,T3,1,0,0.0,1,1
gpt41,mc_G_064,T3,2,0,5.1244934129890574e-18,1,1
gpt41,mc_G_064,T5,1,0,0.0,1,1
gpt41,mc_G_064,T5,2,0,4.14369911489105e-15,1,1
gpt41,mc_G_064,T6,1,0,0.0,1,1
gpt41,mc_G_064,T6,2,0,4.889825774389355e-18,1,1
gpt41,mc_G_086,T1,1,0,0.9999999999999998,1,1
gpt41,mc_G_086,T1,2,0,1.0,1,1
gpt41,mc_G_086,T3,1,0,0.9999999999999996,1,1
gpt41,mc_G_086,T3,2,0,1.0,1,1
gpt41,mc_G_086,T5,1,0,1.0,1,1
gpt41,mc_G_086,T5,2,0,1.0,1,1
gpt41,mc_G_086,T6,1,0,0.9999997126313569,1,1
gpt41,mc_G_086,T6,2,0,1.0,1,1
gpt41,mc_G_112,T1,1,0,0.9808759634185313,1,1
gpt41,mc_G_112,T1,2,0,0.9525741266413204,1,1
gpt41,mc_G_112,T3,1,0,0.9999999994948925,1,1
gpt41,mc_G_112,T3,2,0,0.9999999999922096,1,1
gpt41,mc_G_112,T5,1,0,5.3381541917309305e-06,1,1
gpt41,mc_G_112,T5,2,0,0.1112412097718189,1,1
gpt41,mc_G_112,T6,1,0,1.5317193083121665e-09,1,1
gpt41,mc_G_112,T6,2,0,0.15610488238817918,1,1
gpt41,mc_G_135,T1,1,0,0.9999999999999998,1,1
gpt41,mc_G_135,T1,2,0,1.0,1,1
gpt41,mc_G_135,T3,1,0,1.0,1,1
gpt41,mc_G_135,T3,2,0,1.0,1,1
gpt41,mc_G_135,T5,1,0,1.0,1,1
gpt41,mc_G_135,T5,2,0,1.0,1,1
gpt41,mc_G_135,T6,1,0,0.9999999997379536,1,1
gpt41,mc_G_135,T6,2,0,0.9999999999999993,1,1
gpt41,mc_G_156,T1,1,0,0.0,1,1
gpt41,mc_G_156,T1,2,0,0.0,1,1
gpt41,mc_G_156,T3,1,0,2.220446049250313e-16,1,1
gpt41,mc_G_156,T3,2,0,0.0,1,1
gpt41,mc_G_156,T5,1,0,0.0,1,1
gpt41,mc_G_156,T5,2,0,0.0,1,1
gpt41,mc_G_156,T6,1,0,0.0,1,1
gpt41,mc_G_156,T6,2,0,0.0,1,1
gpt41,mc_G_179,T1,1,0,0.0,1,1
gpt41,mc_G_179,T1,2,0,2.6645352591003757e-15,1,1
gpt41,mc_G_179,T3,1,0,0.0,1,1
gpt41,mc_G_179,T3,2,0,0.0,1,1
gpt41,mc_G_179,T5,1,0,0.0,1,1
gpt41,mc_G_179,T5,2,0,0.0,1,1
gpt41,mc_G_179,T6,1,0,0.0,1,1
gpt41,mc_G_179,T6,2,0,0.0,1,1
gpt41,mc_G_186,T1,1,0,0.9999227780762016,1,1
gpt41,mc_G_186,T1,2,0,0.9579122738270097,1,1
gpt41,mc_G_186,T3,1,0,0.9957353657137465,1,1
gpt41,mc_G_186,T3,2,0,0.988668245139936,1,1
gpt41,mc_G_186,T5,1,0,0.9883127395888988,1,1
gpt41,mc_G_186,T5,2,0,0.9944450754259926,1,1
gpt41,mc_G_186,T6,1,0,0.9941800404903064,1,1
gpt41,mc_G_186,T6,2,0,0.9136765212480867,1,1
gpt41,mc_G_235,T1,1,0,0.9999999999999998,1,1
gpt41,mc_G_235,T1,2,0,1.0,1,1
gpt41,mc_G_235,T3,1,0,1.0,1,1
gpt41,mc_G_235,T3,2,0,1.0,1,1
gpt41,mc_G_235,T5,1,0,1.0,1,1
gpt41,mc_G_235,T5,2,0,1.0,1,1
gpt41,mc_G_235,T6,1,0,0.9999999999996523,1,1
gpt41,mc_G_235,T6,2,0,1.0,1,1
gpt41,mc_G_236,T1,1,0,,0,1
gpt41,mc_G_236,T1,2,0,6.10885553721241e-05,1,1
gpt41,mc_G_236,T3,1,0,5.59433746138982e-06,1,1
gpt41,mc_G_236,T3,2,0,5.871680253122236e-09,1,1
gpt41,mc_G_236,T5,1,0,0.015424551212434356,1,1
gpt41,mc_G_236,T5,2,0,0.14804720367010515,1,1
gpt41,mc_G_236,T6,1,0,4.9937178614456457e-08,1,1
gpt41,mc_G_236,T6,2,0,8.727474298808602e-10,1,1
gpt41,mc_G_288,T1,1,0,0.9999999999999858,1,1
gpt41,mc_G_288,T1,2,0,0.9999999999999982,1,1
gpt41,mc_G_288,T3,1,0,0.9999999999999949,1,1
gpt41,mc_G_288,T3,2,0,0.9999999999732303,1,1
gpt41,mc_G_288,T5,1,0,0.9999999999999993,1,1
gpt41,mc_G_288,T5,2,0,1.0,1,1
gpt41,mc_G_288,T6,1,0,0.9999999999999718,1,1
gpt41,mc_G_288,T6,2,0,0.999999999265073,1,1
gpt41,mc_G_302,T1,1,0,0.9449947087422129,1,1
gpt41,mc_G_302,T1,2,0,0.9999999924606134,1,1
gpt41,mc_G_302,T3,1,0,0.22541664810694279,1,1
gpt41,mc_G_302,T3,2,0,0.9923043514252065,1,1
gpt41,mc_G_302,T5,1,0,0.7154240114611516,1,1
gpt41,mc_G_302,T5,2,0,0.9999955745107005,1,1
gpt41,mc_G_302,T6,1,0,6.014152921287623e-05,1,1
gpt41,mc_G_302,T6,2,0,0.11436851657287812,1,1
gpt41,mc_G_365,T1,1,0,0.9999999999999982,1,1
gpt41,mc_G_365,T1,2,0,1.0,1,1
gpt41,mc_G_365,T3,1,0,0.9999999406981337,1,1
gpt41,mc_G_365,T3,2,0,0.9999999999999962,1,1
gpt41,mc_G_365,T5,1,0,0.9999999999763758,1,1
gpt41,mc_G_365,T5,2,0,0.9999999999999962,1,1
gpt41,mc_G_365,T6,1,0,0.9999999697115696,1,1
gpt41,mc_G_365,T6,2,0,0.9999999999951248,1,1
gpt41,mc_G_373,T1,1,0,0.0,1,1
gpt41,mc_G_373,T1,2,0,1.6033121461435665e-17,1,1
gpt41,mc_G_373,T3,1,0,0.0,1,1
gpt41,mc_G_373,T3,2,0,1.2293020642516576e-17,1,1
gpt41,mc_G_373,T5,1,0,0.0,1,1
gpt41,mc_G_373,T5,2,0,2.124043494695864e-17,1,1
gpt41,mc_G_373,T6,1,0,0.0,1,1
gpt41,mc_G_373,T6,2,0,0.0,1,1
gpt41,mc_G_385,T1,1,0,0.9999999999999956,1,1
gpt41,mc_G_385,T1,2,0,1.0,1,1
gpt41,mc_G_385,T3,1,0,0.999999999999988,1,1
gpt41,mc_G_385,T3,2,0,0.9999999999999849,1,1
gpt41,mc_G_385,T5,1,0,1.0,1,1
gpt41,mc_G_385,T5,2,0,0.9999999999999996,1,1
gpt41,mc_G_385,T6,1,0,0.9999999760398793,1,1
gpt41,mc_G_385,T6,2,0,0.9999999943089724,1,1
gpt41,mc_G_397,T1,1,0,2.220446049250313e-16,1,1
gpt41,mc_G_397,T1,2,0,0.0,1,1
gpt41,mc_G_397,T3,1,0,0.0,1,1
gpt41,mc_G_397,T3,2,0,0.0,1,1
gpt41,mc_G_397,T5,1,0,0.0,1,1
gpt41,mc_G_397,T5,2,0,0.0,1,1
gpt41,mc_G_397,T6,1,0,0.0,1,1
gpt41,mc_G_397,T6,2,0,0.0,1,1
gpt41,mc_G_431,T1,1,0,1.0,1,1
gpt41,mc_G_431,T1,2,0,1.0,1,1
gpt41,mc_G_431,T3,1,0,1.0,1,1
gpt41,mc_G_431,T3,2,0,1.0,1,1
gpt41,mc_G_431,T5,1,0,1.0,1,1
gpt41,mc_G_431,T5,2,0,1.0,1,1
gpt41,mc_G_431,T6,1,0,0.9999999999992406,1,1
gpt41,mc_G_431,T6,2,0,0.9999999999999984,1,1
gpt41,mc_G_453,T1,1,0,0.9999999999999492,1,1
gpt41,mc_G_453,T1,2,0,1.0,1,1
gpt41,mc_G_453,T3,1,0,0.9999999999999432,1,1
gpt41,mc_G_453,T3,2,0,1.0,1,1
gpt41,mc_G_453,T5,1,0,0.9999999932417374,1,1
gpt41,mc_G_453,T5,2,0,0.9999999999999911,1,1
gpt41,mc_G_453,T6,1,0,0.9999999993713837,1,1
gpt41,mc_G_453,T6,2,0,1.0,1,1
gpt41,mc_G_492,T1,1,0,0.9999999999999993,1,1
gpt41,mc_G_492,T1,2,0,1.0,1,1
gpt41,mc_G_492,T3,1,0,0.9999999999999514,1,1
gpt41,mc_G_492,T3,2,0,0.9999999999999998,1,1
gpt41,mc_G_492,T5,1,0,0.9999999999999432,1,1
gpt41,mc_G_492,T5,2,0,1.0,1,1
gpt41,mc_G_492,T6,1,0,0.999999999265073,1,1
gpt41,mc_G_492,T6,2,0,1.0,1,1
gpt41,mc_G_572,T1,1,0,0.8459424480476562,1,1
gpt41,mc_G_572,T1,2,0,0.9999999604964398,1,1
gpt41,mc_G_572,T3,1,0,0.9999995947452572,1,1
gpt41,mc_G_572,T3,2,0,0.9999999999993403,1,1
gpt41,mc_G_572,T5,1,0,0.6757646142545631,1,1
gpt41,mc_G_572,T5,2,0,0.9999999903192359,1,1
gpt41,mc_G_572,T6,1,0,0.0032224844429769566,1,1
gpt41,mc_G_572,T6,2,0,0.9999586645844696,1,1
gpt41,mc_G_595,T1,1,0,0.9999999991541042,1,1
gpt41,mc_G_595,T1,2,0,0.999999999999976,1,1
gpt41,mc_G_595,T3,1,0,0.9999999962089583,1,1
gpt41,mc_G_595,T3,2,0,0.999999999768745,1,1
gpt41,mc_G_595,T5,1,0,0.9999997126313569,1,1
gpt41,mc_G_595,T5,2,0,0.9999999999756259,1,1
gpt41,mc_G_595,T6,1,0,0.06371499293636636,1,1
gpt41,mc_G_595,T6,2,0,0.9961755166539474,1,1
gpt41,mc_G_601,T1,1,0,0.8031737867649686,1,1
gpt41,mc_G_601,T1,2,0,4.5921337687993e-07,1,1
gpt41,mc_G_601,T3,1,0,0.8175744850310416,1,1
gpt41,mc_G_601,T3,2,0,4.773959005888173e-14,1,1
gpt41,mc_G_601,T5,1,0,0.9999998310646898,1,1
gpt41,mc_G_601,T5,2,0,0.9976032685805843,1,1
gpt41,mc_G_601,T6,1,0,0.9999999867679644,1,1
gpt41,mc_G_601,T6,2,0,0.9999177980798244,1,1
gpt41,mc_H_035,T1,1,0,0.0,1,1
gpt41,mc_H_035,T1,2,0,1.1369185552073767e-17,1,1
gpt41,mc_H_035,T3,1,0,0.0,1,1
gpt41,mc_H_035,T3,2,0,1.6542067369468616e-17,1,1
gpt41,mc_H_035,T5,1,0,0.0,1,1
gpt41,mc_H_035,T5,2,0,5.287162295624036e-18,1,1
gpt41,mc_H_035,T6,1,0,0.0,1,1
gpt41,mc_H_035,T6,2,0,2.4989703871848803e-14,1,1
gpt41,mc_H_044,T1,1,0,0.00024156639528594148,1,1
gpt41,mc_H_044,T1,2,0,8.628372061281198e-08,1,1
gpt41,mc_H_044,T3,1,0,8.164358078488476e-12,1,1
gpt41,mc_H_044,T3,2,0,9.658940314238862e-14,1,1
gpt41,mc_H_044,T5,1,0,0.0002199533297359002,1,1
gpt41,mc_H_044,T5,2,0,4.218847493575595e-15,1,1
gpt41,mc_H_044,T6,1,0,3.643751966819764e-13,1,1
gpt41,mc_H_044,T6,2,0,1.9984014443252818e-15,1,1
gpt41,mc_H_049,T1,1,0,0.9999909195289017,1,1
gpt41,mc_H_049,T1,2,0,0.9999999915892065,1,1
gpt41,mc_H_049,T3,1,0,0.9999999971383715,1,1
gpt41,mc_H_049,T3,2,0,0.9999724643101806,1,1
gpt41,mc_H_049,T5,1,0,0.9999998684330432,1,1
gpt41,mc_H_049,T5,2,0,0.9999999999999971,1,1
gpt41,mc_H_049,T6,1,0,0.9999998577422022,1,1
gpt41,mc_H_049,T6,2,0,1.0,1,1
gpt41,mc_H_060,T1,1,0,0.9999999999951248,1,1
gpt41,mc_H_060,T1,2,0,0.9999999999999973,1,1
gpt41,mc_H_060,T3,1,0,0.9999999999639775,1,1
gpt41,mc_H_060,T3,2,0,0.9999999999999998,1,1
gpt41,mc_H_060,T5,1,0,0.9999999993713837,1,1
gpt41,mc_H_060,T5,2,0,0.9999999999999993,1,1
gpt41,mc_H_060,T6,1,0,0.9999997993843378,1,1
gpt41,mc_H_060,T6,2,0,0.9999999999387235,1,1
gpt41,mc_H_066,T1,1,0,0.0,1,1
gpt41,mc_H_066,T1,2,0,6.750196265950084e-17,1,1
gpt41,mc_H_066,T3,1,0,0.0,1,1
gpt41,mc_H_066,T3,2,0,1.9450383106968904e-18,1,1
gpt41,mc_H_066,T5,1,0,0.0,1,1
gpt41,mc_H_066,T5,2,0,1.1548224173015783e-17,1,1
gpt41,mc_H_066,T6,1,0,0.0,1,1
gpt41,mc_H_066,T6,2,0,2.965829252820214e-18,1,1
gpt41,mc_H_072,T1,1,0,6.3584693066331965e-12,1,1
gpt41,mc_H_072,T1,2,0,7.771561172376096e-15,1,1
gpt41,mc_H_072,T3,1,0,1.7934542739794779e-12,1,1
gpt41,mc_H_072,T3,2,0,2.9976021664879227e-14,1,1
gpt41,mc_H_072,T5,1,0,0.004829722062556052,1,1
gpt41,mc_H_072,T5,2,0,4.745044357434836e-10,1,1
gpt41,mc_H_072,T6,1,0,0.00018522579684387974,1,1
gpt41,mc_H_072,T6,2,0,0.00033015280636139455,1,1
gpt41,mc_H_073,T1,1,0,6.661338147750939e-16,1,1
gpt41,mc_H_073,T1,2,0,0.0,1,1
gpt41,mc_H_073,T3,1,0,0.0,1,1
gpt41,mc_H_073,T3,2,0,6.661338147750939e-16,1,1
gpt41,mc_H_073,T5,1,0,1.7529598994592277e-08,1,1
gpt41,mc_H_073,T5,2,0,2.0408186252041105e-10,1,1
gpt41,mc_H_073,T6,1,0,1.176836406102666e-14,1,1
gpt41,mc_H_073,T6,2,0,0.02887091132730002,1,1
gpt4_0613,dd_0107,T1,1,0,7.429082461581358e-07,1,1
gpt4_0613,dd_0107,T1,2,0,1.0959036557059202e-05,1,1
gpt4_0613,dd_0107,T3,1,0,1.4086925352990466e-08,1,1
gpt4_0613,dd_0107,T3,2,0,1.1316752304279298e-07,1,1
gpt4_0613,dd_0107,T5,1,0,5.484954468532352e-07,1,1
gpt4_0613,dd_0107,T5,2,0,6.924459188489279e-06,1,1
gpt4_0613,dd_0107,T6,1,0,2.6470186241364273e-07,1,1
gpt4_0613,dd_0107,T6,2,0,9.03245201515867e-06,1,1
gpt4_0613,dd_0283,T1,1,0,1.348098044824258e-09,1,1
gpt4_0613,dd_0283,T1,2,0,6.960053862246558e-09,1,1
gpt4_0613,dd_0283,T3,1,0,1.6843929275297699e-09,1,1
gpt4_0613,dd_0283,T3,2,0,1.93450859389471e-09,1,1
gpt4_0613,dd_0283,T5,1,0,4.6156131451751565e-10,1,1
gpt4_0613,dd_0283,T5,2,0,6.3580101068421225e-09,1,1
gpt4_0613,dd_0283,T6,1,0,1.0942955935747037e-09,1,1
gpt4_0613,dd_0283,T6,2,0,4.549879999560286e-09,1,1
gpt4_0613,dd_11241,T1,1,0,0.0004934487553750923,1,1
gpt4_0613,dd_11241,T1,2,0,0.0014860350224888564,1,1
gpt4_0613,dd_11241,T3,1,0,0.0001478134044259307,1,1
gpt4_0613,dd_11241,T3,2,0,0.0002207938405894695,1,1
gpt4_0613,dd_11241,T5,1,0,0.009475539821703065,1,1
gpt4_0613,dd_11241,T5,2,0,0.002043036901812464,1,1
gpt4_0613,dd_11241,T6,1,0,0.00028211425591660077,1,1
gpt4_0613,dd_11241,T6,2,0,3.94097288636368e-05,1,1
gpt4_0613,dd_13518,T1,1,0,1.3183876404164328e-09,1,1
gpt4_0613,dd_13518,T1,2,0,1.2505555705688685e-07,1,1
gpt4_0613,dd_13518,T3,1,0,3.097596915099313e-09,1,1
gpt4_0613,dd_13518,T3,2,0,5.634734055003551e-08,1,1
gpt4_0613,dd_13518,T5,1,0,2.7759439756906055e-09,1,1
gpt4_0613,dd_13518,T5,2,0,3.412108985131433e-08,1,1
gpt4_0613,dd_13518,T6,1,0,1.1930047369963944e-08,1,1
gpt4_0613,dd_13518,T6,2,0,7.160432692535932e-08,1,1
gpt4_0613,dd_14408,T1,1,0,0.9993448571676719,1,1
gpt4_0613,dd_14408,T1,2,0,0.9999944998019425,1,1
gpt4_0613,dd_14408,T3,1,0,0.9999958642723558,1,1
gpt4_0613,dd_14408,T3,2,0,0.9999999178996716,1,1
gpt4_0613,dd_14408,T5,1,0,0.9999024965193156,1,1
gpt4_0613,dd_14408,T5,2,0,0.9999987539698797,1,1
gpt4_0613,dd_14408,T6,1,0,0.9962491400405662,1,1
gpt4_0613,dd_14408,T6,2,0,0.9999970025891576,1,1
gpt4_0613,dd_14818,T1,1,0,0.9999801433215941,1,1
gpt4_0613,dd_14818,T1,2,0,0.9999979998031377,1,1
gpt4_0613,dd_14818,T3,1,0,0.9999149904031036,1,1
gpt4_0613,dd_14818,T3,2,0,0.9999549754362689,1,1
gpt4_0613,dd_14818,T5,1,0,0.9999950474678346,1,1
gpt4_0613,dd_14818,T5,2,0,0.9999998030220755,1,1
gpt4_0613,dd_14818,T6,1,0,0.9558643456407354,1,1
gpt4_0613,dd_14818,T6,2,0,0.9999990690702996,1,1
gpt4_0613,dd_15810,T1,1,0,0.3676431227256325,1,1
gpt4_0613,dd_15810,T1,2,0,0.43916426321257224,1,1
gpt4_0613,dd_15810,T3,1,0,0.021815740481798632,1,1
gpt4_0613,dd_15810,T3,2,0,0.12334190554167437,1,1
gpt4_0613,dd_15810,T5,1,0,0.07169939890069459,1,1
gpt4_0613,dd_15810,T5,2,0,0.3302762504166984,1,1
gpt4_0613,dd_15810,T6,1,0,0.04110347980218951,1,1
gpt4_0613,dd_15810,T6,2,0,0.14510400117289438,1,1
gpt4_0613,dd_17929,T1,1,0,7.423583156922385e-05,1,1
gpt4_0613,dd_17929,T1,2,0,0.0001918313058277095,1,1
gpt4_0613,dd_17929,T3,1,0,0.0006451546379955633,1,1
gpt4_0613,dd_17929,T3,2,0,0.0021472487039087503,1,1
gpt4_0613,dd_17929,T5,1,0,3.784013323368207e-05,1,1
gpt4_0613,dd_17929,T5,2,0,0.0035017329686943205,1,1
gpt4_0613,dd_17929,T6,1,0,9.664143015212475e-05,1,1
gpt4_0613,dd_17929,T6,2,0,0.0027926767902321185,1,1
gpt4_0613,dd_1808,T1,1,0,0.9995105936895538,1,1
gpt4_0613,dd_1808,T1,2,0,0.9999473187449601,1,1
gpt4_0613,dd_1808,T3,1,0,0.9992411813917984,1,1
gpt4_0613,dd_1808,T3,2,0,0.9998797876323691,1,1
gpt4_0613,dd_1808,T5,1,0,0.9998895283860108,1,1
gpt4_0613,dd_1808,T5,2,0,0.9999320297282269,1,1
gpt4_0613,dd_1808,T6,1,0,0.48309446274908335,1,1
gpt4_0613,dd_1808,T6,2,0,0.9987545209093552,1,1
gpt4_0613,dd_1814,T1,1,0,1.3401584499956044e-07,1,1
gpt4_0613,dd_1814,T1,2,0,1.3336432043755258e-07,1,1
gpt4_0613,dd_1814,T3,1,0,1.7827655280457398e-06,1,1
gpt4_0613,dd_1814,T3,2,0,2.8298945487237426e-06,1,1
gpt4_0613,dd_1814,T5,1,0,5.777921964802447e-09,1,1
gpt4_0613,dd_1814,T5,2,0,1.0698933814363011e-07,1,1
gpt4_0613,dd_1814,T6,1,0,1.2458420408607625e-08,1,1
gpt4_0613,dd_1814,T6,2,0,5.7316728138735807e-08,1,1
gpt4_0613,dd_18223,T1,1,0,0.002916990224171782,1,1
gpt4_0613,dd_18223,T1,2,0,0.13662458371427222,1,1
gpt4_0613,dd_18223,T3,1,0,0.811137794674843,1,1
gpt4_0613,dd_18223,T3,2,0,0.7109129920721811,1,1
gpt4_0613,dd_18223,T5,1,0,0.012777347790784502,1,1
gpt4_0613,dd_18223,T5,2,0,0.6097629261823178,1,1
gpt4_0613,dd_18223,T6,1,0,0.0010103285735404617,1,1
gpt4_0613,dd_18223,T6,2,0,0.035058734606341124,1,1
gpt4_0613,dd_18643,T1,1,0,0.9999999938152013,1,1
gpt4_0613,dd_18643,T1,2,0,0.9999999983569506,1,1
gpt4_0613,dd_18643,T3,1,0,0.9999999954727568,1,1
gpt4_0613,dd_18643,T3,2,0,0.9999999990587058,1,1
gpt4_0613,dd_18643,T5,1,0,0.9999999954507098,1,1
gpt4_0613,dd_18643,T5,2,0,0.9999999992969002,1,1
gpt4_0613,dd_18643,T6,1,0,0.9999999925657445,1,1
gpt4_0613,dd_18643,T6,2,0,0.999999998853936,1,1
gpt4_0613,dd_18670,T1,1,0,0.9977964432149393,1,1
gpt4_0613,dd_18670,T1,2,0,0.9999582162716618,1,1
gpt4_0613,dd_18670,T3,1,0,0.9961920919060402,1,1
gpt4_0613,dd_18670,T3,2,0,0.9998403358647291,1,1
gpt4_0613,dd_18670,T5,1,0,0.998342303446935,1,1
gpt4_0613,dd_18670,T5,2,0,0.9999038616013738,1,1
gpt4_0613,dd_18670,T6,1,0,0.40099673308989653,1,1
gpt4_0613,dd_18670,T6,2,0,0.9983732582297778,1,1
gpt4_0613,dd_2081,T1,1,0,,0,1
gpt4_0613,dd_2081,T1,2,0,,0,1
gpt4_0613,dd_2081,T3,1,0,,0,1
gpt4_0613,dd_2081,T3,2,0,0.030045044322052267,1,1
gpt4_0613,dd_2081,T5,1,0,0.9346670746446477,1,1
gpt4_0613,dd_2081,T5,2,0,0.8903199401002081,1,1
gpt4_0613,dd_2081,T6,1,0,,0,1
gpt4_0613,dd_2081,T6,2,0,,0,1
gpt4_0613,dd_21158,T1,1,0,0.9998389568033896,1,1
gpt4_0613,dd_21158,T1,2,0,0.999939827163273,1,1
gpt4_0613,dd_21158,T3,1,0,0.9977120891868062,1,1
gpt4_0613,dd_21158,T3,2,0,0.9994610571565707,1,1
gpt4_0613,dd_21158,T5,1,0,0.9965447597364934,1,1
gpt4_0613,dd_21158,T5,2,0,0.9994705934641932,1,1
gpt4_0613,dd_21158,T6,1,0,0.13455676224962118,1,1
gpt4_0613,dd_21158,T6,2,0,0.9990690825827487,1,1
gpt4_0613,dd_21629,T1,1,0,0.8940867538405334,1,1
gpt4_0613,dd_21629,T1,2,0,0.9880323603359996,1,1
gpt4_0613,dd_21629,T3,1,0,0.9981044556207317,1,1
gpt4_0613,dd_21629,T3,2,0,0.9996914950010055,1,1
gpt4_0613,dd_21629,T5,1,0,0.7953484314933732,1,1
gpt4_0613,dd_21629,T5,2,0,0.8988856964251501,1,1
gpt4_0613,dd_21629,T6,1,0,0.9474814648961454,1,1
gpt4_0613,dd_21629,T6,2,0,0.999760989527489,1,1
gpt4_0613,dd_21630,T1,1,0,0.00033044200455366665,1,1
gpt4_0613,dd_21630,T1,2,0,0.003328674380578747,1,1
gpt4_0613,dd_21630,T3,1,0,0.0002177888198845812,1,1
gpt4_0613,dd_21630,T3,2,0,0.0036986406242980325,1,1
gpt4_0613,dd_21630,T5,1,0,4.7827960811362044e-06,1,1
gpt4_0613,dd_21630,T5,2,0,0.0011373675241357014,1,1
gpt4_0613,dd_21630,T6,1,0,0.0009731246200782233,1,1
gpt4_0613,dd_21630,T6,2,0,0.001970820311360163,1,1
gpt4_0613,dd_22819,T1,1,0,2.3018951050249578e-09,1,1
gpt4_0613,dd_22819,T1,2,0,1.0852819645292739e-07,1,1
gpt4_0613,dd_22819,T3,1,0,4.269424233359062e-09,1,1
gpt4_0613,dd_22819,T3,2,0,4.981772458123977e-08,1,1
gpt4_0613,dd_22819,T5,1,0,4.238925170846452e-09,1,1
gpt4_0613,dd_22819,T5,2,0,2.2688120206125215e-07,1,1
gpt4_0613,dd_22819,T6,1,0,8.030176416232088e-09,1,1
gpt4_0613,dd_22819,T6,2,0,3.202173827792328e-07,1,1
gpt4_0613,dd_23534,T1,1,0,0.7195857166885492,1,1
gpt4_0613,dd_23534,T1,2,0,0.9861249748955911,1,1
gpt4_0613,dd_23534,T3,1,0,0.2469814518035481,1,1
gpt4_0613,dd_23534,T3,2,0,0.9992443136783173,1,1
gpt4_0613,dd_23534,T5,1,0,0.8550343530040775,1,1
gpt4_0613,dd_23534,T5,2,0,0.9963771366755244,1,1
gpt4_0613,dd_23534,T6,1,0,0.35012189027969615,1,1
gpt4_0613,dd_23534,T6,2,0,0.9826768809772103,1,1
gpt4_0613,dd_24260,T1,1,0,0.9909006779051012,1,1
gpt4_0613,dd_24260,T1,2,0,0.9962647013832278,1,1
gpt4_0613,dd_24260,T3,1,0,0.9852556006319612,1,1
gpt4_0613,dd_24260,T3,2,0,0.9941214130099186,1,1
gpt4_0613,dd_24260,T5,1,0,0.9963953444767019,1,1
gpt4_0613,dd_24260,T5,2,0,0.9984694123532242,1,1
gpt4_0613,dd_24260,T6,1,0,0.9592198386665826,1,1
gpt4_0613,dd_24260,T6,2,0,0.9139334274545559,1,1
gpt4_0613,dd_24405,T1,1,0,1.0000648649061773e-09,1,1
gpt4_0613,dd_24405,T1,2,0,1.4824083343914284e-08,1,1
gpt4_0613,dd_24405,T3,1,0,7.611328408146421e-10,1,1
gpt4_0613,dd_24405,T3,2,0,2.013399239090837e-09,1,1
gpt4_0613,dd_24405,T5,1,0,7.148603874240285e-10,1,1
gpt4_0613,dd_24405,T5,2,0,2.6616924270896276e-08,1,1
gpt4_0613,dd_24405,T6,1,0,1.5465812689502961e-09,1,1
gpt4_0613,dd_24405,T6,2,0,1.5162689928355325e-08,1,1
gpt4_0613,dd_24975,T1,1,0,0.9983028395151844,1,1
gpt4_0613,dd_24975,T1,2,0,0.9999980572151638,1,1
gpt4_0613,dd_24975,T3,1,0,0.9954352092649327,1,1
gpt4_0613,dd_24975,T3,2,0,0.9999953487309297,1,1
gpt4_0613,dd_24975,T5,1,0,0.998076688520727,1,1
gpt4_0613,dd_24975,T5,2,0,0.9999529815180681,1,1
gpt4_0613,dd_24975,T6,1,0,0.9818635960430593,1,1
gpt4_0613,dd_24975,T6,2,0,0.9999311287047793,1,1
gpt4_0613,dd_25137,T1,1,0,0.999999906312851,1,1
gpt4_0613,dd_25137,T1,2,0,0.9999999982493091,1,1
gpt4_0613,dd_25137,T3,1,0,0.9999998931089915,1,1
gpt4_0613,dd_25137,T3,2,0,0.9999999953657066,1,1
gpt4_0613,dd_25137,T5,1,0,0.9999999052074483,1,1
gpt4_0613,dd_25137,T5,2,0,0.9999999858613057,1,1
gpt4_0613,dd_25137,T6,1,0,0.9999996639092006,1,1
gpt4_0613,dd_25137,T6,2,0,0.9999999855779044,1,1
gpt4_0613,dd_25302,T1,1,0,2.7292802590981546e-09,1,1
gpt4_0613,dd_25302,T1,2,0,1.1551788586304015e-08,1,1
gpt4_0613,dd_25302,T3,1,0,4.144976408112313e-09,1,1
gpt4_0613,dd_25302,T3,2,0,4.15579789861391e-08,1,1
gpt4_0613,dd_25302,T5,1,0,2.7289322346292652e-09,1,1
gpt4_0613,dd_25302,T5,2,0,2.4992271223633143e-08,1,1
gpt4_0613,dd_25302,T6,1,0,2.8451562304950975e-09,1,1
gpt4_0613,dd_25302,T6,2,0,4.0108961020446736e-08,1,1
gpt4_0613,dd_25868,T1,1,0,0.5971225217813784,1,1
gpt4_0613,dd_25868,T1,2,0,0.9678586138917853,1,1
gpt4_0613,dd_25868,T3,1,0,0.9038817473918652,1,1
gpt4_0613,dd_25868,T3,2,0,0.9296302936255718,1,1
gpt4_0613,dd_25868,T5,1,0,0.6938263949494843,1,1
gpt4_0613,dd_25868,T5,2,0,0.8514758390351591,1,1
gpt4_0613,dd_25868,T6,1,0,0.027086372219206838,1,1
gpt4_0613,dd_25868,T6,2,0,0.6266767707927468,1,1
gpt4_0613,dd_26178,T1,1,0,5.666584238343376e-05,1,1
gpt4_0613,dd_26178,T1,2,0,2.7193300488115478e-05,1,1
gpt4_0613,dd_26178,T3,1,0,0.01851728443771644,1,1
gpt4_0613,dd_26178,T3,2,0,0.01556005860931066,1,1
gpt4_0613,dd_26178,T5,1,0,0.00014853865144950448,1,1
gpt4_0613,dd_26178,T5,2,0,0.00019875117101250773,1,1
gpt4_0613,dd_26178,T6,1,0,4.1438114054030243e-05,1,1
gpt4_0613,dd_26178,T6,2,0,9.420789422196747e-06,1,1
gpt4_0613,dd_26321,T1,1,0,0.999999855911517,1,1
gpt4_0613,dd_26321,T1,2,0,0.9999999939431116,1,1
gpt4_0613,dd_26321,T3,1,0,0.9999993146088638,1,1
gpt4_0613,dd_26321,T3,2,0,0.9999999794178038,1,1
gpt4_0613,dd_26321,T5,1,0,0.9999999500708701,1,1
gpt4_0613,dd_26321,T5,2,0,0.9999999964397812,1,1
gpt4_0613,dd_26321,T6,1,0,0.9999988123419656,1,1
gpt4_0613,dd_26321,T6,2,0,0.9999999845636791,1,1
gpt4_0613,dd_27524,T1,1,0,6.70042850062104e-10,1,1
gpt4_0613,dd_27524,T1,2,0,3.5667514295548146e-09,1,1
gpt4_0613,dd_27524,T3,1,0,1.2438488762496307e-09,1,1
gpt4_0613,dd_27524,T3,2,0,9.856950166803802e-09,1,1
gpt4_0613,dd_27524,T5,1,0,5.421061250993838e-10,1,1
gpt4_0613,dd_27524,T5,2,0,5.54849907722758e-09,1,1
gpt4_0613,dd_27524,T6,1,0,7.248210413496538e-10,1,1
gpt4_0613,dd_27524,T6,2,0,4.0493447885397595e-08,1,1
gpt4_0613,dd_27558,T1,1,0,0.0002741924379670829,1,1
gpt4_0613,dd_27558,T1,2,0,0.0002040251247890394,1,1
gpt4_0613,dd_27558,T3,1,0,0.00012487443681298888,1,1
gpt4_0613,dd_27558,T3,2,0,0.00089323954721757,1,1
gpt4_0613,dd_27558,T5,1,0,0.0001445644659236763,1,1
gpt4_0613,dd_27558,T5,2,0,0.0002563097114692216,1,1
gpt4_0613,dd_27558,T6,1,0,9.108423597961136e-05,1,1
gpt4_0613,dd_27558,T6,2,0,7.048506562631546e-05,1,1
gpt4_0613,dd_28814,T1,1,0,3.076182841844311e-05,1,1
gpt4_0613,dd_28814,T1,2,0,0.001959999889332632,1,1
gpt4_0613,dd_28814,T3,1,0,3.0130269159088783e-06,1,1
gpt4_0613,dd_28814,T3,2,0,3.638279832297857e-05,1,1
gpt4_0613,dd_28814,T5,1,0,0.00027379566062211237,1,1
gpt4_0613,dd_28814,T5,2,0,0.003352627582075014,1,1
gpt4_0613,dd_28814,T6,1,0,0.0004179232000098157,1,1
gpt4_0613,dd_28814,T6,2,0,0.0011249415819791066,1,1
gpt4_0613,dd_29454,T1,1,0,,0,1
gpt4_0613,dd_29454,T1,2,0,,0,1
gpt4_0613,dd_29454,T3,1,0,,0,1
gpt4_0613,dd_29454,T3,2,0,,0,1
gpt4_0613,dd_29454,T5,1,0,1.0,1,1
gpt4_0613,dd_29454,T5,2,0,,0,1
gpt4_0613,dd_29454,T6,1,0,,0,1
gpt4_0613,dd_29454,T6,2,0,,0,1
gpt4_0613,dd_29978,T1,1,0,0.8565317340025737,1,1
gpt4_0613,dd_29978,T1,2,0,0.007299808801240379,1,1
gpt4_0613,dd_29978,T3,1,0,0.0035506695977866355,1,1
gpt4_0613,dd_29978,T3,2,0,0.0001582359775890039,1,1
gpt4_0613,dd_29978,T5,1,0,,0,1
gpt4_0613,dd_29978,T5,2,0,0.006128155048243966,1,1
gpt4_0613,dd_29978,T6,1,0,0.01948063882691032,1,1
gpt4_0613,dd_29978,T6,2,0,0.0005982734277558602,1,1
gpt4_0613,dd_30131,T1,1,0,3.3674375956367416e-09,1,1
gpt4_0613,dd_30131,T1,2,0,7.550326186070246e-08,1,1
gpt4_0613,dd_30131,T3,1,0,6.597363459334872e-09,1,1
gpt4_0613,dd_30131,T3,2,0,2.7503446619967515e-07,1,1
gpt4_0613,dd_30131,T5,1,0,3.4437037882418253e-09,1,1
gpt4_0613,dd_30131,T5,2,0,3.1592182982611727e-07,1,1
gpt4_0613,dd_30131,T6,1,0,1.0876288404092212e-08,1,1
gpt4_0613,dd_30131,T6,2,0,3.46798797535427e-07,1,1
gpt4_0613,dd_30899,T1,1,0,0.9999998134161263,1,1
gpt4_0613,dd_30899,T1,2,0,0.9999999898998174,1,1
gpt4_0613,dd_30899,T3,1,0,0.9999997608717314,1,1
gpt4_0613,dd_30899,T3,2,0,0.9999999891824414,1,1
gpt4_0613,dd_30899,T5,1,0,0.9999998088265792,1,1
gpt4_0613,dd_30899,T5,2,0,0.9999999888357359,1,1
gpt4_0613,dd_30899,T6,1,0,0.9999989023618341,1,1
gpt4_0613,dd_30899,T6,2,0,0.9999999895101029,1,1
gpt4_0613,dd_31129,T1,1,0,5.232173827594626e-10,1,1
gpt4_0613,dd_31129,T1,2,0,6.9758214727759476e-09,1,1
gpt4_0613,dd_31129,T3,1,0,6.473070681831457e-10,1,1
gpt4_0613,dd_31129,T3,2,0,6.770360483603888e-09,1,1
gpt4_0613,dd_31129,T5,1,0,6.897099468182123e-10,1,1
gpt4_0613,dd_31129,T5,2,0,5.7451416813639426e-09,1,1
gpt4_0613,dd_31129,T6,1,0,6.888405246138256e-10,1,1
gpt4_0613,dd_31129,T6,2,0,6.4304007242576255e-09,1,1
gpt4_0613,dd_32872,T1,1,0,0.00010361125691160094,1,1
gpt4_0613,dd_32872,T1,2,0,2.381335004142816e-05,1,1
gpt4_0613,dd_32872,T3,1,0,4.6968765401318845e-05,1,1
gpt4_0613,dd_32872,T3,2,0,7.15929993983157e-05,1,1
gpt4_0613,dd_32872,T5,1,0,2.9340061643924584e-05,1,1
gpt4_0613,dd_32872,T5,2,0,5.566263200806041e-05,1,1
gpt4_0613,dd_32872,T6,1,0,0.00019233925811039645,1,1
gpt4_0613,dd_32872,T6,2,0,3.932503010268557e-05,1,1
gpt4_0613,dd_33618,T1,1,0,3.948594977156875e-05,1,1
gpt4_0613,dd_33618,T1,2,0,0.005374111354274732,1,1
gpt4_0613,dd_33618,T3,1,0,9.660374590518909e-05,1,1
gpt4_0613,dd_33618,T3,2,0,0.0002790742725588264,1,1
gpt4_0613,dd_33618,T5,1,0,1.7494040966944158e-06,1,1
gpt4_0613,dd_33618,T5,2,0,0.0011354001265421335,1,1
gpt4_0613,dd_33618,T6,1,0,1.0610806604590965e-07,1,1
gpt4_0613,dd_33618,T6,2,0,2.7104336277010493e-05,1,1
gpt4_0613,dd_34148,T1,1,0,3.914759742369604e-06,1,1
gpt4_0613,dd_34148,T1,2,0,3.959113042970445e-05,1,1
gpt4_0613,dd_34148,T3,1,0,8.044406266468602e-06,1,1
gpt4_0613,dd_34148,T3,2,0,0.0001382149429040694,1,1
gpt4_0613,dd_34148,T5,1,0,7.378591553301089e-07,1,1
gpt4_0613,dd_34148,T5,2,0,6.135684625262486e-05,1,1
gpt4_0613,dd_34148,T6,1,0,2.466353316160504e-07,1,1
gpt4_0613,dd_34148,T6,2,0,3.1762771947346275e-06,1,1
gpt4_0613,dd_34460,T1,1,0,2.038362356063677e-10,1,1
gpt4_0613,dd_34460,T1,2,0,3.712501145296467e-09,1,1
gpt4_0613,dd_34460,T3,1,0,2.815780814169282e-10,1,1
gpt4_0613,dd_34460,T3,2,0,8.138189118115504e-09,1,1
gpt4_0613,dd_34460,T5,1,0,3.8019570850011445e-10,1,1
gpt4_0613,dd_34460,T5,2,0,6.351747984771612e-09,1,1
gpt4_0613,dd_34460,T6,1,0,1.2840918581099499e-09,1,1
gpt4_0613,dd_34460,T6,2,0,9.35223256752334e-09,1,1
gpt4_0613,dd_35732,T1,1,0,6.450399684423614e-09,1,1
gpt4_0613,dd_35732,T1,2,0,1.0396156975400889e-07,1,1
gpt4_0613,dd_35732,T3,1,0,1.0758537385569545e-08,1,1
gpt4_0613,dd_35732,T3,2,0,9.977135882962419e-07,1,1
gpt4_0613,dd_35732,T5,1,0,5.649724251067834e-09,1,1
gpt4_0613,dd_35732,T5,2,0,1.464317435600378e-06,1,1
gpt4_0613,dd_35732,T6,1,0,1.502858548300768e-08,1,1
gpt4_0613,dd_35732,T6,2,0,9.59129473451658e-07,1,1
gpt4_0613,dd_36819,T1,1,0,0.010685994305013472,1,1
gpt4_0613,dd_36819,T1,2,0,0.0006194026298551419,1,1
gpt4_0613,dd_36819,T3,1,0,0.008836936273478202,1,1
gpt4_0613,dd_36819,T3,2,0,0.007832457477200792,1,1
gpt4_0613,dd_36819,T5,1,0,0.7940626478496813,1,1
gpt4_0613,dd_36819,T5,2,0,0.006181412791047382,1,1
gpt4_0613,dd_36819,T6,1,0,0.24212443778350534,1,1
gpt4_0613,dd_36819,T6,2,0,0.0021339020195933287,1,1
gpt4_0613,dd_37249,T1,1,0,0.4556499001763363,1,1
gpt4_0613,dd_37249,T1,2,0,0.0014465964373042346,1,1
gpt4_0613,dd_37249,T3,1,0,0.40958698250402364,1,1
gpt4_0613,dd_37249,T3,2,0,0.0006129931143357414,1,1
gpt4_0613,dd_37249,T5,1,0,0.09891495791980486,1,1
gpt4_0613,dd_37249,T5,2,0,0.0011159335607401895,1,1
gpt4_0613,dd_37249,T6,1,0,0.0071887139210680545,1,1
gpt4_0613,dd_37249,T6,2,0,0.00047092571032890666,1,1
gpt4_0613,dd_37490,T1,1,0,0.9999999975200867,1,1
gpt4_0613,dd_37490,T1,2,0,0.999999999349687,1,1
gpt4_0613,dd_37490,T3,1,0,0.9999999965565429,1,1
gpt4_0613,dd_37490,T3,2,0,0.9999999994961182,1,1
gpt4_0613,dd_37490,T5,1,0,0.9999999963089464,1,1
gpt4_0613,dd_37490,T5,2,0,0.9999999994692889,1,1
gpt4_0613,dd_37490,T6,1,0,0.9999857058589224,1,1
gpt4_0613,dd_37490,T6,2,0,0.9999998302067773,1,1
gpt4_0613,dd_38533,T1,1,0,2.3567676494796996e-06,1,1
gpt4_0613,dd_38533,T1,2,0,3.776394242028581e-05,1,1
gpt4_0613,dd_38533,T3,1,0,2.2012610639089404e-06,1,1
gpt4_0613,dd_38533,T3,2,0,1.8152517603487633e-05,1,1
gpt4_0613,dd_38533,T5,1,0,7.84836206653609e-06,1,1
gpt4_0613,dd_38533,T5,2,0,0.00021371996820038726,1,1
gpt4_0613,dd_38533,T6,1,0,7.310527565489244e-06,1,1
gpt4_0613,dd_38533,T6,2,0,5.5888465892964816e-05,1,1
gpt4_0613,dd_39199,T1,1,0,0.9998928635126222,1,1
gpt4_0613,dd_39199,T1,2,0,0.9999782608605206,1,1
gpt4_0613,dd_39199,T3,1,0,0.9994990996592737,1,1
gpt4_0613,dd_39199,T3,2,0,0.9999803187586068,1,1
gpt4_0613,dd_39199,T5,1,0,0.9999367285951262,1,1
gpt4_0613,dd_39199,T5,2,0,0.9999743870522374,1,1
gpt4_0613,dd_39199,T6,1,0,0.999878363676463,1,1
gpt4_0613,dd_39199,T6,2,0,0.9999915628973316,1,1
gpt4_0613,dd_42860,T1,1,0,1.8556276018509068e-07,1,1
gpt4_0613,dd_42860,T1,2,0,8.635435863800657e-08,1,1
gpt4_0613,dd_42860,T3,1,0,2.385490182102218e-07,1,1
gpt4_0613,dd_42860,T3,2,0,6.192733668931755e-08,1,1
gpt4_0613,dd_42860,T5,1,0,3.630473969783354e-08,1,1
gpt4_0613,dd_42860,T5,2,0,8.512826064846613e-07,1,1
gpt4_0613,dd_42860,T6,1,0,3.7649139863154067e-07,1,1
gpt4_0613,dd_42860,T6,2,0,1.4693526097726065e-06,1,1
gpt4_0613,dd_44063,T1,1,0,0.0018419800636886843,1,1
gpt4_0613,dd_44063,T1,2,0,0.039131826511587246,1,1
gpt4_0613,dd_44063,T3,1,0,0.09817384260796942,1,1
gpt4_0613,dd_44063,T3,2,0,0.7762945340718239,1,1
gpt4_0613,dd_44063,T5,1,0,6.141247393574559e-06,1,1
gpt4_0613,dd_44063,T5,2,0,0.00039072254227064427,1,1
gpt4_0613,dd_44063,T6,1,0,0.8800428593577547,1,1
gpt4_0613,dd_44063,T6,2,0,0.1794089324045041,1,1
gpt4_0613,dd_44380,T1,1,0,0.999999900058718,1,1
gpt4_0613,dd_44380,T1,2,0,0.9999999981173588,1,1
gpt4_0613,dd_44380,T3,1,0,0.9999999376382172,1,1
gpt4_0613,dd_44380,T3,2,0,0.9999999968871737,1,1
gpt4_0613,dd_44380,T5,1,0,0.9999999543767194,1,1
gpt4_0613,dd_44380,T5,2,0,0.9999999948108,1,1
gpt4_0613,dd_44380,T6,1,0,0.999999768487919,1,1
gpt4_0613,dd_44380,T6,2,0,0.9999999971447335,1,1
gpt4_0613,dd_45938,T1,1,0,1.5552135402571534e-09,1,1
gpt4_0613,dd_45938,T1,2,0,2.3275098902004582e-09,1,1
gpt4_0613,dd_45938,T3,1,0,2.0097229179355137e-09,1,1
gpt4_0613,dd_45938,T3,2,0,5.817814562204997e-09,1,1
gpt4_0613,dd_45938,T5,1,0,8.602007432443584e-10,1,1
gpt4_0613,dd_45938,T5,2,0,7.274470639474774e-09,1,1
gpt4_0613,dd_45938,T6,1,0,1.454486765657743e-09,1,1
gpt4_0613,dd_45938,T6,2,0,6.5667782066863265e-09,1,1
gpt4_0613,dd_46859,T1,1,0,3.793166268155918e-09,1,1
gpt4_0613,dd_46859,T1,2,0,1.205127758456762e-08,1,1
gpt4_0613,dd_46859,T3,1,0,2.077795955401024e-09,1,1
gpt4_0613,dd_46859,T3,2,0,4.4473706116616716e-09,1,1
gpt4_0613,dd_46859,T5,1,0,3.780683673212341e-09,1,1
gpt4_0613,dd_46859,T5,2,0,3.4412068215451174e-08,1,1
gpt4_0613,dd_46859,T6,1,0,9.02333583052533e-09,1,1
gpt4_0613,dd_46859,T6,2,0,5.724173952682917e-08,1,1
gpt4_0613,dd_47886,T1,1,0,0.12439050870567199,1,1
gpt4_0613,dd_47886,T1,2,0,0.9821717785875881,1,1
gpt4_0613,dd_47886,T3,1,0,0.34219749628765594,1,1
gpt4_0613,dd_47886,T3,2,0,0.27114159595048637,1,1
gpt4_0613,dd_47886,T5,1,0,0.5038918669432282,1,1
gpt4_0613,dd_47886,T5,2,0,0.8255493296323089,1,1
gpt4_0613,dd_47886,T6,1,0,0.002361659601971241,1,1
gpt4_0613,dd_47886,T6,2,0,0.3543606233063625,1,1
gpt4_0613,dd_5570,T1,1,0,0.9999999880323679,1,1
gpt4_0613,dd_5570,T1,2,0,0.9999999950620116,1,1
gpt4_0613,dd_5570,T3,1,0,0.9999999772812451,1,1
gpt4_0613,dd_5570,T3,2,0,0.999999998690475,1,1
gpt4_0613,dd_5570,T5,1,0,0.9999999839080338,1,1
gpt4_0613,dd_5570,T5,2,0,0.9999999959061706,1,1
gpt4_0613,dd_5570,T6,1,0,0.9999999640512058,1,1
gpt4_0613,dd_5570,T6,2,0,0.9999999951522605,1,1
gpt4_0613,dd_6488,T1,1,0,1.8856698202295536e-09,1,1
gpt4_0613,dd_6488,T1,2,0,5.335915261587711e-08,1,1
gpt4_0613,dd_6488,T3,1,0,9.739754929597713e-10,1,1
gpt4_0613,dd_6488,T3,2,0,5.7883818643558116e-08,1,1
gpt4_0613,dd_6488,T5,1,0,1.8510255969813363e-09,1,1
gpt4_0613,dd_6488,T5,2,0,5.563886010264531e-08,1,1
gpt4_0613,dd_6488,T6,1,0,1.0624641322134558e-09,1,1
gpt4_0613,dd_6488,T6,2,0,1.1694663250375057e-07,1,1
gpt4_0613,dd_6826,T1,1,0,0.9999879483094303,1,1
gpt4_0613,dd_6826,T1,2,0,0.9999972186236422,1,1
gpt4_0613,dd_6826,T3,1,0,0.9999759733906447,1,1
gpt4_0613,dd_6826,T3,2,0,0.9998922508390495,1,1
gpt4_0613,dd_6826,T5,1,0,0.9999800353818543,1,1
gpt4_0613,dd_6826,T5,2,0,0.9999989119304826,1,1
gpt4_0613,dd_6826,T6,1,0,0.9995675614824554,1,1
gpt4_0613,dd_6826,T6,2,0,0.9998655408478763,1,1
gpt4_0613,dd_6868,T1,1,0,4.896983266130972e-06,1,1
gpt4_0613,dd_6868,T1,2,0,2.726716953441492e-05,1,1
gpt4_0613,dd_6868,T3,1,0,0.00113191165011803,1,1
gpt4_0613,dd_6868,T3,2,0,0.0036018352043369465,1,1
gpt4_0613,dd_6868,T5,1,0,2.847886984682613e-06,1,1
gpt4_0613,dd_6868,T5,2,0,0.00018681145822627078,1,1
gpt4_0613,dd_6868,T6,1,0,1.643569679002592e-06,1,1
gpt4_0613,dd_6868,T6,2,0,2.894460475306637e-05,1,1
gpt4_0613,dd_7687,T1,1,0,0.9999999389029965,1,1
gpt4_0613,dd_7687,T1,2,0,0.9999999877984366,1,1
gpt4_0613,dd_7687,T3,1,0,0.9999999816583952,1,1
gpt4_0613,dd_7687,T3,2,0,0.9999999932355319,1,1
gpt4_0613,dd_7687,T5,1,0,0.9999999805835744,1,1
gpt4_0613,dd_7687,T5,2,0,0.999999994638247,1,1
gpt4_0613,dd_7687,T6,1,0,0.9999999856280188,1,1
gpt4_0613,dd_7687,T6,2,0,0.9999999944206448,1,1
gpt4_0613,dd_8580,T1,1,0,5.3757988792169446e-08,1,1
gpt4_0613,dd_8580,T1,2,0,4.130830335179259e-06,1,1
gpt4_0613,dd_8580,T3,1,0,5.519138278984473e-09,1,1
gpt4_0613,dd_8580,T3,2,0,1.585486367363386e-06,1,1
gpt4_0613,dd_8580,T5,1,0,3.0395130899859855e-08,1,1
gpt4_0613,dd_8580,T5,2,0,4.61319551234826e-06,1,1
gpt4_0613,dd_8580,T6,1,0,2.025526088931393e-08,1,1
gpt4_0613,dd_8580,T6,2,0,1.8754274212684882e-06,1,1
gpt4_0613,dd_9595,T1,1,0,0.9999439844713526,1,1
gpt4_0613,dd_9595,T1,2,0,0.999999077743666,1,1
gpt4_0613,dd_9595,T3,1,0,0.9999832531821022,1,1
gpt4_0613,dd_9595,T3,2,0,0.9999999197537317,1,1
gpt4_0613,dd_9595,T5,1,0,0.9999721542886244,1,1
gpt4_0613,dd_9595,T5,2,0,0.9999976618944395,1,1
gpt4_0613,dd_9595,T6,1,0,0.9997097611467566,1,1
gpt4_0613,dd_9595,T6,2,0,0.9999987699165072,1,1
gpt4_0613,dd_9899,T1,1,0,0.9998178188784554,1,1
gpt4_0613,dd_9899,T1,2,0,0.9999998465155795,1,1
gpt4_0613,dd_9899,T3,1,0,0.9990221468892163,1,1
gpt4_0613,dd_9899,T3,2,0,0.9999998315331405,1,1
gpt4_0613,dd_9899,T5,1,0,0.999882007018811,1,1
gpt4_0613,dd_9899,T5,2,0,0.9999998367891672,1,1
gpt4_0613,dd_9899,T6,1,0,0.9935060958529104,1,1
gpt4_0613,dd_9899,T6,2,0,0.9999996174308913,1,1
gpt4_0613,dd_9955,T1,1,0,0.531692392116164,1,1
gpt4_0613,dd_9955,T1,2,0,0.09243657582586394,1,1
gpt4_0613,dd_9955,T3,1,0,0.9999043483409474,1,1
gpt4_0613,dd_9955,T3,2,0,0.9691647137800926,1,1
gpt4_0613,dd_9955,T5,1,0,0.9708567294021193,1,1
gpt4_0613,dd_9955,T5,2,0,0.20166825278604436,1,1
gpt4_0613,dd_9955,T6,1,0,0.023897382515300575,1,1
gpt4_0613,dd_9955,T6,2,0,0.011650193499208242,1,1
gpt4_0613,mc_C_034,T1,1,0,0.9999999952055678,1,1
gpt4_0613,mc_C_034,T1,2,0,0.9999999985129431,1,1
gpt4_0613,mc_C_034,T3,1,0,0.9999999961523877,1,1
gpt4_0613,mc_C_034,T3,2,0,0.9999999993147869,1,1
gpt4_0613,mc_C_034,T5,1,0,0.9999999863913236,1,1
gpt4_0613,mc_C_034,T5,2,0,0.9999999974165354,1,1
gpt4_0613,mc_C_034,T6,1,0,0.9999931644826315,1,1
gpt4_0613,mc_C_034,T6,2,0,0.9999999934583151,1,1
gpt4_0613,mc_C_1095,T1,1,0,0.9999999987277192,1,1
gpt4_0613,mc_C_1095,T1,2,0,0.9999999994728426,1,1
gpt4_0613,mc_C_1095,T3,1,0,0.999999998299924,1,1
gpt4_0613,mc_C_1095,T3,2,0,0.9999999994834139,1,1
gpt4_0613,mc_C_1095,T5,1,0,0.999999997990512,1,1
gpt4_0613,mc_C_1095,T5,2,0,0.9999999986919276,1,1
gpt4_0613,mc_C_1095,T6,1,0,0.9997206892945144,1,1
gpt4_0613,mc_C_1095,T6,2,0,0.9999960900742453,1,1
gpt4_0613,mc_C_1216,T1,1,0,0.9999999969895567,1,1
gpt4_0613,mc_C_1216,T1,2,0,0.9999999985497953,1,1
gpt4_0613,mc_C_1216,T3,1,0,0.9999999964927753,1,1
gpt4_0613,mc_C_1216,T3,2,0,0.9999999992520906,1,1
gpt4_0613,mc_C_1216,T5,1,0,0.9999999982458465,1,1
gpt4_0613,mc_C_1216,T5,2,0,0.9999999976626566,1,1
gpt4_0613,mc_C_1216,T6,1,0,0.9999950685650336,1,1
gpt4_0613,mc_C_1216,T6,2,0,0.9999999884785181,1,1
gpt4_0613,mc_C_183,T1,1,0,0.9999999941719895,1,1
gpt4_0613,mc_C_183,T1,2,0,0.9999999993766716,1,1
gpt4_0613,mc_C_183,T3,1,0,0.9999999915923486,1,1
gpt4_0613,mc_C_183,T3,2,0,0.9999999994441072,1,1
gpt4_0613,mc_C_183,T5,1,0,0.9999999944384228,1,1
gpt4_0613,mc_C_183,T5,2,0,0.9999999989286263,1,1
gpt4_0613,mc_C_183,T6,1,0,0.999995540775309,1,1
gpt4_0613,mc_C_183,T6,2,0,0.9999999620556032,1,1
gpt4_0613,mc_C_291,T1,1,0,0.9999999967712007,1,1
gpt4_0613,mc_C_291,T1,2,0,0.9999999995312129,1,1
gpt4_0613,mc_C_291,T3,1,0,0.9999999977553486,1,1
gpt4_0613,mc_C_291,T3,2,0,0.999999999489323,1,1
gpt4_0613,mc_C_291,T5,1,0,0.9999999950845533,1,1
gpt4_0613,mc_C_291,T5,2,0,0.9999999989204852,1,1
gpt4_0613,mc_C_291,T6,1,0,0.9994925214251926,1,1
gpt4_0613,mc_C_291,T6,2,0,0.9999997746943018,1,1
gpt4_0613,mc_C_467,T1,1,0,0.9999999817854903,1,1
gpt4_0613,mc_C_467,T1,2,0,0.9999999992334819,1,1
gpt4_0613,mc_C_467,T3,1,0,0.9999999954902923,1,1
gpt4_0613,mc_C_467,T3,2,0,0.9999999995452382,1,1
gpt4_0613,mc_C_467,T5,1,0,0.9999999641223097,1,1
gpt4_0613,mc_C_467,T5,2,0,0.9999999943286109,1,1
gpt4_0613,mc_C_467,T6,1,0,0.999989566642604,1,1
gpt4_0613,mc_C_467,T6,2,0,0.9999999880147471,1,1
gpt4_0613,mc_C_527,T1,1,0,0.9999999961098148,1,1
gpt4_0613,mc_C_527,T1,2,0,0.9999999995272743,1,1
gpt4_0613,mc_C_527,T3,1,0,0.9999999923829908,1,1
gpt4_0613,mc_C_527,T3,2,0,0.9999999987361804,1,1
gpt4_0613,mc_C_527,T5,1,0,0.9999999905659043,1,1
gpt4_0613,mc_C_527,T5,2,0,0.999999996822865,1,1
gpt4_0613,mc_C_527,T6,1,0,0.9999807858485323,1,1
gpt4_0613,mc_C_527,T6,2,0,0.9999999977889791,1,1
gpt4_0613,mc_C_675,T1,1,0,0.999999996452145,1,1
gpt4_0613,mc_C_675,T1,2,0,0.9999999988512265,1,1
gpt4_0613,mc_C_675,T3,1,0,0.9999999980455534,1,1
gpt4_0613,mc_C_675,T3,2,0,0.9999999992788468,1,1
gpt4_0613,mc_C_675,T5,1,0,0.9999999935414313,1,1
gpt4_0613,mc_C_675,T5,2,0,0.9999999990862256,1,1
gpt4_0613,mc_C_675,T6,1,0,0.9999999704798432,1,1
gpt4_0613,mc_C_675,T6,2,0,0.9999999959449456,1,1
gpt4_0613,mc_C_772,T1,1,0,0.9999999923075088,1,1
gpt4_0613,mc_C_772,T1,2,0,0.9999999989419219,1,1
gpt4_0613,mc_C_772,T3,1,0,0.9999999958583752,1,1
gpt4_0613,mc_C_772,T3,2,0,0.9999999991128684,1,1
gpt4_0613,mc_C_772,T5,1,0,0.9999999930610431,1,1
gpt4_0613,mc_C_772,T5,2,0,0.9999999990978466,1,1
gpt4_0613,mc_C_772,T6,1,0,0.9999999430833794,1,1
gpt4_0613,mc_C_772,T6,2,0,0.9999999986031428,1,1
gpt4_0613,mc_C_941,T1,1,0,0.9999999945989819,1,1
gpt4_0613,mc_C_941,T1,2,0,0.9999999983376839,1,1
gpt4_0613,mc_C_941,T3,1,0,0.9999999977231376,1,1
gpt4_0613,mc_C_941,T3,2,0,0.9999999987513355,1,1
gpt4_0613,mc_C_941,T5,1,0,0.9999999863271922,1,1
gpt4_0613,mc_C_941,T5,2,0,0.9999999979775925,1,1
gpt4_0613,mc_C_941,T6,1,0,0.9984021121904777,1,1
gpt4_0613,mc_C_941,T6,2,0,0.9999999953894959,1,1
gpt4_0613,mc_G_005,T1,1,0,0.9999999377323627,1,1
gpt4_0613,mc_G_005,T1,2,0,0.9999999984681487,1,1
gpt4_0613,mc_G_005,T3,1,0,0.9999999161034342,1,1
gpt4_0613,mc_G_005,T3,2,0,0.9999999966328831,1,1
gpt4_0613,mc_G_005,T5,1,0,0.9999999305267644,1,1
gpt4_0613,mc_G_005,T5,2,0,0.9999999994958162,1,1
gpt4_0613,mc_G_005,T6,1,0,0.9983139935125541,1,1
gpt4_0613,mc_G_005,T6,2,0,0.9999999920770111,1,1
gpt4_0613,mc_G_037,T1,1,0,0.9999984784920412,1,1
gpt4_0613,mc_G_037,T1,2,0,0.9999999850276751,1,1
gpt4_0613,mc_G_037,T3,1,0,0.9998952240712419,1,1
gpt4_0613,mc_G_037,T3,2,0,0.9999010237886906,1,1
gpt4_0613,mc_G_037,T5,1,0,0.9999967563269527,1,1
gpt4_0613,mc_G_037,T5,2,0,0.9999999835466107,1,1
gpt4_0613,mc_G_037,T6,1,0,0.9999835264300662,1,1
gpt4_0613,mc_G_037,T6,2,0,0.9999999182191242,1,1
gpt4_0613,mc_G_064,T1,1,0,5.939007053727478e-10,1,1
gpt4_0613,mc_G_064,T1,2,0,3.776466880303336e-09,1,1
gpt4_0613,mc_G_064,T3,1,0,3.7452625391046e-10,1,1
gpt4_0613,mc_G_064,T3,2,0,2.127539298524769e-09,1,1
gpt4_0613,mc_G_064,T5,1,0,2.7721545614851414e-10,1,1
gpt4_0613,mc_G_064,T5,2,0,4.753247981625875e-09,1,1
gpt4_0613,mc_G_064,T6,1,0,8.745913814898857e-10,1,1
gpt4_0613,mc_G_064,T6,2,0,2.9889206483422505e-08,1,1
gpt4_0613,mc_G_086,T1,1,0,0.9999996641231739,1,1
gpt4_0613,mc_G_086,T1,2,0,0.999999984238678,1,1
gpt4_0613,mc_G_086,T3,1,0,0.9999993819973199,1,1
gpt4_0613,mc_G_086,T3,2,0,0.9999999557414286,1,1
gpt4_0613,mc_G_086,T5,1,0,0.9999998901052924,1,1
gpt4_0613,mc_G_086,T5,2,0,0.9999999825522475,1,1
gpt4_0613,mc_G_086,T6,1,0,0.9999945504165996,1,1
gpt4_0613,mc_G_086,T6,2,0,0.9999999779766733,1,1
gpt4_0613,mc_G_112,T1,1,0,0.017643269113054114,1,1
gpt4_0613,mc_G_112,T1,2,0,0.9120513687797426,1,1
gpt4_0613,mc_G_112,T3,1,0,0.9998977185036739,1,1
gpt4_0613,mc_G_112,T3,2,0,0.9998594620383077,1,1
gpt4_0613,mc_G_112,T5,1,0,0.0006627743846515858,1,1
gpt4_0613,mc_G_112,T5,2,0,0.004396038147033972,1,1
gpt4_0613,mc_G_112,T6,1,0,0.0005495457515954188,1,1
gpt4_0613,mc_G_112,T6,2,0,0.10641586030568337,1,1
gpt4_0613,mc_G_135,T1,1,0,0.9999983019783036,1,1
gpt4_0613,mc_G_135,T1,2,0,0.9999999703147077,1,1
gpt4_0613,mc_G_135,T3,1,0,0.9999998208819877,1,1
gpt4_0613,mc_G_135,T3,2,0,0.9999999807188903,1,1
gpt4_0613,mc_G_135,T5,1,0,0.9999923955794654,1,1
gpt4_0613,mc_G_135,T5,2,0,0.9999998652832093,1,1
gpt4_0613,mc_G_135,T6,1,0,0.9996594850459734,1,1
gpt4_0613,mc_G_135,T6,2,0,0.9999992175422611,1,1
gpt4_0613,mc_G_156,T1,1,0,3.154584724551768e-07,1,1
gpt4_0613,mc_G_156,T1,2,0,2.99023742433846e-08,1,1
gpt4_0613,mc_G_156,T3,1,0,3.611058108088372e-08,1,1
gpt4_0613,mc_G_156,T3,2,0,7.135263380142476e-09,1,1
gpt4_0613,mc_G_156,T5,1,0,4.4243105201680066e-07,1,1
gpt4_0613,mc_G_156,T5,2,0,3.805389670041848e-08,1,1
gpt4_0613,mc_G_156,T6,1,0,1.042860307109983e-06,1,1
gpt4_0613,mc_G_156,T6,2,0,8.1442454002989e-08,1,1
gpt4_0613,mc_G_179,T1,1,0,2.003977372933008e-08,1,1
gpt4_0613,mc_G_179,T1,2,0,1.5112956441853953e-09,1,1
gpt4_0613,mc_G_179,T3,1,0,1.513533376407139e-08,1,1
gpt4_0613,mc_G_179,T3,2,0,1.217420719790141e-09,1,1
gpt4_0613,mc_G_179,T5,1,0,3.7205170944076826e-08,1,1
gpt4_0613,mc_G_179,T5,2,0,2.0314596671511254e-09,1,1
gpt4_0613,mc_G_179,T6,1,0,5.348676213046133e-08,1,1
gpt4_0613,mc_G_179,T6,2,0,2.8668054596892034e-09,1,1
gpt4_0613,mc_G_186,T1,1,0,2.1294483170044582e-07,1,1
gpt4_0613,mc_G_186,T1,2,0,3.226509980357807e-06,1,1
gpt4_0613,mc_G_186,T3,1,0,1.8142621399778814e-07,1,1
gpt4_0613,mc_G_186,T3,2,0,1.336882633026938e-06,1,1
gpt4_0613,mc_G_186,T5,1,0,7.73031838140765e-08,1,1
gpt4_0613,mc_G_186,T5,2,0,7.308730318353213e-06,1,1
gpt4_0613,mc_G_186,T6,1,0,2.0060501994883787e-07,1,1
gpt4_0613,mc_G_186,T6,2,0,9.46604242703625e-06,1,1
gpt4_0613,mc_G_235,T1,1,0,0.9999999921695498,1,1
gpt4_0613,mc_G_235,T1,2,0,0.9999999977779447,1,1
gpt4_0613,mc_G_235,T3,1,0,0.9999999978418095,1,1
gpt4_0613,mc_G_235,T3,2,0,0.9999999987565686,1,1
gpt4_0613,mc_G_235,T5,1,0,0.9999999720533388,1,1
gpt4_0613,mc_G_235,T5,2,0,0.9999999860587431,1,1
gpt4_0613,mc_G_235,T6,1,0,0.999999881765501,1,1
gpt4_0613,mc_G_235,T6,2,0,0.9999999845761033,1,1
gpt4_0613,mc_G_236,T1,1,0,0.7896290571040933,1,1
gpt4_0613,mc_G_236,T1,2,0,0.0016989456707168227,1,1
gpt4_0613,mc_G_236,T3,1,0,0.15902395424708826,1,1
gpt4_0613,mc_G_236,T3,2,0,0.0029687683638044415,1,1
gpt4_0613,mc_G_236,T5,1,0,0.7073043971567209,1,1
gpt4_0613,mc_G_236,T5,2,0,0.0020075820700425906,1,1
gpt4_0613,mc_G_236,T6,1,0,0.9960758840493678,1,1
gpt4_0613,mc_G_236,T6,2,0,0.012369955026811486,1,1
gpt4_0613,mc_G_288,T1,1,0,0.9999412484427321,1,1
gpt4_0613,mc_G_288,T1,2,0,0.9999026350063466,1,1
gpt4_0613,mc_G_288,T3,1,0,0.8573923452686512,1,1
gpt4_0613,mc_G_288,T3,2,0,0.9999597909134913,1,1
gpt4_0613,mc_G_288,T5,1,0,0.9999626401271084,1,1
gpt4_0613,mc_G_288,T5,2,0,0.9999485161634536,1,1
gpt4_0613,mc_G_288,T6,1,0,0.9997318853097918,1,1
gpt4_0613,mc_G_288,T6,2,0,0.999715627111545,1,1
gpt4_0613,mc_G_302,T1,1,0,0.6658783587568681,1,1
gpt4_0613,mc_G_302,T1,2,0,0.9999423147827338,1,1
gpt4_0613,mc_G_302,T3,1,0,0.5360681518874132,1,1
gpt4_0613,mc_G_302,T3,2,0,0.9999851758789688,1,1
gpt4_0613,mc_G_302,T5,1,0,0.027291705597285148,1,1
gpt4_0613,mc_G_302,T5,2,0,0.9999913597061587,1,1
gpt4_0613,mc_G_302,T6,1,0,0.0022047436486934756,1,1
gpt4_0613,mc_G_302,T6,2,0,0.9999427011971787,1,1
gpt4_0613,mc_G_365,T1,1,0,0.9998829164948263,1,1
gpt4_0613,mc_G_365,T1,2,0,0.9999773820682063,1,1
gpt4_0613,mc_G_365,T3,1,0,0.9418453247536532,1,1
gpt4_0613,mc_G_365,T3,2,0,0.9997995268827592,1,1
gpt4_0613,mc_G_365,T5,1,0,0.9997969703530682,1,1
gpt4_0613,mc_G_365,T5,2,0,0.9999849726678773,1,1
gpt4_0613,mc_G_365,T6,1,0,0.9999730258764736,1,1
gpt4_0613,mc_G_365,T6,2,0,0.999999131112354,1,1
gpt4_0613,mc_G_373,T1,1,0,1.2111485213981467e-09,1,1
gpt4_0613,mc_G_373,T1,2,0,1.2981034376180469e-08,1,1
gpt4_0613,mc_G_373,T3,1,0,1.1239588049917405e-09,1,1
gpt4_0613,mc_G_373,T3,2,0,2.3605957106025492e-08,1,1
gpt4_0613,mc_G_373,T5,1,0,2.666515846796743e-09,1,1
gpt4_0613,mc_G_373,T5,2,0,1.7012226232458643e-08,1,1
gpt4_0613,mc_G_373,T6,1,0,2.0345022969424417e-09,1,1
gpt4_0613,mc_G_373,T6,2,0,1.8514975957926215e-08,1,1
gpt4_0613,mc_G_385,T1,1,0,0.9999994788901372,1,1
gpt4_0613,mc_G_385,T1,2,0,0.9999999517363991,1,1
gpt4_0613,mc_G_385,T3,1,0,0.9999992103446214,1,1
gpt4_0613,mc_G_385,T3,2,0,0.9999999107426796,1,1
gpt4_0613,mc_G_385,T5,1,0,0.99999925691828,1,1
gpt4_0613,mc_G_385,T5,2,0,0.9999998861478474,1,1
gpt4_0613,mc_G_385,T6,1,0,0.9999984369738831,1,1
gpt4_0613,mc_G_385,T6,2,0,0.9999999092453015,1,1
gpt4_0613,mc_G_397,T1,1,0,1.9167516684959196e-08,1,1
gpt4_0613,mc_G_397,T1,2,0,2.7096810351068257e-09,1,1
gpt4_0613,mc_G_397,T3,1,0,7.328413986762428e-09,1,1
gpt4_0613,mc_G_397,T3,2,0,6.626408310950183e-10,1,1
gpt4_0613,mc_G_397,T5,1,0,4.394851638167552e-08,1,1
gpt4_0613,mc_G_397,T5,2,0,1.0184118215406102e-08,1,1
gpt4_0613,mc_G_397,T6,1,0,5.511940870395193e-08,1,1
gpt4_0613,mc_G_397,T6,2,0,5.250828105651806e-09,1,1
gpt4_0613,mc_G_431,T1,1,0,0.9999998651683656,1,1
gpt4_0613,mc_G_431,T1,2,0,0.9999999979819773,1,1
gpt4_0613,mc_G_431,T3,1,0,0.9999999171052696,1,1
gpt4_0613,mc_G_431,T3,2,0,0.9999999987134107,1,1
gpt4_0613,mc_G_431,T5,1,0,0.9999998817668778,1,1
gpt4_0613,mc_G_431,T5,2,0,0.9999999956181579,1,1
gpt4_0613,mc_G_431,T6,1,0,0.9999984594681159,1,1
gpt4_0613,mc_G_431,T6,2,0,0.9999999950529314,1,1
gpt4_0613,mc_G_453,T1,1,0,0.9999911971340952,1,1
gpt4_0613,mc_G_453,T1,2,0,0.9999944221303766,1,1
gpt4_0613,mc_G_453,T3,1,0,0.999985341756202,1,1
gpt4_0613,mc_G_453,T3,2,0,0.9999936575861141,1,1
gpt4_0613,mc_G_453,T5,1,0,0.9999932505349839,1,1
gpt4_0613,mc_G_453,T5,2,0,0.9999647478558984,1,1
gpt4_0613,mc_G_453,T6,1,0,0.9999519409327695,1,1
gpt4_0613,mc_G_453,T6,2,0,0.9999827496189222,1,1
gpt4_0613,mc_G_492,T1,1,0,0.9999999707236138,1,1
gpt4_0613,mc_G_492,T1,2,0,0.9999999972611401,1,1
gpt4_0613,mc_G_492,T3,1,0,0.9999999829420476,1,1
gpt4_0613,mc_G_492,T3,2,0,0.9999999986242184,1,1
gpt4_0613,mc_G_492,T5,1,0,0.9999999865040524,1,1
gpt4_0613,mc_G_492,T5,2,0,0.9999999987836137,1,1
gpt4_0613,mc_G_492,T6,1,0,0.9999999728213118,1,1
gpt4_0613,mc_G_492,T6,2,0,0.9999999991717327,1,1
gpt4_0613,mc_G_572,T1,1,0,0.16117243151452149,1,1
gpt4_0613,mc_G_572,T1,2,0,0.9506796019365509,1,1
gpt4_0613,mc_G_572,T3,1,0,0.07280314265549889,1,1
gpt4_0613,mc_G_572,T3,2,0,0.9768731489340801,1,1
gpt4_0613,mc_G_572,T5,1,0,0.9636634475262826,1,1
gpt4_0613,mc_G_572,T5,2,0,0.9993397308996457,1,1
gpt4_0613,mc_G_572,T6,1,0,0.15384191560543015,1,1
gpt4_0613,mc_G_572,T6,2,0,0.9989105635435247,1,1
gpt4_0613,mc_G_595,T1,1,0,0.003161632363687436,1,1
gpt4_0613,mc_G_595,T1,2,0,0.05478728302786172,1,1
gpt4_0613,mc_G_595,T3,1,0,0.0057520203762996295,1,1
gpt4_0613,mc_G_595,T3,2,0,0.02405525325661093,1,1
gpt4_0613,mc_G_595,T5,1,0,0.0020253191861920794,1,1
gpt4_0613,mc_G_595,T5,2,0,0.07492668650584201,1,1
gpt4_0613,mc_G_595,T6,1,0,0.015378246962542079,1,1
gpt4_0613,mc_G_595,T6,2,0,0.2437046432178526,1,1
gpt4_0613,mc_G_601,T1,1,0,0.9983435560704584,1,1
gpt4_0613,mc_G_601,T1,2,0,0.9709061725400242,1,1
gpt4_0613,mc_G_601,T3,1,0,0.9324894628537636,1,1
gpt4_0613,mc_G_601,T3,2,0,0.382810858974334,1,1
gpt4_0613,mc_G_601,T5,1,0,0.9991136734930354,1,1
gpt4_0613,mc_G_601,T5,2,0,0.9864823568164381,1,1
gpt4_0613,mc_G_601,T6,1,0,0.9989955145407189,1,1
gpt4_0613,mc_G_601,T6,2,0,0.8779486672612669,1,1
gpt4_0613,mc_H_035,T1,1,0,2.8990198377733486e-08,1,1
gpt4_0613,mc_H_035,T1,2,0,3.7876962730682336e-07,1,1
gpt4_0613,mc_H_035,T3,1,0,3.88374094159469e-08,1,1
gpt4_0613,mc_H_035,T3,2,0,1.4722897472262812e-07,1,1
gpt4_0613,mc_H_035,T5,1,0,3.508725702193398e-08,1,1
gpt4_0613,mc_H_035,T5,2,0,7.567851480316842e-07,1,1
gpt4_0613,mc_H_035,T6,1,0,3.437660051022777e-07,1,1
gpt4_0613,mc_H_035,T6,2,0,3.6366629814167865e-06,1,1
gpt4_0613,mc_H_044,T1,1,0,1.8045277479394883e-05,1,1
gpt4_0613,mc_H_044,T1,2,0,4.390344985982786e-05,1,1
gpt4_0613,mc_H_044,T3,1,0,0.00013401063460716234,1,1
gpt4_0613,mc_H_044,T3,2,0,0.027562883817981443,1,1
gpt4_0613,mc_H_044,T5,1,0,3.39048002115927e-05,1,1
gpt4_0613,mc_H_044,T5,2,0,0.0001873437674235756,1,1
gpt4_0613,mc_H_044,T6,1,0,2.2160904212698007e-05,1,1
gpt4_0613,mc_H_044,T6,2,0,2.2004051181023776e-05,1,1
gpt4_0613,mc_H_049,T1,1,0,0.0003333839558620224,1,1
gpt4_0613,mc_H_049,T1,2,0,0.0010744111999167714,1,1
gpt4_0613,mc_H_049,T3,1,0,0.0005026605843783239,1,1
gpt4_0613,mc_H_049,T3,2,0,0.0002475425727592899,1,1
gpt4_0613,mc_H_049,T5,1,0,0.0016411721382699313,1,1
gpt4_0613,mc_H_049,T5,2,0,0.05055207525226203,1,1
gpt4_0613,mc_H_049,T6,1,0,0.006571107030005993,1,1
gpt4_0613,mc_H_049,T6,2,0,0.6054473487901281,1,1
gpt4_0613,mc_H_060,T1,1,0,0.9999823082823075,1,1
gpt4_0613,mc_H_060,T1,2,0,0.9999917631670162,1,1
gpt4_0613,mc_H_060,T3,1,0,0.9999877125194164,1,1
gpt4_0613,mc_H_060,T3,2,0,0.9999630955060116,1,1
gpt4_0613,mc_H_060,T5,1,0,0.9998815870096377,1,1
gpt4_0613,mc_H_060,T5,2,0,0.9997871252742678,1,1
gpt4_0613,mc_H_060,T6,1,0,0.9980604145728215,1,1
gpt4_0613,mc_H_060,T6,2,0,0.9998789449208776,1,1
gpt4_0613,mc_H_066,T1,1,0,1.6252104874103706e-09,1,1
gpt4_0613,mc_H_066,T1,2,0,7.777860746555565e-09,1,1
gpt4_0613,mc_H_066,T3,1,0,1.1801845946188884e-09,1,1
gpt4_0613,mc_H_066,T3,2,0,7.449008434947218e-09,1,1
gpt4_0613,mc_H_066,T5,1,0,2.585137182511956e-09,1,1
gpt4_0613,mc_H_066,T5,2,0,2.0356894999514572e-08,1,1
gpt4_0613,mc_H_066,T6,1,0,1.5574252565249094e-09,1,1
gpt4_0613,mc_H_066,T6,2,0,4.418350833158076e-08,1,1
gpt4_0613,mc_H_072,T1,1,0,2.750839922516235e-08,1,1
gpt4_0613,mc_H_072,T1,2,0,2.583996128180388e-09,1,1
gpt4_0613,mc_H_072,T3,1,0,2.2081501405146753e-08,1,1
gpt4_0613,mc_H_072,T3,2,0,2.910541363476682e-09,1,1
gpt4_0613,mc_H_072,T5,1,0,4.435673184310929e-08,1,1
gpt4_0613,mc_H_072,T5,2,0,2.405597832044748e-09,1,1
gpt4_0613,mc_H_072,T6,1,0,2.6191754987081595e-08,1,1
gpt4_0613,mc_H_072,T6,2,0,1.4269903036989717e-09,1,1
gpt4_0613,mc_H_073,T1,1,0,5.13435007842844e-08,1,1
gpt4_0613,mc_H_073,T1,2,0,1.979920338790464e-09,1,1
gpt4_0613,mc_H_073,T3,1,0,2.2844435232372007e-08,1,1
gpt4_0613,mc_H_073,T3,2,0,3.0943970719121694e-09,1,1
gpt4_0613,mc_H_073,T5,1,0,6.772563387880126e-08,1,1
gpt4_0613,mc_H_073,T5,2,0,2.4917485852427035e-09,1,1
gpt4_0613,mc_H_073,T6,1,0,7.198312179657052e-08,1,1
gpt4_0613,mc_H_073,T6,2,0,4.440089407253822e-09,1,1
gpt4o,dd_0107,T0,1,0,4.546831871019581e-08,1,1
gpt4o,dd_0107,T0,2,0,3.2058291505205993e-07,1,1
gpt4o,dd_0107,T1,1,0,1.336388345724204e-07,1,1
gpt4o,dd_0107,T1,2,0,2.0462924567767268e-05,1,1
gpt4o,dd_0107,T3,1,0,4.2958130222736785e-09,1,1
gpt4o,dd_0107,T3,2,0,7.496459651029485e-08,1,1
gpt4o,dd_0107,T5,1,0,1.414475429139915e-06,1,1
gpt4o,dd_0107,T5,2,0,0.0001253374621214338,1,1
gpt4o,dd_0107,T6,1,0,3.2058291507356885e-07,1,1
gpt4o,dd_0107,T6,2,0,9.874638847797929e-07,1,1
gpt4o,dd_0283,T0,1,0,2.2766975038167163e-10,1,1
gpt4o,dd_0283,T0,2,0,2.861628401790099e-09,1,1
gpt4o,dd_0283,T1,1,0,2.8780153143146373e-10,1,1
gpt4o,dd_0283,T1,2,0,7.0825982852718314e-09,1,1
gpt4o,dd_0283,T3,1,0,8.50739702109946e-11,1,1
gpt4o,dd_0283,T3,2,0,4.16364475101015e-09,1,1
gpt4o,dd_0283,T5,1,0,1.718541437729366e-10,1,1
gpt4o,dd_0283,T5,2,0,2.061153618168931e-09,1,1
gpt4o,dd_0283,T6,1,0,3.063631354788509e-10,1,1
gpt4o,dd_0283,T6,2,0,1.6822645551556992e-09,1,1
gpt4o,dd_11241,T0,1,0,5.391082218661535e-05,1,1
gpt4o,dd_11241,T0,2,0,0.0008559004541837114,1,1
gpt4o,dd_11241,T1,1,0,2.7264701469718504e-06,1,1
gpt4o,dd_11241,T1,2,0,7.141903590525307e-05,1,1
gpt4o,dd_11241,T3,1,0,2.406101370042274e-06,1,1
gpt4o,dd_11241,T3,2,0,0.0005614786799937514,1,1
gpt4o,dd_11241,T5,1,0,6.78673388975594e-07,1,1
gpt4o,dd_11241,T5,2,0,1.1300807816641142e-05,1,1
gpt4o,dd_11241,T6,1,0,1.370956654872367e-06,1,1
gpt4o,dd_11241,T6,2,0,1.1478770332959277e-05,1,1
gpt4o,dd_13518,T0,1,0,1.086151631726859e-09,1,1
gpt4o,dd_13518,T0,2,0,1.186112001014629e-08,1,1
gpt4o,dd_13518,T1,1,0,1.997738588139434e-09,1,1
gpt4o,dd_13518,T1,2,0,1.0467401684882198e-08,1,1
gpt4o,dd_13518,T3,1,0,3.9337805265127096e-10,1,1
gpt4o,dd_13518,T3,2,0,1.7257827688975196e-08,1,1
gpt4o,dd_13518,T5,1,0,3.9337805265527095e-10,1,1
gpt4o,dd_13518,T5,2,0,1.1317959785947043e-08,1,1
gpt4o,dd_13518,T6,1,0,3.451782738829783e-09,1,1
gpt4o,dd_13518,T6,2,0,2.7735853520108305e-09,1,1
gpt4o,dd_14408,T0,1,0,0.9999997962250773,1,1
gpt4o,dd_14408,T0,2,0,0.9999998783204406,1,1
gpt4o,dd_14408,T1,1,0,0.999998629043019,1,1
gpt4o,dd_14408,T1,2,0,0.9999995479060096,1,1
gpt4o,dd_14408,T3,1,0,0.9999997962250773,1,1
gpt4o,dd_14408,T3,2,0,0.999999974890009,1,1
gpt4o,dd_14408,T5,1,0,0.999993145685549,1,1
gpt4o,dd_14408,T5,2,0,0.9999998704727842,1,1
gpt4o,dd_14408,T6,1,0,0.9946981043914027,1,1
gpt4o,dd_14408,T6,2,0,0.9998911031343533,1,1
gpt4o,dd_14818,T0,1,0,0.9999996587412704,1,1
gpt4o,dd_14818,T0,2,0,0.9999998532264557,1,1
gpt4o,dd_14818,T1,1,0,0.9999924720088884,1,1
gpt4o,dd_14818,T1,2,0,0.9999999150539843,1,1
gpt4o,dd_14818,T3,1,0,0.9999863686604231,1,1
gpt4o,dd_14818,T3,2,0,0.9999760764831072,1,1
gpt4o,dd_14818,T5,1,0,0.9999949852630151,1,1
gpt4o,dd_14818,T5,2,0,0.9999998704727996,1,1
gpt4o,dd_14818,T6,1,0,0.9911526470822516,1,1
gpt4o,dd_14818,T6,2,0,0.9989837560846233,1,1
gpt4o,dd_15810,T0,1,0,0.044680871800870214,1,1
gpt4o,dd_15810,T0,2,0,0.5467381519846138,1,1
gpt4o,dd_15810,T1,1,0,0.24798741512455283,1,1
gpt4o,dd_15810,T1,2,0,0.23370636225126956,1,1
gpt4o,dd_15810,T3,1,0,0.009559398502399404,1,1
gpt4o,dd_15810,T3,2,0,0.18476751738161779,1,1
gpt4o,dd_15810,T5,1,0,0.07585818733363132,1,1
gpt4o,dd_15810,T5,2,0,0.2782567979984603,1,1
gpt4o,dd_15810,T6,1,0,0.15610489940847916,1,1
gpt4o,dd_15810,T6,2,0,0.028436030523308394,1,1
gpt4o,dd_17929,T0,1,0,0.9953181778243781,1,1
gpt4o,dd_17929,T0,2,0,0.9999329077262515,1,1
gpt4o,dd_17929,T1,1,0,0.9973269936584814,1,1
gpt4o,dd_17929,T1,2,0,0.9978172835394408,1,1
gpt4o,dd_17929,T3,1,0,0.9997546304826967,1,1
gpt4o,dd_17929,T3,2,0,0.9998390691853137,1,1
gpt4o,dd_17929,T5,1,0,0.9982725416579225,1,1
gpt4o,dd_17929,T5,2,0,0.9999890468815925,1,1
gpt4o,dd_17929,T6,1,0,0.9919380068910401,1,1
gpt4o,dd_17929,T6,2,0,0.9998488180697933,1,1
gpt4o,dd_1808,T0,1,0,0.9715639671310291,1,1
gpt4o,dd_1808,T0,2,0,0.9736446487789737,1,1
gpt4o,dd_1808,T1,1,0,0.9997965730366197,1,1
gpt4o,dd_1808,T1,2,0,0.9998339614621253,1,1
gpt4o,dd_1808,T3,1,0,0.9996079582174706,1,1
gpt4o,dd_1808,T3,2,0,0.9814534365600457,1,1
gpt4o,dd_1808,T5,1,0,0.9998858776475475,1,1
gpt4o,dd_1808,T5,2,0,0.9999819414825678,1,1
gpt4o,dd_1808,T6,1,0,0.47268348868450005,1,1
gpt4o,dd_1808,T6,2,0,0.3073580034939652,1,1
gpt4o,dd_1814,T0,1,0,1.9362746336009436e-09,1,1
gpt4o,dd_1814,T0,2,0,4.229212614802536e-09,1,1
gpt4o,dd_1814,T1,1,0,1.138277136781198e-09,1,1
gpt4o,dd_1814,T1,2,0,8.953243133606236e-09,1,1
gpt4o,dd_1814,T3,1,0,4.895668964356755e-10,1,1
gpt4o,dd_1814,T3,2,0,3.653482079845738e-08,1,1
gpt4o,dd_1814,T5,1,0,2.7462213977897486e-10,1,1
gpt4o,dd_1814,T5,2,0,7.082598285421848e-09,1,1
gpt4o,dd_1814,T6,1,0,2.447680483006206e-09,1,1
gpt4o,dd_1814,T6,2,0,5.691027610486029e-09,1,1
gpt4o,dd_18223,T0,1,0,9.721546910251334e-07,1,1
gpt4o,dd_18223,T0,2,0,1.4285518688363058e-05,1,1
gpt4o,dd_18223,T1,1,0,0.0004955359119224104,1,1
gpt4o,dd_18223,T1,2,0,0.03410042429407553,1,1
gpt4o,dd_18223,T3,1,0,0.0036499873664831936,1,1
gpt4o,dd_18223,T3,2,0,0.07921031731390288,1,1
gpt4o,dd_18223,T5,1,0,0.0005614788218289337,1,1
gpt4o,dd_18223,T5,2,0,0.06560483773585607,1,1
gpt4o,dd_18223,T6,1,0,0.0003353500538518488,1,1
gpt4o,dd_18223,T6,2,0,0.001304506658319479,1,1
gpt4o,dd_18643,T0,1,0,0.9999999989138484,1,1
gpt4o,dd_18643,T0,2,0,0.9999999998410609,1,1
gpt4o,dd_18643,T1,1,0,0.9999999923418853,1,1
gpt4o,dd_18643,T1,2,0,0.9999999996936368,1,1
gpt4o,dd_18643,T3,1,0,0.999999995132206,1,1
gpt4o,dd_18643,T3,2,0,0.9999999997927043,1,1
gpt4o,dd_18643,T5,1,0,0.9999999952076744,1,1
gpt4o,dd_18643,T5,2,0,0.999999998769229,1,1
gpt4o,dd_18643,T6,1,0,0.9999983719487203,1,1
gpt4o,dd_18643,T6,2,0,0.9999999930272072,1,1
gpt4o,dd_18670,T0,1,0,0.060975186216182364,1,1
gpt4o,dd_18670,T0,2,0,0.10521053414711481,1,1
gpt4o,dd_18670,T1,1,0,0.9950177307979272,1,1
gpt4o,dd_18670,T1,2,0,0.9950177302211005,1,1
gpt4o,dd_18670,T3,1,0,0.9978510510643779,1,1
gpt4o,dd_18670,T3,2,0,0.999144099337889,1,1
gpt4o,dd_18670,T5,1,0,0.9981613347250321,1,1
gpt4o,dd_18670,T5,2,0,0.9995344730477888,1,1
gpt4o,dd_18670,T6,1,0,0.3451052574867685,1,1
gpt4o,dd_18670,T6,2,0,0.857768108626046,1,1
gpt4o,dd_2081,T0,1,0,0.9999785550455901,1,1
gpt4o,dd_2081,T0,2,0,0.9999963880158109,1,1
gpt4o,dd_2081,T1,1,0,0.999680001667777,1,1
gpt4o,dd_2081,T1,2,0,0.9999827684198184,1,1
gpt4o,dd_2081,T3,1,0,0.9879462198072344,1,1
gpt4o,dd_2081,T3,2,0,0.9732407189974746,1,1
gpt4o,dd_2081,T5,1,0,0.9998911030590125,1,1
gpt4o,dd_2081,T5,2,0,0.9999215621127334,1,1
gpt4o,dd_2081,T6,1,0,0.9896718462812382,1,1
gpt4o,dd_2081,T6,2,0,0.9910145728646018,1,1
gpt4o,dd_21158,T0,1,0,0.9999991285660795,1,1
gpt4o,dd_21158,T0,2,0,0.9999997897565932,1,1
gpt4o,dd_21158,T1,1,0,0.9999998532264557,1,1
gpt4o,dd_21158,T1,2,0,0.9999999966017321,1,1
gpt4o,dd_21158,T3,1,0,0.9999993624454029,1,1
gpt4o,dd_21158,T3,2,0,0.99999998813888,1,1
gpt4o,dd_21158,T5,1,0,0.9999998024945947,1,1
gpt4o,dd_21158,T5,2,0,0.9999999947366598,1,1
gpt4o,dd_21158,T6,1,0,0.999734697710832,1,1
gpt4o,dd_21158,T6,2,0,0.9999995034719696,1,1
gpt4o,dd_21629,T0,1,0,0.9999999306690814,1,1
gpt4o,dd_21629,T0,2,0,0.9999999977362657,1,1
gpt4o,dd_21629,T1,1,0,0.9999999052358726,1,1
gpt4o,dd_21629,T1,2,0,0.9999999972694151,1,1
gpt4o,dd_21629,T3,1,0,0.9999999845301832,1,1
gpt4o,dd_21629,T3,2,0,0.9999999997959181,1,1
gpt4o,dd_21629,T5,1,0,0.999999984286569,1,1
gpt4o,dd_21629,T5,2,0,0.9999999990414745,1,1
gpt4o,dd_21629,T6,1,0,0.9999992188517045,1,1
gpt4o,dd_21629,T6,2,0,0.9999999904693223,1,1
gpt4o,dd_21630,T0,1,0,6.86468964573301e-09,1,1
gpt4o,dd_21630,T0,2,0,5.368748516778344e-07,1,1
gpt4o,dd_21630,T1,1,0,5.57089480440792e-08,1,1
gpt4o,dd_21630,T1,2,0,1.2878957717506292e-06,1,1
gpt4o,dd_21630,T3,1,0,9.382918237996656e-09,1,1
gpt4o,dd_21630,T3,2,0,5.989271398180788e-07,1,1
gpt4o,dd_21630,T5,1,0,4.840077318586789e-08,1,1
gpt4o,dd_21630,T5,2,0,6.144172125871966e-06,1,1
gpt4o,dd_21630,T6,1,0,8.059445840070048e-07,1,1
gpt4o,dd_21630,T6,2,0,2.2959201355435108e-06,1,1
gpt4o,dd_22819,T0,1,0,1.2771115543353685e-10,1,1
gpt4o,dd_22819,T0,2,0,1.3652065423354338e-08,1,1
gpt4o,dd_22819,T1,1,0,1.8874485240456832e-10,1,1
gpt4o,dd_22819,T1,2,0,7.307424087322439e-09,1,1
gpt4o,dd_22819,T3,1,0,1.708756367078984e-09,1,1
gpt4o,dd_22819,T3,2,0,1.096974277494354e-08,1,1
gpt4o,dd_22819,T5,1,0,2.2766975038381695e-10,1,1
gpt4o,dd_22819,T5,2,0,3.076540382301594e-08,1,1
gpt4o,dd_22819,T6,1,0,1.762998116680744e-09,1,1
gpt4o,dd_22819,T6,2,0,1.596088147818402e-08,1,1
gpt4o,dd_23534,T0,1,0,0.9999559988179876,1,1
gpt4o,dd_23534,T0,2,0,0.9999981551766113,1,1
gpt4o,dd_23534,T1,1,0,0.7606506581031359,1,1
gpt4o,dd_23534,T1,2,0,0.996777516416394,1,1
gpt4o,dd_23534,T3,1,0,0.9073122269997507,1,1
gpt4o,dd_23534,T3,2,0,0.9996200154481151,1,1
gpt4o,dd_23534,T5,1,0,0.939024823827629,1,1
gpt4o,dd_23534,T5,2,0,0.9998665799969095,1,1
gpt4o,dd_23534,T6,1,0,0.06278920333574443,1,1
gpt4o,dd_23534,T6,2,0,0.5273165233795671,1,1
gpt4o,dd_24260,T0,1,0,0.0001442598041417438,1,1
gpt4o,dd_24260,T0,2,0,0.02297736923497366,1,1
gpt4o,dd_24260,T1,1,0,0.009859854348861436,1,1
gpt4o,dd_24260,T1,2,0,0.24220562325537978,1,1
gpt4o,dd_24260,T3,1,0,0.0037072524074268235,1,1
gpt4o,dd_24260,T3,2,0,0.046724958405055486,1,1
gpt4o,dd_24260,T5,1,0,0.001524786647236103,1,1
gpt4o,dd_24260,T5,2,0,0.6654105454764747,1,1
gpt4o,dd_24260,T6,1,0,3.426848893437553e-05,1,1
gpt4o,dd_24260,T6,2,0,0.0022518477325866974,1,1
gpt4o,dd_24405,T0,1,0,1.5647497855463005e-10,1,1
gpt4o,dd_24405,T0,2,0,4.944450477362765e-09,1,1
gpt4o,dd_24405,T1,1,0,9.490687197717553e-11,1,1
gpt4o,dd_24405,T1,2,0,2.2637343902500963e-09,1,1
gpt4o,dd_24405,T3,1,0,1.010278393317494e-10,1,1
gpt4o,dd_24405,T3,2,0,2.817262965729012e-09,1,1
gpt4o,dd_24405,T5,1,0,1.0923714004759148e-10,1,1
gpt4o,dd_24405,T5,2,0,1.9062554779097073e-09,1,1
gpt4o,dd_24405,T6,1,0,1.614420275627302e-10,1,1
gpt4o,dd_24405,T6,2,0,3.0941580507144287e-09,1,1
gpt4o,dd_24975,T0,1,0,0.9998876467399859,1,1
gpt4o,dd_24975,T0,2,0,0.9999993524053854,1,1
gpt4o,dd_24975,T1,1,0,0.946596673134145,1,1
gpt4o,dd_24975,T1,2,0,0.9999720307049437,1,1
gpt4o,dd_24975,T3,1,0,0.9997219691690048,1,1
gpt4o,dd_24975,T3,2,0,0.9999994284997149,1,1
gpt4o,dd_24975,T5,1,0,0.9991030606788642,1,1
gpt4o,dd_24975,T5,2,0,0.9999970976877998,1,1
gpt4o,dd_24975,T6,1,0,0.012431648478761239,1,1
gpt4o,dd_24975,T6,2,0,0.8774768001187336,1,1
gpt4o,dd_25137,T0,1,0,0.9999997962251015,1,1
gpt4o,dd_25137,T0,2,0,0.9999999397642536,1,1
gpt4o,dd_25137,T1,1,0,0.9999999873739035,1,1
gpt4o,dd_25137,T1,2,0,0.9999999982912435,1,1
gpt4o,dd_25137,T3,1,0,0.9999999798235555,1,1
gpt4o,dd_25137,T3,2,0,0.9999999994623159,1,1
gpt4o,dd_25137,T5,1,0,0.9999999910467569,1,1
gpt4o,dd_25137,T5,2,0,0.9999999994186248,1,1
gpt4o,dd_25137,T6,1,0,0.9999177980700928,1,1
gpt4o,dd_25137,T6,2,0,0.9999986074539492,1,1
gpt4o,dd_25302,T0,1,0,4.923703655775176e-11,1,1
gpt4o,dd_25302,T0,2,0,1.6990269873793565e-08,1,1
gpt4o,dd_25302,T1,1,0,7.2767622896187e-11,1,1
gpt4o,dd_25302,T1,2,0,1.2626096516834207e-08,1,1
gpt4o,dd_25302,T3,1,0,7.507751520208121e-11,1,1
gpt4o,dd_25302,T3,2,0,6.448779127989023e-09,1,1
gpt4o,dd_25302,T5,1,0,6.322160638076929e-11,1,1
gpt4o,dd_25302,T5,2,0,1.230771041115923e-09,1,1
gpt4o,dd_25302,T6,1,0,1.0527342591846343e-09,1,1
gpt4o,dd_25302,T6,2,0,3.9113822690094985e-09,1,1
gpt4o,dd_25868,T0,1,0,0.9920620054331943,1,1
gpt4o,dd_25868,T0,2,0,0.9978842967968348,1,1
gpt4o,dd_25868,T1,1,0,0.23370635157681108,1,1
gpt4o,dd_25868,T1,2,0,0.3960681662740417,1,1
gpt4o,dd_25868,T3,1,0,0.6926419704455589,1,1
gpt4o,dd_25868,T3,2,0,0.7371581568543043,1,1
gpt4o,dd_25868,T5,1,0,0.5660185351961015,1,1
gpt4o,dd_25868,T5,2,0,0.6370307944803831,1,1
gpt4o,dd_25868,T6,1,0,0.01566364520797273,1,1
gpt4o,dd_25868,T6,2,0,0.08151974979104189,1,1
gpt4o,dd_26178,T0,1,0,7.1832575060532285e-06,1,1
gpt4o,dd_26178,T0,2,0,0.001081715297116167,1,1
gpt4o,dd_26178,T1,1,0,7.93449581411984e-07,1,1
gpt4o,dd_26178,T1,2,0,2.586743603288758e-05,1,1
gpt4o,dd_26178,T3,1,0,5.955141209270713e-06,1,1
gpt4o,dd_26178,T3,2,0,0.00021654408537323454,1,1
gpt4o,dd_26178,T5,1,0,1.7330515904914084e-06,1,1
gpt4o,dd_26178,T5,2,0,0.00011061160465688312,1,1
gpt4o,dd_26178,T6,1,0,1.4823574213361554e-06,1,1
gpt4o,dd_26178,T6,2,0,1.1843134244024076e-05,1,1
gpt4o,dd_26321,T0,1,0,0.9999985855245712,1,1
gpt4o,dd_26321,T0,2,0,0.9999999919743648,1,1
gpt4o,dd_26321,T1,1,0,0.999882255414207,1,1
gpt4o,dd_26321,T1,2,0,0.9999995947452575,1,1
gpt4o,dd_26321,T3,1,0,0.9999930377407515,1,1
gpt4o,dd_26321,T3,2,0,0.9999997503297868,1,1
gpt4o,dd_26321,T5,1,0,0.9999251537851652,1,1
gpt4o,dd_26321,T5,2,0,0.9999997170865935,1,1
gpt4o,dd_26321,T6,1,0,0.9995416871227937,1,1
gpt4o,dd_26321,T6,2,0,0.9999931456814675,1,1
gpt4o,dd_27524,T0,1,0,1.1929041971142375e-09,1,1
gpt4o,dd_27524,T0,2,0,8.025635282968444e-09,1,1
gpt4o,dd_27524,T1,1,0,5.293480290077043e-10,1,1
gpt4o,dd_27524,T1,2,0,6.972792777250073e-09,1,1
gpt4o,dd_27524,T3,1,0,6.188705450906712e-10,1,1
gpt4o,dd_27524,T3,2,0,6.1534680334919764e-09,1,1
gpt4o,dd_27524,T5,1,0,1.1032560310863262e-09,1,1
gpt4o,dd_27524,T5,2,0,1.9555680704889927e-08,1,1
gpt4o,dd_27524,T6,1,0,6.448779128268129e-09,1,1
gpt4o,dd_27524,T6,2,0,1.4307241713628967e-08,1,1
gpt4o,dd_27558,T0,1,0,3.747993792148525e-07,1,1
gpt4o,dd_27558,T0,2,0,2.6274771846853456e-05,1,1
gpt4o,dd_27558,T1,1,0,9.476412749145808e-08,1,1
gpt4o,dd_27558,T1,2,0,0.0009399439250128799,1,1
gpt4o,dd_27558,T3,1,0,2.2959182194263045e-06,1,1
gpt4o,dd_27558,T3,2,0,0.03114383160218832,1,1
gpt4o,dd_27558,T5,1,0,1.3081771526413246e-06,1,1
gpt4o,dd_27558,T5,2,0,0.028870908996179865,1,1
gpt4o,dd_27558,T6,1,0,2.090459252459457e-06,1,1
gpt4o,dd_27558,T6,2,0,0.0004955358508377175,1,1
gpt4o,dd_28814,T0,1,0,1.670142307726812e-05,1,1
gpt4o,dd_28814,T0,2,0,9.972939946479136e-06,1,1
gpt4o,dd_28814,T1,1,0,0.0015011821989780658,1,1
gpt4o,dd_28814,T1,2,0,0.0003459915628780924,1,1
gpt4o,dd_28814,T3,1,0,1.6701419094099232e-05,1,1
gpt4o,dd_28814,T3,2,0,1.6797312872735208e-06,1,1
gpt4o,dd_28814,T5,1,0,0.00033535021280328237,1,1
gpt4o,dd_28814,T5,2,0,0.0009110510760921913,1,1
gpt4o,dd_28814,T6,1,0,5.338154192178707e-06,1,1
gpt4o,dd_28814,T6,2,0,8.013502851792362e-06,1,1
gpt4o,dd_29454,T0,1,0,,0,1
gpt4o,dd_29454,T0,2,0,,0,1
gpt4o,dd_29454,T1,1,0,,0,1
gpt4o,dd_29454,T1,2,0,0.005469274933041821,1,1
gpt4o,dd_29454,T3,1,0,0.00020342689963633669,1,1
gpt4o,dd_29454,T3,2,0,2.0145687036091478e-05,1,1
gpt4o,dd_29454,T5,1,0,0.23370634623958195,1,1
gpt4o,dd_29454,T5,2,0,0.523420348936324,1,1
gpt4o,dd_29454,T6,1,0,0.00034062928939068845,1,1
gpt4o,dd_29454,T6,2,0,5.562204675965648e-05,1,1
gpt4o,dd_29978,T0,1,0,0.9974885368221577,1,1
gpt4o,dd_29978,T0,2,0,0.9987355778777703,1,1
gpt4o,dd_29978,T1,1,0,0.008985427409071661,1,1
gpt4o,dd_29978,T1,2,0,0.005730247048257895,1,1
gpt4o,dd_29978,T3,1,0,0.00017674510487430695,1,1
gpt4o,dd_29978,T3,2,0,0.0003682979527176727,1,1
gpt4o,dd_29978,T5,1,0,0.004538430879075673,1,1
gpt4o,dd_29978,T5,2,0,0.0627892129814741,1,1
gpt4o,dd_29978,T6,1,0,2.75356931274798e-05,1,1
gpt4o,dd_29978,T6,2,0,0.0005193048733167798,1,1
gpt4o,dd_30131,T0,1,0,1.0693124115143883e-09,1,1
gpt4o,dd_30131,T0,2,0,5.658623627576865e-08,1,1
gpt4o,dd_30131,T1,1,0,3.3125753214234434e-10,1,1
gpt4o,dd_30131,T1,2,0,4.075753767259112e-08,1,1
gpt4o,dd_30131,T3,1,0,1.5893910091844308e-10,1,1
gpt4o,dd_30131,T3,2,0,7.734422806107003e-08,1,1
gpt4o,dd_30131,T5,1,0,1.9977385881543176e-09,1,1
gpt4o,dd_30131,T5,2,0,9.184854207818171e-08,1,1
gpt4o,dd_30131,T6,1,0,1.282492860373343e-08,1,1
gpt4o,dd_30131,T6,2,0,4.476339780223043e-08,1,1
gpt4o,dd_30899,T0,1,0,0.9999997726726788,1,1
gpt4o,dd_30899,T0,2,0,0.9999999919743648,1,1
gpt4o,dd_30899,T1,1,0,0.9999998229573165,1,1
gpt4o,dd_30899,T1,2,0,0.9999999957707875,1,1
gpt4o,dd_30899,T3,1,0,0.9999995947452573,1,1
gpt4o,dd_30899,T3,2,0,0.999999996905842,1,1
gpt4o,dd_30899,T5,1,0,0.9999997542005638,1,1
gpt4o,dd_30899,T5,2,0,0.9999999924606134,1,1
gpt4o,dd_30899,T6,1,0,0.9999988634359339,1,1
gpt4o,dd_30899,T6,2,0,0.9999999968076227,1,1
gpt4o,dd_31129,T0,1,0,2.923337460844881e-10,1,1
gpt4o,dd_31129,T0,2,0,5.430416483622613e-09,1,1
gpt4o,dd_31129,T1,1,0,2.8333958225851416e-10,1,1
gpt4o,dd_31129,T1,2,0,2.47206966092428e-08,1,1
gpt4o,dd_31129,T3,1,0,1.0045260476369349e-09,1,1
gpt4o,dd_31129,T3,2,0,1.6893531015660478e-07,1,1
gpt4o,dd_31129,T5,1,0,5.547519713139903e-10,1,1
gpt4o,dd_31129,T5,2,0,3.6534820801200105e-08,1,1
gpt4o,dd_31129,T6,1,0,2.5505415734115513e-08,1,1
gpt4o,dd_31129,T6,2,0,1.866016090298839e-08,1,1
gpt4o,dd_32872,T0,1,0,0.12765263361856616,1,1
gpt4o,dd_32872,T0,2,0,0.7490872075132152,1,1
gpt4o,dd_32872,T1,1,0,0.24508500568173322,1,1
gpt4o,dd_32872,T1,2,0,0.8740772260395396,1,1
gpt4o,dd_32872,T3,1,0,0.18476750907131068,1,1
gpt4o,dd_32872,T3,2,0,0.7279754414406788,1,1
gpt4o,dd_32872,T5,1,0,0.014957089969909207,1,1
gpt4o,dd_32872,T5,2,0,0.8633916099737806,1,1
gpt4o,dd_32872,T6,1,0,0.00015598022916140216,1,1
gpt4o,dd_32872,T6,2,0,0.039048290460492865,1,1
gpt4o,dd_33618,T0,1,0,6.893609322005224e-07,1,1
gpt4o,dd_33618,T0,2,0,2.1233793771657804e-06,1,1
gpt4o,dd_33618,T1,1,0,4.611276793090911e-05,1,1
gpt4o,dd_33618,T1,2,0,0.0008693671973604416,1,1
gpt4o,dd_33618,T3,1,0,3.6688631423113236e-06,1,1
gpt4o,dd_33618,T3,2,0,4.683887067383261e-05,1,1
gpt4o,dd_33618,T5,1,0,5.014736389677559e-06,1,1
gpt4o,dd_33618,T5,2,0,0.0023596608488764994,1,1
gpt4o,dd_33618,T6,1,0,1.8738755220929683e-06,1,1
gpt4o,dd_33618,T6,2,0,7.48462237581397e-05,1,1
gpt4o,dd_34148,T0,1,0,0.00029595722512025204,1,1
gpt4o,dd_34148,T0,2,0,0.001388522953798725,1,1
gpt4o,dd_34148,T1,1,0,0.01798620701251559,1,1
gpt4o,dd_34148,T1,2,0,0.15405755984835015,1,1
gpt4o,dd_34148,T3,1,0,0.5000000022017689,1,1
gpt4o,dd_34148,T3,2,0,0.8244619338793228,1,1
gpt4o,dd_34148,T5,1,0,0.004198795560778255,1,1
gpt4o,dd_34148,T5,2,0,0.2909808697989376,1,1
gpt4o,dd_34148,T6,1,0,0.000269479066705058,1,1
gpt4o,dd_34148,T6,2,0,0.0004878570880434408,1,1
gpt4o,dd_34460,T0,1,0,6.385156050014232e-10,1,1
gpt4o,dd_34460,T0,2,0,1.1929041971463354e-09,1,1
gpt4o,dd_34460,T1,1,0,3.695444812985049e-10,1,1
gpt4o,dd_34460,T1,2,0,1.2116897047938953e-09,1,1
gpt4o,dd_34460,T3,1,0,8.198702656279925e-10,1,1
gpt4o,dd_34460,T3,2,0,7.658114688578879e-09,1,1
gpt4o,dd_34460,T5,1,0,1.8010159633441288e-10,1,1
gpt4o,dd_34460,T5,2,0,6.9727927774520896e-09,1,1
gpt4o,dd_34460,T6,1,0,5.263340133881191e-09,1,1
gpt4o,dd_34460,T6,2,0,1.0305119665069177e-08,1,1
gpt4o,dd_35732,T0,1,0,1.1317959785403852e-08,1,1
gpt4o,dd_35732,T0,2,0,2.2732732111542754e-07,1,1
gpt4o,dd_35732,T1,1,0,7.082598285007458e-09,1,1
gpt4o,dd_35732,T1,2,0,2.6165213375081797e-07,1,1
gpt4o,dd_35732,T3,1,0,5.4845260897509145e-08,1,1
gpt4o,dd_35732,T3,2,0,1.9444336831211767e-07,1,1
gpt4o,dd_35732,T5,1,0,1.2237632371552023e-08,1,1
gpt4o,dd_35732,T5,2,0,7.453768484987213e-07,1,1
gpt4o,dd_35732,T6,1,0,8.764249145931387e-08,1,1
gpt4o,dd_35732,T6,2,0,2.4198867016022206e-07,1,1
gpt4o,dd_36819,T0,1,0,6.118432133285956e-08,1,1
gpt4o,dd_36819,T0,2,0,3.9669866793958015e-06,1,1
gpt4o,dd_36819,T1,1,0,3.4808107880545164e-05,1,1
gpt4o,dd_36819,T1,2,0,2.430023380695983e-05,1,1
gpt4o,dd_36819,T3,1,0,1.6964425728925826e-05,1,1
gpt4o,dd_36819,T3,2,0,2.5071583653629917e-05,1,1
gpt4o,dd_36819,T5,1,0,0.006192990786536161,1,1
gpt4o,dd_36819,T5,2,0,0.0036499864961745876,1,1
gpt4o,dd_36819,T6,1,0,3.373723927457988e-05,1,1
gpt4o,dd_36819,T6,2,0,6.709221767159787e-05,1,1
gpt4o,dd_37249,T0,1,0,0.9996079582172813,1,1
gpt4o,dd_37249,T0,2,0,0.9999927036226065,1,1
gpt4o,dd_37249,T1,1,0,0.9962345856634522,1,1
gpt4o,dd_37249,T1,2,0,0.9867771781312537,1,1
gpt4o,dd_37249,T3,1,0,0.8774767933126237,1,1
gpt4o,dd_37249,T3,2,0,0.9957353647011943,1,1
gpt4o,dd_37249,T5,1,0,0.9992678186415617,1,1
gpt4o,dd_37249,T5,2,0,0.9930961623944906,1,1
gpt4o,dd_37249,T6,1,0,0.9883127411786014,1,1
gpt4o,dd_37249,T6,2,0,0.9184802530303373,1,1
gpt4o,dd_37490,T0,1,0,0.9999999273418215,1,1
gpt4o,dd_37490,T0,2,0,0.9999999956365377,1,1
gpt4o,dd_37490,T1,1,0,0.9999999925775008,1,1
gpt4o,dd_37490,T1,2,0,0.9999999990414745,1,1
gpt4o,dd_37490,T3,1,0,0.9999999920987906,1,1
gpt4o,dd_37490,T3,2,0,0.9999999997927043,1,1
gpt4o,dd_37490,T5,1,0,0.999999977137093,1,1
gpt4o,dd_37490,T5,2,0,0.9999999984196588,1,1
gpt4o,dd_37490,T6,1,0,0.9999991420765005,1,1
gpt4o,dd_37490,T6,2,0,0.9999987901339394,1,1
gpt4o,dd_38533,T0,1,0,8.481104765433967e-05,1,1
gpt4o,dd_38533,T0,2,0,0.0004512106037041351,1,1
gpt4o,dd_38533,T1,1,0,1.4823574212807154e-06,1,1
gpt4o,dd_38533,T1,2,0,5.338154189374971e-06,1,1
gpt4o,dd_38533,T3,1,0,1.9033847113545498e-06,1,1
gpt4o,dd_38533,T3,2,0,2.5466402738168163e-05,1,1
gpt4o,dd_38533,T5,1,0,1.1365640660046626e-06,1,1
gpt4o,dd_38533,T5,2,0,6.814869439354655e-05,1,1
gpt4o,dd_38533,T6,1,0,2.482479332992192e-06,1,1
gpt4o,dd_38533,T6,2,0,8.139689343984604e-06,1,1
gpt4o,dd_39199,T0,1,0,0.9999768125125127,1,1
gpt4o,dd_39199,T0,2,0,0.9999999434137637,1,1
gpt4o,dd_39199,T1,1,0,0.9999952149051512,1,1
gpt4o,dd_39199,T1,2,0,0.999999906705054,1,1
gpt4o,dd_39199,T3,1,0,0.9999895484511799,1,1
gpt4o,dd_39199,T3,2,0,0.9999999662108141,1,1
gpt4o,dd_39199,T5,1,0,0.9999741325639596,1,1
gpt4o,dd_39199,T5,2,0,0.9999998461826474,1,1
gpt4o,dd_39199,T6,1,0,0.9999737252374646,1,1
gpt4o,dd_39199,T6,2,0,0.9999996192983917,1,1
gpt4o,dd_42860,T0,1,0,1.1610744745277346e-07,1,1
gpt4o,dd_42860,T0,2,0,1.6631621136155058e-07,1,1
gpt4o,dd_42860,T1,1,0,7.338211221359728e-07,1,1
gpt4o,dd_42860,T1,2,0,1.0677030763372272e-06,1,1
gpt4o,dd_42860,T3,1,0,3.520911467895011e-07,1,1
gpt4o,dd_42860,T3,2,0,1.3156695675992252e-07,1,1
gpt4o,dd_42860,T5,1,0,1.514326359579509e-07,1,1
gpt4o,dd_42860,T5,2,0,3.3596800524309965e-07,1,1
gpt4o,dd_42860,T6,1,0,1.6373771788830297e-07,1,1
gpt4o,dd_42860,T6,2,0,1.7983072104617884e-07,1,1
gpt4o,dd_44063,T0,1,0,0.023330767407859568,1,1
gpt4o,dd_44063,T0,2,0,0.40733340004593027,1,1
gpt4o,dd_44063,T1,1,0,0.9919380076897112,1,1
gpt4o,dd_44063,T1,2,0,0.9820137940187298,1,1
gpt4o,dd_44063,T3,1,0,0.957277799101738,1,1
gpt4o,dd_44063,T3,2,0,0.9566341998451933,1,1
gpt4o,dd_44063,T5,1,0,0.924141816844876,1,1
gpt4o,dd_44063,T5,2,0,0.9994472212967984,1,1
gpt4o,dd_44063,T6,1,0,0.004538431899409173,1,1
gpt4o,dd_44063,T6,2,0,0.005730246934176149,1,1
gpt4o,dd_44380,T0,1,0,0.9999999623054395,1,1
gpt4o,dd_44380,T0,2,0,0.9999999941283197,1,1
gpt4o,dd_44380,T1,1,0,0.9999999903192359,1,1
gpt4o,dd_44380,T1,2,0,0.9999999994365119,1,1
gpt4o,dd_44380,T3,1,0,0.9999999710985779,1,1
gpt4o,dd_44380,T3,2,0,0.9999999989635868,1,1
gpt4o,dd_44380,T5,1,0,0.9999999924606134,1,1
gpt4o,dd_44380,T5,2,0,0.9999999963825628,1,1
gpt4o,dd_44380,T6,1,0,0.9999995947452573,1,1
gpt4o,dd_44380,T6,2,0,0.9999999967062858,1,1
gpt4o,dd_45938,T0,1,0,1.6656674762983508e-10,1,1
gpt4o,dd_45938,T0,2,0,2.2286384415875357e-09,1,1
gpt4o,dd_45938,T1,1,0,3.745756213997523e-11,1,1
gpt4o,dd_45938,T1,2,0,2.228638441614041e-09,1,1
gpt4o,dd_45938,T3,1,0,5.2412552589052093e-11,1,1
gpt4o,dd_45938,T3,2,0,9.237449576104204e-09,1,1
gpt4o,dd_45938,T5,1,0,1.665667476305223e-10,1,1
gpt4o,dd_45938,T5,2,0,3.617437250654333e-09,1,1
gpt4o,dd_45938,T6,1,0,3.5061404072920328e-09,1,1
gpt4o,dd_45938,T6,2,0,3.4321287984310375e-08,1,1
gpt4o,dd_46859,T0,1,0,1.1719434390382724e-10,1,1
gpt4o,dd_46859,T0,2,0,5.346225679944677e-09,1,1
gpt4o,dd_46859,T1,1,0,5.813750742364089e-10,1,1
gpt4o,dd_46859,T1,2,0,2.757792983779012e-08,1,1
gpt4o,dd_46859,T3,1,0,1.0024163444684785e-10,1,1
gpt4o,dd_46859,T3,2,0,1.5713430949660966e-08,1,1
gpt4o,dd_46859,T5,1,0,1.0045260476559379e-09,1,1
gpt4o,dd_46859,T5,2,0,6.615602480593997e-08,1,1
gpt4o,dd_46859,T6,1,0,2.0816913721953752e-08,1,1
gpt4o,dd_46859,T6,2,0,2.309072047320966e-07,1,1
gpt4o,dd_47886,T0,1,0,0.9865717432679015,1,1
gpt4o,dd_47886,T0,2,0,0.9999724643036266,1,1
gpt4o,dd_47886,T1,1,0,0.9802808736359357,1,1
gpt4o,dd_47886,T1,2,0,0.9991030608924157,1,1
gpt4o,dd_47886,T3,1,0,0.990587410052256,1,1
gpt4o,dd_47886,T3,2,0,0.9998766054313876,1,1
gpt4o,dd_47886,T5,1,0,0.985718067346153,1,1
gpt4o,dd_47886,T5,2,0,0.9999097196143796,1,1
gpt4o,dd_47886,T6,1,0,0.35936416723137937,1,1
gpt4o,dd_47886,T6,2,0,0.9911526437212537,1,1
gpt4o,dd_5570,T0,1,0,0.9999999736849554,1,1
gpt4o,dd_5570,T0,2,0,0.9999999977713616,1,1
gpt4o,dd_5570,T1,1,0,0.9999999778405106,1,1
gpt4o,dd_5570,T1,2,0,0.9999999969538125,1,1
gpt4o,dd_5570,T3,1,0,0.9999999795058225,1,1
gpt4o,dd_5570,T3,2,0,0.9999999986482624,1,1
gpt4o,dd_5570,T5,1,0,0.9999999975137741,1,1
gpt4o,dd_5570,T5,2,0,0.9999999975902674,1,1
gpt4o,dd_5570,T6,1,0,0.9999995479060636,1,1
gpt4o,dd_5570,T6,2,0,0.9999999484776454,1,1
gpt4o,dd_6488,T0,1,0,1.8553915984460588e-07,1,1
gpt4o,dd_6488,T0,2,0,3.0590235899481493e-07,1,1
gpt4o,dd_6488,T1,1,0,1.689353101475261e-07,1,1
gpt4o,dd_6488,T1,2,0,2.6842002591400894e-06,1,1
gpt4o,dd_6488,T3,1,0,1.0907285358335966e-07,1,1
gpt4o,dd_6488,T3,2,0,2.4061013697674325e-06,1,1
gpt4o,dd_6488,T5,1,0,2.536019460002026e-07,1,1
gpt4o,dd_6488,T5,2,0,1.6187582617662976e-05,1,1
gpt4o,dd_6488,T6,1,0,8.315280891292074e-07,1,1
gpt4o,dd_6488,T6,2,0,1.1300809156584877e-05,1,1
gpt4o,dd_6826,T0,1,0,0.99998954845493,1,1
gpt4o,dd_6826,T0,2,0,0.99999091952566,1,1
gpt4o,dd_6826,T1,1,0,0.9995955184651706,1,1
gpt4o,dd_6826,T1,2,0,0.9999940448630518,1,1
gpt4o,dd_6826,T3,1,0,0.9999852610187113,1,1
gpt4o,dd_6826,T3,2,0,0.9999996367319813,1,1
gpt4o,dd_6826,T5,1,0,0.9999702268941104,1,1
gpt4o,dd_6826,T5,2,0,0.9999969105045867,1,1
gpt4o,dd_6826,T6,1,0,0.6791786912480019,1,1
gpt4o,dd_6826,T6,2,0,0.9971990730472958,1,1
gpt4o,dd_6868,T0,1,0,0.0023596605828560564,1,1
gpt4o,dd_6868,T0,2,0,0.32423539898095244,1,1
gpt4o,dd_6868,T1,1,0,3.1381477348129367e-06,1,1
gpt4o,dd_6868,T1,2,0,4.006369985707176e-05,1,1
gpt4o,dd_6868,T3,1,0,4.331903179977862e-05,1,1
gpt4o,dd_6868,T3,2,0,0.006097561041164635,1,1
gpt4o,dd_6868,T5,1,0,8.05944584243705e-07,1,1
gpt4o,dd_6868,T5,2,0,1.4510483079665415e-05,1,1
gpt4o,dd_6868,T6,1,0,4.092912328970576e-06,1,1
gpt4o,dd_6868,T6,2,0,8.349625404614919e-05,1,1
gpt4o,dd_7687,T0,1,0,0.9999999728496264,1,1
gpt4o,dd_7687,T0,2,0,0.9999999756625623,1,1
gpt4o,dd_7687,T1,1,0,0.9999998975355481,1,1
gpt4o,dd_7687,T1,2,0,0.9999999813398391,1,1
gpt4o,dd_7687,T3,1,0,0.9999999434137637,1,1
gpt4o,dd_7687,T3,2,0,0.9999999967062858,1,1
gpt4o,dd_7687,T5,1,0,0.9999999885038083,1,1
gpt4o,dd_7687,T5,2,0,0.9999999937496289,1,1
gpt4o,dd_7687,T6,1,0,0.9999999176674982,1,1
gpt4o,dd_7687,T6,2,0,0.9999999890302572,1,1
gpt4o,dd_8580,T0,1,0,8.902265976691244e-08,1,1
gpt4o,dd_8580,T0,2,0,9.972941127806092e-06,1,1
gpt4o,dd_8580,T1,1,0,2.5466399733649345e-05,1,1
gpt4o,dd_8580,T1,2,0,0.000939943730492506,1,1
gpt4o,dd_8580,T3,1,0,1.0571702244387681e-07,1,1
gpt4o,dd_8580,T3,2,0,8.530322940821328e-06,1,1
gpt4o,dd_8580,T5,1,0,2.9480171839440396e-06,1,1
gpt4o,dd_8580,T5,2,0,0.00015843624671856357,1,1
gpt4o,dd_8580,T6,1,0,6.540436930645336e-06,1,1
gpt4o,dd_8580,T6,2,0,3.0718198652012015e-05,1,1
gpt4o,dd_9595,T0,1,0,5.255393588578245e-06,1,1
gpt4o,dd_9595,T0,2,0,4.469406930137586e-05,1,1
gpt4o,dd_9595,T1,1,0,0.999936972400465,1,1
gpt4o,dd_9595,T1,2,0,0.9990302480954453,1,1
gpt4o,dd_9595,T3,1,0,0.9994023305603189,1,1
gpt4o,dd_9595,T3,2,0,0.9999359799237054,1,1
gpt4o,dd_9595,T5,1,0,0.9999877809245422,1,1
gpt4o,dd_9595,T5,2,0,0.9992083704130513,1,1
gpt4o,dd_9595,T6,1,0,0.997065047663169,1,1
gpt4o,dd_9595,T6,2,0,0.965381164698243,1,1
gpt4o,dd_9899,T0,1,0,0.999014991802229,1,1
gpt4o,dd_9899,T0,2,0,0.9999678076670067,1,1
gpt4o,dd_9899,T1,1,0,0.998812094749372,1,1
gpt4o,dd_9899,T1,2,0,0.9999023843675576,1,1
gpt4o,dd_9899,T3,1,0,0.9953904272231276,1,1
gpt4o,dd_9899,T3,2,0,0.9955316155294309,1,1
gpt4o,dd_9899,T5,1,0,0.999455786660758,1,1
gpt4o,dd_9899,T5,2,0,0.9999949062927986,1,1
gpt4o,dd_9899,T6,1,0,0.9184802498425099,1,1
gpt4o,dd_9899,T6,2,0,0.9999068540963941,1,1
gpt4o,dd_9955,T0,1,0,0.0016484830876530457,1,1
gpt4o,dd_9955,T0,2,0,0.0006166297208081107,1,1
gpt4o,dd_9955,T1,1,0,0.0006771943548361646,1,1
gpt4o,dd_9955,T1,2,0,0.0006070756465766493,1,1
gpt4o,dd_9955,T3,1,0,0.021287350124762055,1,1
gpt4o,dd_9955,T3,2,0,0.0028009269365561673,1,1
gpt4o,dd_9955,T5,1,0,0.016152835798974287,1,1
gpt4o,dd_9955,T5,2,0,0.006589770394954533,1,1
gpt4o,dd_9955,T6,1,0,0.0001214817032268148,1,1
gpt4o,dd_9955,T6,2,0,0.00036829796566028385,1,1
gpt4o,mc_C_034,T0,1,0,0.9999999952076744,1,1
gpt4o,mc_C_034,T0,2,0,0.9999999991407833,1,1
gpt4o,mc_C_034,T1,1,0,0.9999999837877711,1,1
gpt4o,mc_C_034,T1,2,0,0.9999999960270225,1,1
gpt4o,mc_C_034,T3,1,0,0.9999999840391185,1,1
gpt4o,mc_C_034,T3,2,0,0.9999999971827371,1,1
gpt4o,mc_C_034,T5,1,0,0.9999999985384231,1,1
gpt4o,mc_C_034,T5,2,0,0.9999999968076227,1,1
gpt4o,mc_C_034,T6,1,0,0.9999999924606134,1,1
gpt4o,mc_C_034,T6,2,0,0.9999999962089583,1,1
gpt4o,mc_C_1095,T0,1,0,0.9999999991801298,1,1
gpt4o,mc_C_1095,T0,2,0,0.9999999999200804,1,1
gpt4o,mc_C_1095,T1,1,0,0.9999999982092387,1,1
gpt4o,mc_C_1095,T1,2,0,0.999999999975048,1,1
gpt4o,mc_C_1095,T3,1,0,0.9999999996936368,1,1
gpt4o,mc_C_1095,T3,2,0,0.9999999999808686,1,1
gpt4o,mc_C_1095,T5,1,0,0.999999999618725,1,1
gpt4o,mc_C_1095,T5,2,0,0.9999999999522777,1,1
gpt4o,mc_C_1095,T6,1,0,0.9999816571009726,1,1
gpt4o,mc_C_1095,T6,2,0,0.9999999856927584,1,1
gpt4o,mc_C_1216,T0,1,0,0.9999999993713837,1,1
gpt4o,mc_C_1216,T0,2,0,0.9999999999459237,1,1
gpt4o,mc_C_1216,T1,1,0,0.9999999985154067,1,1
gpt4o,mc_C_1216,T1,2,0,0.999999999970828,1,1
gpt4o,mc_C_1216,T3,1,0,0.9999999990563351,1,1
gpt4o,mc_C_1216,T3,2,0,0.9999999995328519,1,1
gpt4o,mc_C_1216,T5,1,0,0.9999999974746219,1,1
gpt4o,mc_C_1216,T5,2,0,0.9999999996738782,1,1
gpt4o,mc_C_1216,T6,1,0,0.9999999901667861,1,1
gpt4o,mc_C_1216,T6,2,0,0.9999999992876845,1,1
gpt4o,mc_C_183,T0,1,0,0.9999999995679587,1,1
gpt4o,mc_C_183,T0,2,0,0.9999999999108433,1,1
gpt4o,mc_C_183,T1,1,0,0.999999995132206,1,1
gpt4o,mc_C_183,T1,2,0,0.9999999998281459,1,1
gpt4o,mc_C_183,T3,1,0,0.9999999981523939,1,1
gpt4o,mc_C_183,T3,2,0,0.9999999999316411,1,1
gpt4o,mc_C_183,T5,1,0,0.9999999993514292,1,1
gpt4o,mc_C_183,T5,2,0,0.9999999995746569,1,1
gpt4o,mc_C_183,T6,1,0,0.9999999306690814,1,1
gpt4o,mc_C_183,T6,2,0,0.9999999960270225,1,1
gpt4o,mc_C_291,T0,1,0,0.9999999993907243,1,1
gpt4o,mc_C_291,T0,2,0,0.9999999999537461,1,1
gpt4o,mc_C_291,T1,1,0,0.9999999975523195,1,1
gpt4o,mc_C_291,T1,2,0,0.9999999999260865,1,1
gpt4o,mc_C_291,T3,1,0,0.9999999976276268,1,1
gpt4o,mc_C_291,T3,2,0,0.9999999999094393,1,1
gpt4o,mc_C_291,T5,1,0,0.9999999995104332,1,1
gpt4o,mc_C_291,T5,2,0,0.9999999995180231,1,1
gpt4o,mc_C_291,T6,1,0,0.9999999856927584,1,1
gpt4o,mc_C_291,T6,2,0,0.9999999983177355,1,1
gpt4o,mc_C_467,T0,1,0,0.9999999909057639,1,1
gpt4o,mc_C_467,T0,2,0,0.9999999982643346,1,1
gpt4o,mc_C_467,T1,1,0,0.9999999442910519,1,1
gpt4o,mc_C_467,T1,2,0,0.9999999960270225,1,1
gpt4o,mc_C_467,T3,1,0,0.9999999807475021,1,1
gpt4o,mc_C_467,T3,2,0,0.9999999989796549,1,1
gpt4o,mc_C_467,T5,1,0,0.9999999523496114,1,1
gpt4o,mc_C_467,T5,2,0,0.999999996149258,1,1
gpt4o,mc_C_467,T6,1,0,0.9999854895255958,1,1
gpt4o,mc_C_467,T6,2,0,0.99999983106469,1,1
gpt4o,mc_C_527,T0,1,0,0.9999999981232983,1,1
gpt4o,mc_C_527,T0,2,0,0.9999999995877433,1,1
gpt4o,mc_C_527,T1,1,0,0.9999999974746219,1,1
gpt4o,mc_C_527,T1,2,0,0.9999999997121984,1,1
gpt4o,mc_C_527,T3,1,0,0.9999999972264146,1,1
gpt4o,mc_C_527,T3,2,0,0.9999999995328519,1,1
gpt4o,mc_C_527,T5,1,0,0.9999999996473783,1,1
gpt4o,mc_C_527,T5,2,0,0.9999999998198985,1,1
gpt4o,mc_C_527,T6,1,0,0.9999961550646577,1,1
gpt4o,mc_C_527,T6,2,0,0.9999999896948802,1,1
gpt4o,mc_C_675,T0,1,0,0.9999999992298032,1,1
gpt4o,mc_C_675,T0,2,0,0.9999999998226907,1,1
gpt4o,mc_C_675,T1,1,0,0.9999999926925758,1,1
gpt4o,mc_C_675,T1,2,0,0.999999999768745,1,1
gpt4o,mc_C_675,T3,1,0,0.9999999970933076,1,1
gpt4o,mc_C_675,T3,2,0,0.9999999999367783,1,1
gpt4o,mc_C_675,T5,1,0,0.9999999943972036,1,1
gpt4o,mc_C_675,T5,2,0,0.9999999998722888,1,1
gpt4o,mc_C_675,T6,1,0,0.9999999559305943,1,1
gpt4o,mc_C_675,T6,2,0,0.9999999970933076,1,1
gpt4o,mc_C_772,T0,1,0,0.99999999873016,1,1
gpt4o,mc_C_772,T0,2,0,0.9999999997614042,1,1
gpt4o,mc_C_772,T1,1,0,0.9999999967062858,1,1
gpt4o,mc_C_772,T1,2,0,0.9999999999135862,1,1
gpt4o,mc_C_772,T3,1,0,0.9999999982370018,1,1
gpt4o,mc_C_772,T3,2,0,0.9999999998506905,1,1
gpt4o,mc_C_772,T5,1,0,0.9999999987101631,1,1
gpt4o,mc_C_772,T5,2,0,0.9999999996738782,1,1
gpt4o,mc_C_772,T6,1,0,0.9999930377407468,1,1
gpt4o,mc_C_772,T6,2,0,0.9999997503297868,1,1
gpt4o,mc_C_941,T0,1,0,0.9999999985833912,1,1
gpt4o,mc_C_941,T0,2,0,0.9999999998941238,1,1
gpt4o,mc_C_941,T1,1,0,0.9999999954271308,1,1
gpt4o,mc_C_941,T1,2,0,0.9999999996687425,1,1
gpt4o,mc_C_941,T3,1,0,0.9999999965482171,1,1
gpt4o,mc_C_941,T3,2,0,0.999999999786124,1,1
gpt4o,mc_C_941,T5,1,0,0.9999999964386459,1,1
gpt4o,mc_C_941,T5,2,0,0.999999999683912,1,1
gpt4o,mc_C_941,T6,1,0,0.999982768423931,1,1
gpt4o,mc_C_941,T6,2,0,0.9999918603106556,1,1
gpt4o,mc_G_005,T0,1,0,0.9999998173373359,1,1
gpt4o,mc_G_005,T0,2,0,0.9999999990709654,1,1
gpt4o,mc_G_005,T1,1,0,0.9999997257909216,1,1
gpt4o,mc_G_005,T1,2,0,0.9999999964386459,1,1
gpt4o,mc_G_005,T3,1,0,0.9999998704727996,1,1
gpt4o,mc_G_005,T3,2,0,0.9999999957707875,1,1
gpt4o,mc_G_005,T5,1,0,0.9999998336837886,1,1
gpt4o,mc_G_005,T5,2,0,0.9999999920987906,1,1
gpt4o,mc_G_005,T6,1,0,0.9999426124213989,1,1
gpt4o,mc_G_005,T6,2,0,0.9999998532264559,1,1
gpt4o,mc_G_037,T0,1,0,0.9999995883634264,1,1
gpt4o,mc_G_037,T0,2,0,0.9999999837877711,1,1
gpt4o,mc_G_037,T1,1,0,0.9999964440159327,1,1
gpt4o,mc_G_037,T1,2,0,0.9999999515992267,1,1
gpt4o,mc_G_037,T3,1,0,0.9999885212269366,1,1
gpt4o,mc_G_037,T3,2,0,0.9999987320711764,1,1
gpt4o,mc_G_037,T5,1,0,0.9999980361954902,1,1
gpt4o,mc_G_037,T5,2,0,0.9999999910467569,1,1
gpt4o,mc_G_037,T6,1,0,0.9999640869910267,1,1
gpt4o,mc_G_037,T6,2,0,0.9999997424044055,1,1
gpt4o,mc_G_064,T0,1,0,4.518244452275725e-11,1,1
gpt4o,mc_G_064,T0,2,0,6.903999830588138e-10,1,1
gpt4o,mc_G_064,T1,1,0,5.579287180810713e-11,1,1
gpt4o,mc_G_064,T1,2,0,3.0461875766482648e-09,1,1
gpt4o,mc_G_064,T3,1,0,6.42172018152997e-11,1,1
gpt4o,mc_G_064,T3,2,0,1.580341298396515e-09,1,1
gpt4o,mc_G_064,T5,1,0,2.8944960587461383e-11,1,1
gpt4o,mc_G_064,T5,2,0,7.465003719058839e-10,1,1
gpt4o,mc_G_064,T6,1,0,7.62598140337811e-11,1,1
gpt4o,mc_G_064,T6,2,0,9.094236196285773e-09,1,1
gpt4o,mc_G_086,T0,1,0,0.9999999932417374,1,1
gpt4o,mc_G_086,T0,2,0,0.9999999995254956,1,1
gpt4o,mc_G_086,T1,1,0,0.9999991420765005,1,1
gpt4o,mc_G_086,T1,2,0,0.9999999697115696,1,1
gpt4o,mc_G_086,T3,1,0,0.999999321326611,1,1
gpt4o,mc_G_086,T3,2,0,0.9999999774915497,1,1
gpt4o,mc_G_086,T5,1,0,0.9999969105045869,1,1
gpt4o,mc_G_086,T5,2,0,0.9999999781840616,1,1
gpt4o,mc_G_086,T6,1,0,0.9959927109422371,1,1
gpt4o,mc_G_086,T6,2,0,0.9999998229573165,1,1
gpt4o,mc_G_112,T0,1,0,0.9978842964386673,1,1
gpt4o,mc_G_112,T0,2,0,0.9999485577825575,1,1
gpt4o,mc_G_112,T1,1,0,0.9585377281769191,1,1
gpt4o,mc_G_112,T1,2,0,0.9944450764615808,1,1
gpt4o,mc_G_112,T3,1,0,0.9999697580464718,1,1
gpt4o,mc_G_112,T3,2,0,,0,1
gpt4o,mc_G_112,T5,1,0,0.8397339616560072,1,1
gpt4o,mc_G_112,T5,2,0,0.991422513477504,1,1
gpt4o,mc_G_112,T6,1,0,,0,1
gpt4o,mc_G_112,T6,2,0,,0,1
gpt4o,mc_G_135,T0,1,0,0.9999997170865936,1,1
gpt4o,mc_G_135,T0,2,0,0.9999999856927584,1,1
gpt4o,mc_G_135,T1,1,0,0.9999993820606635,1,1
gpt4o,mc_G_135,T1,2,0,0.9999999883227696,1,1
gpt4o,mc_G_135,T3,1,0,0.9999998485673641,1,1
gpt4o,mc_G_135,T3,2,0,0.9999999959009065,1,1
gpt4o,mc_G_135,T5,1,0,0.9999992997832204,1,1
gpt4o,mc_G_135,T5,2,0,0.9999999931353103,1,1
gpt4o,mc_G_135,T6,1,0,0.999983812425118,1,1
gpt4o,mc_G_135,T6,2,0,0.9999998284043462,1,1
gpt4o,mc_G_156,T0,1,0,4.792325647429152e-09,1,1
gpt4o,mc_G_156,T0,2,0,1.204790545106249e-08,1,1
gpt4o,mc_G_156,T1,1,0,8.54324422316921e-09,1,1
gpt4o,mc_G_156,T1,2,0,6.691585063833827e-10,1,1
gpt4o,mc_G_156,T3,1,0,1.063223920017009e-08,1,1
gpt4o,mc_G_156,T3,2,0,5.547520220972046e-10,1,1
gpt4o,mc_G_156,T5,1,0,1.386705417161238e-08,1,1
gpt4o,mc_G_156,T5,2,0,1.5317194179687021e-09,1,1
gpt4o,mc_G_156,T6,1,0,2.8616284897253763e-09,1,1
gpt4o,mc_G_156,T6,2,0,3.6174372386454934e-09,1,1
gpt4o,mc_G_179,T0,1,0,2.372373186787513e-09,1,1
gpt4o,mc_G_179,T0,2,0,2.3673907278976003e-10,1,1
gpt4o,mc_G_179,T1,1,0,7.082598285634845e-09,1,1
gpt4o,mc_G_179,T1,2,0,1.7456036616181336e-10,1,1
gpt4o,mc_G_179,T3,1,0,7.582561245556008e-10,1,1
gpt4o,mc_G_179,T3,2,0,1.540489957818636e-10,1,1
gpt4o,mc_G_179,T5,1,0,3.850741947530878e-09,1,1
gpt4o,mc_G_179,T5,2,0,8.915668203712812e-11,1,1
gpt4o,mc_G_179,T6,1,0,3.911382329135904e-09,1,1
gpt4o,mc_G_179,T6,2,0,6.796962992439148e-10,1,1
gpt4o,mc_G_186,T0,1,0,0.00019411312709334184,1,1
gpt4o,mc_G_186,T0,2,0,9.761564374250221e-05,1,1
gpt4o,mc_G_186,T1,1,0,0.0011879055487943916,1,1
gpt4o,mc_G_186,T1,2,0,0.0019267345364492408,1,1
gpt4o,mc_G_186,T3,1,0,0.0005442133402039462,1,1
gpt4o,mc_G_186,T3,2,0,0.0006263341356852616,1,1
gpt4o,mc_G_186,T5,1,0,6.402007629086485e-05,1,1
gpt4o,mc_G_186,T5,2,0,0.0011879052639083745,1,1
gpt4o,mc_G_186,T6,1,0,1.4285522089051387e-05,1,1
gpt4o,mc_G_186,T6,2,0,1.7502922818216593e-05,1,1
gpt4o,mc_G_235,T0,1,0,0.9999999966544175,1,1
gpt4o,mc_G_235,T0,2,0,0.9999999973117488,1,1
gpt4o,mc_G_235,T1,1,0,0.9999999701811482,1,1
gpt4o,mc_G_235,T1,2,0,0.9999999985384231,1,1
gpt4o,mc_G_235,T3,1,0,0.9999999687501117,1,1
gpt4o,mc_G_235,T3,2,0,0.9999999979063878,1,1
gpt4o,mc_G_235,T5,1,0,0.9999998362622821,1,1
gpt4o,mc_G_235,T5,2,0,0.9999999898546464,1,1
gpt4o,mc_G_235,T6,1,0,0.9999964991461612,1,1
gpt4o,mc_G_235,T6,2,0,0.9999990577553364,1,1
gpt4o,mc_G_236,T0,1,0,0.9998028306151406,1,1
gpt4o,mc_G_236,T0,2,0,0.9954615692639813,1,1
gpt4o,mc_G_236,T1,1,0,0.9999935609624911,1,1
gpt4o,mc_G_236,T1,2,0,0.99531817768615,1,1
gpt4o,mc_G_236,T3,1,0,0.9857180679104458,1,1
gpt4o,mc_G_236,T3,2,0,0.9465966673753953,1,1
gpt4o,mc_G_236,T5,1,0,0.9999832985769227,1,1
gpt4o,mc_G_236,T5,2,0,0.9987156916785811,1,1
gpt4o,mc_G_236,T6,1,0,0.9980429825995863,1,1
gpt4o,mc_G_236,T6,2,0,0.84997116805678,1,1
gpt4o,mc_G_288,T0,1,0,0.9999976679247503,1,1
gpt4o,mc_G_288,T0,2,0,0.9999852610222162,1,1
gpt4o,mc_G_288,T1,1,0,0.999998517642226,1,1
gpt4o,mc_G_288,T1,2,0,0.999960557429201,1,1
gpt4o,mc_G_288,T3,1,0,0.9999946618451718,1,1
gpt4o,mc_G_288,T3,2,0,0.9999807768283971,1,1
gpt4o,mc_G_288,T5,1,0,0.9999963311359839,1,1
gpt4o,mc_G_288,T5,2,0,0.9997901168513211,1,1
gpt4o,mc_G_288,T6,1,0,0.9999733114780202,1,1
gpt4o,mc_G_288,T6,2,0,0.9980732649834068,1,1
gpt4o,mc_G_302,T0,1,0,0.9944450762065841,1,1
gpt4o,mc_G_302,T0,2,0,0.9994385212450718,1,1
gpt4o,mc_G_302,T1,1,0,0.05419873315389024,1,1
gpt4o,mc_G_302,T1,2,0,0.9184802422300702,1,1
gpt4o,mc_G_302,T3,1,0,0.031143830078890378,1,1
gpt4o,mc_G_302,T3,2,0,0.8221891361574671,1,1
gpt4o,mc_G_302,T5,1,0,0.13477590727384425,1,1
gpt4o,mc_G_302,T5,2,0,0.8774767946514714,1,1
gpt4o,mc_G_302,T6,1,0,0.0002453695763604431,1,1
gpt4o,mc_G_302,T6,2,0,0.027585284665177637,1,1
gpt4o,mc_G_365,T0,1,0,0.9999916019253544,1,1
gpt4o,mc_G_365,T0,2,0,0.999999906705054,1,1
gpt4o,mc_G_365,T1,1,0,0.9999998336837886,1,1
gpt4o,mc_G_365,T1,2,0,0.9999999974348528,1,1
gpt4o,mc_G_365,T3,1,0,0.9999983971896595,1,1
gpt4o,mc_G_365,T3,2,0,0.999999995704187,1,1
gpt4o,mc_G_365,T5,1,0,0.9999996310113446,1,1
gpt4o,mc_G_365,T5,2,0,0.9999999893677608,1,1
gpt4o,mc_G_365,T6,1,0,0.9999931456798327,1,1
gpt4o,mc_G_365,T6,2,0,0.9999998362622821,1,1
gpt4o,mc_G_373,T0,1,0,9.585254508670129e-10,1,1
gpt4o,mc_G_373,T0,2,0,1.895401567147086e-08,1,1
gpt4o,mc_G_373,T1,1,0,2.1176585545060426e-11,1,1
gpt4o,mc_G_373,T1,2,0,2.486225841845177e-09,1,1
gpt4o,mc_G_373,T3,1,0,9.946154786128256e-11,1,1
gpt4o,mc_G_373,T3,2,0,9.585254508866474e-10,1,1
gpt4o,mc_G_373,T5,1,0,4.4830831949757764e-11,1,1
gpt4o,mc_G_373,T5,2,0,1.3730243143713055e-09,1,1
gpt4o,mc_G_373,T6,1,0,1.6144202756271314e-10,1,1
gpt4o,mc_G_373,T6,2,0,6.188705451171308e-10,1,1
gpt4o,mc_G_385,T0,1,0,0.99999998219435,1,1
gpt4o,mc_G_385,T0,2,0,0.9999999801363622,1,1
gpt4o,mc_G_385,T1,1,0,0.9999888743943633,1,1
gpt4o,mc_G_385,T1,2,0,0.9999932519463127,1,1
gpt4o,mc_G_385,T3,1,0,0.999981074850384,1,1
gpt4o,mc_G_385,T3,2,0,0.9999975175203724,1,1
gpt4o,mc_G_385,T5,1,0,0.999994137184159,1,1
gpt4o,mc_G_385,T5,2,0,0.99999933184846,1,1
gpt4o,mc_G_385,T6,1,0,0.9999111191894039,1,1
gpt4o,mc_G_385,T6,2,0,0.9999888743956814,1,1
gpt4o,mc_G_397,T0,1,0,7.422499170850472e-09,1,1
gpt4o,mc_G_397,T0,2,0,4.122566732434052e-10,1,1
gpt4o,mc_G_397,T1,1,0,3.378918589369562e-08,1,1
gpt4o,mc_G_397,T1,2,0,2.1940866901104528e-09,1,1
gpt4o,mc_G_397,T3,1,0,7.539386559507477e-09,1,1
gpt4o,mc_G_397,T3,2,0,7.012721514598752e-10,1,1
gpt4o,mc_G_397,T5,1,0,9.329494599086274e-08,1,1
gpt4o,mc_G_397,T5,2,0,5.1817397039854995e-09,1,1
gpt4o,mc_G_397,T6,1,0,3.3265332932685965e-08,1,1
gpt4o,mc_G_397,T6,2,0,7.422499170850472e-09,1,1
gpt4o,mc_G_431,T0,1,0,0.9999999904693223,1,1
gpt4o,mc_G_431,T0,2,0,0.9999999925775008,1,1
gpt4o,mc_G_431,T1,1,0,0.9999999971827371,1,1
gpt4o,mc_G_431,T1,2,0,0.9999999988793702,1,1
gpt4o,mc_G_431,T3,1,0,0.999999996149258,1,1
gpt4o,mc_G_431,T3,2,0,0.9999999994948925,1,1
gpt4o,mc_G_431,T5,1,0,0.9999999964386459,1,1
gpt4o,mc_G_431,T5,2,0,0.9999999919743648,1,1
gpt4o,mc_G_431,T6,1,0,0.9999997993843379,1,1
gpt4o,mc_G_431,T6,2,0,0.9999999348696292,1,1
gpt4o,mc_G_453,T0,1,0,0.9997584338071099,1,1
gpt4o,mc_G_453,T0,2,0,0.9999979419500024,1,1
gpt4o,mc_G_453,T1,1,0,0.9883127420645047,1,1
gpt4o,mc_G_453,T1,2,0,0.999447221285736,1,1
gpt4o,mc_G_453,T3,1,0,0.9998785182835083,1,1
gpt4o,mc_G_453,T3,2,0,0.999996388016242,1,1
gpt4o,mc_G_453,T5,1,0,0.9910145717220851,1,1
gpt4o,mc_G_453,T5,2,0,0.9999531611067993,1,1
gpt4o,mc_G_453,T6,1,0,0.9124361530063195,1,1
gpt4o,mc_G_453,T6,2,0,0.999527145589816,1,1
gpt4o,mc_G_492,T0,1,0,0.9999999830097303,1,1
gpt4o,mc_G_492,T0,2,0,0.9999999989306876,1,1
gpt4o,mc_G_492,T1,1,0,0.9999976312016852,1,1
gpt4o,mc_G_492,T1,2,0,0.9999999873739035,1,1
gpt4o,mc_G_492,T3,1,0,0.9999980666413983,1,1
gpt4o,mc_G_492,T3,2,0,0.9999999795058225,1,1
gpt4o,mc_G_492,T5,1,0,0.999989046881598,1,1
gpt4o,mc_G_492,T5,2,0,0.9999999885038083,1,1
gpt4o,mc_G_492,T6,1,0,0.9999924720106721,1,1
gpt4o,mc_G_492,T6,2,0,0.9999995034719698,1,1
gpt4o,mc_G_572,T0,1,0,0.9926541725698469,1,1
gpt4o,mc_G_572,T0,2,0,0.9999435020761338,1,1
gpt4o,mc_G_572,T1,1,0,0.9996079582734471,1,1
gpt4o,mc_G_572,T1,2,0,0.9999979095407474,1,1
gpt4o,mc_G_572,T3,1,0,0.9957353645544209,1,1
gpt4o,mc_G_572,T3,2,0,0.9999978766206209,1,1
gpt4o,mc_G_572,T5,1,0,0.9989012691828681,1,1
gpt4o,mc_G_572,T5,2,0,0.9999995111699195,1,1
gpt4o,mc_G_572,T6,1,0,0.9748211587250227,1,1
gpt4o,mc_G_572,T6,2,0,0.9999886991894938,1,1
gpt4o,mc_G_595,T0,1,0,0.9951702779968081,1,1
gpt4o,mc_G_595,T0,2,0,0.9993929244247786,1,1
gpt4o,mc_G_595,T1,1,0,0.9715639676241284,1,1
gpt4o,mc_G_595,T1,2,0,0.9996946509541875,1,1
gpt4o,mc_G_595,T3,1,0,0.9982725414593601,1,1
gpt4o,mc_G_595,T3,2,0,0.999769493267909,1,1
gpt4o,mc_G_595,T5,1,0,0.9964063972133725,1,1
gpt4o,mc_G_595,T5,2,0,0.9996259043991,1,1
gpt4o,mc_G_595,T6,1,0,0.9173026539338222,1,1
gpt4o,mc_G_595,T6,2,0,0.9766692286024927,1,1
gpt4o,mc_G_601,T0,1,0,0.999997774718539,1,1
gpt4o,mc_G_601,T0,2,0,0.9995955185211031,1,1
gpt4o,mc_G_601,T1,1,0,0.9999995111698611,1,1
gpt4o,mc_G_601,T1,2,0,0.9999935609632609,1,1
gpt4o,mc_G_601,T3,1,0,,0,1
gpt4o,mc_G_601,T3,2,0,0.9999869928659242,1,1
gpt4o,mc_G_601,T5,1,0,0.9999998802069212,1,1
gpt4o,mc_G_601,T5,2,0,0.9999824970771212,1,1
gpt4o,mc_G_601,T6,1,0,0.9999999052358725,1,1
gpt4o,mc_G_601,T6,2,0,0.9999768125291036,1,1
gpt4o,mc_H_035,T0,1,0,5.263340133696816e-09,1,1
gpt4o,mc_H_035,T0,2,0,5.570894804234854e-08,1,1
gpt4o,mc_H_035,T1,1,0,7.778712445608093e-09,1,1
gpt4o,mc_H_035,T1,2,0,3.769456045941013e-08,1,1
gpt4o,mc_H_035,T3,1,0,4.0355428695601054e-09,1,1
gpt4o,mc_H_035,T3,2,0,4.338617288987653e-08,1,1
gpt4o,mc_H_035,T5,1,0,3.3982678077991868e-09,1,1
gpt4o,mc_H_035,T5,2,0,7.042272152919084e-08,1,1
gpt4o,mc_H_035,T6,1,0,8.67778080342241e-09,1,1
gpt4o,mc_H_035,T6,2,0,7.979939720833384e-08,1,1
gpt4o,mc_H_044,T0,1,0,1.1659535335994953e-05,1,1
gpt4o,mc_H_044,T0,2,0,4.313910567654844e-07,1,1
gpt4o,mc_H_044,T1,1,0,7.48462327219146e-05,1,1
gpt4o,mc_H_044,T1,2,0,0.0003406293702975516,1,1
gpt4o,mc_H_044,T3,1,0,0.0021157033810013104,1,1
gpt4o,mc_H_044,T3,2,0,0.04272219922237619,1,1
gpt4o,mc_H_044,T5,1,0,7.36858998279244e-05,1,1
gpt4o,mc_H_044,T5,2,0,4.264746109694517e-05,1,1
gpt4o,mc_H_044,T6,1,0,1.1125606972250957e-05,1,1
gpt4o,mc_H_044,T6,2,0,5.173921001633275e-06,1,1
gpt4o,mc_H_049,T0,1,0,0.0029810322094658993,1,1
gpt4o,mc_H_049,T0,2,0,0.01640303604000372,1,1
gpt4o,mc_H_049,T1,1,0,0.4493926344647596,1,1
gpt4o,mc_H_049,T1,2,0,0.12085324198975819,1,1
gpt4o,mc_H_049,T3,1,0,0.10970577606107472,1,1
gpt4o,mc_H_049,T3,2,0,0.6992544085240401,1,1
gpt4o,mc_H_049,T5,1,0,0.5621765008857982,1,1
gpt4o,mc_H_049,T5,2,0,0.9867771797180719,1,1
gpt4o,mc_H_049,T6,1,0,0.4921881357207955,1,1
gpt4o,mc_H_049,T6,2,0,0.9985896411871114,1,1
gpt4o,mc_H_060,T0,1,0,0.9766692293519882,1,1
gpt4o,mc_H_060,T0,2,0,0.8902942195727173,1,1
gpt4o,mc_H_060,T1,1,0,0.9943580918359781,1,1
gpt4o,mc_H_060,T1,2,0,0.9999318513055541,1,1
gpt4o,mc_H_060,T3,1,0,0.9869795120720233,1,1
gpt4o,mc_H_060,T3,2,0,0.9991959141917488,1,1
gpt4o,mc_H_060,T5,1,0,0.9983256010066581,1,1
gpt4o,mc_H_060,T5,2,0,0.9999982938170415,1,1
gpt4o,mc_H_060,T6,1,0,0.5813030953669277,1,1
gpt4o,mc_H_060,T6,2,0,0.9999692818049976,1,1
gpt4o,mc_H_066,T0,1,0,1.1929041970934006e-09,1,1
gpt4o,mc_H_066,T0,2,0,1.546981678703682e-08,1,1
gpt4o,mc_H_066,T1,1,0,1.8767017258218814e-09,1,1
gpt4o,mc_H_066,T1,2,0,4.2292126149235204e-09,1,1
gpt4o,mc_H_066,T3,1,0,3.3125753213065985e-10,1,1
gpt4o,mc_H_066,T3,2,0,2.890142228599925e-08,1,1
gpt4o,mc_H_066,T5,1,0,8.864911256805263e-10,1,1
gpt4o,mc_H_066,T5,2,0,1.0969742774138273e-08,1,1
gpt4o,mc_H_066,T6,1,0,1.0305119664591528e-08,1,1
gpt4o,mc_H_066,T6,2,0,6.758262498176623e-09,1,1
gpt4o,mc_H_072,T0,1,0,4.1399375594330934e-08,1,1
gpt4o,mc_H_072,T0,2,0,2.64657362691878e-09,1,1
gpt4o,mc_H_072,T1,1,0,4.45084872735535e-07,1,1
gpt4o,mc_H_072,T1,2,0,8.02563515645005e-09,1,1
gpt4o,mc_H_072,T3,1,0,1.3081771527145847e-06,1,1
gpt4o,mc_H_072,T3,2,0,2.0494177466190422e-08,1,1
gpt4o,mc_H_072,T5,1,0,1.3007124771591272e-05,1,1
gpt4o,mc_H_072,T5,2,0,2.9189403949470005e-07,1,1
gpt4o,mc_H_072,T6,1,0,8.059445839592172e-07,1,1
gpt4o,mc_H_072,T6,2,0,1.8553915992480796e-07,1,1
gpt4o,mc_H_073,T0,1,0,1.255420679635577e-07,1,1
gpt4o,mc_H_073,T0,2,0,1.7087564696538493e-09,1,1
gpt4o,mc_H_073,T1,1,0,3.1071961870132725e-07,1,1
gpt4o,mc_H_073,T1,2,0,1.5057012983099582e-06,1,1
gpt4o,mc_H_073,T3,1,0,4.1163657360510086e-07,1,1
gpt4o,mc_H_073,T3,2,0,7.856222228319609e-08,1,1
gpt4o,mc_H_073,T5,1,0,6.339208604377866e-06,1,1
gpt4o,mc_H_073,T5,2,0,4.425489301129737e-06,1,1
gpt4o,mc_H_073,T6,1,0,2.8130176916718597e-06,1,1
gpt4o,mc_H_073,T6,2,0,1.5446314376332815e-05,1,1
gpt4o_mini,dd_0107,T1,1,0,0.09534946991828995,1,1
gpt4o_mini,dd_0107,T1,2,0,0.022977367771183966,1,1
gpt4o_mini,dd_0107,T3,1,0,1.370956655045434e-06,1,1
gpt4o_mini,dd_0107,T3,2,0,1.1032560311213025e-09,1,1
gpt4o_mini,dd_0107,T5,1,0,0.017986211536333663,1,1
gpt4o_mini,dd_0107,T5,2,0,1.0129988106426275e-05,1,1
gpt4o_mini,dd_0107,T6,1,0,1.6701415113308346e-05,1,1
gpt4o_mini,dd_0107,T6,2,0,2.8453347278848247e-08,1,1
gpt4o_mini,dd_0283,T1,1,0,1.317651426831824e-10,1,1
gpt4o_mini,dd_0283,T1,2,0,3.266131342777361e-13,1,1
gpt4o_mini,dd_0283,T3,1,0,6.224144622505308e-11,1,1
gpt4o_mini,dd_0283,T3,2,0,1.7482341282669995e-13,1,1
gpt4o_mini,dd_0283,T5,1,0,6.224144622498478e-11,1,1
gpt4o_mini,dd_0283,T5,2,0,1.542811203183726e-13,1,1
gpt4o_mini,dd_0283,T6,1,0,2.7894680920641617e-10,1,1
gpt4o_mini,dd_0283,T6,2,0,3.701011678574574e-13,1,1
gpt4o_mini,dd_11241,T1,1,0,0.04742587530141944,1,1
gpt4o_mini,dd_11241,T1,2,0,0.9770226322473213,1,1
gpt4o_mini,dd_11241,T3,1,0,0.00020342706097989643,1,1
gpt4o_mini,dd_11241,T3,2,0,0.1480472022968157,1,1
gpt4o_mini,dd_11241,T5,1,0,0.07585818354992138,1,1
gpt4o_mini,dd_11241,T5,2,0,0.9399133456804919,1,1
gpt4o_mini,dd_11241,T6,1,0,0.0002611903266574093,1,1
gpt4o_mini,dd_11241,T6,2,0,0.00015843624677257744,1,1
gpt4o_mini,dd_13518,T1,1,0,2.4133627718238443e-12,1,1
gpt4o_mini,dd_13518,T1,2,0,5.0087746378175456e-14,1,1
gpt4o_mini,dd_13518,T3,1,0,2.7346982915808417e-12,1,1
gpt4o_mini,dd_13518,T3,2,0,7.287724095790028e-14,1,1
gpt4o_mini,dd_13518,T5,1,0,7.433680672285998e-12,1,1
gpt4o_mini,dd_13518,T5,2,0,9.35762296879132e-14,1,1
gpt4o_mini,dd_13518,T6,1,0,1.081594155714252e-11,1,1
gpt4o_mini,dd_13518,T6,2,0,2.2447770550142902e-13,1,1
gpt4o_mini,dd_14408,T1,1,0,0.9999986290433451,1,1
gpt4o_mini,dd_14408,T1,2,0,0.9999977396747258,1,1
gpt4o_mini,dd_14408,T3,1,0,0.9999994956527948,1,1
gpt4o_mini,dd_14408,T3,2,0,0.9999991684720096,1,1
gpt4o_mini,dd_14408,T5,1,0,0.9999952149051509,1,1
gpt4o_mini,dd_14408,T5,2,0,0.9999952149051503,1,1
gpt4o_mini,dd_14408,T6,1,0,0.04742586972946887,1,1
gpt4o_mini,dd_14408,T6,2,0,0.6224593318952406,1,1
gpt4o_mini,dd_14818,T1,1,0,0.9525741303399257,1,1
gpt4o_mini,dd_14818,T1,2,0,0.999999694097641,1,1
gpt4o_mini,dd_14818,T3,1,0,0.32082130522884295,1,1
gpt4o_mini,dd_14818,T3,2,0,0.9999898700118932,1,1
gpt4o_mini,dd_14818,T5,1,0,0.6224593374207811,1,1
gpt4o_mini,dd_14818,T5,2,0,0.9999989322969233,1,1
gpt4o_mini,dd_14818,T6,1,0,0.0001584362468270112,1,1
gpt4o_mini,dd_14818,T6,2,0,0.8519528068923671,1,1
gpt4o_mini,dd_15810,T1,1,0,9.610239930169227e-05,1,1
gpt4o_mini,dd_15810,T1,2,0,9.610239929927908e-05,1,1
gpt4o_mini,dd_15810,T3,1,0,3.726639116569469e-06,1,1
gpt4o_mini,dd_15810,T3,2,0,4.539785574703501e-05,1,1
gpt4o_mini,dd_15810,T5,1,0,0.0007096703410067937,1,1
gpt4o_mini,dd_15810,T5,2,0,0.00020342706098008443,1,1
gpt4o_mini,dd_15810,T6,1,0,2.7535689844864815e-05,1,1
gpt4o_mini,dd_15810,T6,2,0,0.0005527785823123655,1,1
gpt4o_mini,dd_17929,T1,1,0,0.9999999847700205,1,1
gpt4o_mini,dd_17929,T1,2,0,0.999998629043345,1,1
gpt4o_mini,dd_17929,T3,1,0,0.9999999966017321,1,1
gpt4o_mini,dd_17929,T3,2,0,0.9999962733608834,1,1
gpt4o_mini,dd_17929,T5,1,0,0.9999999998973812,1,1
gpt4o_mini,dd_17929,T5,2,0,0.9999999804443193,1,1
gpt4o_mini,dd_17929,T6,1,0,0.99999960721363,1,1
gpt4o_mini,dd_17929,T6,2,0,0.9996646499458757,1,1
gpt4o_mini,dd_1808,T1,1,0,0.22270013798159913,1,1
gpt4o_mini,dd_1808,T1,2,0,0.43782350004553283,1,1
gpt4o_mini,dd_1808,T3,1,0,0.037326883824686394,1,1
gpt4o_mini,dd_1808,T3,2,0,0.2227001396125138,1,1
gpt4o_mini,dd_1808,T5,1,0,0.09534945894724976,1,1
gpt4o_mini,dd_1808,T5,2,0,0.06008665450863405,1,1
gpt4o_mini,dd_1808,T6,1,0,0.00669285140685189,1,1
gpt4o_mini,dd_1808,T6,2,0,0.00026119032645978624,1,1
gpt4o_mini,dd_1814,T1,1,0,6.224144622503194e-11,1,1
gpt4o_mini,dd_1814,T1,2,0,2.2897348455797017e-11,1,1
gpt4o_mini,dd_1814,T3,1,0,5.4927883506379554e-11,1,1
gpt4o_mini,dd_1814,T3,2,0,5.789356328667079e-12,1,1
gpt4o_mini,dd_1814,T5,1,0,2.461696951201676e-10,1,1
gpt4o_mini,dd_1814,T5,2,0,1.0261879630588022e-10,1,1
gpt4o_mini,dd_1814,T6,1,0,2.1724399345927882e-10,1,1
gpt4o_mini,dd_1814,T6,2,0,2.2897348455760023e-11,1,1
gpt4o_mini,dd_18223,T1,1,0,0.9933071478006379,1,1
gpt4o_mini,dd_18223,T1,2,0,0.8807970676927815,1,1
gpt4o_mini,dd_18223,T3,1,0,0.9914225163667902,1,1
gpt4o_mini,dd_18223,T3,2,0,0.2689414346299481,1,1
gpt4o_mini,dd_18223,T5,1,0,0.9995694428820958,1,1
gpt4o_mini,dd_18223,T5,2,0,0.9859363711044262,1,1
gpt4o_mini,dd_18223,T6,1,0,0.07585818228618608,1,1
gpt4o_mini,dd_18223,T6,2,0,0.07585817405082895,1,1
gpt4o_mini,dd_18643,T1,1,0,0.9999999999999656,1,1
gpt4o_mini,dd_18643,T1,2,0,0.9999999999981204,1,1
gpt4o_mini,dd_18643,T3,1,0,0.9999999999999609,1,1
gpt4o_mini,dd_18643,T3,2,0,0.99999999999886,1,1
gpt4o_mini,dd_18643,T5,1,0,0.9999999999999356,1,1
gpt4o_mini,dd_18643,T5,2,0,0.9999999999994615,1,1
gpt4o_mini,dd_18643,T6,1,0,0.9999999999989939,1,1
gpt4o_mini,dd_18643,T6,2,0,0.999999999989184,1,1
gpt4o_mini,dd_18670,T1,1,0,0.9997965729390986,1,1
gpt4o_mini,dd_18670,T1,2,0,0.9999999988967441,1,1
gpt4o_mini,dd_18670,T3,1,0,0.8807970712441728,1,1
gpt4o_mini,dd_18670,T3,2,0,0.9999998555019682,1,1
gpt4o_mini,dd_18670,T5,1,0,0.999999922655772,1,1
gpt4o_mini,dd_18670,T5,2,0,0.9999999985833912,1,1
gpt4o_mini,dd_18670,T6,1,0,0.8175744687993403,1,1
gpt4o_mini,dd_18670,T6,2,0,0.999998629043345,1,1
gpt4o_mini,dd_2081,T1,1,0,0.9980732654443913,1,1
gpt4o_mini,dd_2081,T1,2,0,0.9999962733608835,1,1
gpt4o_mini,dd_2081,T3,1,0,0.999999694097641,1,1
gpt4o_mini,dd_2081,T3,2,0,0.999999974890009,1,1
gpt4o_mini,dd_2081,T5,1,0,0.9997388096111836,1,1
gpt4o_mini,dd_2081,T5,2,0,0.9999938558278725,1,1
gpt4o_mini,dd_2081,T6,1,0,0.01798620705859508,1,1
gpt4o_mini,dd_2081,T6,2,0,0.5000000020050935,1,1
gpt4o_mini,dd_21158,T1,1,0,0.9999999990263799,1,1
gpt4o_mini,dd_21158,T1,2,0,0.999999694097641,1,1
gpt4o_mini,dd_21158,T3,1,0,0.9999832985848875,1,1
gpt4o_mini,dd_21158,T3,2,0,0.9999832985848864,1,1
gpt4o_mini,dd_21158,T5,1,0,0.9999989322969234,1,1
gpt4o_mini,dd_21158,T5,2,0,0.999999974890009,1,1
gpt4o_mini,dd_21158,T6,1,0,0.9999998144608401,1,1
gpt4o_mini,dd_21158,T6,2,0,0.9999970976877992,1,1
gpt4o_mini,dd_21629,T1,1,0,0.9999989322969234,1,1
gpt4o_mini,dd_21629,T1,2,0,0.9999991684720096,1,1
gpt4o_mini,dd_21629,T3,1,0,0.9999251538028822,1,1
gpt4o_mini,dd_21629,T3,2,0,0.99999998813888,1,1
gpt4o_mini,dd_21629,T5,1,0,0.9241418240490712,1,1
gpt4o_mini,dd_21629,T5,2,0,0.9999970976877992,1,1
gpt4o_mini,dd_21629,T6,1,0,0.07585817582139265,1,1
gpt4o_mini,dd_21629,T6,2,0,0.9947798743196137,1,1
gpt4o_mini,dd_21630,T1,1,0,0.0003353500541759479,1,1
gpt4o_mini,dd_21630,T1,2,0,5.8291276779872006e-05,1,1
gpt4o_mini,dd_21630,T3,1,0,1.1253518384313887e-07,1,1
gpt4o_mini,dd_21630,T3,2,0,1.522997951270928e-08,1,1
gpt4o_mini,dd_21630,T5,1,0,1.6701415113842146e-05,1,1
gpt4o_mini,dd_21630,T5,2,0,2.7535689843386848e-05,1,1
gpt4o_mini,dd_21630,T6,1,0,0.003172683065730527,1,1
gpt4o_mini,dd_21630,T6,2,0,0.00012339462758249764,1,1
gpt4o_mini,dd_22819,T1,1,0,4.8473687060202106e-11,1,1
gpt4o_mini,dd_22819,T1,2,0,4.193795658356149e-13,1,1
gpt4o_mini,dd_22819,T3,1,0,7.991959892298049e-11,1,1
gpt4o_mini,dd_22819,T3,2,0,6.914400106913635e-13,1,1
gpt4o_mini,dd_22819,T5,1,0,7.052879850595442e-11,1,1
gpt4o_mini,dd_22819,T5,2,0,7.835041784982523e-13,1,1
gpt4o_mini,dd_22819,T6,1,0,2.789468092078168e-10,1,1
gpt4o_mini,dd_22819,T6,2,0,7.83504178501795e-13,1,1
gpt4o_mini,dd_23534,T1,1,0,0.0002611903266809981,1,1
gpt4o_mini,dd_23534,T1,2,0,0.06008665442453316,1,1
gpt4o_mini,dd_23534,T3,1,0,0.0031726830660504454,1,1
gpt4o_mini,dd_23534,T3,2,0,0.017986213638696406,1,1
gpt4o_mini,dd_23534,T5,1,0,0.0019267343292322958,1,1
gpt4o_mini,dd_23534,T5,2,0,0.22270014412348438,1,1
gpt4o_mini,dd_23534,T6,1,0,0.001169510343335606,1,1
gpt4o_mini,dd_23534,T6,2,0,0.017986213631643492,1,1
gpt4o_mini,dd_24260,T1,1,0,0.9999921107349501,1,1
gpt4o_mini,dd_24260,T1,2,0,0.9999999317439577,1,1
gpt4o_mini,dd_24260,T3,1,0,0.9999962733608838,1,1
gpt4o_mini,dd_24260,T3,2,0,0.99999998813888,1,1
gpt4o_mini,dd_24260,T5,1,0,0.9999999999964886,1,1
gpt4o_mini,dd_24260,T5,2,0,0.999999694097641,1,1
gpt4o_mini,dd_24260,T6,1,0,0.9999999994094697,1,1
gpt4o_mini,dd_24260,T6,2,0,0.9999997617630155,1,1
gpt4o_mini,dd_24405,T1,1,0,2.594609498200036e-11,1,1
gpt4o_mini,dd_24405,T1,2,0,3.900837610157898e-14,1,1
gpt4o_mini,dd_24405,T3,1,0,3.331544542043722e-11,1,1
gpt4o_mini,dd_24405,T3,2,0,6.431393941445059e-14,1,1
gpt4o_mini,dd_24405,T5,1,0,6.224144622474114e-11,1,1
gpt4o_mini,dd_24405,T5,2,0,3.9008376101579156e-14,1,1
gpt4o_mini,dd_24405,T6,1,0,6.224144622460861e-11,1,1
gpt4o_mini,dd_24405,T6,2,0,5.675685232595103e-14,1,1
gpt4o_mini,dd_24975,T1,1,0,0.9999898700118939,1,1
gpt4o_mini,dd_24975,T1,2,0,0.9999998874648162,1,1
gpt4o_mini,dd_24975,T3,1,0,0.9999999990263799,1,1
gpt4o_mini,dd_24975,T3,2,0,0.9999999979388463,1,1
gpt4o_mini,dd_24975,T5,1,0,0.9999999123575085,1,1
gpt4o_mini,dd_24975,T5,2,0,0.999999998394772,1,1
gpt4o_mini,dd_24975,T6,1,0,0.0004305571179800649,1,1
gpt4o_mini,dd_24975,T6,2,0,0.37754067658751145,1,1
gpt4o_mini,dd_25137,T1,1,0,0.9999999999996734,1,1
gpt4o_mini,dd_25137,T1,2,0,0.9999999999934397,1,1
gpt4o_mini,dd_25137,T3,1,0,0.9999999999997118,1,1
gpt4o_mini,dd_25137,T3,2,0,0.9999999999915765,1,1
gpt4o_mini,dd_25137,T5,1,0,0.9999999999998639,1,1
gpt4o_mini,dd_25137,T5,2,0,0.9999999999972653,1,1
gpt4o_mini,dd_25137,T6,1,0,0.9999970976877995,1,1
gpt4o_mini,dd_25137,T6,2,0,0.999999998394772,1,1
gpt4o_mini,dd_25302,T1,1,0,2.5946094981898263e-11,1,1
gpt4o_mini,dd_25302,T1,2,0,1.0603575991510349e-13,1,1
gpt4o_mini,dd_25302,T3,1,0,1.0815941557065364e-11,1,1
gpt4o_mini,dd_25302,T3,2,0,1.5428112031890438e-13,1,1
gpt4o_mini,dd_25302,T5,1,0,9.545034922706439e-12,1,1
gpt4o_mini,dd_25302,T5,2,0,3.900837610169636e-14,1,1
gpt4o_mini,dd_25302,T6,1,0,9.545034922686845e-12,1,1
gpt4o_mini,dd_25302,T6,2,0,3.266131342776147e-13,1,1
gpt4o_mini,dd_25868,T1,1,0,0.09534947019987015,1,1
gpt4o_mini,dd_25868,T1,2,0,0.9999785550602311,1,1
gpt4o_mini,dd_25868,T3,1,0,0.004070136797829855,1,1
gpt4o_mini,dd_25868,T3,2,0,0.9914225143480783,1,1
gpt4o_mini,dd_25868,T5,1,0,0.07585818598310978,1,1
gpt4o_mini,dd_25868,T5,2,0,0.9999038976007004,1,1
gpt4o_mini,dd_25868,T6,1,0,0.00015843624681101772,1,1
gpt4o_mini,dd_25868,T6,2,0,0.9626731121086671,1,1
gpt4o_mini,dd_26178,T1,1,0,3.7266391165161e-06,1,1
gpt4o_mini,dd_26178,T1,2,0,1.3709566549681497e-06,1,1
gpt4o_mini,dd_26178,T3,1,0,7.889265051176672e-06,1,1
gpt4o_mini,dd_26178,T3,2,0,1.0129988106342324e-05,1,1
gpt4o_mini,dd_26178,T5,1,0,1.0129988106876132e-05,1,1
gpt4o_mini,dd_26178,T5,2,0,1.8553915987468383e-07,1,1
gpt4o_mini,dd_26178,T6,1,0,1.370956655008754e-06,1,1
gpt4o_mini,dd_26178,T6,2,0,4.691163801430842e-08,1,1
gpt4o_mini,dd_26321,T1,1,0,0.9999999994094697,1,1
gpt4o_mini,dd_26321,T1,2,0,0.9999999804443193,1,1
gpt4o_mini,dd_26321,T3,1,0,0.99999998813888,1,1
gpt4o_mini,dd_26321,T3,2,0,0.9999998144608401,1,1
gpt4o_mini,dd_26321,T5,1,0,0.9999999997538302,1,1
gpt4o_mini,dd_26321,T5,2,0,0.9999999804443193,1,1
gpt4o_mini,dd_26321,T6,1,0,0.9980732656773945,1,1
gpt4o_mini,dd_26321,T6,2,0,0.9999999677581336,1,1
gpt4o_mini,dd_27524,T1,1,0,3.978962535783397e-12,1,1
gpt4o_mini,dd_27524,T1,2,0,3.7010116785745155e-13,1,1
gpt4o_mini,dd_27524,T3,1,0,2.734698291570408e-12,1,1
gpt4o_mini,dd_27524,T3,2,0,5.384940217719797e-13,1,1
gpt4o_mini,dd_27524,T5,1,0,6.560200168092751e-12,1,1
gpt4o_mini,dd_27524,T5,2,0,6.914400106926251e-13,1,1
gpt4o_mini,dd_27524,T6,1,0,2.020683908962098e-11,1,1
gpt4o_mini,dd_27524,T6,2,0,1.6586783589063005e-12,1,1
gpt4o_mini,dd_27558,T1,1,0,0.004070137767467401,1,1
gpt4o_mini,dd_27558,T1,2,0,0.7310585673097232,1,1
gpt4o_mini,dd_27558,T3,1,0,0.014063627252262331,1,1
gpt4o_mini,dd_27558,T3,2,0,0.9997965729390192,1,1
gpt4o_mini,dd_27558,T5,1,0,0.00015843624683865512,1,1
gpt4o_mini,dd_27558,T5,2,0,0.8807970796326211,1,1
gpt4o_mini,dd_27558,T6,1,0,0.0007096703409011399,1,1
gpt4o_mini,dd_27558,T6,2,0,0.9820137927090823,1,1
gpt4o_mini,dd_28814,T1,1,0,5.8291276784630705e-05,1,1
gpt4o_mini,dd_28814,T1,2,0,0.00012339462763662735,1,1
gpt4o_mini,dd_28814,T3,1,0,3.726639116542248e-06,1,1
gpt4o_mini,dd_28814,T3,2,0,2.5109990926342675e-08,1,1
gpt4o_mini,dd_28814,T5,1,0,1.3007124774570809e-05,1,1
gpt4o_mini,dd_28814,T5,2,0,1.3709566550078061e-06,1,1
gpt4o_mini,dd_28814,T6,1,0,2.3823698451665035e-07,1,1
gpt4o_mini,dd_28814,T6,2,0,2.594609498177133e-11,1,1
gpt4o_mini,dd_29454,T1,1,0,0.004070137768424727,1,1
gpt4o_mini,dd_29454,T1,2,0,0.0293122308935476,1,1
gpt4o_mini,dd_29454,T3,1,0,0.01406362393207498,1,1
gpt4o_mini,dd_29454,T3,2,0,0.001501182383228247,1,1
gpt4o_mini,dd_29454,T5,1,0,0.0600866536187391,1,1
gpt4o_mini,dd_29454,T5,2,0,0.0953494595242347,1,1
gpt4o_mini,dd_29454,T6,1,0,0.00033535005415824423,1,1
gpt4o_mini,dd_29454,T6,2,0,2.90231220071001e-06,1,1
gpt4o_mini,dd_29978,T1,1,0,3.726639116563516e-06,1,1
gpt4o_mini,dd_29978,T1,2,0,1.1861120010593644e-08,1,1
gpt4o_mini,dd_29978,T3,1,0,1.370956655048973e-06,1,1
gpt4o_mini,dd_29978,T3,2,0,2.5109990926843956e-08,1,1
gpt4o_mini,dd_29978,T5,1,0,5.04347205225427e-07,1,1
gpt4o_mini,dd_29978,T5,2,0,1.1861120010583357e-08,1,1
gpt4o_mini,dd_29978,T6,1,0,5.3157849718087534e-08,1,1
gpt4o_mini,dd_29978,T6,2,0,1.4930946759532916e-10,1,1
gpt4o_mini,dd_30131,T1,1,0,1.0815941557113344e-11,1,1
gpt4o_mini,dd_30131,T1,2,0,8.878265478411354e-13,1,1
gpt4o_mini,dd_30131,T3,1,0,6.560200168077226e-12,1,1
gpt4o_mini,dd_30131,T3,2,0,8.878265478429617e-13,1,1
gpt4o_mini,dd_30131,T5,1,0,7.433680672258886e-12,1,1
gpt4o_mini,dd_30131,T5,2,0,7.835041784983071e-13,1,1
gpt4o_mini,dd_30131,T6,1,0,1.5737102106482482e-11,1,1
gpt4o_mini,dd_30131,T6,2,0,1.8795288165258746e-12,1,1
gpt4o_mini,dd_30899,T1,1,0,0.9999999999094393,1,1
gpt4o_mini,dd_30899,T1,2,0,0.999999999782756,1,1
gpt4o_mini,dd_30899,T3,1,0,0.9999999999094393,1,1
gpt4o_mini,dd_30899,T3,2,0,0.9999999997210531,1,1
gpt4o_mini,dd_30899,T5,1,0,0.9999999999942106,1,1
gpt4o_mini,dd_30899,T5,2,0,0.9999999999200804,1,1
gpt4o_mini,dd_30899,T6,1,0,0.9999999895325983,1,1
gpt4o_mini,dd_30899,T6,2,0,0.999999998394772,1,1
gpt4o_mini,dd_31129,T1,1,0,2.2897348455840133e-11,1,1
gpt4o_mini,dd_31129,T1,2,0,8.878265478392961e-13,1,1
gpt4o_mini,dd_31129,T3,1,0,1.7832472907757436e-11,1,1
gpt4o_mini,dd_31129,T3,2,0,6.914400106913726e-13,1,1
gpt4o_mini,dd_31129,T5,1,0,5.789356328674049e-12,1,1
gpt4o_mini,dd_31129,T5,2,0,6.914400106889616e-13,1,1
gpt4o_mini,dd_31129,T6,1,0,9.545034922715929e-12,1,1
gpt4o_mini,dd_31129,T6,2,0,4.193795658346511e-13,1,1
gpt4o_mini,dd_32872,T1,1,0,0.003172683063938781,1,1
gpt4o_mini,dd_32872,T1,2,0,0.9399133528606513,1,1
gpt4o_mini,dd_32872,T3,1,0,0.1824255253872916,1,1
gpt4o_mini,dd_32872,T3,2,0,0.9890130576650429,1,1
gpt4o_mini,dd_32872,T5,1,0,0.003172683065204085,1,1
gpt4o_mini,dd_32872,T5,2,0,0.6224593317998216,1,1
gpt4o_mini,dd_32872,T6,1,0,0.022977370397029552,1,1
gpt4o_mini,dd_32872,T6,2,0,0.6224593338817576,1,1
gpt4o_mini,dd_33618,T1,1,0,4.599055376524274e-10,1,1
gpt4o_mini,dd_33618,T1,2,0,2.2897348455647862e-11,1,1
gpt4o_mini,dd_33618,T3,1,0,1.9171715133860344e-10,1,1
gpt4o_mini,dd_33618,T3,2,0,1.2256067443893e-11,1,1
gpt4o_mini,dd_33618,T5,1,0,7.991959892273805e-11,1,1
gpt4o_mini,dd_33618,T5,2,0,8.878265478392886e-13,1,1
gpt4o_mini,dd_33618,T6,1,0,4.5990553764729796e-10,1,1
gpt4o_mini,dd_33618,T6,2,0,1.879528816524612e-12,1,1
gpt4o_mini,dd_34148,T1,1,0,0.18242551468635504,1,1
gpt4o_mini,dd_34148,T1,2,0,0.9999417087232204,1,1
gpt4o_mini,dd_34148,T3,1,0,0.9399133454553464,1,1
gpt4o_mini,dd_34148,T3,2,0,0.14804720334978472,1,1
gpt4o_mini,dd_34148,T5,1,0,0.14804720361423152,1,1
gpt4o_mini,dd_34148,T5,2,0,0.9399133457345903,1,1
gpt4o_mini,dd_34148,T6,1,0,0.00015843624683673042,1,1
gpt4o_mini,dd_34148,T6,2,0,0.010986943574247874,1,1
gpt4o_mini,dd_34460,T1,1,0,5.109089028031363e-12,1,1
gpt4o_mini,dd_34460,T1,2,0,1.361526108084651e-13,1,1
gpt4o_mini,dd_34460,T3,1,0,9.545034922739917e-12,1,1
gpt4o_mini,dd_34460,T3,2,0,9.357622968821539e-14,1,1
gpt4o_mini,dd_34460,T5,1,0,5.7893563286904956e-12,1,1
gpt4o_mini,dd_34460,T5,2,0,7.287724095810748e-14,1,1
gpt4o_mini,dd_34460,T6,1,0,7.433680672286009e-12,1,1
gpt4o_mini,dd_34460,T6,2,0,7.287724095790028e-14,1,1
gpt4o_mini,dd_35732,T1,1,0,2.4133627718164776e-12,1,1
gpt4o_mini,dd_35732,T1,2,0,1.9810087980406682e-13,1,1
gpt4o_mini,dd_35732,T3,1,0,1.2256067443931334e-11,1,1
gpt4o_mini,dd_35732,T3,2,0,2.8823507934345716e-13,1,1
gpt4o_mini,dd_35732,T5,1,0,9.545034922668998e-12,1,1
gpt4o_mini,dd_35732,T5,2,0,2.543665647370076e-13,1,1
gpt4o_mini,dd_35732,T6,1,0,5.7893563286675575e-12,1,1
gpt4o_mini,dd_35732,T6,2,0,2.2447770550134725e-13,1,1
gpt4o_mini,dd_36819,T1,1,0,3.2241866332916144e-08,1,1
gpt4o_mini,dd_36819,T1,2,0,9.610239927244822e-05,1,1
gpt4o_mini,dd_36819,T3,1,0,4.363462233890377e-09,1,1
gpt4o_mini,dd_36819,T3,2,0,6.475946147584748e-07,1,1
gpt4o_mini,dd_36819,T5,1,0,5.3157849718215495e-08,1,1
gpt4o_mini,dd_36819,T5,2,0,4.785094849523907e-06,1,1
gpt4o_mini,dd_36819,T6,1,0,6.144172127214135e-06,1,1
gpt4o_mini,dd_36819,T6,2,0,0.0005527785822855638,1,1
gpt4o_mini,dd_37249,T1,1,0,2.9023122007574253e-06,1,1
gpt4o_mini,dd_37249,T1,2,0,0.0019267345552459003,1,1
gpt4o_mini,dd_37249,T3,1,0,3.726639116551164e-06,1,1
gpt4o_mini,dd_37249,T3,2,0,0.0003353501326417005,1,1
gpt4o_mini,dd_37249,T5,1,0,1.7603431343153206e-06,1,1
gpt4o_mini,dd_37249,T5,2,0,7.484619711946061e-05,1,1
gpt4o_mini,dd_37249,T6,1,0,8.315279903638847e-07,1,1
gpt4o_mini,dd_37249,T6,2,0,7.734422805701367e-08,1,1
gpt4o_mini,dd_37490,T1,1,0,0.9999999999996734,1,1
gpt4o_mini,dd_37490,T1,2,0,0.9999999999925664,1,1
gpt4o_mini,dd_37490,T3,1,0,0.9999999999997118,1,1
gpt4o_mini,dd_37490,T3,2,0,0.9999999999991123,1,1
gpt4o_mini,dd_37490,T5,1,0,0.9999999999999174,1,1
gpt4o_mini,dd_37490,T5,2,0,0.9999999999842628,1,1
gpt4o_mini,dd_37490,T6,1,0,0.9999999950555496,1,1
gpt4o_mini,dd_37490,T6,2,0,0.99999998813888,1,1
gpt4o_mini,dd_38533,T1,1,0,0.00015843624680124331,1,1
gpt4o_mini,dd_38533,T1,2,0,0.997527377041031,1,1
gpt4o_mini,dd_38533,T3,1,0,1.8553915987472057e-07,1,1
gpt4o_mini,dd_38533,T3,2,0,0.924141824256573,1,1
gpt4o_mini,dd_38533,T5,1,0,4.785094849755576e-06,1,1
gpt4o_mini,dd_38533,T5,2,0,0.9975273770407601,1,1
gpt4o_mini,dd_38533,T6,1,0,1.4449803170650916e-07,1,1
gpt4o_mini,dd_38533,T6,2,0,8.764249147960303e-08,1,1
gpt4o_mini,dd_39199,T1,1,0,0.9999952149051509,1,1
gpt4o_mini,dd_39199,T1,2,0,0.9999999907625504,1,1
gpt4o_mini,dd_39199,T3,1,0,0.9997388096734701,1,1
gpt4o_mini,dd_39199,T3,2,0,0.9999999677581336,1,1
gpt4o_mini,dd_39199,T5,1,0,0.999999974890009,1,1
gpt4o_mini,dd_39199,T5,2,0,0.999999974890009,1,1
gpt4o_mini,dd_39199,T6,1,0,0.9999785550602344,1,1
gpt4o_mini,dd_39199,T6,2,0,0.9999952149051502,1,1
gpt4o_mini,dd_42860,T1,1,0,3.850741907935013e-09,1,1
gpt4o_mini,dd_42860,T1,2,0,1.1399918530405707e-12,1,1
gpt4o_mini,dd_42860,T3,1,0,1.6918979223273765e-10,1,1
gpt4o_mini,dd_42860,T3,2,0,1.9810087980456556e-13,1,1
gpt4o_mini,dd_42860,T5,1,0,3.3982678079404593e-09,1,1
gpt4o_mini,dd_42860,T5,2,0,1.2917800047802176e-12,1,1
gpt4o_mini,dd_42860,T6,1,0,5.6027964061135035e-09,1,1
gpt4o_mini,dd_42860,T6,2,0,1.4637785141178916e-12,1,1
gpt4o_mini,dd_44063,T1,1,0,0.014063628890886082,1,1
gpt4o_mini,dd_44063,T1,2,0,2.5109990926821854e-08,1,1
gpt4o_mini,dd_44063,T3,1,0,0.017986209333497646,1,1
gpt4o_mini,dd_44063,T3,2,0,8.764249148148186e-08,1,1
gpt4o_mini,dd_44063,T5,1,0,8.764249148173754e-08,1,1
gpt4o_mini,dd_44063,T5,2,0,4.5990553765291777e-10,1,1
gpt4o_mini,dd_44063,T6,1,0,0.003172683065454653,1,1
gpt4o_mini,dd_44063,T6,2,0,2.5109990926273632e-08,1,1
gpt4o_mini,dd_44380,T1,1,0,0.9999999999915765,1,1
gpt4o_mini,dd_44380,T1,2,0,0.999999999987744,1,1
gpt4o_mini,dd_44380,T3,1,0,0.9999999999981204,1,1
gpt4o_mini,dd_44380,T3,2,0,0.9999999999934397,1,1
gpt4o_mini,dd_44380,T5,1,0,0.9999999999975866,1,1
gpt4o_mini,dd_44380,T5,2,0,0.9999999999942106,1,1
gpt4o_mini,dd_44380,T6,1,0,0.999999996149258,1,1
gpt4o_mini,dd_44380,T6,2,0,0.9999999979388463,1,1
gpt4o_mini,dd_45938,T1,1,0,1.1399918530345718e-12,1,1
gpt4o_mini,dd_45938,T1,2,0,5.675685232622904e-14,1,1
gpt4o_mini,dd_45938,T3,1,0,1.0060392792777617e-12,1,1
gpt4o_mini,dd_45938,T3,2,0,3.900837610173187e-14,1,1
gpt4o_mini,dd_45938,T5,1,0,3.978962535805544e-12,1,1
gpt4o_mini,dd_45938,T5,2,0,3.442477108457678e-14,1,1
gpt4o_mini,dd_45938,T6,1,0,2.413362771813401e-12,1,1
gpt4o_mini,dd_45938,T6,2,0,8.258073285529514e-14,1,1
gpt4o_mini,dd_46859,T1,1,0,3.511422113351852e-12,1,1
gpt4o_mini,dd_46859,T1,2,0,8.258073285544451e-14,1,1
gpt4o_mini,dd_46859,T3,1,0,2.7346982915735146e-12,1,1
gpt4o_mini,dd_46859,T3,2,0,4.4202281036302284e-14,1,1
gpt4o_mini,dd_46859,T5,1,0,6.560200168090413e-12,1,1
gpt4o_mini,dd_46859,T5,2,0,1.0603575991496934e-13,1,1
gpt4o_mini,dd_46859,T6,1,0,3.978962535791808e-12,1,1
gpt4o_mini,dd_46859,T6,2,0,6.914400106911031e-13,1,1
gpt4o_mini,dd_47886,T1,1,0,0.43782349623638267,1,1
gpt4o_mini,dd_47886,T1,2,0,0.9999962733608836,1,1
gpt4o_mini,dd_47886,T3,1,0,0.001926734328706714,1,1
gpt4o_mini,dd_47886,T3,2,0,0.32082130428315725,1,1
gpt4o_mini,dd_47886,T5,1,0,0.2227001419641735,1,1
gpt4o_mini,dd_47886,T5,2,0,0.4378235010433068,1,1
gpt4o_mini,dd_47886,T6,1,0,0.9046505423537607,1,1
gpt4o_mini,dd_47886,T6,2,0,0.96267311214335,1,1
gpt4o_mini,dd_5570,T1,1,0,0.9999999999978701,1,1
gpt4o_mini,dd_5570,T1,2,0,0.9999999999925664,1,1
gpt4o_mini,dd_5570,T3,1,0,0.9999999999993086,1,1
gpt4o_mini,dd_5570,T3,2,0,0.9999999999622486,1,1
gpt4o_mini,dd_5570,T5,1,0,0.9999999999997118,1,1
gpt4o_mini,dd_5570,T5,2,0,0.9999999999821676,1,1
gpt4o_mini,dd_5570,T6,1,0,0.9999999999821676,1,1
gpt4o_mini,dd_5570,T6,2,0,0.9999999999842628,1,1
gpt4o_mini,dd_6488,T1,1,0,3.7751345441294375e-11,1,1
gpt4o_mini,dd_6488,T1,2,0,1.981008798041578e-13,1,1
gpt4o_mini,dd_6488,T3,1,0,9.736200303522575e-10,1,1
gpt4o_mini,dd_6488,T3,2,0,3.266131342767234e-13,1,1
gpt4o_mini,dd_6488,T5,1,0,1.3176514268339974e-10,1,1
gpt4o_mini,dd_6488,T5,2,0,2.543665647367256e-13,1,1
gpt4o_mini,dd_6488,T6,1,0,2.1724399346034642e-10,1,1
gpt4o_mini,dd_6488,T6,2,0,1.4637785141171092e-12,1,1
gpt4o_mini,dd_6826,T1,1,0,0.9999921107349498,1,1
gpt4o_mini,dd_6826,T1,2,0,0.999983298584887,1,1
gpt4o_mini,dd_6826,T3,1,0,0.9999921107349492,1,1
gpt4o_mini,dd_6826,T3,2,0,0.9999785550602311,1,1
gpt4o_mini,dd_6826,T5,1,0,0.9999998874648162,1,1
gpt4o_mini,dd_6826,T5,2,0,0.9999898700118932,1,1
gpt4o_mini,dd_6826,T6,1,0,0.1480471987460497,1,1
gpt4o_mini,dd_6826,T6,2,0,0.2689414121963536,1,1
gpt4o_mini,dd_6868,T1,1,0,5.043472052240674e-07,1,1
gpt4o_mini,dd_6868,T1,2,0,0.0003353500541060783,1,1
gpt4o_mini,dd_6868,T3,1,0,2.1444939768948766e-05,1,1
gpt4o_mini,dd_6868,T3,2,0,0.0009110514013396315,1,1
gpt4o_mini,dd_6868,T5,1,0,8.764249148165261e-08,1,1
gpt4o_mini,dd_6868,T5,2,0,0.00015843624682917564,1,1
gpt4o_mini,dd_6868,T6,1,0,2.510999092662041e-08,1,1
gpt4o_mini,dd_6868,T6,2,0,9.931195247762579e-08,1,1
gpt4o_mini,dd_7687,T1,1,0,0.9999999999915765,1,1
gpt4o_mini,dd_7687,T1,2,0,0.9999999943972036,1,1
gpt4o_mini,dd_7687,T3,1,0,0.9999999999978701,1,1
gpt4o_mini,dd_7687,T3,2,0,0.9999999979388463,1,1
gpt4o_mini,dd_7687,T5,1,0,0.9999999999998019,1,1
gpt4o_mini,dd_7687,T5,2,0,0.9999999997210531,1,1
gpt4o_mini,dd_7687,T6,1,0,0.9999999973534264,1,1
gpt4o_mini,dd_7687,T6,2,0,0.9999999123575085,1,1
gpt4o_mini,dd_8580,T1,1,0,0.0011695103432922192,1,1
gpt4o_mini,dd_8580,T1,2,0,0.880797067382994,1,1
gpt4o_mini,dd_8580,T3,1,0,1.067703076714401e-06,1,1
gpt4o_mini,dd_8580,T3,2,0,0.0019267343288411687,1,1
gpt4o_mini,dd_8580,T5,1,0,1.6701415113829275e-05,1,1
gpt4o_mini,dd_8580,T5,2,0,0.060086654502660576,1,1
gpt4o_mini,dd_8580,T6,1,0,6.47594614762599e-07,1,1
gpt4o_mini,dd_8580,T6,2,0,0.0019267343283123923,1,1
gpt4o_mini,dd_9595,T1,1,0,0.9859363726919214,1,1
gpt4o_mini,dd_9595,T1,2,0,0.6791787063823986,1,1
gpt4o_mini,dd_9595,T3,1,0,0.9999646437424756,1,1
gpt4o_mini,dd_9595,T3,2,0,0.9525741302938708,1,1
gpt4o_mini,dd_9595,T5,1,0,0.9626731118592914,1,1
gpt4o_mini,dd_9595,T5,2,0,0.904650540964206,1,1
gpt4o_mini,dd_9595,T6,1,0,0.22270012777990786,1,1
gpt4o_mini,dd_9595,T6,2,0,0.7772998565158051,1,1
gpt4o_mini,dd_9899,T1,1,0,0.9988304895184983,1,1
gpt4o_mini,dd_9899,T1,2,0,0.9980732656712218,1,1
gpt4o_mini,dd_9899,T3,1,0,0.0373268838240462,1,1
gpt4o_mini,dd_9899,T3,2,0,0.999978555060231,1,1
gpt4o_mini,dd_9899,T5,1,0,0.9999989322969233,1,1
gpt4o_mini,dd_9899,T5,2,0,0.9999997617630155,1,1
gpt4o_mini,dd_9899,T6,1,0,0.00247262295887747,1,1
gpt4o_mini,dd_9899,T6,2,0,0.8519527964850292,1,1
gpt4o_mini,dd_9955,T1,1,0,0.002472622663224881,1,1
gpt4o_mini,dd_9955,T1,2,0,0.037326890259276234,1,1
gpt4o_mini,dd_9955,T3,1,0,0.010986943406366046,1,1
gpt4o_mini,dd_9955,T3,2,0,0.14804719974101413,1,1
gpt4o_mini,dd_9955,T5,1,0,0.010986941032422332,1,1
gpt4o_mini,dd_9955,T5,2,0,0.1824255230045991,1,1
gpt4o_mini,dd_9955,T6,1,0,3.535625752553907e-05,1,1
gpt4o_mini,dd_9955,T6,2,0,0.00012339452445694345,1,1
gpt4o_mini,mc_C_034,T1,1,0,0.9999999999998639,1,1
gpt4o_mini,mc_C_034,T1,2,0,0.9999999999992164,1,1
gpt4o_mini,mc_C_034,T3,1,0,0.9999999999999174,1,1
gpt4o_mini,mc_C_034,T3,2,0,0.9999999999991123,1,1
gpt4o_mini,mc_C_034,T5,1,0,0.9999999999999558,1,1
gpt4o_mini,mc_C_034,T5,2,0,0.9999999999997755,1,1
gpt4o_mini,mc_C_034,T6,1,0,0.9999999999998639,1,1
gpt4o_mini,mc_C_034,T6,2,0,0.9999999999972653,1,1
gpt4o_mini,mc_C_1095,T1,1,0,0.9999999999999558,1,1
gpt4o_mini,mc_C_1095,T1,2,0,0.9999999999996299,1,1
gpt4o_mini,mc_C_1095,T3,1,0,0.9999999999999696,1,1
gpt4o_mini,mc_C_1095,T3,2,0,0.9999999999997118,1,1
gpt4o_mini,mc_C_1095,T5,1,0,0.9999999999999558,1,1
gpt4o_mini,mc_C_1095,T5,2,0,0.9999999999972653,1,1
gpt4o_mini,mc_C_1095,T6,1,0,0.9999999999981204,1,1
gpt4o_mini,mc_C_1095,T6,2,0,0.9999999999622486,1,1
gpt4o_mini,mc_C_1216,T1,1,0,0.9999999999999272,1,1
gpt4o_mini,mc_C_1216,T1,2,0,0.9999999999996299,1,1
gpt4o_mini,mc_C_1216,T3,1,0,0.9999999999999272,1,1
gpt4o_mini,mc_C_1216,T3,2,0,0.9999999999997455,1,1
gpt4o_mini,mc_C_1216,T5,1,0,0.9999999999999498,1,1
gpt4o_mini,mc_C_1216,T5,2,0,0.9999999999989939,1,1
gpt4o_mini,mc_C_1216,T6,1,0,0.9999999999998639,1,1
gpt4o_mini,mc_C_1216,T6,2,0,0.9999999999983413,1,1
gpt4o_mini,mc_C_183,T1,1,0,0.9999999999999356,1,1
gpt4o_mini,mc_C_183,T1,2,0,0.9999999999954912,1,1
gpt4o_mini,mc_C_183,T3,1,0,0.9999999999999272,1,1
gpt4o_mini,mc_C_183,T3,2,0,0.9999999999985363,1,1
gpt4o_mini,mc_C_183,T5,1,0,0.9999999999999174,1,1
gpt4o_mini,mc_C_183,T5,2,0,0.9999999999989939,1,1
gpt4o_mini,mc_C_183,T6,1,0,0.9999999999997118,1,1
gpt4o_mini,mc_C_183,T6,2,0,0.9999999999934397,1,1
gpt4o_mini,mc_C_291,T1,1,0,0.9999999999999762,1,1
gpt4o_mini,mc_C_291,T1,2,0,0.9999999999997118,1,1
gpt4o_mini,mc_C_291,T3,1,0,0.9999999999999731,1,1
gpt4o_mini,mc_C_291,T3,2,0,0.9999999999997118,1,1
gpt4o_mini,mc_C_291,T5,1,0,0.9999999999999356,1,1
gpt4o_mini,mc_C_291,T5,2,0,0.9999999999996734,1,1
gpt4o_mini,mc_C_291,T6,1,0,0.9999999999998253,1,1
gpt4o_mini,mc_C_291,T6,2,0,0.9999999999997118,1,1
gpt4o_mini,mc_C_467,T1,1,0,0.9999999999999791,1,1
gpt4o_mini,mc_C_467,T1,2,0,0.99999999999886,1,1
gpt4o_mini,mc_C_467,T3,1,0,0.9999999999999272,1,1
gpt4o_mini,mc_C_467,T3,2,0,0.9999999999992164,1,1
gpt4o_mini,mc_C_467,T5,1,0,0.9999999999999656,1,1
gpt4o_mini,mc_C_467,T5,2,0,0.9999999999997118,1,1
gpt4o_mini,mc_C_467,T6,1,0,0.9999999999999065,1,1
gpt4o_mini,mc_C_467,T6,2,0,0.9999999995400946,1,1
gpt4o_mini,mc_C_527,T1,1,0,0.9999999999999432,1,1
gpt4o_mini,mc_C_527,T1,2,0,0.9999999999987081,1,1
gpt4o_mini,mc_C_527,T3,1,0,0.9999999999999065,1,1
gpt4o_mini,mc_C_527,T3,2,0,0.9999999999969011,1,1
gpt4o_mini,mc_C_527,T5,1,0,0.9999999999999498,1,1
gpt4o_mini,mc_C_527,T5,2,0,0.9999999999969011,1,1
gpt4o_mini,mc_C_527,T6,1,0,0.9999999999998639,1,1
gpt4o_mini,mc_C_527,T6,2,0,0.9999999999622486,1,1
gpt4o_mini,mc_C_675,T1,1,0,0.9999999999999356,1,1
gpt4o_mini,mc_C_675,T1,2,0,0.9999999999993898,1,1
gpt4o_mini,mc_C_675,T3,1,0,0.9999999999999816,1,1
gpt4o_mini,mc_C_675,T3,2,0,0.9999999999993898,1,1
gpt4o_mini,mc_C_675,T5,1,0,0.9999999999999272,1,1
gpt4o_mini,mc_C_675,T5,2,0,0.9999999999993898,1,1
gpt4o_mini,mc_C_675,T6,1,0,0.9999999999993898,1,1
gpt4o_mini,mc_C_675,T6,2,0,0.9999999999842628,1,1
gpt4o_mini,mc_C_772,T1,1,0,0.9999999999998457,1,1
gpt4o_mini,mc_C_772,T1,2,0,0.9999999999995806,1,1
gpt4o_mini,mc_C_772,T3,1,0,0.9999999999999656,1,1
gpt4o_mini,mc_C_772,T3,2,0,0.9999999999994615,1,1
gpt4o_mini,mc_C_772,T5,1,0,0.9999999999999498,1,1
gpt4o_mini,mc_C_772,T5,2,0,0.99999999999886,1,1
gpt4o_mini,mc_C_772,T6,1,0,0.9999999999998799,1,1
gpt4o_mini,mc_C_772,T6,2,0,0.9999999999954912,1,1
gpt4o_mini,mc_C_941,T1,1,0,0.9999999999999762,1,1
gpt4o_mini,mc_C_941,T1,2,0,0.9999999999998253,1,1
gpt4o_mini,mc_C_941,T3,1,0,0.9999999999999656,1,1
gpt4o_mini,mc_C_941,T3,2,0,0.9999999999985363,1,1
gpt4o_mini,mc_C_941,T5,1,0,0.9999999999999656,1,1
gpt4o_mini,mc_C_941,T5,2,0,0.9999999999997755,1,1
gpt4o_mini,mc_C_941,T6,1,0,0.9975273770402585,1,1
gpt4o_mini,mc_C_941,T6,2,0,0.9999999999450722,1,1
gpt4o_mini,mc_G_005,T1,1,0,0.9999999999572222,1,1
gpt4o_mini,mc_G_005,T1,2,0,0.9999999994094697,1,1
gpt4o_mini,mc_G_005,T3,1,0,0.9999999999915765,1,1
gpt4o_mini,mc_G_005,T3,2,0,0.9999999997210531,1,1
gpt4o_mini,mc_G_005,T5,1,0,0.9999999999995806,1,1
gpt4o_mini,mc_G_005,T5,2,0,0.999999999979793,1,1
gpt4o_mini,mc_G_005,T6,1,0,0.18242551656466616,1,1
gpt4o_mini,mc_G_005,T6,2,0,0.9999921107349488,1,1
gpt4o_mini,mc_G_037,T1,1,0,0.9999999586006244,1,1
gpt4o_mini,mc_G_037,T1,2,0,0.9999921107349488,1,1
gpt4o_mini,mc_G_037,T3,1,0,0.9947798743177698,1,1
gpt4o_mini,mc_G_037,T3,2,0,0.9999546021442534,1,1
gpt4o_mini,mc_G_037,T5,1,0,0.9999999996418252,1,1
gpt4o_mini,mc_G_037,T5,2,0,0.9999991684720096,1,1
gpt4o_mini,mc_G_037,T6,1,0,0.9999999634651793,1,1
gpt4o_mini,mc_G_037,T6,2,0,0.9999938558278723,1,1
gpt4o_mini,mc_G_064,T1,1,0,1.2917800047777132e-12,1,1
gpt4o_mini,mc_G_064,T1,2,0,3.7010116785782293e-13,1,1
gpt4o_mini,mc_G_064,T3,1,0,7.835041785041502e-13,1,1
gpt4o_mini,mc_G_064,T3,2,0,1.201542573175256e-13,1,1
gpt4o_mini,mc_G_064,T5,1,0,2.413362771817756e-12,1,1
gpt4o_mini,mc_G_064,T5,2,0,8.258073285545651e-14,1,1
gpt4o_mini,mc_G_064,T6,1,0,1.2917800047818923e-12,1,1
gpt4o_mini,mc_G_064,T6,2,0,1.7482341282670086e-13,1,1
gpt4o_mini,mc_G_086,T1,1,0,0.9999999999964886,1,1
gpt4o_mini,mc_G_086,T1,2,0,0.9999999973534264,1,1
gpt4o_mini,mc_G_086,T3,1,0,0.9999999999821676,1,1
gpt4o_mini,mc_G_086,T3,2,0,0.9999999907625504,1,1
gpt4o_mini,mc_G_086,T5,1,0,0.9999999999991123,1,1
gpt4o_mini,mc_G_086,T5,2,0,0.99999998813888,1,1
gpt4o_mini,mc_G_086,T6,1,0,0.9999999999450722,1,1
gpt4o_mini,mc_G_086,T6,2,0,0.9999999123575085,1,1
gpt4o_mini,mc_G_112,T1,1,0,1.3007124774644802e-05,1,1
gpt4o_mini,mc_G_112,T1,2,0,4.785094849135857e-06,1,1
gpt4o_mini,mc_G_112,T3,1,0,0.9999938558278726,1,1
gpt4o_mini,mc_G_112,T3,2,0,0.9890130576453208,1,1
gpt4o_mini,mc_G_112,T5,1,0,2.2603252742000257e-06,1,1
gpt4o_mini,mc_G_112,T5,2,0,0.00043055711787008086,1,1
gpt4o_mini,mc_G_112,T6,1,0,9.237449576626597e-09,1,1
gpt4o_mini,mc_G_112,T6,2,0,4.36346223386127e-09,1,1
gpt4o_mini,mc_G_135,T1,1,0,0.9999999994788586,1,1
gpt4o_mini,mc_G_135,T1,2,0,0.9999999979388463,1,1
gpt4o_mini,mc_G_135,T3,1,0,0.9999999999915765,1,1
gpt4o_mini,mc_G_135,T3,2,0,0.9999999979388463,1,1
gpt4o_mini,mc_G_135,T5,1,0,0.9999998874648162,1,1
gpt4o_mini,mc_G_135,T5,2,0,0.9999993524053853,1,1
gpt4o_mini,mc_G_135,T6,1,0,0.9999921107349534,1,1
gpt4o_mini,mc_G_135,T6,2,0,0.9999998555019682,1,1
gpt4o_mini,mc_G_156,T1,1,0,1.3888001859641008e-11,1,1
gpt4o_mini,mc_G_156,T1,2,0,2.510999097538047e-08,1,1
gpt4o_mini,mc_G_156,T3,1,0,1.08160147505032e-11,1,1
gpt4o_mini,mc_G_156,T3,2,0,2.64657362691878e-09,1,1
gpt4o_mini,mc_G_156,T5,1,0,2.8821389719269064e-13,1,1
gpt4o_mini,mc_G_156,T5,2,0,1.493094536897388e-10,1,1
gpt4o_mini,mc_G_156,T6,1,0,2.1724400056655213e-10,1,1
gpt4o_mini,mc_G_156,T6,2,0,4.363462258183404e-09,1,1
gpt4o_mini,mc_G_179,T1,1,0,8.260059303211165e-14,1,1
gpt4o_mini,mc_G_179,T1,2,0,1.87960758069039e-12,1,1
gpt4o_mini,mc_G_179,T3,1,0,8.260059303211165e-14,1,1
gpt4o_mini,mc_G_179,T3,2,0,1.1399770016851107e-12,1,1
gpt4o_mini,mc_G_179,T5,1,0,1.0613732115416497e-13,1,1
gpt4o_mini,mc_G_179,T5,2,0,1.6586731987899839e-12,1,1
gpt4o_mini,mc_G_179,T6,1,0,2.2448709557920665e-13,1,1
gpt4o_mini,mc_G_179,T6,2,0,1.2918555114538322e-12,1,1
gpt4o_mini,mc_G_186,T1,1,0,1.2501528648219753e-09,1,1
gpt4o_mini,mc_G_186,T1,2,0,7.582560422041126e-10,1,1
gpt4o_mini,mc_G_186,T3,1,0,4.944450477469765e-09,1,1
gpt4o_mini,mc_G_186,T3,2,0,4.1399375473399166e-08,1,1
gpt4o_mini,mc_G_186,T5,1,0,4.058652124822308e-10,1,1
gpt4o_mini,mc_G_186,T5,2,0,2.2159489281657977e-08,1,1
gpt4o_mini,mc_G_186,T6,1,0,2.6465736318947984e-09,1,1
gpt4o_mini,mc_G_186,T6,2,0,4.944450477323978e-09,1,1
gpt4o_mini,mc_G_235,T1,1,0,0.999999999868235,1,1
gpt4o_mini,mc_G_235,T1,2,0,0.9999999907625504,1,1
gpt4o_mini,mc_G_235,T3,1,0,0.9999999999991123,1,1
gpt4o_mini,mc_G_235,T3,2,0,0.999999999782756,1,1
gpt4o_mini,mc_G_235,T5,1,0,0.999999999996021,1,1
gpt4o_mini,mc_G_235,T5,2,0,0.9999999979388463,1,1
gpt4o_mini,mc_G_235,T6,1,0,0.9999999990263799,1,1
gpt4o_mini,mc_G_235,T6,2,0,0.9994472214174446,1,1
gpt4o_mini,mc_G_236,T1,1,0,0.9997965729390166,1,1
gpt4o_mini,mc_G_236,T1,2,0,0.9999970976877993,1,1
gpt4o_mini,mc_G_236,T3,1,0,0.22270013983215942,1,1
gpt4o_mini,mc_G_236,T3,2,0,0.9706877720219464,1,1
gpt4o_mini,mc_G_236,T5,1,0,0.9992903296590092,1,1
gpt4o_mini,mc_G_236,T5,2,0,0.9999952149051503,1,1
gpt4o_mini,mc_G_236,T6,1,0,0.9999986290433449,1,1
gpt4o_mini,mc_G_236,T6,2,0,0.999796572939106,1,1
gpt4o_mini,mc_G_288,T1,1,0,0.9999999992417439,1,1
gpt4o_mini,mc_G_288,T1,2,0,0.999964643742473,1,1
gpt4o_mini,mc_G_288,T3,1,0,0.9999999966017321,1,1
gpt4o_mini,mc_G_288,T3,2,0,0.999999694097641,1,1
gpt4o_mini,mc_G_288,T5,1,0,0.9999999999771028,1,1
gpt4o_mini,mc_G_288,T5,2,0,0.9999999907625504,1,1
gpt4o_mini,mc_G_288,T6,1,0,0.9999999827421723,1,1
gpt4o_mini,mc_G_288,T6,2,0,0.9997965729390514,1,1
gpt4o_mini,mc_G_302,T1,1,0,9.237449576617826e-09,1,1
gpt4o_mini,mc_G_302,T1,2,0,5.905303995428827e-10,1,1
gpt4o_mini,mc_G_302,T3,1,0,1.4166087846314414e-09,1,1
gpt4o_mini,mc_G_302,T3,2,0,1.7832472907763882e-11,1,1
gpt4o_mini,mc_G_302,T5,1,0,1.1253518384301778e-07,1,1
gpt4o_mini,mc_G_302,T5,2,0,5.211412485153805e-10,1,1
gpt4o_mini,mc_G_302,T6,1,0,7.194132978554048e-09,1,1
gpt4o_mini,mc_G_302,T6,2,0,5.492788350627363e-11,1,1
gpt4o_mini,mc_G_365,T1,1,0,0.9999999999985363,1,1
gpt4o_mini,mc_G_365,T1,2,0,0.9999999999515263,1,1
gpt4o_mini,mc_G_365,T3,1,0,0.999999999994891,1,1
gpt4o_mini,mc_G_365,T3,2,0,0.9999999998506905,1,1
gpt4o_mini,mc_G_365,T5,1,0,0.9999999999989939,1,1
gpt4o_mini,mc_G_365,T5,2,0,0.9999999999925664,1,1
gpt4o_mini,mc_G_365,T6,1,0,0.3208213069716396,1,1
gpt4o_mini,mc_G_365,T6,2,0,0.7772998518267117,1,1
gpt4o_mini,mc_G_373,T1,1,0,3.581747928997051e-10,1,1
gpt4o_mini,mc_G_373,T1,2,0,1.463778514119713e-12,1,1
gpt4o_mini,mc_G_373,T3,1,0,4.847368706030929e-11,1,1
gpt4o_mini,mc_G_373,T3,2,0,5.384940217737977e-13,1,1
gpt4o_mini,mc_G_373,T5,1,0,6.224144622505213e-11,1,1
gpt4o_mini,mc_G_373,T5,2,0,3.266131342777371e-13,1,1
gpt4o_mini,mc_G_373,T6,1,0,1.605228052599532e-09,1,1
gpt4o_mini,mc_G_373,T6,2,0,3.098819138701235e-12,1,1
gpt4o_mini,mc_G_385,T1,1,0,0.8807970898545906,1,1
gpt4o_mini,mc_G_385,T1,2,0,0.9999038976006996,1,1
gpt4o_mini,mc_G_385,T3,1,0,0.9626731164832709,1,1
gpt4o_mini,mc_G_385,T3,2,0,0.9980732656709725,1,1
gpt4o_mini,mc_G_385,T5,1,0,0.9770226293982047,1,1
gpt4o_mini,mc_G_385,T5,2,0,0.9994472214174738,1,1
gpt4o_mini,mc_G_385,T6,1,0,0.9399133459708037,1,1
gpt4o_mini,mc_G_385,T6,2,0,0.037326888093961286,1,1
gpt4o_mini,mc_G_397,T1,1,0,3.098854506333737e-12,1,1
gpt4o_mini,mc_G_397,T1,2,0,2.1724400056655213e-10,1,1
gpt4o_mini,mc_G_397,T3,1,0,6.10178574333986e-13,1,1
gpt4o_mini,mc_G_397,T3,2,0,1.317650433207973e-10,1,1
gpt4o_mini,mc_G_397,T5,1,0,3.098854506333737e-12,1,1
gpt4o_mini,mc_G_397,T5,2,0,2.7894686560614446e-10,1,1
gpt4o_mini,mc_G_397,T6,1,0,6.56030785251005e-12,1,1
gpt4o_mini,mc_G_397,T6,2,0,1.317650433207973e-10,1,1
gpt4o_mini,mc_G_431,T1,1,0,0.9999999999978701,1,1
gpt4o_mini,mc_G_431,T1,2,0,0.9999999999975866,1,1
gpt4o_mini,mc_G_431,T3,1,0,0.9999999999993898,1,1
gpt4o_mini,mc_G_431,T3,2,0,0.9999999999987081,1,1
gpt4o_mini,mc_G_431,T5,1,0,0.9999999999981204,1,1
gpt4o_mini,mc_G_431,T5,2,0,0.9999999999934397,1,1
gpt4o_mini,mc_G_431,T6,1,0,0.9999999970010391,1,1
gpt4o_mini,mc_G_431,T6,2,0,0.999999999782756,1,1
gpt4o_mini,mc_G_453,T1,1,0,0.0007096703409974975,1,1
gpt4o_mini,mc_G_453,T1,2,0,0.029312227853899947,1,1
gpt4o_mini,mc_G_453,T3,1,0,0.9626731120106006,1,1
gpt4o_mini,mc_G_453,T3,2,0,0.9999977396747258,1,1
gpt4o_mini,mc_G_453,T5,1,0,2.1444939769285503e-05,1,1
gpt4o_mini,mc_G_453,T5,2,0,1.6701415113641013e-05,1,1
gpt4o_mini,mc_G_453,T6,1,0,2.7535689845069546e-05,1,1
gpt4o_mini,mc_G_453,T6,2,0,8.315279903605311e-07,1,1
gpt4o_mini,mc_G_492,T1,1,0,0.9999999997210531,1,1
gpt4o_mini,mc_G_492,T1,2,0,0.9999999586006244,1,1
gpt4o_mini,mc_G_492,T3,1,0,0.9999999999991123,1,1
gpt4o_mini,mc_G_492,T3,2,0,0.999999998394772,1,1
gpt4o_mini,mc_G_492,T5,1,0,0.9999832985848938,1,1
gpt4o_mini,mc_G_492,T5,2,0,0.9999998874648162,1,1
gpt4o_mini,mc_G_492,T6,1,0,0.9820137862031189,1,1
gpt4o_mini,mc_G_492,T6,2,0,0.9999994956527948,1,1
gpt4o_mini,mc_G_572,T1,1,0,0.9999999998308102,1,1
gpt4o_mini,mc_G_572,T1,2,0,0.9999998144608401,1,1
gpt4o_mini,mc_G_572,T3,1,0,0.99999960721363,1,1
gpt4o_mini,mc_G_572,T3,2,0,0.99999960721363,1,1
gpt4o_mini,mc_G_572,T5,1,0,0.9999999993308415,1,1
gpt4o_mini,mc_G_572,T5,2,0,0.9999993524053853,1,1
gpt4o_mini,mc_G_572,T6,1,0,0.999999996149258,1,1
gpt4o_mini,mc_G_572,T6,2,0,0.9990889485985088,1,1
gpt4o_mini,mc_G_595,T1,1,0,0.9999999981810384,1,1
gpt4o_mini,mc_G_595,T1,2,0,0.9999999804443193,1,1
gpt4o_mini,mc_G_595,T3,1,0,0.9999999999515263,1,1
gpt4o_mini,mc_G_595,T3,2,0,0.9999999973534264,1,1
gpt4o_mini,mc_G_595,T5,1,0,0.999999999683912,1,1
gpt4o_mini,mc_G_595,T5,2,0,0.9999999928058669,1,1
gpt4o_mini,mc_G_595,T6,1,0,0.9999952149051505,1,1
gpt4o_mini,mc_G_595,T6,2,0,0.9999962733608834,1,1
gpt4o_mini,mc_G_601,T1,1,0,0.9706877724632055,1,1
gpt4o_mini,mc_G_601,T1,2,0,0.0015011820258964415,1,1
gpt4o_mini,mc_G_601,T3,1,0,0.8175744820162865,1,1
gpt4o_mini,mc_G_601,T3,2,0,9.61023992995802e-05,1,1
gpt4o_mini,mc_G_601,T5,1,0,0.8175744772666226,1,1
gpt4o_mini,mc_G_601,T5,2,0,0.03732688796254091,1,1
gpt4o_mini,mc_G_601,T6,1,0,0.5621765024261838,1,1
gpt4o_mini,mc_G_601,T6,2,0,0.002472622958877402,1,1
gpt4o_mini,mc_H_035,T1,1,0,2.789468092086728e-10,1,1
gpt4o_mini,mc_H_035,T1,2,0,2.4133627718205335e-12,1,1
gpt4o_mini,mc_H_035,T3,1,0,4.599055376532463e-10,1,1
gpt4o_mini,mc_H_035,T3,2,0,1.2917800047802509e-12,1,1
gpt4o_mini,mc_H_035,T5,1,0,2.172439934604816e-10,1,1
gpt4o_mini,mc_H_035,T5,2,0,1.2917800047814553e-12,1,1
gpt4o_mini,mc_H_035,T6,1,0,7.582560422135578e-10,1,1
gpt4o_mini,mc_H_035,T6,2,0,6.348800075657844e-09,1,1
gpt4o_mini,mc_H_044,T1,1,0,0.0004305571176543843,1,1
gpt4o_mini,mc_H_044,T1,2,0,0.000709670340982238,1,1
gpt4o_mini,mc_H_044,T3,1,0,8.315279903525763e-07,1,1
gpt4o_mini,mc_H_044,T3,2,0,0.0040701377684247975,1,1
gpt4o_mini,mc_H_044,T5,1,0,0.006692851403843791,1,1
gpt4o_mini,mc_H_044,T5,2,0,0.0015011820259445141,1,1
gpt4o_mini,mc_H_044,T6,1,0,0.0009110514005041814,1,1
gpt4o_mini,mc_H_044,T6,2,0,0.017986211524063878,1,1
gpt4o_mini,mc_H_049,T1,1,0,0.999999694097641,1,1
gpt4o_mini,mc_H_049,T1,2,0,0.9999977396747258,1,1
gpt4o_mini,mc_H_049,T3,1,0,0.9999938558278725,1,1
gpt4o_mini,mc_H_049,T3,2,0,0.9999993524053853,1,1
gpt4o_mini,mc_H_049,T5,1,0,0.9999921107349494,1,1
gpt4o_mini,mc_H_049,T5,2,0,0.9998415637531581,1,1
gpt4o_mini,mc_H_049,T6,1,0,0.9990889485994723,1,1
gpt4o_mini,mc_H_049,T6,2,0,0.9859363727507239,1,1
gpt4o_mini,mc_H_060,T1,1,0,0.029312227867895894,1,1
gpt4o_mini,mc_H_060,T1,2,0,0.9999982396568657,1,1
gpt4o_mini,mc_H_060,T3,1,0,0.26894142098037693,1,1
gpt4o_mini,mc_H_060,T3,2,0,0.9999962733608835,1,1
gpt4o_mini,mc_H_060,T5,1,0,0.00407013776775082,1,1
gpt4o_mini,mc_H_060,T5,2,0,0.9996646499458381,1,1
gpt4o_mini,mc_H_060,T6,1,0,0.0003353500541649597,1,1
gpt4o_mini,mc_H_060,T6,2,0,0.9890130563507548,1,1
gpt4o_mini,mc_H_066,T1,1,0,9.056076988827977e-11,1,1
gpt4o_mini,mc_H_066,T1,2,0,1.8795288165309496e-12,1,1
gpt4o_mini,mc_H_066,T3,1,0,1.0261879630631807e-10,1,1
gpt4o_mini,mc_H_066,T3,2,0,2.1297851709480667e-12,1,1
gpt4o_mini,mc_H_066,T5,1,0,3.3315445420498946e-11,1,1
gpt4o_mini,mc_H_066,T5,2,0,8.878265478424054e-13,1,1
gpt4o_mini,mc_H_066,T6,1,0,7.99195989226272e-11,1,1
gpt4o_mini,mc_H_066,T6,2,0,6.101936677584846e-13,1,1
gpt4o_mini,mc_H_072,T1,1,0,1.6052279505629485e-09,1,1
gpt4o_mini,mc_H_072,T1,2,0,5.602796449011294e-09,1,1
gpt4o_mini,mc_H_072,T3,1,0,2.7894686560614446e-10,1,1
gpt4o_mini,mc_H_072,T3,2,0,7.194133067045527e-09,1,1
gpt4o_mini,mc_H_072,T5,1,0,0.09534945500709657,1,1
gpt4o_mini,mc_H_072,T5,2,0,2.2603252741726365e-06,1,1
gpt4o_mini,mc_H_072,T6,1,0,3.331535047834677e-11,1,1
gpt4o_mini,mc_H_072,T6,2,0,9.237449583032742e-09,1,1
gpt4o_mini,mc_H_073,T1,1,0,5.492784005411977e-11,1,1
gpt4o_mini,mc_H_073,T1,2,0,5.043472052213005e-07,1,1
gpt4o_mini,mc_H_073,T3,1,0,5.492784005411977e-11,1,1
gpt4o_mini,mc_H_073,T3,2,0,1.8553915992480796e-07,1,1
gpt4o_mini,mc_H_073,T5,1,0,3.3982678893096363e-09,1,1
gpt4o_mini,mc_H_073,T5,2,0,0.0052201256874438995,1,1
gpt4o_mini,mc_H_073,T6,1,0,3.331535047834677e-11,1,1
gpt4o_mini,mc_H_073,T6,2,0,3.0590235899907725e-07,1,1
