teacher,family_id,variant,p,r
claude46,dd_0107,T1,0.0,0.0
claude46,dd_0107,T3,0.0,0.0
claude46,dd_0107,T5,0.0,0.0
claude46,dd_0107,T6,0.0,0.0
claude46,dd_0283,T1,0.0,0.0
claude46,dd_0283,T3,0.0,0.0
claude46,dd_0283,T5,0.0,0.0
claude46,dd_0283,T6,0.0,0.0
claude46,dd_11241,T1,0.0,0.0
claude46,dd_11241,T3,0.0,0.0
claude46,dd_11241,T5,0.0,0.0
claude46,dd_11241,T6,0.0,0.0
claude46,dd_13518,T1,0.0,0.0
claude46,dd_13518,T3,0.0,0.0
claude46,dd_13518,T5,0.0,0.0
claude46,dd_13518,T6,0.0,0.0
claude46,dd_14408,T1,1.0,0.0
claude46,dd_14408,T3,1.0,0.0
claude46,dd_14408,T5,1.0,0.0
claude46,dd_14408,T6,1.0,0.0
claude46,dd_14818,T1,1.0,0.0
claude46,dd_14818,T3,1.0,0.0
claude46,dd_14818,T5,1.0,0.0
claude46,dd_14818,T6,1.0,0.0
claude46,dd_15810,T1,1.0,0.0
claude46,dd_15810,T3,1.0,0.0
claude46,dd_15810,T5,1.0,0.0
claude46,dd_15810,T6,1.0,0.0
claude46,dd_17929,T1,0.5,-0.25
claude46,dd_17929,T3,1.0,0.25
claude46,dd_17929,T5,0.5,-0.25
claude46,dd_17929,T6,1.0,0.25
claude46,dd_1808,T1,1.0,0.125
claude46,dd_1808,T3,1.0,0.125
claude46,dd_1808,T5,1.0,0.125
claude46,dd_1808,T6,0.5,-0.375
claude46,dd_1814,T1,0.0,0.0
claude46,dd_1814,T3,0.0,0.0
claude46,dd_1814,T5,0.0,0.0
claude46,dd_1814,T6,0.0,0.0
claude46,dd_18223,T1,0.925,0.06875000000000009
claude46,dd_18223,T3,0.5,-0.35624999999999996
claude46,dd_18223,T5,1.0,0.14375000000000004
claude46,dd_18223,T6,1.0,0.14375000000000004
claude46,dd_18643,T1,1.0,0.0
claude46,dd_18643,T3,1.0,0.0
claude46,dd_18643,T5,1.0,0.0
claude46,dd_18643,T6,1.0,0.0
claude46,dd_18670,T1,0.0,-0.15
claude46,dd_18670,T3,0.6,0.44999999999999996
claude46,dd_18670,T5,0.0,-0.15
claude46,dd_18670,T6,0.0,-0.15
claude46,dd_2081,T1,1.0,0.0
claude46,dd_2081,T3,1.0,0.0
claude46,dd_2081,T5,1.0,0.0
claude46,dd_2081,T6,1.0,0.0
claude46,dd_21158,T1,1.0,0.0
claude46,dd_21158,T3,1.0,0.0
claude46,dd_21158,T5,1.0,0.0
claude46,dd_21158,T6,1.0,0.0
claude46,dd_21629,T1,1.0,0.0
claude46,dd_21629,T3,1.0,0.0
claude46,dd_21629,T5,1.0,0.0
claude46,dd_21629,T6,1.0,0.0
claude46,dd_21630,T1,0.0,0.0
claude46,dd_21630,T3,0.0,0.0
claude46,dd_21630,T5,0.0,0.0
claude46,dd_21630,T6,0.0,0.0
claude46,dd_22819,T1,0.0,0.0
claude46,dd_22819,T3,0.0,0.0
claude46,dd_22819,T5,0.0,0.0
claude46,dd_22819,T6,0.0,0.0
claude46,dd_23534,T1,1.0,0.0
claude46,dd_23534,T3,1.0,0.0
claude46,dd_23534,T5,1.0,0.0
claude46,dd_23534,T6,1.0,0.0
claude46,dd_24260,T1,0.625,-0.17500000000000004
claude46,dd_24260,T3,1.0,0.19999999999999996
claude46,dd_24260,T5,1.0,0.19999999999999996
claude46,dd_24260,T6,0.575,-0.2250000000000001
claude46,dd_24405,T1,0.0,0.0
claude46,dd_24405,T3,0.0,0.0
claude46,dd_24405,T5,0.0,0.0
claude46,dd_24405,T6,0.0,0.0
claude46,dd_24975,T1,1.0,0.0
claude46,dd_24975,T3,1.0,0.0
claude46,dd_24975,T5,1.0,0.0
claude46,dd_24975,T6,1.0,0.0
claude46,dd_25137,T1,1.0,0.0
claude46,dd_25137,T3,1.0,0.0
claude46,dd_25137,T5,1.0,0.0
claude46,dd_25137,T6,1.0,0.0
claude46,dd_25302,T1,0.0,0.0
claude46,dd_25302,T3,0.0,0.0
claude46,dd_25302,T5,0.0,0.0
claude46,dd_25302,T6,0.0,0.0
claude46,dd_25868,T1,1.0,0.0
claude46,dd_25868,T3,1.0,0.0
claude46,dd_25868,T5,1.0,0.0
claude46,dd_25868,T6,1.0,0.0
claude46,dd_26178,T1,0.0,0.0
claude46,dd_26178,T3,0.0,0.0
claude46,dd_26178,T5,0.0,0.0
claude46,dd_26178,T6,0.0,0.0
claude46,dd_26321,T1,1.0,0.0
claude46,dd_26321,T3,1.0,0.0
claude46,dd_26321,T5,1.0,0.0
claude46,dd_26321,T6,1.0,0.0
claude46,dd_27524,T1,0.0,0.0
claude46,dd_27524,T3,0.0,0.0
claude46,dd_27524,T5,0.0,0.0
claude46,dd_27524,T6,0.0,0.0
claude46,dd_27558,T1,0.0,0.0
claude46,dd_27558,T3,0.0,0.0
claude46,dd_27558,T5,0.0,0.0
claude46,dd_27558,T6,0.0,0.0
claude46,dd_28814,T1,0.0,0.0
claude46,dd_28814,T3,0.0,0.0
claude46,dd_28814,T5,0.0,0.0
claude46,dd_28814,T6,0.0,0.0
claude46,dd_29978,T1,0.5,0.125
claude46,dd_29978,T3,0.5,0.125
claude46,dd_29978,T5,0.5,0.125
claude46,dd_29978,T6,0.0,-0.375
claude46,dd_30131,T1,0.0,0.0
claude46,dd_30131,T3,0.0,0.0
claude46,dd_30131,T5,0.0,0.0
claude46,dd_30131,T6,0.0,0.0
claude46,dd_30899,T1,1.0,0.0
claude46,dd_30899,T3,1.0,0.0
claude46,dd_30899,T5,1.0,0.0
claude46,dd_30899,T6,1.0,0.0
claude46,dd_31129,T1,0.0,0.0
claude46,dd_31129,T3,0.0,0.0
claude46,dd_31129,T5,0.0,0.0
claude46,dd_31129,T6,0.0,0.0
claude46,dd_32872,T1,0.0,0.0
claude46,dd_32872,T3,0.0,0.0
claude46,dd_32872,T5,0.0,0.0
claude46,dd_32872,T6,0.0,0.0
claude46,dd_33618,T1,1.0,0.625
claude46,dd_33618,T3,0.0,-0.375
claude46,dd_33618,T5,0.5,0.125
claude46,dd_33618,T6,0.0,-0.375
claude46,dd_34148,T1,0.0,0.0
claude46,dd_34148,T3,0.0,0.0
claude46,dd_34148,T5,0.0,0.0
claude46,dd_34148,T6,0.0,0.0
claude46,dd_34460,T1,0.0,0.0
claude46,dd_34460,T3,0.0,0.0
claude46,dd_34460,T5,0.0,0.0
claude46,dd_34460,T6,0.0,0.0
claude46,dd_35732,T1,0.0,0.0
claude46,dd_35732,T3,0.0,0.0
claude46,dd_35732,T5,0.0,0.0
claude46,dd_35732,T6,0.0,0.0
claude46,dd_36819,T1,0.0,0.0
claude46,dd_36819,T3,0.0,0.0
claude46,dd_36819,T5,0.0,0.0
claude46,dd_36819,T6,0.0,0.0
claude46,dd_37249,T1,1.0,0.0
claude46,dd_37249,T3,1.0,0.0
claude46,dd_37249,T5,1.0,0.0
claude46,dd_37249,T6,1.0,0.0
claude46,dd_37490,T1,1.0,0.0
claude46,dd_37490,T3,1.0,0.0
claude46,dd_37490,T5,1.0,0.0
claude46,dd_37490,T6,1.0,0.0
claude46,dd_38533,T1,0.0,0.0
claude46,dd_38533,T3,0.0,0.0
claude46,dd_38533,T5,0.0,0.0
claude46,dd_38533,T6,0.0,0.0
claude46,dd_39199,T1,1.0,0.0
claude46,dd_39199,T3,1.0,0.0
claude46,dd_39199,T5,1.0,0.0
claude46,dd_39199,T6,1.0,0.0
claude46,dd_42860,T1,0.0,0.0
claude46,dd_42860,T3,0.0,0.0
claude46,dd_42860,T5,0.0,0.0
claude46,dd_42860,T6,0.0,0.0
claude46,dd_44063,T1,1.0,0.125
claude46,dd_44063,T3,1.0,0.125
claude46,dd_44063,T5,1.0,0.125
claude46,dd_44063,T6,0.5,-0.375
claude46,dd_44380,T1,1.0,0.0
claude46,dd_44380,T3,1.0,0.0
claude46,dd_44380,T5,1.0,0.0
claude46,dd_44380,T6,1.0,0.0
claude46,dd_45938,T1,0.0,0.0
claude46,dd_45938,T3,0.0,0.0
claude46,dd_45938,T5,0.0,0.0
claude46,dd_45938,T6,0.0,0.0
claude46,dd_46859,T1,0.0,0.0
claude46,dd_46859,T3,0.0,0.0
claude46,dd_46859,T5,0.0,0.0
claude46,dd_46859,T6,0.0,0.0
claude46,dd_47886,T1,0.0,0.0
claude46,dd_47886,T3,0.0,0.0
claude46,dd_47886,T5,0.0,0.0
claude46,dd_47886,T6,0.0,0.0
claude46,dd_5570,T1,1.0,0.0
claude46,dd_5570,T3,1.0,0.0
claude46,dd_5570,T5,1.0,0.0
claude46,dd_5570,T6,1.0,0.0
claude46,dd_6488,T1,0.0,0.0
claude46,dd_6488,T3,0.0,0.0
claude46,dd_6488,T5,0.0,0.0
claude46,dd_6488,T6,0.0,0.0
claude46,dd_6826,T1,1.0,0.0
claude46,dd_6826,T3,1.0,0.0
claude46,dd_6826,T5,1.0,0.0
claude46,dd_6826,T6,1.0,0.0
claude46,dd_6868,T1,0.0,-0.0125
claude46,dd_6868,T3,0.05,0.037500000000000006
claude46,dd_6868,T5,0.0,-0.0125
claude46,dd_6868,T6,0.0,-0.0125
claude46,dd_7687,T1,1.0,0.0
claude46,dd_7687,T3,1.0,0.0
claude46,dd_7687,T5,1.0,0.0
claude46,dd_7687,T6,1.0,0.0
claude46,dd_8580,T1,0.0,0.0
claude46,dd_8580,T3,0.0,0.0
claude46,dd_8580,T5,0.0,0.0
claude46,dd_8580,T6,0.0,0.0
claude46,dd_9595,T1,1.0,0.0
claude46,dd_9595,T3,1.0,0.0
claude46,dd_9595,T5,1.0,0.0
claude46,dd_9595,T6,1.0,0.0
claude46,dd_9899,T1,1.0,0.0
claude46,dd_9899,T3,1.0,0.0
claude46,dd_9899,T5,1.0,0.0
claude46,dd_9899,T6,1.0,0.0
claude46,dd_9955,T1,1.0,0.125
claude46,dd_9955,T3,1.0,0.125
claude46,dd_9955,T5,1.0,0.125
claude46,dd_9955,T6,0.5,-0.375
claude46,mc_C_034,T1,1.0,0.0
claude46,mc_C_034,T3,1.0,0.0
claude46,mc_C_034,T5,1.0,0.0
claude46,mc_C_034,T6,1.0,0.0
claude46,mc_C_1095,T1,1.0,0.0
claude46,mc_C_1095,T3,1.0,0.0
claude46,mc_C_1095,T5,1.0,0.0
claude46,mc_C_1095,T6,1.0,0.0
claude46,mc_C_1216,T1,1.0,0.0
claude46,mc_C_1216,T3,1.0,0.0
claude46,mc_C_1216,T5,1.0,0.0
claude46,mc_C_1216,T6,1.0,0.0
claude46,mc_C_183,T1,1.0,0.0
claude46,mc_C_183,T3,1.0,0.0
claude46,mc_C_183,T5,1.0,0.0
claude46,mc_C_183,T6,1.0,0.0
claude46,mc_C_291,T1,1.0,0.0
claude46,mc_C_291,T3,1.0,0.0
claude46,mc_C_291,T5,1.0,0.0
claude46,mc_C_291,T6,1.0,0.0
claude46,mc_C_467,T1,1.0,0.0
claude46,mc_C_467,T3,1.0,0.0
claude46,mc_C_467,T5,1.0,0.0
claude46,mc_C_467,T6,1.0,0.0
claude46,mc_C_527,T1,1.0,0.0
claude46,mc_C_527,T3,1.0,0.0
claude46,mc_C_527,T5,1.0,0.0
claude46,mc_C_527,T6,1.0,0.0
claude46,mc_C_675,T1,1.0,0.0
claude46,mc_C_675,T3,1.0,0.0
claude46,mc_C_675,T5,1.0,0.0
claude46,mc_C_675,T6,1.0,0.0
claude46,mc_C_772,T1,1.0,0.0
claude46,mc_C_772,T3,1.0,0.0
claude46,mc_C_772,T5,1.0,0.0
claude46,mc_C_772,T6,1.0,0.0
claude46,mc_C_941,T1,1.0,0.0
claude46,mc_C_941,T3,1.0,0.0
claude46,mc_C_941,T5,1.0,0.0
claude46,mc_C_941,T6,1.0,0.0
claude46,mc_G_005,T1,1.0,0.0
claude46,mc_G_005,T3,1.0,0.0
claude46,mc_G_005,T5,1.0,0.0
claude46,mc_G_005,T6,1.0,0.0
claude46,mc_G_037,T1,1.0,0.0
claude46,mc_G_037,T3,1.0,0.0
claude46,mc_G_037,T5,1.0,0.0
claude46,mc_G_037,T6,1.0,0.0
claude46,mc_G_064,T1,0.0,0.0
claude46,mc_G_064,T3,0.0,0.0
claude46,mc_G_064,T5,0.0,0.0
claude46,mc_G_064,T6,0.0,0.0
claude46,mc_G_086,T1,1.0,0.0
claude46,mc_G_086,T3,1.0,0.0
claude46,mc_G_086,T5,1.0,0.0
claude46,mc_G_086,T6,1.0,0.0
claude46,mc_G_112,T1,0.675,0.25625000000000003
claude46,mc_G_112,T3,1.0,0.58125
claude46,mc_G_112,T5,0.0,-0.41875
claude46,mc_G_112,T6,0.0,-0.41875
claude46,mc_G_135,T1,1.0,0.0
claude46,mc_G_135,T3,1.0,0.0
claude46,mc_G_135,T5,1.0,0.0
claude46,mc_G_135,T6,1.0,0.0
claude46,mc_G_156,T1,0.0,0.0
claude46,mc_G_156,T3,0.0,0.0
claude46,mc_G_156,T5,0.0,0.0
claude46,mc_G_156,T6,0.0,0.0
claude46,mc_G_179,T1,0.0,0.0
claude46,mc_G_179,T3,0.0,0.0
claude46,mc_G_179,T5,0.0,0.0
claude46,mc_G_179,T6,0.0,0.0
claude46,mc_G_186,T1,0.0,0.0
claude46,mc_G_186,T3,0.0,0.0
claude46,mc_G_186,T5,0.0,0.0
claude46,mc_G_186,T6,0.0,0.0
claude46,mc_G_235,T1,1.0,0.0
claude46,mc_G_235,T3,1.0,0.0
claude46,mc_G_235,T5,1.0,0.0
claude46,mc_G_235,T6,1.0,0.0
claude46,mc_G_236,T1,1.0,0.0
claude46,mc_G_236,T3,1.0,0.0
claude46,mc_G_236,T5,1.0,0.0
claude46,mc_G_236,T6,1.0,0.0
claude46,mc_G_288,T1,1.0,0.0
claude46,mc_G_288,T3,1.0,0.0
claude46,mc_G_288,T5,1.0,0.0
claude46,mc_G_288,T6,1.0,0.0
claude46,mc_G_302,T1,1.0,0.0
claude46,mc_G_302,T3,1.0,0.0
claude46,mc_G_302,T5,1.0,0.0
claude46,mc_G_302,T6,1.0,0.0
claude46,mc_G_365,T1,1.0,0.0
claude46,mc_G_365,T3,1.0,0.0
claude46,mc_G_365,T5,1.0,0.0
claude46,mc_G_365,T6,1.0,0.0
claude46,mc_G_373,T1,0.0,0.0
claude46,mc_G_373,T3,0.0,0.0
claude46,mc_G_373,T5,0.0,0.0
claude46,mc_G_373,T6,0.0,0.0
claude46,mc_G_385,T1,1.0,0.0
claude46,mc_G_385,T3,1.0,0.0
claude46,mc_G_385,T5,1.0,0.0
claude46,mc_G_385,T6,1.0,0.0
claude46,mc_G_397,T1,0.0,0.0
claude46,mc_G_397,T3,0.0,0.0
claude46,mc_G_397,T5,0.0,0.0
claude46,mc_G_397,T6,0.0,0.0
claude46,mc_G_431,T1,1.0,0.0
claude46,mc_G_431,T3,1.0,0.0
claude46,mc_G_431,T5,1.0,0.0
claude46,mc_G_431,T6,1.0,0.0
claude46,mc_G_453,T1,1.0,0.0
claude46,mc_G_453,T3,1.0,0.0
claude46,mc_G_453,T5,1.0,0.0
claude46,mc_G_453,T6,1.0,0.0
claude46,mc_G_492,T1,1.0,0.0
claude46,mc_G_492,T3,1.0,0.0
claude46,mc_G_492,T5,1.0,0.0
claude46,mc_G_492,T6,1.0,0.0
claude46,mc_G_572,T1,1.0,0.0
claude46,mc_G_572,T3,1.0,0.0
claude46,mc_G_572,T5,1.0,0.0
claude46,mc_G_572,T6,1.0,0.0
claude46,mc_G_595,T1,1.0,0.0
claude46,mc_G_595,T3,1.0,0.0
claude46,mc_G_595,T5,1.0,0.0
claude46,mc_G_595,T6,1.0,0.0
claude46,mc_G_601,T1,1.0,0.0
claude46,mc_G_601,T3,1.0,0.0
claude46,mc_G_601,T5,1.0,0.0
claude46,mc_G_601,T6,1.0,0.0
claude46,mc_H_035,T1,0.0,0.0
claude46,mc_H_035,T3,0.0,0.0
claude46,mc_H_035,T5,0.0,0.0
claude46,mc_H_035,T6,0.0,0.0
claude46,mc_H_044,T1,0.0,0.0
claude46,mc_H_044,T3,0.0,0.0
claude46,mc_H_044,T5,0.0,0.0
claude46,mc_H_044,T6,0.0,0.0
claude46,mc_H_049,T1,0.0,0.0
claude46,mc_H_049,T3,0.0,0.0
claude46,mc_H_049,T5,0.0,0.0
claude46,mc_H_049,T6,0.0,0.0
claude46,mc_H_060,T1,1.0,0.0
claude46,mc_H_060,T3,1.0,0.0
claude46,mc_H_060,T5,1.0,0.0
claude46,mc_H_060,T6,1.0,0.0
claude46,mc_H_066,T1,0.0,0.0
claude46,mc_H_066,T3,0.0,0.0
claude46,mc_H_066,T5,0.0,0.0
claude46,mc_H_066,T6,0.0,0.0
claude46,mc_H_072,T1,0.0,0.0
claude46,mc_H_072,T3,0.0,0.0
claude46,mc_H_072,T5,0.0,0.0
claude46,mc_H_072,T6,0.0,0.0
claude46,mc_H_073,T1,1.0,0.26875000000000004
claude46,mc_H_073,T3,0.42500000000000004,-0.3062499999999999
claude46,mc_H_073,T5,1.0,0.26875000000000004
claude46,mc_H_073,T6,0.5,-0.23124999999999996
claude_haiku45,dd_0107,T1,0.0,0.0
claude_haiku45,dd_0107,T3,0.0,0.0
claude_haiku45,dd_0107,T5,0.0,0.0
claude_haiku45,dd_0107,T6,0.0,0.0
claude_haiku45,dd_0283,T1,0.0,0.0
claude_haiku45,dd_0283,T3,0.0,0.0
claude_haiku45,dd_0283,T5,0.0,0.0
claude_haiku45,dd_0283,T6,0.0,0.0
claude_haiku45,dd_11241,T1,0.0,0.0
claude_haiku45,dd_11241,T3,0.0,0.0
claude_haiku45,dd_11241,T5,0.0,0.0
claude_haiku45,dd_11241,T6,0.0,0.0
claude_haiku45,dd_13518,T1,0.0,0.0
claude_haiku45,dd_13518,T3,0.0,0.0
claude_haiku45,dd_13518,T5,0.0,0.0
claude_haiku45,dd_13518,T6,0.0,0.0
claude_haiku45,dd_14408,T1,1.0,0.0
claude_haiku45,dd_14408,T3,1.0,0.0
claude_haiku45,dd_14408,T5,1.0,0.0
claude_haiku45,dd_14408,T6,1.0,0.0
claude_haiku45,dd_14818,T1,0.5,-0.15000000000000002
claude_haiku45,dd_14818,T3,0.5,-0.15000000000000002
claude_haiku45,dd_14818,T5,0.975,0.32499999999999996
claude_haiku45,dd_14818,T6,0.625,-0.025000000000000022
claude_haiku45,dd_15810,T1,0.975,-0.018750000000000044
claude_haiku45,dd_15810,T3,1.0,0.006249999999999978
claude_haiku45,dd_15810,T5,1.0,0.006249999999999978
claude_haiku45,dd_15810,T6,1.0,0.006249999999999978
claude_haiku45,dd_17929,T1,0.0,0.0
claude_haiku45,dd_17929,T3,0.0,0.0
claude_haiku45,dd_17929,T5,0.0,0.0
claude_haiku45,dd_17929,T6,0.0,0.0
claude_haiku45,dd_1808,T1,1.0,0.31875
claude_haiku45,dd_1808,T3,0.225,-0.45625000000000004
claude_haiku45,dd_1808,T5,1.0,0.31875
claude_haiku45,dd_1808,T6,0.5,-0.18125000000000002
claude_haiku45,dd_1814,T1,0.0,0.0
claude_haiku45,dd_1814,T3,0.0,0.0
claude_haiku45,dd_1814,T5,0.0,0.0
claude_haiku45,dd_1814,T6,0.0,0.0
claude_haiku45,dd_18223,T1,0.0,0.0
claude_haiku45,dd_18223,T3,0.0,0.0
claude_haiku45,dd_18223,T5,0.0,0.0
claude_haiku45,dd_18223,T6,0.0,0.0
claude_haiku45,dd_18643,T1,1.0,0.0
claude_haiku45,dd_18643,T3,1.0,0.0
claude_haiku45,dd_18643,T5,1.0,0.0
claude_haiku45,dd_18643,T6,1.0,0.0
claude_haiku45,dd_18670,T1,1.0,0.03749999999999998
claude_haiku45,dd_18670,T3,1.0,0.03749999999999998
claude_haiku45,dd_18670,T5,1.0,0.03749999999999998
claude_haiku45,dd_18670,T6,0.85,-0.11250000000000004
claude_haiku45,dd_2081,T1,1.0,0.0
claude_haiku45,dd_2081,T3,1.0,0.0
claude_haiku45,dd_2081,T5,1.0,0.0
claude_haiku45,dd_2081,T6,1.0,0.0
claude_haiku45,dd_21158,T1,1.0,0.0
claude_haiku45,dd_21158,T3,1.0,0.0
claude_haiku45,dd_21158,T5,1.0,0.0
claude_haiku45,dd_21158,T6,1.0,0.0
claude_haiku45,dd_21629,T1,1.0,0.0
claude_haiku45,dd_21629,T3,1.0,0.0
claude_haiku45,dd_21629,T5,1.0,0.0
claude_haiku45,dd_21629,T6,1.0,0.0
claude_haiku45,dd_21630,T1,0.0,-0.037500000000000006
claude_haiku45,dd_21630,T3,0.0,-0.037500000000000006
claude_haiku45,dd_21630,T5,0.0,-0.037500000000000006
claude_haiku45,dd_21630,T6,0.15000000000000002,0.11250000000000002
claude_haiku45,dd_22819,T1,0.0,0.0
claude_haiku45,dd_22819,T3,0.0,0.0
claude_haiku45,dd_22819,T5,0.0,0.0
claude_haiku45,dd_22819,T6,0.0,0.0
claude_haiku45,dd_23534,T1,0.75,-0.00520833333333337
claude_haiku45,dd_23534,T3,0.5,-0.25520833333333337
claude_haiku45,dd_23534,T5,0.9583333333333334,0.203125
claude_haiku45,dd_23534,T6,0.8125,0.05729166666666663
claude_haiku45,dd_24260,T1,0.0,0.0
claude_haiku45,dd_24260,T3,0.0,0.0
claude_haiku45,dd_24260,T5,0.0,0.0
claude_haiku45,dd_24260,T6,0.0,0.0
claude_haiku45,dd_24405,T1,0.0,0.0
claude_haiku45,dd_24405,T3,0.0,0.0
claude_haiku45,dd_24405,T5,0.0,0.0
claude_haiku45,dd_24405,T6,0.0,0.0
claude_haiku45,dd_24975,T1,1.0,0.0
claude_haiku45,dd_24975,T3,1.0,0.0
claude_haiku45,dd_24975,T5,1.0,0.0
claude_haiku45,dd_24975,T6,1.0,0.0
claude_haiku45,dd_25137,T1,1.0,0.0
claude_haiku45,dd_25137,T3,1.0,0.0
claude_haiku45,dd_25137,T5,1.0,0.0
claude_haiku45,dd_25137,T6,1.0,0.0
claude_haiku45,dd_25302,T1,0.0,0.0
claude_haiku45,dd_25302,T3,0.0,0.0
claude_haiku45,dd_25302,T5,0.0,0.0
claude_haiku45,dd_25302,T6,0.0,0.0
claude_haiku45,dd_25868,T1,1.0,0.10624999999999996
claude_haiku45,dd_25868,T3,1.0,0.10624999999999996
claude_haiku45,dd_25868,T5,1.0,0.10624999999999996
claude_haiku45,dd_25868,T6,0.575,-0.3187500000000001
claude_haiku45,dd_26178,T1,0.0,0.0
claude_haiku45,dd_26178,T3,0.0,0.0
claude_haiku45,dd_26178,T5,0.0,0.0
claude_haiku45,dd_26178,T6,0.0,0.0
claude_haiku45,dd_26321,T1,1.0,0.0
claude_haiku45,dd_26321,T3,1.0,0.0
claude_haiku45,dd_26321,T5,1.0,0.0
claude_haiku45,dd_26321,T6,1.0,0.0
claude_haiku45,dd_27524,T1,0.0,0.0
claude_haiku45,dd_27524,T3,0.0,0.0
claude_haiku45,dd_27524,T5,0.0,0.0
claude_haiku45,dd_27524,T6,0.0,0.0
claude_haiku45,dd_27558,T1,0.0,0.0
claude_haiku45,dd_27558,T3,0.0,0.0
claude_haiku45,dd_27558,T5,0.0,0.0
claude_haiku45,dd_27558,T6,0.0,0.0
claude_haiku45,dd_28814,T1,0.0,0.0
claude_haiku45,dd_28814,T3,0.0,0.0
claude_haiku45,dd_28814,T5,0.0,0.0
claude_haiku45,dd_28814,T6,0.0,0.0
claude_haiku45,dd_29978,T1,1.0,0.03125
claude_haiku45,dd_29978,T3,0.875,-0.09375
claude_haiku45,dd_29978,T5,1.0,0.03125
claude_haiku45,dd_29978,T6,1.0,0.03125
claude_haiku45,dd_30131,T1,0.0,0.0
claude_haiku45,dd_30131,T3,0.0,0.0
claude_haiku45,dd_30131,T5,0.0,0.0
claude_haiku45,dd_30131,T6,0.0,0.0
claude_haiku45,dd_30899,T1,1.0,0.0
claude_haiku45,dd_30899,T3,1.0,0.0
claude_haiku45,dd_30899,T5,1.0,0.0
claude_haiku45,dd_30899,T6,1.0,0.0
claude_haiku45,dd_31129,T1,0.0,0.0
claude_haiku45,dd_31129,T3,0.0,0.0
claude_haiku45,dd_31129,T5,0.0,0.0
claude_haiku45,dd_31129,T6,0.0,0.0
claude_haiku45,dd_32872,T1,0.0,0.0
claude_haiku45,dd_32872,T3,0.0,0.0
claude_haiku45,dd_32872,T5,0.0,0.0
claude_haiku45,dd_32872,T6,0.0,0.0
claude_haiku45,dd_33618,T1,0.5,0.13750000000000007
claude_haiku45,dd_33618,T3,0.45,0.08750000000000008
claude_haiku45,dd_33618,T5,0.475,0.11250000000000004
claude_haiku45,dd_33618,T6,0.025,-0.3374999999999999
claude_haiku45,dd_34148,T1,0.5499999999999999,0.23749999999999993
claude_haiku45,dd_34148,T3,0.0,-0.3125
claude_haiku45,dd_34148,T5,0.575,0.26249999999999996
claude_haiku45,dd_34148,T6,0.125,-0.1875
claude_haiku45,dd_34460,T1,0.0,0.0
claude_haiku45,dd_34460,T3,0.0,0.0
claude_haiku45,dd_34460,T5,0.0,0.0
claude_haiku45,dd_34460,T6,0.0,0.0
claude_haiku45,dd_35732,T1,0.0,0.0
claude_haiku45,dd_35732,T3,0.0,0.0
claude_haiku45,dd_35732,T5,0.0,0.0
claude_haiku45,dd_35732,T6,0.0,0.0
claude_haiku45,dd_36819,T1,0.0,0.0
claude_haiku45,dd_36819,T3,0.0,0.0
claude_haiku45,dd_36819,T5,0.0,0.0
claude_haiku45,dd_36819,T6,0.0,0.0
claude_haiku45,dd_37249,T1,1.0,0.0
claude_haiku45,dd_37249,T3,1.0,0.0
claude_haiku45,dd_37249,T5,1.0,0.0
claude_haiku45,dd_37249,T6,1.0,0.0
claude_haiku45,dd_37490,T1,1.0,0.0
claude_haiku45,dd_37490,T3,1.0,0.0
claude_haiku45,dd_37490,T5,1.0,0.0
claude_haiku45,dd_37490,T6,1.0,0.0
claude_haiku45,dd_38533,T1,0.0,0.0
claude_haiku45,dd_38533,T3,0.0,0.0
claude_haiku45,dd_38533,T5,0.0,0.0
claude_haiku45,dd_38533,T6,0.0,0.0
claude_haiku45,dd_39199,T1,1.0,0.0
claude_haiku45,dd_39199,T3,1.0,0.0
claude_haiku45,dd_39199,T5,1.0,0.0
claude_haiku45,dd_39199,T6,1.0,0.0
claude_haiku45,dd_42860,T1,0.0,0.0
claude_haiku45,dd_42860,T3,0.0,0.0
claude_haiku45,dd_42860,T5,0.0,0.0
claude_haiku45,dd_42860,T6,0.0,0.0
claude_haiku45,dd_44063,T1,0.925,0.2562500000000001
claude_haiku45,dd_44063,T3,0.5,-0.16874999999999996
claude_haiku45,dd_44063,T5,0.725,0.05625000000000002
claude_haiku45,dd_44063,T6,0.525,-0.14374999999999993
claude_haiku45,dd_44380,T1,1.0,0.0
claude_haiku45,dd_44380,T3,1.0,0.0
claude_haiku45,dd_44380,T5,1.0,0.0
claude_haiku45,dd_44380,T6,1.0,0.0
claude_haiku45,dd_45938,T1,0.0,0.0
claude_haiku45,dd_45938,T3,0.0,0.0
claude_haiku45,dd_45938,T5,0.0,0.0
claude_haiku45,dd_45938,T6,0.0,0.0
claude_haiku45,dd_46859,T1,0.0,0.0
claude_haiku45,dd_46859,T3,0.0,0.0
claude_haiku45,dd_46859,T5,0.0,0.0
claude_haiku45,dd_46859,T6,0.0,0.0
claude_haiku45,dd_47886,T1,0.5,-0.25
claude_haiku45,dd_47886,T3,1.0,0.25
claude_haiku45,dd_47886,T5,0.975,0.22499999999999998
claude_haiku45,dd_47886,T6,0.525,-0.22499999999999998
claude_haiku45,dd_5570,T1,1.0,0.0
claude_haiku45,dd_5570,T3,1.0,0.0
claude_haiku45,dd_5570,T5,1.0,0.0
claude_haiku45,dd_5570,T6,1.0,0.0
claude_haiku45,dd_6488,T1,0.0,0.0
claude_haiku45,dd_6488,T3,0.0,0.0
claude_haiku45,dd_6488,T5,0.0,0.0
claude_haiku45,dd_6488,T6,0.0,0.0
claude_haiku45,dd_6826,T1,1.0,0.0
claude_haiku45,dd_6826,T3,1.0,0.0
claude_haiku45,dd_6826,T5,1.0,0.0
claude_haiku45,dd_6826,T6,1.0,0.0
claude_haiku45,dd_6868,T1,0.0,0.0
claude_haiku45,dd_6868,T3,0.0,0.0
claude_haiku45,dd_6868,T5,0.0,0.0
claude_haiku45,dd_6868,T6,0.0,0.0
claude_haiku45,dd_7687,T1,1.0,0.0
claude_haiku45,dd_7687,T3,1.0,0.0
claude_haiku45,dd_7687,T5,1.0,0.0
claude_haiku45,dd_7687,T6,1.0,0.0
claude_haiku45,dd_8580,T1,1.0,0.13749999999999996
claude_haiku45,dd_8580,T3,0.45,-0.41250000000000003
claude_haiku45,dd_8580,T5,1.0,0.13749999999999996
claude_haiku45,dd_8580,T6,1.0,0.13749999999999996
claude_haiku45,dd_9595,T1,1.0,0.0
claude_haiku45,dd_9595,T3,1.0,0.0
claude_haiku45,dd_9595,T5,1.0,0.0
claude_haiku45,dd_9595,T6,1.0,0.0
claude_haiku45,dd_9899,T1,1.0,0.0
claude_haiku45,dd_9899,T3,1.0,0.0
claude_haiku45,dd_9899,T5,1.0,0.0
claude_haiku45,dd_9899,T6,1.0,0.0
claude_haiku45,dd_9955,T1,0.5,0.006249999999999978
claude_haiku45,dd_9955,T3,0.725,0.23124999999999996
claude_haiku45,dd_9955,T5,0.75,0.25625
claude_haiku45,dd_9955,T6,0.0,-0.49375
claude_haiku45,mc_C_034,T1,1.0,0.0
claude_haiku45,mc_C_034,T3,1.0,0.0
claude_haiku45,mc_C_034,T5,1.0,0.0
claude_haiku45,mc_C_034,T6,1.0,0.0
claude_haiku45,mc_C_1095,T1,1.0,0.0
claude_haiku45,mc_C_1095,T3,1.0,0.0
claude_haiku45,mc_C_1095,T5,1.0,0.0
claude_haiku45,mc_C_1095,T6,1.0,0.0
claude_haiku45,mc_C_1216,T1,1.0,0.0
claude_haiku45,mc_C_1216,T3,1.0,0.0
claude_haiku45,mc_C_1216,T5,1.0,0.0
claude_haiku45,mc_C_1216,T6,1.0,0.0
claude_haiku45,mc_C_183,T1,1.0,0.0
claude_haiku45,mc_C_183,T3,1.0,0.0
claude_haiku45,mc_C_183,T5,1.0,0.0
claude_haiku45,mc_C_183,T6,1.0,0.0
claude_haiku45,mc_C_291,T1,1.0,0.0
claude_haiku45,mc_C_291,T3,1.0,0.0
claude_haiku45,mc_C_291,T5,1.0,0.0
claude_haiku45,mc_C_291,T6,1.0,0.0
claude_haiku45,mc_C_467,T1,1.0,0.0
claude_haiku45,mc_C_467,T3,1.0,0.0
claude_haiku45,mc_C_467,T5,1.0,0.0
claude_haiku45,mc_C_467,T6,1.0,0.0
claude_haiku45,mc_C_527,T1,1.0,0.0
claude_haiku45,mc_C_527,T3,1.0,0.0
claude_haiku45,mc_C_527,T5,1.0,0.0
claude_haiku45,mc_C_527,T6,1.0,0.0
claude_haiku45,mc_C_675,T1,1.0,0.0
claude_haiku45,mc_C_675,T3,1.0,0.0
claude_haiku45,mc_C_675,T5,1.0,0.0
claude_haiku45,mc_C_675,T6,1.0,0.0
claude_haiku45,mc_C_772,T1,1.0,0.0
claude_haiku45,mc_C_772,T3,1.0,0.0
claude_haiku45,mc_C_772,T5,1.0,0.0
claude_haiku45,mc_C_772,T6,1.0,0.0
claude_haiku45,mc_C_941,T1,1.0,0.0
claude_haiku45,mc_C_941,T3,1.0,0.0
claude_haiku45,mc_C_941,T5,1.0,0.0
claude_haiku45,mc_C_941,T6,1.0,0.0
claude_haiku45,mc_G_005,T1,1.0,0.0
claude_haiku45,mc_G_005,T3,1.0,0.0
claude_haiku45,mc_G_005,T5,1.0,0.0
claude_haiku45,mc_G_005,T6,1.0,0.0
claude_haiku45,mc_G_037,T1,1.0,0.0
claude_haiku45,mc_G_037,T3,1.0,0.0
claude_haiku45,mc_G_037,T5,1.0,0.0
claude_haiku45,mc_G_037,T6,1.0,0.0
claude_haiku45,mc_G_064,T1,0.0,0.0
claude_haiku45,mc_G_064,T3,0.0,0.0
claude_haiku45,mc_G_064,T5,0.0,0.0
claude_haiku45,mc_G_064,T6,0.0,0.0
claude_haiku45,mc_G_086,T1,1.0,0.0
claude_haiku45,mc_G_086,T3,1.0,0.0
claude_haiku45,mc_G_086,T5,1.0,0.0
claude_haiku45,mc_G_086,T6,1.0,0.0
claude_haiku45,mc_G_112,T1,1.0,0.0
claude_haiku45,mc_G_112,T3,1.0,0.0
claude_haiku45,mc_G_112,T5,1.0,0.0
claude_haiku45,mc_G_112,T6,1.0,0.0
claude_haiku45,mc_G_135,T1,0.5,0.0
claude_haiku45,mc_G_135,T3,0.5,0.0
claude_haiku45,mc_G_135,T5,0.5,0.0
claude_haiku45,mc_G_135,T6,0.5,0.0
claude_haiku45,mc_G_156,T1,0.0,0.0
claude_haiku45,mc_G_156,T3,0.0,0.0
claude_haiku45,mc_G_156,T5,0.0,0.0
claude_haiku45,mc_G_156,T6,0.0,0.0
claude_haiku45,mc_G_179,T1,0.0,0.0
claude_haiku45,mc_G_179,T3,0.0,0.0
claude_haiku45,mc_G_179,T5,0.0,0.0
claude_haiku45,mc_G_179,T6,0.0,0.0
claude_haiku45,mc_G_186,T1,0.0,0.0
claude_haiku45,mc_G_186,T3,0.0,0.0
claude_haiku45,mc_G_186,T5,0.0,0.0
claude_haiku45,mc_G_186,T6,0.0,0.0
claude_haiku45,mc_G_235,T1,1.0,0.0
claude_haiku45,mc_G_235,T3,1.0,0.0
claude_haiku45,mc_G_235,T5,1.0,0.0
claude_haiku45,mc_G_235,T6,1.0,0.0
claude_haiku45,mc_G_236,T1,1.0,0.0
claude_haiku45,mc_G_236,T3,1.0,0.0
claude_haiku45,mc_G_236,T5,1.0,0.0
claude_haiku45,mc_G_236,T6,1.0,0.0
claude_haiku45,mc_G_288,T1,1.0,0.0
claude_haiku45,mc_G_288,T3,1.0,0.0
claude_haiku45,mc_G_288,T5,1.0,0.0
claude_haiku45,mc_G_288,T6,1.0,0.0
claude_haiku45,mc_G_302,T1,0.0,-0.21250000000000002
claude_haiku45,mc_G_302,T3,0.8500000000000001,0.6375000000000001
claude_haiku45,mc_G_302,T5,0.0,-0.21250000000000002
claude_haiku45,mc_G_302,T6,0.0,-0.21250000000000002
claude_haiku45,mc_G_365,T1,1.0,0.0
claude_haiku45,mc_G_365,T3,1.0,0.0
claude_haiku45,mc_G_365,T5,1.0,0.0
claude_haiku45,mc_G_365,T6,1.0,0.0
claude_haiku45,mc_G_373,T1,0.0,0.0
claude_haiku45,mc_G_373,T3,0.0,0.0
claude_haiku45,mc_G_373,T5,0.0,0.0
claude_haiku45,mc_G_373,T6,0.0,0.0
claude_haiku45,mc_G_385,T1,1.0,0.0
claude_haiku45,mc_G_385,T3,1.0,0.0
claude_haiku45,mc_G_385,T5,1.0,0.0
claude_haiku45,mc_G_385,T6,1.0,0.0
claude_haiku45,mc_G_397,T1,0.0,0.0
claude_haiku45,mc_G_397,T3,0.0,0.0
claude_haiku45,mc_G_397,T5,0.0,0.0
claude_haiku45,mc_G_397,T6,0.0,0.0
claude_haiku45,mc_G_431,T1,1.0,0.0
claude_haiku45,mc_G_431,T3,1.0,0.0
claude_haiku45,mc_G_431,T5,1.0,0.0
claude_haiku45,mc_G_431,T6,1.0,0.0
claude_haiku45,mc_G_453,T1,1.0,0.0
claude_haiku45,mc_G_453,T3,1.0,0.0
claude_haiku45,mc_G_453,T5,1.0,0.0
claude_haiku45,mc_G_453,T6,1.0,0.0
claude_haiku45,mc_G_492,T1,1.0,0.0
claude_haiku45,mc_G_492,T3,1.0,0.0
claude_haiku45,mc_G_492,T5,1.0,0.0
claude_haiku45,mc_G_492,T6,1.0,0.0
claude_haiku45,mc_G_572,T1,1.0,0.0
claude_haiku45,mc_G_572,T3,1.0,0.0
claude_haiku45,mc_G_572,T5,1.0,0.0
claude_haiku45,mc_G_572,T6,1.0,0.0
claude_haiku45,mc_G_595,T1,1.0,0.0
claude_haiku45,mc_G_595,T3,1.0,0.0
claude_haiku45,mc_G_595,T5,1.0,0.0
claude_haiku45,mc_G_595,T6,1.0,0.0
claude_haiku45,mc_G_601,T1,0.21875,0.011383928571428559
claude_haiku45,mc_G_601,T3,0.03571428571428571,-0.17165178571428574
claude_haiku45,mc_G_601,T5,0.2,-0.00736607142857143
claude_haiku45,mc_G_601,T6,0.375,0.16763392857142856
claude_haiku45,mc_H_035,T1,0.0,0.0
claude_haiku45,mc_H_035,T3,0.0,0.0
claude_haiku45,mc_H_035,T5,0.0,0.0
claude_haiku45,mc_H_035,T6,0.0,0.0
claude_haiku45,mc_H_044,T1,1.0,0.0
claude_haiku45,mc_H_044,T3,1.0,0.0
claude_haiku45,mc_H_044,T5,1.0,0.0
claude_haiku45,mc_H_044,T6,1.0,0.0
claude_haiku45,mc_H_049,T1,0.0,0.0
claude_haiku45,mc_H_049,T3,0.0,0.0
claude_haiku45,mc_H_049,T5,0.0,0.0
claude_haiku45,mc_H_049,T6,0.0,0.0
claude_haiku45,mc_H_060,T1,1.0,0.0
claude_haiku45,mc_H_060,T3,1.0,0.0
claude_haiku45,mc_H_060,T5,1.0,0.0
claude_haiku45,mc_H_060,T6,1.0,0.0
claude_haiku45,mc_H_066,T1,0.0,0.0
claude_haiku45,mc_H_066,T3,0.0,0.0
claude_haiku45,mc_H_066,T5,0.0,0.0
claude_haiku45,mc_H_066,T6,0.0,0.0
claude_haiku45,mc_H_072,T1,0.0,0.0
claude_haiku45,mc_H_072,T3,0.0,0.0
claude_haiku45,mc_H_072,T5,0.0,0.0
claude_haiku45,mc_H_072,T6,0.0,0.0
claude_haiku45,mc_H_073,T1,0.0,0.0
claude_haiku45,mc_H_073,T3,0.0,0.0
claude_haiku45,mc_H_073,T5,0.0,0.0
claude_haiku45,mc_H_073,T6,0.0,0.0
deepseek_v4,dd_0107,T1,0.735021622345245,0.15278066653895028
deepseek_v4,dd_0107,T3,0.4049286344367762,-0.17731232136951858
deepseek_v4,dd_0107,T5,0.7324298266908884,0.15018887088459365
deepseek_v4,dd_0107,T6,0.4565837397522695,-0.12565721605402524
deepseek_v4,dd_0283,T1,3.7367324001854354e-05,-9.710276095801048e-06
deepseek_v4,dd_0283,T3,1.2939808827023533e-05,-3.413779127063187e-05
deepseek_v4,dd_0283,T5,0.00011401751714816427,6.693991705050887e-05
deepseek_v4,dd_0283,T6,2.3985750413579452e-05,-2.309184968407595e-05
deepseek_v4,dd_11241,T1,0.06821056644864727,-0.052137193578921895
deepseek_v4,dd_11241,T3,0.014565955349080745,-0.10578180467848843
deepseek_v4,dd_11241,T5,0.35001044200493187,0.2296626819773627
deepseek_v4,dd_11241,T6,0.04860407630761675,-0.07174368371995242
deepseek_v4,dd_13518,T1,8.575425348445925e-06,-4.664972432631215e-05
deepseek_v4,dd_13518,T3,5.889573855223571e-06,-4.9335575819534504e-05
deepseek_v4,dd_13518,T5,0.00010559151466430888,5.03663649895508e-05
deepseek_v4,dd_13518,T6,0.00010084408483105394,4.561893515629586e-05
deepseek_v4,dd_14408,T1,0.9971600840420938,0.19776127832890622
deepseek_v4,dd_14408,T3,0.9731867225258926,0.173787916812705
deepseek_v4,dd_14408,T5,0.9173416435784965,0.1179428378653089
deepseek_v4,dd_14408,T6,0.3099067727062675,-0.48949203300692007
deepseek_v4,dd_14818,T1,0.9539621654822112,0.1124427043702455
deepseek_v4,dd_14818,T3,0.8687545342234223,0.027235073111456565
deepseek_v4,dd_14818,T5,0.9559835860611312,0.11446412494916547
deepseek_v4,dd_14818,T6,0.5873775586810982,-0.25414190243086754
deepseek_v4,dd_15810,T1,0.6193852769130803,0.1479150520405184
deepseek_v4,dd_15810,T3,0.3544515134329863,-0.1170187114395756
deepseek_v4,dd_15810,T5,0.48026125844393436,0.008791033571372453
deepseek_v4,dd_15810,T6,0.4317828507002466,-0.039687374172315326
deepseek_v4,dd_17929,T1,0.04363730287048548,-0.2001945663779355
deepseek_v4,dd_17929,T3,0.30316306930625325,0.05933120005783227
deepseek_v4,dd_17929,T5,0.5353264685038154,0.2914945992553944
deepseek_v4,dd_17929,T6,0.09320063631312975,-0.15063123293529124
deepseek_v4,dd_1808,T1,0.9686549780639517,0.12904897404281424
deepseek_v4,dd_1808,T3,0.9390800526875898,0.09947404866645226
deepseek_v4,dd_1808,T5,0.979213275740477,0.1396072717193395
deepseek_v4,dd_1808,T6,0.47147570959253104,-0.36813029442860645
deepseek_v4,dd_1814,T1,0.0372548933655553,0.014188674272688533
deepseek_v4,dd_1814,T3,0.0022411036234952888,-0.020825115469371477
deepseek_v4,dd_1814,T5,0.04257547211856058,0.019509253025693816
deepseek_v4,dd_1814,T6,0.010193407263855885,-0.01287281182901088
deepseek_v4,dd_18223,T1,0.48659382768630133,-0.010589948684100015
deepseek_v4,dd_18223,T3,0.49662453640138055,-0.0005592399690207972
deepseek_v4,dd_18223,T5,0.6385651993138101,0.14138142294340872
deepseek_v4,dd_18223,T6,0.3669515420801136,-0.13023223429028774
deepseek_v4,dd_18643,T1,0.9999914382771053,6.805474525406474e-05
deepseek_v4,dd_18643,T3,0.9999835970097584,6.021347790707843e-05
deepseek_v4,dd_18643,T5,0.9999819884620335,5.8604930182171167e-05
deepseek_v4,dd_18643,T6,0.9997365103785079,-0.00018687315334342536
deepseek_v4,dd_18670,T1,0.9668737437069872,0.05676355995253202
deepseek_v4,dd_18670,T3,0.9888946324811605,0.07878444872670531
deepseek_v4,dd_18670,T5,0.9233166685851282,0.013206484830672993
deepseek_v4,dd_18670,T6,0.7613556902445452,-0.14875449350991
deepseek_v4,dd_2081,T1,0.8422379743374453,0.1224951646289073
deepseek_v4,dd_2081,T3,0.9506902202369728,0.23094741052843482
deepseek_v4,dd_2081,T5,0.8895595491839068,0.1698167394753688
deepseek_v4,dd_2081,T6,0.19648349507582655,-0.5232593146327115
deepseek_v4,dd_21158,T1,0.9343185195743107,0.2063353827851192
deepseek_v4,dd_21158,T3,0.8527749065092227,0.12479176972003125
deepseek_v4,dd_21158,T5,0.5936038686131428,-0.13437926817604862
deepseek_v4,dd_21158,T6,0.5312352524600893,-0.19674788432910217
deepseek_v4,dd_21629,T1,0.5727428583520855,0.027040465553261228
deepseek_v4,dd_21629,T3,0.9608111975447653,0.41510880474594103
deepseek_v4,dd_21629,T5,0.5801359309729073,0.03443353817408301
deepseek_v4,dd_21629,T6,0.069119584325539,-0.47658280847328527
deepseek_v4,dd_21630,T1,0.4702883832675173,0.0681475477297051
deepseek_v4,dd_21630,T3,0.34963752301192247,-0.052503312525889745
deepseek_v4,dd_21630,T5,0.39426702288690496,-0.007873812650907253
deepseek_v4,dd_21630,T6,0.39437041298490405,-0.007770422552908163
deepseek_v4,dd_22819,T1,0.0002987175667091489,-0.004179644735498538
deepseek_v4,dd_22819,T3,0.0008106618852087057,-0.003667700416998981
deepseek_v4,dd_22819,T5,0.016287700705957423,0.011809338403749738
deepseek_v4,dd_22819,T6,0.0005163690509554697,-0.0039619932512522165
deepseek_v4,dd_23534,T1,0.7484510180096565,0.15836325737525725
deepseek_v4,dd_23534,T3,0.6148254284762691,0.024737667841869815
deepseek_v4,dd_23534,T5,0.8394074408150245,0.24931968018062522
deepseek_v4,dd_23534,T6,0.15766715523664707,-0.4324206053977522
deepseek_v4,dd_24260,T1,0.15032953271413046,-0.0697130433080411
deepseek_v4,dd_24260,T3,0.1424700310838416,-0.07757254493832996
deepseek_v4,dd_24260,T5,0.5101169343574403,0.29007435833526873
deepseek_v4,dd_24260,T6,0.07725380593327381,-0.14278877008889773
deepseek_v4,dd_24405,T1,0.00019198811613772824,7.420670158132507e-05
deepseek_v4,dd_24405,T3,0.00012436542093944406,6.5840063830408955e-06
deepseek_v4,dd_24405,T5,0.00011812464770024302,3.4323314383985265e-07
deepseek_v4,dd_24405,T6,3.664747344819731e-05,-8.113394110820585e-05
deepseek_v4,dd_24975,T1,0.10106707445121121,-0.07093521959003163
deepseek_v4,dd_24975,T3,0.4857183003375276,0.31371600629628477
deepseek_v4,dd_24975,T5,0.06284555666792757,-0.10915673737331527
deepseek_v4,dd_24975,T6,0.03837824470830497,-0.13362404933293787
deepseek_v4,dd_25137,T1,0.9988344651402663,0.033055486936220735
deepseek_v4,dd_25137,T3,0.9981616208388595,0.03238264263481394
deepseek_v4,dd_25137,T5,0.9989849908556567,0.03320601265161116
deepseek_v4,dd_25137,T6,0.8671348359813995,-0.09864414222264606
deepseek_v4,dd_25302,T1,0.0002503374230480277,-0.004530373083418934
deepseek_v4,dd_25302,T3,0.0008805003841384356,-0.003900210122328526
deepseek_v4,dd_25302,T5,0.014750651723642615,0.009969941217175652
deepseek_v4,dd_25302,T6,0.0032413524950387707,-0.001539358011428191
deepseek_v4,dd_25868,T1,0.5726936121559625,0.20296306622728083
deepseek_v4,dd_25868,T3,0.2642989361451058,-0.10543160978357585
deepseek_v4,dd_25868,T5,0.45314690890873366,0.083416362980052
deepseek_v4,dd_25868,T6,0.18878272650492467,-0.18094781942375698
deepseek_v4,dd_26178,T1,0.047436009724987765,-0.09253133465199187
deepseek_v4,dd_26178,T3,0.22412055875264458,0.08415321437566495
deepseek_v4,dd_26178,T5,0.26754724311995104,0.1275798987429714
deepseek_v4,dd_26178,T6,0.020765565910335137,-0.1192017784666445
deepseek_v4,dd_26321,T1,0.9994952796317662,0.03081761425157048
deepseek_v4,dd_26321,T3,0.9990918855589512,0.030414220178755502
deepseek_v4,dd_26321,T5,0.9948687216249039,0.02619105624470819
deepseek_v4,dd_26321,T6,0.8812547747051614,-0.08742289067503428
deepseek_v4,dd_27524,T1,7.48497964533062e-05,-0.0011549913058295132
deepseek_v4,dd_27524,T3,0.00012554495245185686,-0.0011042961498309626
deepseek_v4,dd_27524,T5,0.0005113061104624633,-0.000718534991820356
deepseek_v4,dd_27524,T6,0.004207663549763651,0.0029778224474808317
deepseek_v4,dd_27558,T1,0.20278945730322445,-0.08532015152763733
deepseek_v4,dd_27558,T3,0.41949611889237365,0.13138651006151186
deepseek_v4,dd_27558,T5,0.4518377977016167,0.1637281888707549
deepseek_v4,dd_27558,T6,0.07831506142623239,-0.20979454740462938
deepseek_v4,dd_28814,T1,0.03177056013432699,0.007441538272398952
deepseek_v4,dd_28814,T3,0.039000081669477805,0.014671059807549767
deepseek_v4,dd_28814,T5,0.011046345348436092,-0.013282676513491947
deepseek_v4,dd_28814,T6,0.015499100295471259,-0.00882992156645678
deepseek_v4,dd_29454,T1,0.5375642750002132,0.04698886649320849
deepseek_v4,dd_29454,T3,0.9509073104553352,0.46033190194833046
deepseek_v4,dd_29454,T5,0.43529807523640807,-0.05527733327059664
deepseek_v4,dd_29454,T6,0.0385319733360625,-0.4520434351709422
deepseek_v4,dd_29978,T1,0.03262731254739741,-0.05382157489240806
deepseek_v4,dd_29978,T3,0.25526806995536105,0.16881918251555558
deepseek_v4,dd_29978,T5,0.013360400970783406,-0.07308848646902207
deepseek_v4,dd_29978,T6,0.04453976628568,-0.04190912115412547
deepseek_v4,dd_30131,T1,0.006500310739814318,-0.0014113586837487327
deepseek_v4,dd_30131,T3,0.003861904164981135,-0.004049765258581916
deepseek_v4,dd_30131,T5,0.010517316893622,0.0026056474700589492
deepseek_v4,dd_30131,T6,0.010767145895834752,0.002855476472271702
deepseek_v4,dd_30899,T1,0.9947965517236643,0.009055182756679936
deepseek_v4,dd_30899,T3,0.9980951058241314,0.012353736857147024
deepseek_v4,dd_30899,T5,0.9981889575526417,0.01244758858565731
deepseek_v4,dd_30899,T6,0.9518848607675,-0.03385650819948438
deepseek_v4,dd_31129,T1,2.3746521446435455e-05,-8.224566483698269e-05
deepseek_v4,dd_31129,T3,1.8255978441579433e-05,-8.773620784183871e-05
deepseek_v4,dd_31129,T5,0.0001573586419553608,5.136645567194265e-05
deepseek_v4,dd_31129,T6,0.00022460760329029688,0.00011861541700687874
deepseek_v4,dd_32872,T1,0.4158428488498391,0.04514226494177581
deepseek_v4,dd_32872,T3,0.4767299945641885,0.10602941065612526
deepseek_v4,dd_32872,T5,0.42167561465095366,0.05097503074289039
deepseek_v4,dd_32872,T6,0.16855387756727158,-0.20214670634079168
deepseek_v4,dd_33618,T1,0.013562131561514973,-1.3113625607845403e-05
deepseek_v4,dd_33618,T3,0.00037659733575274413,-0.013198647851370074
deepseek_v4,dd_33618,T5,0.023750616017394685,0.010175370830271866
deepseek_v4,dd_33618,T6,0.016611635833828874,0.003036390646706055
deepseek_v4,dd_34148,T1,0.4197290456309135,0.02193443952158236
deepseek_v4,dd_34148,T3,0.4946788097421701,0.09688420363283895
deepseek_v4,dd_34148,T5,0.5517614543212468,0.15396684821191564
deepseek_v4,dd_34148,T6,0.12500911474299414,-0.272785491366337
deepseek_v4,dd_34460,T1,5.7555171836710294e-05,-6.119590928172725e-05
deepseek_v4,dd_34460,T3,0.00027094173161962,0.00015219065050118245
deepseek_v4,dd_34460,T5,0.00010500880287273762,-1.3742278245699923e-05
deepseek_v4,dd_34460,T6,4.149861814468228e-05,-7.725246297375527e-05
deepseek_v4,dd_35732,T1,3.8890087721361806e-05,9.354425234036458e-06
deepseek_v4,dd_35732,T3,4.30509568380426e-05,1.351529435071725e-05
deepseek_v4,dd_35732,T5,1.3261626643818113e-05,-1.6274035843507233e-05
deepseek_v4,dd_35732,T6,2.2939978746078872e-05,-6.595683741246476e-06
deepseek_v4,dd_36819,T1,0.44227864039531684,0.041196204548982374
deepseek_v4,dd_36819,T3,0.4740676564423141,0.07298522059597962
deepseek_v4,dd_36819,T5,0.45872225129669475,0.05763981545036029
deepseek_v4,dd_36819,T6,0.2292611952510122,-0.17182124059532225
deepseek_v4,dd_37249,T1,0.9657616874281705,0.041014603374213254
deepseek_v4,dd_37249,T3,0.9043001974562679,-0.02044688659768934
deepseek_v4,dd_37249,T5,0.9194750395820617,-0.005272044471895554
deepseek_v4,dd_37249,T6,0.9094514117493291,-0.015295672304628138
deepseek_v4,dd_37490,T1,0.9998635201536734,0.014612599648857971
deepseek_v4,dd_37490,T3,0.9999580047103469,0.014707084205531462
deepseek_v4,dd_37490,T5,0.9995962403879015,0.014345319883086072
deepseek_v4,dd_37490,T6,0.9415859167673402,-0.04366500373747528
deepseek_v4,dd_38533,T1,0.03728269072351604,-0.0571609411518963
deepseek_v4,dd_38533,T3,0.06006676133663296,-0.03437687053877938
deepseek_v4,dd_38533,T5,0.19974645308807437,0.10530282121266203
deepseek_v4,dd_38533,T6,0.08067862235342597,-0.013765009521986366
deepseek_v4,dd_39199,T1,0.9686139979568842,0.09225741346124294
deepseek_v4,dd_39199,T3,0.9260389910190105,0.049682406523369305
deepseek_v4,dd_39199,T5,0.9654549801165341,0.08909839562089283
deepseek_v4,dd_39199,T6,0.6453183688901363,-0.23103821560550497
deepseek_v4,dd_42860,T1,0.1157286223486382,-0.13895761990516822
deepseek_v4,dd_42860,T3,0.10940231787087447,-0.14528392438293197
deepseek_v4,dd_42860,T5,0.4986173191592563,0.24393107690544985
deepseek_v4,dd_42860,T6,0.2949967096364568,0.04031046738265037
deepseek_v4,dd_44063,T1,0.8153399590375063,0.194745081426559
deepseek_v4,dd_44063,T3,0.7616802763746604,0.14108539876371307
deepseek_v4,dd_44063,T5,0.6430528731439209,0.022457995532973563
deepseek_v4,dd_44063,T6,0.26230640188770127,-0.35828847572324607
deepseek_v4,dd_44380,T1,0.9924401114157162,0.06333498516051161
deepseek_v4,dd_44380,T3,0.985638540710247,0.05653341445504245
deepseek_v4,dd_44380,T5,0.993256709951096,0.06415158369589147
deepseek_v4,dd_44380,T6,0.7450851429437589,-0.18401998331144565
deepseek_v4,dd_45938,T1,3.5593064792680324e-06,-4.379413440733845e-05
deepseek_v4,dd_45938,T3,6.254032904027333e-06,-4.109940798257915e-05
deepseek_v4,dd_45938,T5,0.0001087341262078271,6.138068532122062e-05
deepseek_v4,dd_45938,T6,7.086629795530348e-05,2.3512857068696993e-05
deepseek_v4,dd_46859,T1,7.987329344410356e-06,-0.0001728939582106634
deepseek_v4,dd_46859,T3,1.0997416616440016e-05,-0.00016988387093863373
deepseek_v4,dd_46859,T5,0.00045780862221840194,0.0002769273346633282
deepseek_v4,dd_46859,T6,0.0002467317820410427,6.585049448596894e-05
deepseek_v4,dd_47886,T1,0.2298397071344422,0.021026782149940415
deepseek_v4,dd_47886,T3,0.19560724704623095,-0.013205677938270849
deepseek_v4,dd_47886,T5,0.18371572430733457,-0.025097200677167225
deepseek_v4,dd_47886,T6,0.2260890214499994,0.017276096465497603
deepseek_v4,dd_5570,T1,0.9999846196039885,0.00018598335224950802
deepseek_v4,dd_5570,T3,0.9998442187694969,4.558251775788058e-05
deepseek_v4,dd_5570,T5,0.9999596382076623,0.00016100195592327893
deepseek_v4,dd_5570,T6,0.9994060684258084,-0.0003925678259306675
deepseek_v4,dd_6488,T1,0.00021406867829315681,-0.00029279896259811145
deepseek_v4,dd_6488,T3,9.498814532129268e-05,-0.00041187949556997555
deepseek_v4,dd_6488,T5,0.0004499287037590214,-5.693893713224689e-05
deepseek_v4,dd_6488,T6,0.0012684850361916024,0.0007616173953003342
deepseek_v4,dd_6826,T1,0.9661100507250934,0.12468319409380213
deepseek_v4,dd_6826,T3,0.9144371801769897,0.07301032354569847
deepseek_v4,dd_6826,T5,0.9847900845923032,0.14336322796101197
deepseek_v4,dd_6826,T6,0.5003701110307783,-0.3410567456005129
deepseek_v4,dd_6868,T1,0.675184215896715,0.04682339901702981
deepseek_v4,dd_6868,T3,0.5382213118261757,-0.09013950505350943
deepseek_v4,dd_6868,T5,0.8440951861553782,0.215734369275693
deepseek_v4,dd_6868,T6,0.45594255364047204,-0.1724182632392131
deepseek_v4,dd_7687,T1,0.9999824934910044,0.00450505716039884
deepseek_v4,dd_7687,T3,0.9999945582200196,0.004517121889414
deepseek_v4,dd_7687,T5,0.999976053910044,0.004498617579438369
deepseek_v4,dd_7687,T6,0.9819566397013544,-0.013520796629251208
deepseek_v4,dd_8580,T1,0.06420249201369942,-0.0029596859468434406
deepseek_v4,dd_8580,T3,0.004826480652528339,-0.06233569730801452
deepseek_v4,dd_8580,T5,0.1754429659919629,0.10828078803142005
deepseek_v4,dd_8580,T6,0.02417677318398074,-0.04298540477656212
deepseek_v4,dd_9595,T1,0.5683596664518431,0.019331252766950247
deepseek_v4,dd_9595,T3,0.757623356206733,0.2085949425218402
deepseek_v4,dd_9595,T5,0.6073271157693538,0.058298702084460974
deepseek_v4,dd_9595,T6,0.2628035163116411,-0.28622489737325174
deepseek_v4,dd_9899,T1,0.5747830289124745,0.0626668510455165
deepseek_v4,dd_9899,T3,0.3039901384023779,-0.20812603946458008
deepseek_v4,dd_9899,T5,0.7841790066915634,0.2720628288246054
deepseek_v4,dd_9899,T6,0.385512537461416,-0.12660364040554195
deepseek_v4,dd_9955,T1,0.32561750711262927,-0.10536882857467533
deepseek_v4,dd_9955,T3,0.5704628546458963,0.1394765189585917
deepseek_v4,dd_9955,T5,0.4821204989964836,0.051134163309179026
deepseek_v4,dd_9955,T6,0.3457444819942094,-0.08524185369309523
deepseek_v4,mc_C_034,T1,0.9999952694495571,4.085063687320201e-06
deepseek_v4,mc_C_034,T3,0.9999988241867789,7.639800909120531e-06
deepseek_v4,mc_C_034,T5,0.9999991895631066,8.005177236869443e-06
deepseek_v4,mc_C_034,T6,0.9999714543440364,-1.9730041833310175e-05
deepseek_v4,mc_C_1095,T1,0.9999993718239407,7.582930434391066e-05
deepseek_v4,mc_C_1095,T3,0.9999997628316142,7.622031201737212e-05
deepseek_v4,mc_C_1095,T5,0.9999993848510536,7.584233145674357e-05
deepseek_v4,mc_C_1095,T6,0.9996956505717787,-0.00022789194781813737
deepseek_v4,mc_C_1216,T1,0.9999980998104258,0.0008447061180741899
deepseek_v4,mc_C_1216,T3,0.9999996095094512,0.0008462158170996492
deepseek_v4,mc_C_1216,T5,0.9999989338434307,0.0008455401510791827
deepseek_v4,mc_C_1216,T6,0.9966169316060987,-0.002536462086252911
deepseek_v4,mc_C_183,T1,0.9999844930119504,1.1735678407065464e-05
deepseek_v4,mc_C_183,T3,0.999998303296595,2.554596305170964e-05
deepseek_v4,mc_C_183,T5,0.9999899773089269,1.7219975383619968e-05
deepseek_v4,mc_C_183,T6,0.9999182557167006,-5.450161684272814e-05
deepseek_v4,mc_C_291,T1,0.9999990277207369,3.4729175348857666e-06
deepseek_v4,mc_C_291,T3,0.9999996440255765,4.089222374492607e-06
deepseek_v4,mc_C_291,T5,0.9999976389964378,2.0841932357740234e-06
deepseek_v4,mc_C_291,T6,0.9999859084700569,-9.646333145152397e-06
deepseek_v4,mc_C_467,T1,0.9993601189691872,0.014827930297409142
deepseek_v4,mc_C_467,T3,0.9997263229376516,0.015194134265873571
deepseek_v4,mc_C_467,T5,0.9995073274552484,0.014975138783470343
deepseek_v4,mc_C_467,T6,0.9395349853250248,-0.04499720334675328
deepseek_v4,mc_C_527,T1,0.9999985883421223,1.8316943003138242e-05
deepseek_v4,mc_C_527,T3,0.9999995249879423,1.9253588823153756e-05
deepseek_v4,mc_C_527,T5,0.9999992710559809,1.899965686169569e-05
deepseek_v4,mc_C_527,T6,0.9999237012104314,-5.6570188687765643e-05
deepseek_v4,mc_C_675,T1,0.9999981998979435,0.0013333914654981571
deepseek_v4,mc_C_675,T3,0.9999993407138374,0.0013345322813921312
deepseek_v4,mc_C_675,T5,0.9999890584198017,0.001324249987356363
deepseek_v4,mc_C_675,T6,0.9946726346981989,-0.003992173734246429
deepseek_v4,mc_C_772,T1,0.999996520072654,1.658115175751096e-05
deepseek_v4,mc_C_772,T3,0.9999962950914756,1.6356170579046037e-05
deepseek_v4,mc_C_772,T5,0.9999983368120307,1.8397891134114275e-05
deepseek_v4,mc_C_772,T6,0.9999286037074261,-5.1335213470449226e-05
deepseek_v4,mc_C_941,T1,0.9999983254738256,0.0034918938850193593
deepseek_v4,mc_C_941,T3,0.9999988499198904,0.0034924183310841572
deepseek_v4,mc_C_941,T5,0.9999979750006871,0.0034915434118808486
deepseek_v4,mc_C_941,T6,0.9860305759608221,-0.010475855627984143
deepseek_v4,mc_G_005,T1,0.9935567863320178,-0.001762059543899741
deepseek_v4,mc_G_005,T3,0.9991269742944391,0.003808128418521517
deepseek_v4,mc_G_005,T5,0.9967491655156218,0.0014303196397041917
deepseek_v4,mc_G_005,T6,0.9918424573615917,-0.0034763885143258566
deepseek_v4,mc_G_037,T1,0.993328223985946,0.021575971989272635
deepseek_v4,mc_G_037,T3,0.9920109446052893,0.020258692608615902
deepseek_v4,mc_G_037,T5,0.9973170331867012,0.025564781190027808
deepseek_v4,mc_G_037,T6,0.9043528062087569,-0.06739944578791646
deepseek_v4,mc_G_064,T1,1.1178446130279037e-06,-3.6331599267859763e-05
deepseek_v4,mc_G_064,T3,4.478629186012634e-07,-3.70015809622864e-05
deepseek_v4,mc_G_064,T5,5.3693884810180035e-05,1.6244440929292368e-05
deepseek_v4,mc_G_064,T6,9.453818318174147e-05,5.7088739300853805e-05
deepseek_v4,mc_G_086,T1,0.9999329023311927,0.006240619717739593
deepseek_v4,mc_G_086,T3,0.9998690878400461,0.0061768052265930296
deepseek_v4,mc_G_086,T5,0.9999583892263123,0.006266106612859201
deepseek_v4,mc_G_086,T6,0.9750087510562611,-0.018683531557192046
deepseek_v4,mc_G_112,T1,0.10106379029231588,-0.06184836104991984
deepseek_v4,mc_G_112,T3,0.5202947736358488,0.35738262229361306
deepseek_v4,mc_G_112,T5,0.02921975210888047,-0.13369239923335524
deepseek_v4,mc_G_112,T6,0.001070289331897638,-0.16184186201033807
deepseek_v4,mc_G_135,T1,0.998756369754304,0.027635048106151805
deepseek_v4,mc_G_135,T3,0.9979300655842984,0.026808743936146184
deepseek_v4,mc_G_135,T5,0.9938889099532637,0.022767588305111497
deepseek_v4,mc_G_135,T6,0.893909941300743,-0.07721138034740926
deepseek_v4,mc_G_156,T1,0.006166220048356208,-0.005979589423138892
deepseek_v4,mc_G_156,T3,0.0009866975182517557,-0.011159111953243345
deepseek_v4,mc_G_156,T5,0.024893602604676657,0.012747793133181556
deepseek_v4,mc_G_156,T6,0.01653671771469578,0.004390908243200681
deepseek_v4,mc_G_179,T1,1.4405275101658788e-06,7.801801620022086e-08
deepseek_v4,mc_G_179,T3,5.100186019624253e-07,-8.524908920032326e-07
deepseek_v4,mc_G_179,T5,1.1994597998721268e-06,-1.630496940935311e-07
deepseek_v4,mc_G_179,T6,2.3000320638622007e-06,9.375225698965428e-07
deepseek_v4,mc_G_186,T1,0.19376941321494429,-0.0679867141682029
deepseek_v4,mc_G_186,T3,0.38089080412780635,0.11913467674465916
deepseek_v4,mc_G_186,T5,0.3723515003768363,0.1105953729936891
deepseek_v4,mc_G_186,T6,0.10001279181300184,-0.16174333557014536
deepseek_v4,mc_G_235,T1,0.9986265021626655,0.12756658635087803
deepseek_v4,mc_G_235,T3,0.9974941883843522,0.1264342725725648
deepseek_v4,mc_G_235,T5,0.9723472552077563,0.1012873393959689
deepseek_v4,mc_G_235,T6,0.5157717174923758,-0.3552881983194116
deepseek_v4,mc_G_236,T1,0.9608701623133706,0.042505791327301035
deepseek_v4,mc_G_236,T3,0.9774902014493321,0.059125830463262474
deepseek_v4,mc_G_236,T5,0.924205915850486,0.005841544864416348
deepseek_v4,mc_G_236,T6,0.8108912043310899,-0.10747316665497975
deepseek_v4,mc_G_288,T1,0.8462546973097465,0.10157297685429145
deepseek_v4,mc_G_288,T3,0.823393724700334,0.07871200424487901
deepseek_v4,mc_G_288,T5,0.8298667628476972,0.08518504239224223
deepseek_v4,mc_G_288,T6,0.47921169696404253,-0.26547002349141247
deepseek_v4,mc_G_302,T1,0.27221757705443694,-0.23426794734148426
deepseek_v4,mc_G_302,T3,0.8651209478490312,0.35863542345310995
deepseek_v4,mc_G_302,T5,0.7692944912039779,0.26280896680805665
deepseek_v4,mc_G_302,T6,0.1193090814762391,-0.3871764429196821
deepseek_v4,mc_G_365,T1,0.9930507686782617,0.135489709375765
deepseek_v4,mc_G_365,T3,0.9914362289468251,0.13387516964432844
deepseek_v4,mc_G_365,T5,0.9954110609202417,0.13785000161774497
deepseek_v4,mc_G_365,T6,0.45034617866465854,-0.4072148806378382
deepseek_v4,mc_G_373,T1,0.00017911856191689423,-0.00011358183990143835
deepseek_v4,mc_G_373,T3,0.00016162703454155277,-0.00013107336727677981
deepseek_v4,mc_G_373,T5,0.0007238392874429397,0.0004311388856246071
deepseek_v4,mc_G_373,T6,0.00010621672337194369,-0.0001864836784463889
deepseek_v4,mc_G_385,T1,0.7277493861448059,0.0540387576745065
deepseek_v4,mc_G_385,T3,0.9167400515642032,0.24302942309390385
deepseek_v4,mc_G_385,T5,0.3602863352915693,-0.3134242931787301
deepseek_v4,mc_G_385,T6,0.690066740880619,0.016356112410319645
deepseek_v4,mc_G_397,T1,0.00019295676420905128,-0.0003752853639532733
deepseek_v4,mc_G_397,T3,0.00023759399632072853,-0.000330648131841596
deepseek_v4,mc_G_397,T5,0.0010654256837961396,0.000497183555633815
deepseek_v4,mc_G_397,T6,0.0007769920683233789,0.0002087499401610543
deepseek_v4,mc_G_431,T1,0.9997131045114869,0.0015075697260639176
deepseek_v4,mc_G_431,T3,0.9999728926398805,0.0017673578544575852
deepseek_v4,mc_G_431,T5,0.999832980947606,0.0016274461621830216
deepseek_v4,mc_G_431,T6,0.9933031610427183,-0.0049023737427046354
deepseek_v4,mc_G_453,T1,0.7776329104824337,0.1439365001979741
deepseek_v4,mc_G_453,T3,0.9975858607549832,0.3638894504705237
deepseek_v4,mc_G_453,T5,0.37377870243245065,-0.2599177078520089
deepseek_v4,mc_G_453,T6,0.38578816746797107,-0.2479082428164885
deepseek_v4,mc_G_492,T1,0.973755882747103,0.020938625211017303
deepseek_v4,mc_G_492,T3,0.916254122533738,-0.03656313500234776
deepseek_v4,mc_G_492,T5,0.9867356007305883,0.0339183431945026
deepseek_v4,mc_G_492,T6,0.9345234241329137,-0.018293833403172033
deepseek_v4,mc_G_572,T1,0.8867520161623959,0.06128786647744777
deepseek_v4,mc_G_572,T3,0.9642021809918627,0.13873803130691464
deepseek_v4,mc_G_572,T5,0.9397973563353973,0.11433320665044922
deepseek_v4,mc_G_572,T6,0.5111050452501366,-0.3143591044348115
deepseek_v4,mc_G_595,T1,0.6368951204973881,0.07321395591225921
deepseek_v4,mc_G_595,T3,0.6323610811411211,0.06867991655599226
deepseek_v4,mc_G_595,T5,0.4916435508290491,-0.07203761375607975
deepseek_v4,mc_G_595,T6,0.49382490587295713,-0.06985625871217171
deepseek_v4,mc_G_601,T1,0.9793395899506907,0.13381659121304856
deepseek_v4,mc_G_601,T3,0.6488405067594669,-0.19668249197817522
deepseek_v4,mc_G_601,T5,0.9557101039579168,0.11018710522027464
deepseek_v4,mc_G_601,T6,0.7982017942824942,-0.04732120445514798
deepseek_v4,mc_H_035,T1,0.00012540992845789988,-4.364053350240326e-05
deepseek_v4,mc_H_035,T3,0.00016806737675143836,-9.830852088647856e-07
deepseek_v4,mc_H_035,T5,0.00020157194875230862,3.252148679200548e-05
deepseek_v4,mc_H_035,T6,0.0001811525938795657,1.210213191926257e-05
deepseek_v4,mc_H_044,T1,0.8498956322555634,0.12292212779679079
deepseek_v4,mc_H_044,T3,0.754844872381492,0.02787136792271938
deepseek_v4,mc_H_044,T5,0.8903191322140956,0.16334562775532302
deepseek_v4,mc_H_044,T6,0.41283438098393965,-0.31413912347483297
deepseek_v4,mc_H_049,T1,0.9194892407795545,0.07656685096409843
deepseek_v4,mc_H_049,T3,0.6909780479053836,-0.15194434191007244
deepseek_v4,mc_H_049,T5,0.9572749684026285,0.1143525785871724
deepseek_v4,mc_H_049,T6,0.8039473021742578,-0.03897508764119828
deepseek_v4,mc_H_060,T1,0.866467738252181,0.045243887050116616
deepseek_v4,mc_H_060,T3,0.952856008740828,0.13163215753876356
deepseek_v4,mc_H_060,T5,0.9185134478786857,0.09728959667662129
deepseek_v4,mc_H_060,T6,0.5470582099365633,-0.27416564126550114
deepseek_v4,mc_H_066,T1,0.0002529296491707198,-0.002565161285603572
deepseek_v4,mc_H_066,T3,0.00018423049899743809,-0.0026338604357768534
deepseek_v4,mc_H_066,T5,0.010602994866548029,0.007784903931773737
deepseek_v4,mc_H_066,T6,0.00023220872438098038,-0.002585882210393311
deepseek_v4,mc_H_072,T1,0.041824676477779876,-0.0710501273886128
deepseek_v4,mc_H_072,T3,0.014536569014340028,-0.09833823485205265
deepseek_v4,mc_H_072,T5,0.3659281123341901,0.2530533084677974
deepseek_v4,mc_H_072,T6,0.029209857639260706,-0.08366494622713197
deepseek_v4,mc_H_073,T1,0.12256162925567321,-0.027625383668554493
deepseek_v4,mc_H_073,T3,0.06068612829242731,-0.08950088463180039
deepseek_v4,mc_H_073,T5,0.337307754273467,0.18712074134923928
deepseek_v4,mc_H_073,T6,0.08019253987534342,-0.06999447304888429
gpt41,dd_0107,T1,2.087807624739009e-14,7.494903677789235e-15
gpt41,dd_0107,T3,2.4111574503360654e-15,-1.097201511926479e-14
gpt41,dd_0107,T5,2.94621556467374e-14,1.6078983077136545e-14
gpt41,dd_0107,T6,7.813009339398612e-16,-1.2601871635660994e-14
gpt41,dd_0283,T1,3.884714138694634e-17,1.925985377032946e-17
gpt41,dd_0283,T3,2.248300056778594e-17,2.8957129511690575e-18
gpt41,dd_0283,T5,1.4516116186268454e-17,-5.071171430348428e-18
gpt41,dd_0283,T6,2.502892325466795e-18,-1.7084395291150086e-17
gpt41,dd_11241,T1,3.5847795640339726e-13,-1.1235099934656515e-12
gpt41,dd_11241,T3,4.0420244288969726e-12,2.5600364790279237e-12
gpt41,dd_11241,T5,1.5253929874002815e-12,4.340503753123261e-14
gpt41,dd_11241,T6,2.0564267755440943e-15,-1.4799315230935048e-12
gpt41,dd_13518,T1,2.009686007978591e-16,1.2435374762890863e-16
gpt41,dd_13518,T3,2.0793376392656093e-17,-5.582147677629436e-17
gpt41,dd_13518,T5,8.264960503667941e-17,6.0347518677289495e-18
gpt41,dd_13518,T6,2.0478304486072325e-18,-7.456702272034323e-17
gpt41,dd_14408,T1,0.9999999999999987,0.059572456397721796
gpt41,dd_14408,T3,0.9999999999999998,0.059572456397722906
gpt41,dd_14408,T5,0.9999999999999974,0.059572456397720575
gpt41,dd_14408,T6,0.7617101744091117,-0.17871736919316517
gpt41,dd_14818,T1,0.9999999999999984,0.007091593448969702
gpt41,dd_14818,T3,0.9999999999999624,0.00709159344893362
gpt41,dd_14818,T5,0.9999999999999998,0.007091593448971034
gpt41,dd_14818,T6,0.9716336262041543,-0.021274780346874467
gpt41,dd_15810,T1,0.9335178793193167,0.06955401669537442
gpt41,dd_15810,T3,0.5223391923824425,-0.3416246702414998
gpt41,dd_15810,T5,0.9999999725773696,0.1360361099534273
gpt41,dd_15810,T6,0.9999984062166405,0.13603454359269818
gpt41,dd_17929,T1,0.9527554145062479,0.12567100570034795
gpt41,dd_17929,T3,0.35613571951279566,-0.4709486892931043
gpt41,dd_17929,T5,0.9994820787909533,0.17239766998505335
gpt41,dd_17929,T6,0.999964422413603,0.172880013607703
gpt41,dd_1808,T1,0.999999596977194,0.26139201242433463
gpt41,dd_1808,T3,0.9481223039391875,0.20951471938632815
gpt41,dd_1808,T5,0.9999999999990562,0.26139241544619685
gpt41,dd_1808,T6,0.006308437295999807,-0.7322991472568595
gpt41,dd_1814,T1,7.4845943479607175e-19,2.806456445471452e-19
gpt41,dd_1814,T3,3.6625406978665533e-19,-1.015597204622712e-19
gpt41,dd_1814,T5,5.977822685268315e-19,1.2996847827790498e-19
gpt41,dd_1814,T6,1.5875938788614772e-19,-3.090544023627788e-19
gpt41,dd_18223,T1,1.0657655730130837e-06,7.960484418710389e-07
gpt41,dd_18223,T3,1.2195667459795601e-09,-2.684975643960653e-07
gpt41,dd_18223,T5,1.1544912764192402e-08,-2.5817221837785244e-07
gpt41,dd_18223,T6,3.3847204492386803e-10,-2.69378659097121e-07
gpt41,dd_18643,T1,1.0,4.9960036108132044e-14
gpt41,dd_18643,T3,1.0,4.9960036108132044e-14
gpt41,dd_18643,T5,1.0,4.9960036108132044e-14
gpt41,dd_18643,T6,0.9999999999997999,-1.5010215292932116e-13
gpt41,dd_18670,T1,0.946751989284214,0.2178817865342524
gpt41,dd_18670,T3,0.506229288803235,-0.22264091394672658
gpt41,dd_18670,T5,0.9993476711100688,0.2704774683601072
gpt41,dd_18670,T6,0.46315186180232915,-0.26571834094763247
gpt41,dd_2081,T1,0.99999999985287,0.1044359868313377
gpt41,dd_2081,T3,0.9999999980440959,0.10443598502256357
gpt41,dd_2081,T5,0.9999999999997871,0.10443598697825474
gpt41,dd_2081,T6,0.5822560541893765,-0.3133079588321558
gpt41,dd_21158,T1,1.0,1.6609725461691482e-07
gpt41,dd_21158,T3,1.0,1.6609725461691482e-07
gpt41,dd_21158,T5,0.9999999999999999,1.6609725450589252e-07
gpt41,dd_21158,T6,0.9999993356109818,-4.982917636286999e-07
gpt41,dd_21629,T1,0.9999999999999933,2.1227686275437918e-11
gpt41,dd_21629,T3,1.0,2.123434761358567e-11
gpt41,dd_21629,T5,0.999999999999806,2.1040391651183654e-11
gpt41,dd_21629,T6,0.9999999999152632,-6.350242554020724e-11
gpt41,dd_21630,T1,1.5126140413872646e-16,-1.3088131410091889e-16
gpt41,dd_21630,T3,1.1240793075993484e-16,-1.697347874797105e-16
gpt41,dd_21630,T5,3.6863556006819744e-16,8.64928418285521e-17
gpt41,dd_21630,T6,4.9626597799172265e-16,2.141232597520773e-16
gpt41,dd_22819,T1,4.071145462758771e-17,1.813276825909107e-17
gpt41,dd_22819,T3,4.506373302924113e-18,-1.8072313065572532e-17
gpt41,dd_22819,T5,4.008028202616743e-17,1.750159565767079e-17
gpt41,dd_22819,T6,5.0166355173073135e-18,-1.756205085118933e-17
gpt41,dd_23534,T1,7.358113796999958e-09,5.1917404944622205e-09
gpt41,dd_23534,T3,3.9818980844015877e-10,-1.768183494097579e-09
gpt41,dd_23534,T5,9.077629244426743e-10,-1.2586103780950633e-09
gpt41,dd_23534,T6,1.4266802681601343e-12,-2.1649466222695775e-09
gpt41,dd_24260,T1,0.02267815749977085,-0.12909998144070806
gpt41,dd_24260,T3,0.0844343978401695,-0.0673437411003094
gpt41,dd_24260,T5,0.49999999994271255,0.3482218610022336
gpt41,dd_24260,T6,4.792627273811375e-10,-0.15177813846121616
gpt41,dd_24405,T1,2.8808114079339746e-18,-8.29088610446217e-18
gpt41,dd_24405,T3,5.596461333834995e-18,-5.575236178561151e-18
gpt41,dd_24405,T5,3.620951730781561e-17,2.5037819795419466e-17
gpt41,dd_24405,T6,0.0,-1.1171697512396146e-17
gpt41,dd_24975,T1,0.9999999996342146,9.302207084060932e-05
gpt41,dd_24975,T3,0.9999999999992681,9.302243589415227e-05
gpt41,dd_24975,T5,0.9999998183659767,9.284080260274497e-05
gpt41,dd_24975,T6,0.9996280922540361,-0.0002788853093378396
gpt41,dd_25137,T1,0.9999999999999999,1.753475142862726e-11
gpt41,dd_25137,T3,1.0,1.7534862450929722e-11
gpt41,dd_25137,T5,1.0,1.7534862450929722e-11
gpt41,dd_25137,T6,0.9999999999298604,-5.260469837509163e-11
gpt41,dd_25302,T1,2.1576280500384627e-18,7.6731103019393385e-19
gpt41,dd_25302,T3,2.8140774835456073e-18,1.4237604637010784e-18
gpt41,dd_25302,T5,1.2657401961194997e-19,-1.263743000232579e-18
gpt41,dd_25302,T6,4.629885261820963e-19,-9.273284936624325e-19
gpt41,dd_25868,T1,0.9999568815162172,0.25313699559415404
gpt41,dd_25868,T3,0.8074231421934306,0.06060325627136742
gpt41,dd_25868,T5,0.9999953651740829,0.2531754792520198
gpt41,dd_25868,T6,0.17990415480452188,-0.5669157311175412
gpt41,dd_26178,T1,8.849813437551236e-13,-1.73328468062163e-09
gpt41,dd_26178,T3,6.9335326724768044e-09,5.19936301051142e-09
gpt41,dd_26178,T5,2.254401183119534e-12,-1.7319152607822655e-09
gpt41,dd_26178,T6,6.59285786088852e-15,-1.7341630691075242e-09
gpt41,dd_26321,T1,0.9999999991722907,1.5424761119153807e-05
gpt41,dd_26321,T3,0.9999999957945978,1.5421383426250657e-05
gpt41,dd_26321,T5,0.9999999999916237,1.542558045219966e-05
gpt41,dd_26321,T6,0.9999383026861741,-4.627172499738208e-05
gpt41,dd_27524,T1,2.000244537143717e-18,-2.0609328421159791e-13
gpt41,dd_27524,T3,1.5361899790261858e-17,-2.0607992255634482e-13
gpt41,dd_27524,T5,7.882308437034137e-15,-1.9821297601910093e-13
gpt41,dd_27524,T6,8.164814672431787e-13,6.103861827870437e-13
gpt41,dd_27558,T1,0.3361658263687667,0.09263489518267859
gpt41,dd_27558,T3,0.5877659836466175,0.3442350524605294
gpt41,dd_27558,T5,0.046344090518276225,-0.19718684066781186
gpt41,dd_27558,T6,0.003847824210692011,-0.23968310697539608
gpt41,dd_28814,T1,1.5944591653275893e-06,1.0469529622640502e-06
gpt41,dd_28814,T3,3.651350030396344e-14,-5.475061665500388e-07
gpt41,dd_28814,T5,5.955621713091509e-07,4.805596824561177e-08
gpt41,dd_28814,T6,3.4391039159616903e-12,-5.475027639596231e-07
gpt41,dd_29978,T1,3.645383323824323e-14,2.5521454892408073e-14
gpt41,dd_29978,T3,3.0427342164993576e-15,-7.889644129335799e-15
gpt41,dd_29978,T5,2.81907170325774e-15,-8.113306642577418e-15
gpt41,dd_29978,T6,1.4138742253403005e-15,-9.518504120494857e-15
gpt41,dd_30131,T1,2.9323360742933276e-17,-4.389750513826566e-16
gpt41,dd_30131,T3,1.5517436192778087e-15,1.0834452071522188e-15
gpt41,dd_30131,T5,2.5730431599802247e-16,-2.109940961275674e-16
gpt41,dd_30131,T6,3.482235248359528e-17,-4.334760596419946e-16
gpt41,dd_30899,T1,0.9999999999999991,5.362377208939506e-14
gpt41,dd_30899,T3,0.9999999999999996,5.4067861299245124e-14
gpt41,dd_30899,T5,0.9999999999999996,5.4067861299245124e-14
gpt41,dd_30899,T6,0.9999999999997836,-1.6187051699034782e-13
gpt41,dd_31129,T1,4.191555865678104e-18,-4.54925172392272e-16
gpt41,dd_31129,T3,1.7337028438306154e-18,-4.573830254141195e-16
gpt41,dd_31129,T5,1.82840081706695e-15,1.3692840888089996e-15
gpt41,dd_31129,T6,2.140837255341632e-18,-4.569758910026085e-16
gpt41,dd_32872,T1,0.034250714415657475,0.02552749419820756
gpt41,dd_32872,T3,5.667948108423359e-12,-0.008723220211781967
gpt41,dd_32872,T5,0.0006421664441857441,-0.008081053773264173
gpt41,dd_32872,T6,4.288496843003873e-12,-0.00872322021316142
gpt41,dd_33618,T1,1.1466107718275808e-14,5.920926581741567e-15
gpt41,dd_33618,T3,2.37967591286178e-16,-5.307213545248063e-15
gpt41,dd_33618,T5,9.710563439500087e-16,-4.574124792584233e-15
gpt41,dd_33618,T6,9.505592892624968e-15,3.960411756090727e-15
gpt41,dd_34148,T1,1.12542459891083e-08,-4.932474307447966e-05
gpt41,dd_34148,T3,0.000197151101012697,0.00014781510369222823
gpt41,dd_34148,T5,1.8163400977526845e-07,-4.91543633106935e-05
gpt41,dd_34148,T6,1.3413687307787616e-14,-4.9335997307055076e-05
gpt41,dd_34460,T1,1.248739313683098e-18,-3.529851441475314e-18
gpt41,dd_34460,T3,9.372309025120301e-18,4.593718269961889e-18
gpt41,dd_34460,T5,7.96456518839655e-18,3.1859744332381384e-18
gpt41,dd_34460,T6,5.287494934336985e-19,-4.249841261724714e-18
gpt41,dd_35732,T1,3.220541136784947e-17,-5.711973843422931e-16
gpt41,dd_35732,T3,3.779348480371015e-17,-5.656093109064324e-16
gpt41,dd_35732,T5,2.2940399153475703e-15,1.6906371196374276e-15
gpt41,dd_35732,T6,4.9572371321440176e-17,-5.538304243887024e-16
gpt41,dd_36819,T1,2.111972176027436e-16,-1.8519815333715758e-16
gpt41,dd_36819,T3,1.0685555760299646e-15,6.721602050900634e-16
gpt41,dd_36819,T5,2.7870901474428406e-16,-1.1768635619561712e-16
gpt41,dd_36819,T6,2.7119675382612485e-17,-3.692756955572887e-16
gpt41,dd_37249,T1,0.0007995089282772525,-0.23772027656481948
gpt41,dd_37249,T3,0.44671835840008645,0.2081985729069897
gpt41,dd_37249,T5,0.5022104032449953,0.2636906177518986
gpt41,dd_37249,T6,0.00435087139902802,-0.23416891409406873
gpt41,dd_37490,T1,0.9999999999999998,5.007960700909031e-06
gpt41,dd_37490,T3,1.0,5.007960701131076e-06
gpt41,dd_37490,T5,1.0,5.007960701131076e-06
gpt41,dd_37490,T6,0.9999799681571955,-1.5023882103393227e-05
gpt41,dd_38533,T1,1.5494602355800038e-12,-1.4120738607277892e-11
gpt41,dd_38533,T3,5.8141754119787815e-11,4.247155527692992e-11
gpt41,dd_38533,T5,2.9865726437595497e-12,-1.2683626199098345e-11
gpt41,dd_38533,T6,3.0083723042165187e-15,-1.5667190470553678e-11
gpt41,dd_39199,T1,0.9999999999983732,3.7149299858540985e-08
gpt41,dd_39199,T3,0.9999999999994389,3.715036556162232e-08
gpt41,dd_39199,T5,0.9999998517546461,-1.1109442721313201e-07
gpt41,dd_39199,T6,0.9999999996438351,3.67947617929687e-08
gpt41,dd_42860,T1,8.396672192284044e-17,-9.136857494476947e-16
gpt41,dd_42860,T3,2.3521508430565816e-15,1.3544983716860465e-15
gpt41,dd_42860,T5,1.2113963029041423e-15,2.1374383153360723e-16
gpt41,dd_42860,T6,3.4309601759857583e-16,-6.545564537719593e-16
gpt41,dd_44063,T1,0.5720698173823406,-0.05337603906802191
gpt41,dd_44063,T3,0.9297348195671489,0.3042889631167863
gpt41,dd_44063,T5,0.9999746491685013,0.37452879271813877
gpt41,dd_44063,T6,4.139683459599727e-06,-0.625441716766903
gpt41,dd_44380,T1,1.0,9.586775817638227e-13
gpt41,dd_44380,T3,1.0,9.586775817638227e-13
gpt41,dd_44380,T5,1.0,9.586775817638227e-13
gpt41,dd_44380,T6,0.9999999999961652,-2.8761437675939305e-12
gpt41,dd_45938,T1,8.206667989948105e-18,-6.937915706543388e-15
gpt41,dd_45938,T3,3.2643869904776484e-18,-6.942857987542859e-15
gpt41,dd_45938,T5,2.060052816100652e-14,1.3654405786473182e-14
gpt41,dd_45938,T6,7.1724902821464e-15,2.2636790761306324e-16
gpt41,dd_46859,T1,8.943119747292977e-18,-1.3200457048853625e-16
gpt41,dd_46859,T3,4.8244512286744184e-18,-1.3612323900715482e-16
gpt41,dd_46859,T5,3.0254184132239393e-17,-1.1069350610358983e-16
gpt41,dd_46859,T6,5.197690058351101e-16,3.7882131559928084e-16
gpt41,dd_47886,T1,0.9998323249730553,0.1124131494210363
gpt41,dd_47886,T3,0.9999999662779998,0.11258079072598082
gpt41,dd_47886,T5,0.9999990514313519,0.11257987587933294
gpt41,dd_47886,T6,0.5498453595256686,-0.3375738160263504
gpt41,dd_5570,T1,0.9999999999999997,8.770761894538737e-15
gpt41,dd_5570,T3,1.0,9.103828801926284e-15
gpt41,dd_5570,T5,1.0,9.103828801926284e-15
gpt41,dd_5570,T6,0.9999999999999643,-2.6645352591003757e-14
gpt41,dd_6488,T1,1.111150693583409e-13,-1.7265613909980842e-11
gpt41,dd_6488,T3,6.486352287334678e-11,4.748679389400759e-11
gpt41,dd_6488,T5,4.488718263457621e-12,-1.2888010715881563e-11
gpt41,dd_6488,T6,4.355971119401008e-14,-1.7333169268145175e-11
gpt41,dd_6826,T1,0.999999999996615,0.0006525162203974144
gpt41,dd_6826,T3,0.9999999999999978,0.000652516223780153
gpt41,dd_6826,T5,0.9999999999999998,0.0006525162237821514
gpt41,dd_6826,T6,0.9973899351082581,-0.0019575486679594967
gpt41,dd_6868,T1,2.609631512356374e-13,5.1279843570717155e-14
gpt41,dd_6868,T3,7.682142351334733e-15,-2.0200116531358555e-13
gpt41,dd_6868,T5,5.699959265215254e-13,3.6031261885660513e-13
gpt41,dd_6868,T6,9.201055118345567e-17,-2.095912971137368e-13
gpt41,dd_7687,T1,1.0,5.88418203051333e-15
gpt41,dd_7687,T3,1.0,5.88418203051333e-15
gpt41,dd_7687,T5,1.0,5.88418203051333e-15
gpt41,dd_7687,T6,0.9999999999999765,-1.765254609153999e-14
gpt41,dd_8580,T1,5.152878821534299e-14,3.4352872124248427e-14
gpt41,dd_8580,T3,6.4536247273003595e-15,-1.0722291363794205e-14
gpt41,dd_8580,T5,9.807760003403891e-15,-7.368156087690673e-15
gpt41,dd_8580,T6,9.134914183310272e-16,-1.6262424672763536e-14
gpt41,dd_9595,T1,0.9999999999186301,1.9532350633233442e-05
gpt41,dd_9595,T3,0.9999999982988452,1.9530730848371647e-05
gpt41,dd_9595,T5,0.9999999992736782,1.9531705681363754e-05
gpt41,dd_9595,T6,0.9999218727808337,-5.859478716319089e-05
gpt41,dd_9899,T1,0.9999999999845941,2.517948072267018e-10
gpt41,dd_9899,T3,0.9999999997904059,5.760658616793535e-11
gpt41,dd_9899,T5,0.9999999999341175,2.0131818434521165e-10
gpt41,dd_9899,T6,0.9999999992220798,-5.107194667175463e-10
gpt41,dd_9955,T1,0.00035490519653895935,-0.012243724853509616
gpt41,dd_9955,T3,0.04904264062398816,0.03644401057393958
gpt41,dd_9955,T5,0.0009943964521491261,-0.01160423359789945
gpt41,dd_9955,T6,2.577927518057623e-06,-0.012596052122530519
gpt41,mc_C_034,T1,1.0,2.7755575615628914e-15
gpt41,mc_C_034,T3,1.0,2.7755575615628914e-15
gpt41,mc_C_034,T5,1.0,2.7755575615628914e-15
gpt41,mc_C_034,T6,0.9999999999999888,-8.43769498715119e-15
gpt41,mc_C_1095,T1,1.0,2.749549527880646e-05
gpt41,mc_C_1095,T3,1.0,2.749549527880646e-05
gpt41,mc_C_1095,T5,1.0,2.749549527880646e-05
gpt41,mc_C_1095,T6,0.9998900180188846,-8.248648583664142e-05
gpt41,mc_C_1216,T1,1.0,9.237055564881302e-14
gpt41,mc_C_1216,T3,1.0,9.237055564881302e-14
gpt41,mc_C_1216,T5,1.0,9.237055564881302e-14
gpt41,mc_C_1216,T6,0.9999999999996304,-2.772226892489016e-13
gpt41,mc_C_183,T1,1.0,6.171237385554917e-07
gpt41,mc_C_183,T3,0.9999999999999983,6.171237368901572e-07
gpt41,mc_C_183,T5,1.0,6.171237385554917e-07
gpt41,mc_C_183,T6,0.9999975315050473,-1.851371214112163e-06
gpt41,mc_C_291,T1,1.0,0.0
gpt41,mc_C_291,T3,1.0,0.0
gpt41,mc_C_291,T5,1.0,0.0
gpt41,mc_C_291,T6,1.0,0.0
gpt41,mc_C_467,T1,1.0,0.12617657316553132
gpt41,mc_C_467,T3,1.0,0.12617657316553132
gpt41,mc_C_467,T5,1.0,0.12617657316553132
gpt41,mc_C_467,T6,0.4952937073378745,-0.3785297194965942
gpt41,mc_C_527,T1,1.0,1.1102230246251565e-16
gpt41,mc_C_527,T3,1.0,1.1102230246251565e-16
gpt41,mc_C_527,T5,1.0,1.1102230246251565e-16
gpt41,mc_C_527,T6,0.9999999999999994,-4.440892098500626e-16
gpt41,mc_C_675,T1,1.0,0.09305405222607432
gpt41,mc_C_675,T3,1.0,0.09305405222607432
gpt41,mc_C_675,T5,1.0,0.09305405222607432
gpt41,mc_C_675,T6,0.6277837910957026,-0.2791621566782231
gpt41,mc_C_772,T1,1.0,1.1546855693822522e-09
gpt41,mc_C_772,T3,1.0,1.1546855693822522e-09
gpt41,mc_C_772,T5,1.0,1.1546855693822522e-09
gpt41,mc_C_772,T6,0.9999999953812577,-3.4640567081467566e-09
gpt41,mc_C_941,T1,1.0,0.0011059386368532653
gpt41,mc_C_941,T3,1.0,0.0011059386368532653
gpt41,mc_C_941,T5,1.0,0.0011059386368532653
gpt41,mc_C_941,T6,0.9955762454525868,-0.003317815910559907
gpt41,mc_G_005,T1,0.999999999999998,2.2832830737229415e-08
gpt41,mc_G_005,T3,1.0,2.283283273563086e-08
gpt41,mc_G_005,T5,1.0,2.283283273563086e-08
gpt41,mc_G_005,T6,0.9999999086686708,-6.849849643053574e-08
gpt41,mc_G_037,T1,0.9999999999999956,2.931987985732576e-12
gpt41,mc_G_037,T3,0.9999999999998912,2.827627021417811e-12
gpt41,mc_G_037,T5,0.9999999999999966,2.9329871864547385e-12
gpt41,mc_G_037,T6,0.9999999999883711,-8.692491171302663e-12
gpt41,mc_G_064,T1,6.133601429523816e-19,-5.187541591525893e-16
gpt41,mc_G_064,T3,2.5622467064945287e-18,-5.168052725890471e-16
gpt41,mc_G_064,T5,2.071849557445525e-15,1.552482038149983e-15
gpt41,mc_G_064,T6,2.4449128871946776e-18,-5.169226064083469e-16
gpt41,mc_G_086,T1,0.9999999999999999,3.5921080443479525e-08
gpt41,mc_G_086,T3,0.9999999999999998,3.592108033245722e-08
gpt41,mc_G_086,T5,1.0,3.592108055450183e-08
gpt41,mc_G_086,T6,0.9999998563156784,-1.0776324099737167e-07
gpt41,mc_G_112,T1,0.9667250450299258,0.44162485485581804
gpt41,mc_G_112,T3,0.999999999743551,0.4748998095694432
gpt41,mc_G_112,T5,0.055623273963005315,-0.4694769162111025
gpt41,mc_G_112,T6,0.07805244195994925,-0.44704774821415855
gpt41,mc_G_135,T1,0.9999999999999999,3.2755798073935694e-11
gpt41,mc_G_135,T3,1.0,3.2755909096238156e-11
gpt41,mc_G_135,T5,1.0,3.2755909096238156e-11
gpt41,mc_G_135,T6,0.9999999998689765,-9.8267616266412e-11
gpt41,mc_G_156,T1,0.0,-2.7755575615628914e-17
gpt41,mc_G_156,T3,1.1102230246251565e-16,8.326672684688674e-17
gpt41,mc_G_156,T5,0.0,-2.7755575615628914e-17
gpt41,mc_G_156,T6,0.0,-2.7755575615628914e-17
gpt41,mc_G_179,T1,1.3322676295501878e-15,9.992007221626409e-16
gpt41,mc_G_179,T3,0.0,-3.3306690738754696e-16
gpt41,mc_G_179,T5,0.0,-3.3306690738754696e-16
gpt41,mc_G_179,T6,0.0,-3.3306690738754696e-16
gpt41,mc_G_186,T1,0.9789175259516056,-0.00018910398716665
gpt41,mc_G_186,T3,0.9922018054268413,0.013095175488069044
gpt41,mc_G_186,T5,0.9913789075074457,0.01227227756867344
gpt41,mc_G_186,T6,0.9539282808691966,-0.025178349069575723
gpt41,mc_G_235,T1,0.9999999999999999,4.340972026284362e-14
gpt41,mc_G_235,T3,1.0,4.3520742565306136e-14
gpt41,mc_G_235,T5,1.0,4.3520742565306136e-14
gpt41,mc_G_235,T6,0.9999999999998261,-1.3034018309099338e-13
gpt41,mc_G_288,T1,0.999999999999992,9.521039512350171e-11
gpt41,mc_G_288,T3,0.9999999999866126,8.183098643144149e-11
gpt41,mc_G_288,T5,0.9999999999999997,9.521805566237163e-11
gpt41,mc_G_288,T6,0.9999999996325224,-2.722592151727099e-10
gpt41,mc_G_302,T1,0.9724973506014132,0.34842685750029834
gpt41,mc_G_302,T3,0.6088604997660746,-0.01520999333504025
gpt41,mc_G_302,T5,0.8577097929859261,0.23363929988481125
gpt41,mc_G_302,T6,0.0572143290510455,-0.5668561640500693
gpt41,mc_G_365,T1,0.9999999999999991,1.1202349825545355e-08
gpt41,mc_G_365,T3,0.999999970349065,-1.844858432686891e-08
gpt41,mc_G_365,T5,0.999999999988186,1.1190536719496436e-08
gpt41,mc_G_365,T6,0.9999999848533472,-3.944302107150577e-09
gpt41,mc_G_373,T1,8.016560730717833e-18,1.8207385993539722e-18
gpt41,mc_G_373,T3,6.146510321258288e-18,-4.9311810105572104e-20
gpt41,mc_G_373,T5,1.062021747347932e-17,4.42439534211546e-18
gpt41,mc_G_373,T6,0.0,-6.19582213136386e-18
gpt41,mc_G_385,T1,0.9999999999999978,3.706395301783516e-09
gpt41,mc_G_385,T3,0.9999999999999865,3.706383977508665e-09
gpt41,mc_G_385,T5,0.9999999999999998,3.7063973001849604e-09
gpt41,mc_G_385,T6,0.9999999851744259,-1.1119176579477141e-08
gpt41,mc_G_397,T1,1.1102230246251565e-16,8.326672684688674e-17
gpt41,mc_G_397,T3,0.0,-2.7755575615628914e-17
gpt41,mc_G_397,T5,0.0,-2.7755575615628914e-17
gpt41,mc_G_397,T6,0.0,-2.7755575615628914e-17
gpt41,mc_G_431,T1,1.0,9.514611321037592e-14
gpt41,mc_G_431,T3,1.0,9.514611321037592e-14
gpt41,mc_G_431,T5,1.0,9.514611321037592e-14
gpt41,mc_G_431,T6,0.9999999999996195,-2.8532731732866523e-13
gpt41,mc_G_453,T1,0.9999999999999746,9.233489528526206e-10
gpt41,mc_G_453,T3,0.9999999999999716,9.233459552504542e-10
gpt41,mc_G_453,T5,0.9999999966208643,-2.455761372033294e-09
gpt41,mc_G_453,T6,0.9999999996856919,6.090662418856141e-10
gpt41,mc_G_492,T1,0.9999999999999997,9.187883787120654e-11
gpt41,mc_G_492,T3,0.9999999999999756,9.185474603157218e-11
gpt41,mc_G_492,T5,0.9999999999999716,9.185074922868353e-11
gpt41,mc_G_492,T6,0.9999999996325365,-2.7558433313146224e-10
gpt41,mc_G_572,T1,0.9229712042720479,0.10736023466080558
gpt41,mc_G_572,T3,0.9999997973722987,0.18438882776105636
gpt41,mc_G_572,T5,0.8378823022868995,0.022271332675657174
gpt41,mc_G_572,T6,0.5015905745137232,-0.3140203950975191
gpt41,mc_G_595,T1,0.9999999995770401,0.11751372241090507
gpt41,mc_G_595,T3,0.9999999979888516,0.1175137208227166
gpt41,mc_G_595,T5,0.9999998563034914,0.11751357913735638
gpt41,mc_G_595,T6,0.5299452547951569,-0.3525410223709782
gpt41,mc_G_601,T1,0.40158712298917276,-0.30069657894863955
gpt41,mc_G_601,T3,0.40878724251554466,-0.29349645942226765
gpt41,mc_G_601,T5,0.998801549822637,0.2965178478848247
gpt41,mc_G_601,T6,0.9999588924238945,0.29767519048608215
gpt41,mc_H_035,T1,5.684592776036883e-18,-3.1221781931072096e-15
gpt41,mc_H_035,T3,8.271033684734308e-18,-3.119591752198512e-15
gpt41,mc_H_035,T5,2.643581147812018e-18,-3.1252192047354343e-15
gpt41,mc_H_035,T6,1.2494851935924402e-14,9.366989150041156e-15
gpt41,mc_H_044,T1,0.00012082633950327715,6.312558733152784e-05
gpt41,mc_H_044,T3,4.130473740815432e-12,-5.770074804127556e-05
gpt41,mc_H_044,T5,0.00010997666487005953,5.227591269831022e-05
gpt41,mc_H_044,T6,1.8318679906315083e-13,-5.7700751988562504e-05
gpt41,mc_H_049,T1,0.9999954555590541,6.821631615139268e-08
gpt41,mc_H_049,T3,0.9999862307242761,-9.156618461902966e-06
gpt41,mc_H_049,T5,0.9999999342165202,4.546873782262928e-06
gpt41,mc_H_049,T6,0.9999999288711011,4.541528363155578e-06
gpt41,mc_H_060,T1,0.9999999999975611,2.5165868056120644e-08
gpt41,mc_H_060,T3,0.9999999999819886,2.515029562388804e-08
gpt41,mc_H_060,T5,0.9999999996856915,2.4853998525919963e-08
gpt41,mc_H_060,T6,0.9999998996615307,-7.517016231695095e-08
gpt41,mc_H_066,T1,3.375098132975042e-17,2.3255849530246202e-17
gpt41,mc_H_066,T3,9.725191553484452e-19,-9.52261264415577e-18
gpt41,mc_H_066,T5,5.7741120865078915e-18,-4.721019712996324e-18
gpt41,mc_H_066,T6,1.482914626410107e-18,-9.012217173094109e-18
gpt41,mc_H_072,T1,3.1831204339027863e-12,-0.0006681376403738087
gpt41,mc_H_072,T3,9.117151478221786e-13,-0.000668137642645214
gpt41,mc_H_072,T5,0.002414861268530244,0.0017467236249733148
gpt41,mc_H_072,T6,0.00025768930160263714,-0.00041044834195429203
gpt41,mc_H_073,T1,3.3306690738754696e-16,-0.003608866132623914
gpt41,mc_H_073,T3,3.3306690738754696e-16,-0.003608866132623914
gpt41,mc_H_073,T5,8.866840428556344e-09,-0.0036088572657838186
gpt41,mc_H_073,T6,0.014435455663655894,0.010826589531031647
gpt4_0613,dd_0107,T1,5.850972401608669e-06,2.2760589310426755e-06
gpt4_0613,dd_0107,T3,6.362722419789172e-08,-3.511286246368102e-06
gpt4_0613,dd_0107,T5,3.7364773176712574e-06,1.6156384710526386e-07
gpt4_0613,dd_0107,T6,4.6485769387861565e-06,1.073663468220163e-06
gpt4_0613,dd_0283,T1,4.154075953535408e-09,1.1052258981616675e-09
gpt4_0613,dd_0283,T3,1.80945076071224e-09,-1.2393992946615003e-09
gpt4_0613,dd_0283,T5,3.409785710679819e-09,3.609356553060787e-10
gpt4_0613,dd_0283,T6,2.8220877965674948e-09,-2.267622588062455e-10
gpt4_0613,dd_11241,T1,0.0009897418889319744,-0.0007837820774649149
gpt4_0613,dd_11241,T3,0.0001843036225077001,-0.0015892203438891892
gpt4_0613,dd_11241,T5,0.005759288361757764,0.003985764395360874
gpt4_0613,dd_11241,T6,0.00016076199239011877,-0.0016127619740067705
gpt4_0613,dd_13518,T1,6.318697234865164e-08,2.490568606305585e-08
gpt4_0613,dd_13518,T3,2.9722468732567413e-08,-8.558817553028376e-09
gpt4_0613,dd_13518,T5,1.8448516913502468e-08,-1.983276937209332e-08
gpt4_0613,dd_13518,T6,4.176718714766163e-08,3.48590086206584e-09
gpt4_0613,dd_14408,T1,0.9996696784848071,0.00023436195223713874
gpt4_0613,dd_14408,T3,0.9999978910860137,0.0005625745534436621
gpt4_0613,dd_14408,T5,0.9999506252445977,0.0005153087120276512
gpt4_0613,dd_14408,T6,0.9981230713148619,-0.001312245217708119
gpt4_0613,dd_14818,T1,0.9999890715623659,0.005525774791734772
gpt4_0613,dd_14818,T3,0.9999349829196862,0.005471686149055022
gpt4_0613,dd_14818,T5,0.999997425244955,0.005534128474323885
gpt4_0613,dd_14818,T6,0.9779317073555175,-0.01653158941511368
gpt4_0613,dd_15810,T1,0.4034036929691024,0.21088517268733303
gpt4_0613,dd_15810,T3,0.0725788230117365,-0.11993969727003286
gpt4_0613,dd_15810,T5,0.2009878246586965,0.00846930437692714
gpt4_0613,dd_15810,T6,0.09310374048754194,-0.09941477979422741
gpt4_0613,dd_17929,T1,0.0001330335686984667,-0.0010528866565032201
gpt4_0613,dd_17929,T3,0.0013962016709521568,0.00021028144575047005
gpt4_0613,dd_17929,T5,0.0017697865509640014,0.0005838663257623146
gpt4_0613,dd_17929,T6,0.0014446591101921215,0.0002587388849904348
gpt4_0613,dd_1808,T1,0.9997289562172569,0.06469777831333723
gpt4_0613,dd_1808,T3,0.9995604845120838,0.06452930660816414
gpt4_0613,dd_1808,T5,0.9999107790571189,0.06487960115319924
gpt4_0613,dd_1808,T6,0.7409244918292193,-0.19410668607470039
gpt4_0613,dd_1814,T1,1.336900827185565e-07,-4.991327486392399e-07
gpt4_0613,dd_1814,T3,2.306330038384741e-06,1.6735072070269447e-06
gpt4_0613,dd_1814,T5,5.6383630054216274e-08,-5.764392013035801e-07
gpt4_0613,dd_1814,T6,3.488757427367172e-08,-5.979352570841247e-07
gpt4_0613,dd_18223,T1,0.069770786969222,-0.22025442526058453
gpt4_0613,dd_18223,T3,0.761025393373512,0.4710001811437055
gpt4_0613,dd_18223,T5,0.31127013698655115,0.02124492475674461
gpt4_0613,dd_18223,T6,0.018034531589940794,-0.27199068063986576
gpt4_0613,dd_18643,T1,0.9999999960860759,-5.227872579283144e-10
gpt4_0613,dd_18643,T3,0.9999999972657313,6.568681154561773e-10
gpt4_0613,dd_18643,T5,0.999999997373805,7.64941776587591e-10
gpt4_0613,dd_18643,T6,0.9999999957098402,-8.990229671823613e-10
gpt4_0613,dd_18670,T1,0.9988773297433006,0.07495192429013131
gpt4_0613,dd_18670,T3,0.9980162138853846,0.07409080843221538
gpt4_0613,dd_18670,T5,0.9991230825241544,0.07519767707098512
gpt4_0613,dd_18670,T6,0.6996849956598372,-0.22424040979333204
gpt4_0613,dd_21158,T1,0.9998893919833314,0.10906525094044439
gpt4_0613,dd_21158,T3,0.9985865731716885,0.10776243212880154
gpt4_0613,dd_21158,T5,0.9980076766003433,0.1071835355574563
gpt4_0613,dd_21158,T6,0.566812922416185,-0.324011218626702
gpt4_0613,dd_21629,T1,0.9410595570882665,0.000885601195713015
gpt4_0613,dd_21629,T3,0.9988979753108687,0.058724019418315176
gpt4_0613,dd_21629,T5,0.8471170639592617,-0.09305689193329181
gpt4_0613,dd_21629,T6,0.9736212272118172,0.03344727131926373
gpt4_0613,dd_21630,T1,0.001829558192566207,0.00037185305744492545
gpt4_0613,dd_21630,T3,0.0019582147220913067,0.0005005095869700252
gpt4_0613,dd_21630,T5,0.0005710751601084188,-0.0008866299750128627
gpt4_0613,dd_21630,T6,0.0014719724657191932,1.4267330597911776e-05
gpt4_0613,dd_22819,T1,5.5415045778976174e-08,-3.512057007103816e-08
gpt4_0613,dd_22819,T3,2.7043574407299416e-08,-6.349204144271491e-08
gpt4_0613,dd_22819,T5,1.155600636160493e-07,2.5024447766034965e-08
gpt4_0613,dd_22819,T6,1.6412377959773245e-07,7.358816374771812e-08
gpt4_0613,dd_23534,T1,0.8528553457920702,0.08583700604175593
gpt4_0613,dd_23534,T3,0.6231128827409327,-0.14390545700938162
gpt4_0613,dd_23534,T5,0.925705744839801,0.15868740508948664
gpt4_0613,dd_23534,T6,0.6663993856284532,-0.10061895412186106
gpt4_0613,dd_24260,T1,0.9935826896441644,0.014262637659005373
gpt4_0613,dd_24260,T3,0.9896885068209399,0.01036845483578086
gpt4_0613,dd_24260,T5,0.997432378414963,0.018112326429803982
gpt4_0613,dd_24260,T6,0.9365766330605692,-0.04274341892458988
gpt4_0613,dd_24405,T1,7.91207410441023e-09,8.210708636624675e-11
gpt4_0613,dd_24405,T3,1.3872660399527395e-09,-6.442700978091244e-09
gpt4_0613,dd_24405,T5,1.3665892329160152e-08,5.835925311116169e-09
gpt4_0613,dd_24405,T6,8.354635598652811e-09,5.246685806088284e-10
gpt4_0613,dd_24975,T1,0.9991504483651741,0.002455967176068552
gpt4_0613,dd_24975,T3,0.9977152789979311,0.0010207978088255798
gpt4_0613,dd_24975,T5,0.9990148350193975,0.0023203538302919435
gpt4_0613,dd_24975,T6,0.9908973623739192,-0.005797118815186297
gpt4_0613,dd_25137,T1,0.9999999522810801,3.5581990465161084e-08
gpt4_0613,dd_25137,T3,0.9999999442373491,2.753825945056576e-08
gpt4_0613,dd_25137,T5,0.999999945534377,2.883528738006902e-08
gpt4_0613,dd_25137,T6,0.9999998247435524,-9.195553718477356e-08
gpt4_0613,dd_25302,T1,7.140534422701085e-09,-9.191883695906144e-09
gpt4_0613,dd_25302,T3,2.2851477697125705e-08,6.519059578518476e-09
gpt4_0613,dd_25302,T5,1.3860601729131205e-08,-2.471816389476024e-09
gpt4_0613,dd_25302,T6,2.1477058625470916e-08,5.144640506863687e-09
gpt4_0613,dd_25868,T1,0.7824905678365819,0.08279574862568206
gpt4_0613,dd_25868,T3,0.9167560205087185,0.2170612012978187
gpt4_0613,dd_25868,T5,0.7726511169923217,0.07295629778142187
gpt4_0613,dd_25868,T6,0.3268815715059768,-0.372813247704923
gpt4_0613,dd_26178,T1,4.192957143577462e-05,-0.004277989293043835
gpt4_0613,dd_26178,T3,0.01703867152351355,0.01271875265903394
gpt4_0613,dd_26178,T5,0.0001736449112310061,-0.004146273953248604
gpt4_0613,dd_26178,T6,2.5429451738113496e-05,-0.004294489412741497
gpt4_0613,dd_26321,T1,0.9999999249273143,1.8901511522617653e-07
gpt4_0613,dd_26321,T3,0.9999996470133339,-8.889886515817125e-08
gpt4_0613,dd_26321,T5,0.9999999732553256,2.3734312659673407e-07
gpt4_0613,dd_26321,T6,0.9999993984528224,-3.3745937666473935e-07
gpt4_0613,dd_27524,T1,2.1183971398084594e-09,-5.712411291659611e-09
gpt4_0613,dd_27524,T3,5.550399521526716e-09,-2.2804089099413544e-09
gpt4_0613,dd_27524,T5,3.045302601163482e-09,-4.785505830304589e-09
gpt4_0613,dd_27524,T6,2.0609134463373625e-08,1.2778326031905554e-08
gpt4_0613,dd_27558,T1,0.00023910878137806113,-1.823809684512709e-05
gpt4_0613,dd_27558,T3,0.0005090569920152794,0.0002517101137920912
gpt4_0613,dd_27558,T5,0.00020043708869644895,-5.690978952673927e-05
gpt4_0613,dd_27558,T6,8.078465080296342e-05,-0.0001765622274202248
gpt4_0613,dd_28814,T1,0.0009953808588755375,9.545016291603609e-05
gpt4_0613,dd_28814,T3,1.9697912619443725e-05,-0.0008802327833400576
gpt4_0613,dd_28814,T5,0.0018132116213485632,0.0009132809253890619
gpt4_0613,dd_28814,T6,0.0007714323909944612,-0.0001284983049650402
gpt4_0613,dd_30131,T1,3.94353497281696e-08,-9.025754385548383e-08
gpt4_0613,dd_30131,T3,1.4081591482950502e-07,1.1123021245851587e-08
gpt4_0613,dd_30131,T5,1.5968276680717956e-07,2.998987322352613e-08
gpt4_0613,dd_30131,T6,1.7883754296975959e-07,4.914464938610616e-08
gpt4_0613,dd_30899,T1,0.9999999016579719,1.2129492577006573e-07
gpt4_0613,dd_30899,T3,0.9999998750270864,9.466404027325126e-08
gpt4_0613,dd_30899,T5,0.9999998988311576,1.1846811143190195e-07
gpt4_0613,dd_30899,T6,0.9999994459359685,-3.3442707769726354e-07
gpt4_0613,dd_31129,T1,3.749519427767705e-09,1.9066951722069843e-10
gpt4_0613,dd_31129,T3,3.7088337758935166e-09,1.4998386534651018e-10
gpt4_0613,dd_31129,T5,3.2174258140910776e-09,-3.4142409645592886e-10
gpt4_0613,dd_31129,T6,3.5596206244357255e-09,7.70713888719004e-13
gpt4_0613,dd_32872,T1,6.371230347651455e-05,-6.6193657257017835e-06
gpt4_0613,dd_32872,T3,5.928088239981728e-05,-1.1050786802399055e-05
gpt4_0613,dd_32872,T5,4.25013468259925e-05,-2.7830322376223836e-05
gpt4_0613,dd_32872,T6,0.000115832144106541,4.550047490432467e-05
gpt4_0613,dd_33618,T1,0.00270679865202315,0.001837594239836625
gpt4_0613,dd_33618,T3,0.00018783900923200774,-0.0006813654029545173
gpt4_0613,dd_33618,T5,0.0005685747653194139,-0.00030062964686711105
gpt4_0613,dd_33618,T6,1.3605222171528202e-05,-0.0008555991900149968
gpt4_0613,dd_34148,T1,2.175294508603703e-05,-1.0157412073577685e-05
gpt4_0613,dd_34148,T3,7.312967458526899e-05,4.1219317425654276e-05
gpt4_0613,dd_34148,T5,3.1047352703977484e-05,-8.630044556372294e-07
gpt4_0613,dd_34148,T6,1.7114562631753389e-06,-3.0198900896439376e-05
gpt4_0613,dd_34460,T1,1.9581686904514175e-09,-1.754877896966118e-09
gpt4_0613,dd_34460,T3,4.209883599766216e-09,4.968370123486803e-10
gpt4_0613,dd_34460,T5,3.3659718466358634e-09,-3.470747407816722e-10
gpt4_0613,dd_34460,T6,5.318162212816645e-09,1.6051156253991099e-09
gpt4_0613,dd_35732,T1,5.520598471921625e-08,-3.901701795190782e-07
gpt4_0613,dd_35732,T3,5.042360628409058e-07,5.8859898602611306e-08
gpt4_0613,dd_35732,T5,7.349835799257229e-07,2.896074156874285e-07
gpt4_0613,dd_35732,T6,4.870790294673329e-07,4.170286522903842e-08
gpt4_0613,dd_36819,T1,0.005652698467434307,-0.12840695042373756
gpt4_0613,dd_36819,T3,0.008334696875339498,-0.12572495201583236
gpt4_0613,dd_36819,T5,0.4001220303203643,0.2660623814291925
gpt4_0613,dd_36819,T6,0.12212916990154933,-0.011930478989622531
gpt4_0613,dd_37249,T1,0.22854824830682025,0.10667487288882752
gpt4_0613,dd_37249,T3,0.2050999878091797,0.08322661239118698
gpt4_0613,dd_37249,T5,0.05001544574027252,-0.0718579296777202
gpt4_0613,dd_37249,T6,0.0038298198156984805,-0.11804355560229425
gpt4_0613,dd_37490,T1,0.9999999984348868,1.8078390905396091e-06
gpt4_0613,dd_37490,T3,0.9999999980263305,1.8074305342397068e-06
gpt4_0613,dd_37490,T5,0.9999999978891176,1.8072933213320042e-06
gpt4_0613,dd_37490,T6,0.9999927680328499,-5.422562946444387e-06
gpt4_0613,dd_38533,T1,2.0060355034882754e-05,-2.3094871522934684e-05
gpt4_0613,dd_38533,T3,1.0176889333698286e-05,-3.297833722411915e-05
gpt4_0613,dd_38533,T5,0.00011078416513346168,6.762893857564423e-05
gpt4_0613,dd_38533,T6,3.159949672922703e-05,-1.1555729828590405e-05
gpt4_0613,dd_39199,T1,0.9999355621865713,4.4114060048672243e-05
gpt4_0613,dd_39199,T3,0.9997397092089403,-0.0001517389175823558
gpt4_0613,dd_39199,T5,0.9999555578236818,6.410969715919812e-05
gpt4_0613,dd_39199,T6,0.9999349632868972,4.351516037459646e-05
gpt4_0613,dd_42860,T1,1.3595855941154863e-07,-2.772695441271112e-07
gpt4_0613,dd_42860,T3,1.5023817744976968e-07,-2.629899260888901e-07
gpt4_0613,dd_42860,T5,4.437936730912474e-07,3.0565569552587575e-08
gpt4_0613,dd_42860,T6,9.229220042020736e-07,5.096939006634137e-07
gpt4_0613,dd_44063,T1,0.020486903287637966,-0.22642445156323607
gpt4_0613,dd_44063,T3,0.4372341883398967,0.19032283348902265
gpt4_0613,dd_44063,T5,0.00019843189483210942,-0.24671292295604194
gpt4_0613,dd_44063,T6,0.5297258958811294,0.2828145410302554
gpt4_0613,dd_44380,T1,0.9999999490880385,5.647833534183633e-09
gpt4_0613,dd_44380,T3,0.9999999672626954,2.3822490424763032e-08
gpt4_0613,dd_44380,T5,0.9999999745937598,3.115355484695215e-08
gpt4_0613,dd_44380,T6,0.9999998828163263,-6.062387858385421e-08
gpt4_0613,dd_45938,T1,1.941361715228806e-09,-1.5419129429788593e-09
gpt4_0613,dd_45938,T3,3.913768740070255e-09,4.304940818625901e-10
gpt4_0613,dd_45938,T5,4.067335691359566e-09,5.84061033151901e-10
gpt4_0613,dd_45938,T6,4.010632486172035e-09,5.273578279643695e-10
gpt4_0613,dd_46859,T1,7.922221926361769e-09,-7.931207781863764e-09
gpt4_0613,dd_46859,T3,3.262583283531348e-09,-1.2590846424694184e-08
gpt4_0613,dd_46859,T5,1.909637594433176e-08,3.242946236106226e-09
gpt4_0613,dd_46859,T6,3.313253767867725e-08,1.727910797045172e-08
gpt4_0613,dd_47886,T1,0.5532811436466301,0.12752303626972095
gpt4_0613,dd_47886,T3,0.30666954611907116,-0.11908856125783795
gpt4_0613,dd_47886,T5,0.6647205982877685,0.23896249091085942
gpt4_0613,dd_47886,T6,0.17836114145416687,-0.24739696592274224
gpt4_0613,dd_5570,T1,0.9999999915471898,4.2867185356954e-09
gpt4_0613,dd_5570,T3,0.9999999879858601,7.253888600899927e-10
gpt4_0613,dd_5570,T5,0.9999999899071021,2.6466309144268507e-09
gpt4_0613,dd_5570,T6,0.9999999796017331,-7.658738088167638e-09
gpt4_0613,dd_6488,T1,2.7622411218053332e-08,-8.57778864547357e-09
gpt4_0613,dd_6488,T3,2.9428897068258943e-08,-6.77130279526796e-09
gpt4_0613,dd_6488,T5,2.8744942849813325e-08,-7.455257013713578e-09
gpt4_0613,dd_6488,T6,5.900454831798201e-08,2.280434845445511e-08
gpt4_0613,dd_6826,T1,0.9999925834665362,8.440336585679997e-05
gpt4_0613,dd_6826,T3,0.9999341121148471,2.5932014167673323e-05
gpt4_0613,dd_6826,T5,0.9999894736561685,8.129355548913697e-05
gpt4_0613,dd_6826,T6,0.9997165511651658,-0.00019162893551361027
gpt4_0613,dd_6868,T1,1.6082076400272945e-05,-0.0006071877394620451
gpt4_0613,dd_6868,T3,0.002366873427227488,0.00174360361136517
gpt4_0613,dd_6868,T5,9.48296726054767e-05,-0.0005284401432568414
gpt4_0613,dd_6868,T6,1.529408721603448e-05,-0.0006079757286462836
gpt4_0613,dd_7687,T1,0.9999999633507166,-1.8757513986500385e-08
gpt4_0613,dd_7687,T3,0.9999999874469636,5.338733011228669e-09
gpt4_0613,dd_7687,T5,0.9999999876109107,5.502680089364276e-09
gpt4_0613,dd_7687,T6,0.9999999900243318,7.916101218974347e-09
gpt4_0613,dd_8580,T1,2.0922941619857144e-06,5.529357676082494e-07
gpt4_0613,dd_8580,T3,7.955027528211852e-07,-7.438556415562799e-07
gpt4_0613,dd_8580,T5,2.32179532162406e-06,7.824369272465947e-07
gpt4_0613,dd_8580,T6,9.478413410789011e-07,-5.91517053298564e-07
gpt4_0613,dd_9595,T1,0.9999715311075092,2.0958307861751457e-05
gpt4_0613,dd_9595,T3,0.999991586467917,4.1013668269473946e-05
gpt4_0613,dd_9595,T5,0.999984908091532,3.43352918844575e-05
gpt4_0613,dd_9595,T6,0.9998542655316318,-9.63072680156829e-05
gpt4_0613,dd_9899,T1,0.9999088326970175,0.0008804325834960158
gpt4_0613,dd_9899,T3,0.9995109892111784,0.00048258909765697133
gpt4_0613,dd_9899,T5,0.9999409219039891,0.0009125217904676353
gpt4_0613,dd_9899,T6,0.9967528566419008,-0.0022755434716206224
gpt4_0613,dd_9955,T1,0.312064483971014,-0.16309433956220354
gpt4_0613,dd_9955,T3,0.98453453106052,0.5093757075273024
gpt4_0613,dd_9955,T5,0.5862624910940818,0.11110366756086426
gpt4_0613,dd_9955,T6,0.017773788007254408,-0.4573850355259631
gpt4_0613,mc_C_034,T1,0.9999999968592554,8.554924441073197e-07
gpt4_0613,mc_C_034,T3,0.9999999977335873,8.56366775936479e-07
gpt4_0613,mc_C_034,T5,0.9999999919039295,8.505371181799504e-07
gpt4_0613,mc_C_034,T6,0.9999965789704733,-2.5623963380017045e-06
gpt4_0613,mc_C_1095,T1,0.9999999991002808,3.540259589351891e-05
gpt4_0613,mc_C_1095,T3,0.999999998891669,3.54023872817244e-05
gpt4_0613,mc_C_1095,T5,0.9999999983412198,3.540183683248266e-05
gpt4_0613,mc_C_1095,T6,0.9998583896843798,-0.00010620682000750392
gpt4_0613,mc_C_1216,T1,0.999999997769676,6.172401417758877e-07
gpt4_0613,mc_C_1216,T3,0.999999997872433,6.173428988009988e-07
gpt4_0613,mc_C_1216,T5,0.9999999979542515,6.174247173529324e-07
gpt4_0613,mc_C_1216,T6,0.9999975285217759,-1.8520077582628858e-06
gpt4_0613,mc_C_183,T1,0.9999999967743305,5.616764456872758e-07
gpt4_0613,mc_C_183,T3,0.9999999955182279,5.604203431319732e-07
gpt4_0613,mc_C_183,T5,0.9999999966835246,5.615856397689356e-07
gpt4_0613,mc_C_183,T6,0.9999977514154561,-1.683682428699207e-06
gpt4_0613,mc_C_291,T1,0.9999999981512068,6.346269225443457e-05
gpt4_0613,mc_C_291,T3,0.9999999986223358,6.346316338345925e-05
gpt4_0613,mc_C_291,T5,0.9999999970025193,6.34615435669561e-05
gpt4_0613,mc_C_291,T6,0.9997461480597472,-0.000190387399205183
gpt4_0613,mc_C_467,T1,0.9999999905094861,1.3043641393650773e-06
gpt4_0613,mc_C_467,T3,0.9999999975177652,1.3113724185442877e-06
gpt4_0613,mc_C_467,T5,0.9999999792254604,1.293080113651257e-06
gpt4_0613,mc_C_467,T6,0.9999947773286755,-3.908816671227555e-06
gpt4_0613,mc_C_527,T1,0.9999999978185445,2.4030957269660647e-06
gpt4_0613,mc_C_527,T3,0.9999999955595855,2.400836767946224e-06
gpt4_0613,mc_C_527,T5,0.9999999936943846,2.3989715670635903e-06
gpt4_0613,mc_C_527,T6,0.9999903918187557,-7.2029040618648565e-06
gpt4_0613,mc_C_675,T1,0.9999999976516858,3.6916586454438516e-09
gpt4_0613,mc_C_675,T3,0.9999999986622001,4.702172984316633e-09
gpt4_0613,mc_C_675,T5,0.9999999963138284,2.353801265009281e-09
gpt4_0613,mc_C_675,T6,0.9999999832123945,-1.074763267272516e-08
gpt4_0613,mc_C_772,T1,0.9999999956247154,5.616454634704837e-09
gpt4_0613,mc_C_772,T3,0.9999999974856217,7.477360952634626e-09
gpt4_0613,mc_C_772,T5,0.9999999960794449,6.071184111000605e-09
gpt4_0613,mc_C_772,T6,0.9999999708432611,-1.9164999698340068e-08
gpt4_0613,mc_C_941,T1,0.9999999964683329,0.0001997363063458435
gpt4_0613,mc_C_941,T3,0.9999999982372365,0.00019973807524942266
gpt4_0613,mc_C_941,T5,0.9999999921523923,0.0001997319904052386
gpt4_0613,mc_C_941,T6,0.9992010537899868,-0.0005992063720002827
gpt4_0613,mc_G_005,T1,0.9999999681002557,0.00021074753163385918
gpt4_0613,mc_G_005,T3,0.9999999563681586,0.00021073579953678756
gpt4_0613,mc_G_005,T5,0.9999999650112903,0.0002107444426684424
gpt4_0613,mc_G_005,T6,0.9991569927947825,-0.0006322277738393112
gpt4_0613,mc_G_037,T1,0.999999231759858,2.7369772057861397e-05
gpt4_0613,mc_G_037,T3,0.9998981239299662,-7.373805783394971e-05
gpt4_0613,mc_G_037,T5,0.9999983699367817,2.650794898151343e-05
gpt4_0613,mc_G_037,T6,0.9999917223245951,1.986033679490795e-05
gpt4_0613,mc_G_064,T1,2.185183792838042e-09,-3.1481530122617195e-09
gpt4_0613,mc_G_064,T3,1.2510327762176144e-09,-4.082304028882147e-09
gpt4_0613,mc_G_064,T5,2.5152317188871948e-09,-2.8181050862125668e-09
gpt4_0613,mc_G_064,T6,1.5381898932456196e-08,1.0048562127356435e-08
gpt4_0613,mc_G_086,T1,0.9999998241809259,6.507869992899984e-07
gpt4_0613,mc_G_086,T3,0.9999996688693742,4.954754475594569e-07
gpt4_0613,mc_G_086,T5,0.9999999363287699,7.629348433013661e-07
gpt4_0613,mc_G_086,T6,0.9999972641966364,-1.9091972902618437e-06
gpt4_0613,mc_G_112,T1,0.46484731894639836,0.08466281431843053
gpt4_0613,mc_G_112,T3,0.9998785902709908,0.619694085643023
gpt4_0613,mc_G_112,T5,0.002529406265842779,-0.377655098362125
gpt4_0613,mc_G_112,T6,0.053482703028639396,-0.32670180159932843
gpt4_0613,mc_G_135,T1,0.9999991361465057,4.300647840582705e-05
gpt4_0613,mc_G_135,T3,0.999999900800439,4.37711323391099e-05
gpt4_0613,mc_G_135,T5,0.9999961304313374,4.0000763237513226e-05
gpt4_0613,mc_G_135,T6,0.9998293512941172,-0.00012677837398267222
gpt4_0613,mc_G_156,T1,1.726804233492807e-07,-7.649387677444164e-08
gpt4_0613,mc_G_156,T3,2.1622922230513097e-08,-2.2755137789320923e-07
gpt4_0613,mc_G_156,T5,2.4024247435860957e-07,-8.931825765112755e-09
gpt4_0613,mc_G_156,T6,5.621513805564859e-07,3.129770804327636e-07
gpt4_0613,mc_G_179,T1,1.0775534686757737e-08,-5.911218070586699e-09
gpt4_0613,mc_G_179,T3,8.176377241930766e-09,-8.51037551541367e-09
gpt4_0613,mc_G_179,T5,1.9618315305613976e-08,2.9315625482695395e-09
gpt4_0613,mc_G_179,T6,2.8176783795075266e-08,1.149003103773083e-08
gpt4_0613,mc_G_186,T1,1.7197274060291264e-06,-1.0315781700002933e-06
gpt4_0613,mc_G_186,T3,7.59154423512363e-07,-1.992151152517057e-06
gpt4_0613,mc_G_186,T5,3.693016751083645e-06,9.417111750542252e-07
gpt4_0613,mc_G_186,T6,4.833323723492544e-06,2.0820181474631246e-06
gpt4_0613,mc_G_235,T1,0.9999999949737473,1.8598802387082003e-08
gpt4_0613,mc_G_235,T3,0.9999999982991891,2.192424419789063e-08
gpt4_0613,mc_G_235,T5,0.999999979056041,2.6810961228918018e-09
gpt4_0613,mc_G_235,T6,0.9999999331708022,-4.3204142707864435e-08
gpt4_0613,mc_G_236,T1,0.39566400138740504,0.061779183426324324
gpt4_0613,mc_G_236,T3,0.08099636130544635,-0.25288845665563436
gpt4_0613,mc_G_236,T5,0.35465598961338174,0.020771171652301024
gpt4_0613,mc_G_236,T6,0.5042229195380896,0.1703381015770089
gpt4_0613,mc_G_288,T1,0.9999219417245393,0.01785260568164926
gpt4_0613,mc_G_288,T3,0.9286760680910713,-0.05339326795181876
gpt4_0613,mc_G_288,T5,0.999955578145281,0.01788624210239098
gpt4_0613,mc_G_288,T6,0.9997237562106684,0.017654420167778406
gpt4_0613,mc_G_302,T1,0.832910336769801,0.17899727283788847
gpt4_0613,mc_G_302,T3,0.768026663883191,0.11411359995127845
gpt4_0613,mc_G_302,T5,0.513641532651722,-0.14027153128019054
gpt4_0613,mc_G_302,T6,0.501073722422936,-0.1528393415089765
gpt4_0613,mc_G_365,T1,0.9999301492815162,0.0072727430053639575
gpt4_0613,mc_G_365,T3,0.9708224258182062,-0.021834980457946074
gpt4_0613,mc_G_365,T5,0.9998909715104728,0.007233565234320505
gpt4_0613,mc_G_365,T6,0.9999860784944138,0.0073286722182615005
gpt4_0613,mc_G_373,T1,7.0960914487893075e-09,-2.79769844405068e-09
gpt4_0613,mc_G_373,T3,1.2364957955508617e-08,2.4711680626686293e-09
gpt4_0613,mc_G_373,T5,9.839371039627692e-09,-5.441885321229506e-11
gpt4_0613,mc_G_373,T6,1.0274739127434329e-08,3.8094923459434155e-10
gpt4_0613,mc_G_385,T1,0.9999997153132681,2.1018837459418904e-07
gpt4_0613,mc_G_385,T3,0.9999995605436505,5.541875691683629e-08
gpt4_0613,mc_G_385,T5,0.9999995715330636,6.640817007408373e-08
gpt4_0613,mc_G_385,T6,0.9999991731095923,-3.3201530125204215e-07
gpt4_0613,mc_G_397,T1,1.0938598860033011e-08,-7.107791633043092e-09
gpt4_0613,mc_G_397,T3,3.995527408928723e-09,-1.405086308414738e-08
gpt4_0613,mc_G_397,T5,2.706631729854081e-08,9.019926805464706e-09
gpt4_0613,mc_G_397,T6,3.018511840480187e-08,1.2138727911725766e-08
gpt4_0613,mc_G_431,T1,0.9999999315751714,1.6771578315033508e-07
gpt4_0613,mc_G_431,T3,0.9999999579093402,1.9404995188487817e-07
gpt4_0613,mc_G_431,T5,0.9999999386925178,1.7483312952926156e-07
gpt4_0613,mc_G_431,T6,0.9999992272605236,-5.365988646754971e-07
gpt4_0613,mc_G_453,T1,0.9999928096322359,1.0646188565610615e-05
gpt4_0613,mc_G_453,T3,0.999989499671158,7.336227487719782e-06
gpt4_0613,mc_G_453,T5,0.9999789991954411,-3.1642482292149055e-06
gpt4_0613,mc_G_453,T6,0.9999673452758459,-1.4818167824448558e-05
gpt4_0613,mc_G_492,T1,0.999999983992377,-4.361589311940861e-09
gpt4_0613,mc_G_492,T3,0.999999990783133,2.429166645612213e-09
gpt4_0613,mc_G_492,T5,0.999999992643833,4.289866684104027e-09
gpt4_0613,mc_G_492,T6,0.9999999859965223,-2.3574440177753786e-09
gpt4_0613,mc_G_572,T1,0.5559260167255362,-0.1037344811014056
gpt4_0613,mc_G_572,T3,0.5248381457947895,-0.13482235203215232
gpt4_0613,mc_G_572,T5,0.9815015892129642,0.32184109138602235
gpt4_0613,mc_G_572,T6,0.5763762395744774,-0.08328425825246444
gpt4_0613,mc_G_595,T1,0.02897445769577458,-0.023999427916336476
gpt4_0613,mc_G_595,T3,0.01490363681645528,-0.03807024879565578
gpt4_0613,mc_G_595,T5,0.03847600284601704,-0.014497882766094011
gpt4_0613,mc_G_595,T6,0.12954144509019733,0.07656755947808627
gpt4_0613,mc_G_601,T1,0.9846248643052413,0.09123858148648634
gpt4_0613,mc_G_601,T3,0.6576501609140488,-0.23573612190470616
gpt4_0613,mc_G_601,T5,0.9927980151547368,0.09941173233598177
gpt4_0613,mc_G_601,T6,0.9384720909009929,0.045085808082237944
gpt4_0613,mc_H_035,T1,2.0387991284227841e-07,-4.6688603733219837e-07
gpt4_0613,mc_H_035,T3,9.303319206928751e-08,-5.777327581051892e-07
gpt4_0613,mc_H_035,T5,3.959362025268091e-07,-2.7482974764766766e-07
gpt4_0613,mc_H_035,T6,1.990214493259532e-06,1.3194485430850553e-06
gpt4_0613,mc_H_044,T1,3.097436366961137e-05,-0.0034720577241999784
gpt4_0613,mc_H_044,T3,0.013848447226294303,0.010345415138424713
gpt4_0613,mc_H_044,T5,0.00011062428381758416,-0.0033924078040520056
gpt4_0613,mc_H_044,T6,2.208247769686089e-05,-0.003480949610172729
gpt4_0613,mc_H_049,T1,0.0007038975778893969,-0.0825923151125584
gpt4_0613,mc_H_049,T3,0.0003751015785688069,-0.082921111111879
gpt4_0613,mc_H_049,T5,0.026096623695265983,-0.05719958899518182
gpt4_0613,mc_H_049,T6,0.306009227910067,0.22271301521961923
gpt4_0613,mc_H_060,T1,0.9999870357246619,0.0002954168181172889
gpt4_0613,mc_H_060,T3,0.999975404012714,0.00028378510616944297
gpt4_0613,mc_H_060,T5,0.9998343561419527,0.00014273723540814132
gpt4_0613,mc_H_060,T6,0.9989696797468495,-0.0007219391596950953
gpt4_0613,mc_H_066,T1,4.701535616982968e-09,-6.1378681372250626e-09
gpt4_0613,mc_H_066,T3,4.314596514783053e-09,-6.5248072394249776e-09
gpt4_0613,mc_H_066,T5,1.1471016091013264e-08,6.316123368052334e-10
gpt4_0613,mc_H_066,T6,2.2870466794052835e-08,1.2031063039844804e-08
gpt4_0613,mc_H_072,T1,1.504619767667137e-08,-1.1369914593162278e-09
gpt4_0613,mc_H_072,T3,1.2496021384311717e-08,-3.6871677516758794e-09
gpt4_0613,mc_H_072,T5,2.3381164837577018e-08,7.197975701589421e-09
gpt4_0613,mc_H_072,T6,1.3809372645390283e-08,-2.3738164905973136e-09
gpt4_0613,mc_H_073,T1,2.6661710561537433e-08,-1.5761453253659852e-09
gpt4_0613,mc_H_073,T3,1.2969416152142088e-08,-1.526843973476133e-08
gpt4_0613,mc_H_073,T5,3.510869123202198e-08,6.8708353451185644e-09
gpt4_0613,mc_H_073,T6,3.821160560191217e-08,9.97374971500875e-09
gpt4o,dd_0107,T1,1.0298281701169844e-05,-8.293694319117573e-06
gpt4o,dd_0107,T3,3.963020476628427e-08,-1.855234581552113e-05
gpt4o,dd_0107,T5,6.337596877528686e-05,4.4783992754999445e-05
gpt4o,dd_0107,T6,6.540233999266808e-07,-1.7937952620360736e-05
gpt4o,dd_0283,T1,3.6851999083516477e-09,1.7051056595390406e-09
gpt4o,dd_0283,T3,2.124359360610572e-09,1.4426511179796504e-10
gpt4o,dd_0283,T5,1.1165038809709338e-09,-8.635903678416733e-10
gpt4o,dd_0283,T6,9.943138453172752e-10,-9.85780403495332e-10
gpt4o,dd_11241,T1,3.707275302611246e-05,-4.578468392507093e-05
gpt4o,dd_11241,T3,0.00028194239068189686,0.00019908495373071347
gpt4o,dd_11241,T5,5.989740602808368e-06,-7.686769634837502e-05
gpt4o,dd_11241,T6,6.424863493915822e-06,-7.643257345726757e-05
gpt4o,dd_13518,T1,6.2325701365108164e-09,2.2593864349943834e-10
gpt4o,dd_13518,T3,8.825602870813233e-09,2.818971377801855e-09
gpt4o,dd_13518,T5,5.855668919301157e-09,-1.5096257371022117e-10
gpt4o,dd_13518,T6,3.1126840454203068e-09,-2.8939474475910713e-09
gpt4o,dd_14408,T1,0.9999990884745142,0.0006765670059887263
gpt4o,dd_14408,T3,0.9999998855575432,0.0006773640890176402
gpt4o,dd_14408,T5,0.9999965080791666,0.0006739866106411085
gpt4o,dd_14408,T6,0.997294603762878,-0.002027917705647475
gpt4o,dd_14818,T1,0.9999961935314363,0.0012354321427997528
gpt4o,dd_14818,T3,0.9999812225717651,0.0012204611831285739
gpt4o,dd_14818,T5,0.9999974278679074,0.001236666479270787
gpt4o,dd_14818,T6,0.9950682015834375,-0.0036925598051991138
gpt4o,dd_15810,T1,0.2408468886879112,0.08901231262244638
gpt4o,dd_15810,T3,0.09716345794200859,-0.054671118123456236
gpt4o,dd_15810,T5,0.1770574926660458,0.025222916600580986
gpt4o,dd_15810,T6,0.09227046496589378,-0.05956411109957105
gpt4o,dd_17929,T1,0.9975721385989611,-0.0005261601968240548
gpt4o,dd_17929,T3,0.9997968498340053,0.0016985510382201419
gpt4o,dd_17929,T5,0.9991307942697575,0.001032495473972328
gpt4o,dd_17929,T6,0.9958934124804166,-0.002204886315368526
gpt4o,dd_1808,T1,0.9998152672493725,0.15474011217626726
gpt4o,dd_1808,T3,0.9905306973887582,0.14545554231565294
gpt4o,dd_1808,T5,0.9999339095650577,0.1548587544919524
gpt4o,dd_1808,T6,0.39002074608923265,-0.4550544089838726
gpt4o,dd_1814,T1,5.0457601351937175e-09,-2.780719425302976e-09
gpt4o,dd_1814,T3,1.8512193847446527e-08,1.0685714286949833e-08
gpt4o,dd_1814,T5,3.6786102126004113e-09,-4.147869347896282e-09
gpt4o,dd_1814,T6,4.0693540467461174e-09,-3.757125513750576e-09
gpt4o,dd_18223,T1,0.01729798010299897,-0.0058598246665310695
gpt4o,dd_18223,T3,0.04143015234019304,0.018272347570662997
gpt4o,dd_18223,T5,0.0330831582788425,0.009925353509312458
gpt4o,dd_18223,T6,0.0008199283560856639,-0.022337876413444376
gpt4o,dd_18643,T1,0.999999996017761,2.0277860313111518e-07
gpt4o,dd_18643,T3,0.9999999974624552,2.0422329727320943e-07
gpt4o,dd_18643,T5,0.9999999969884517,2.0374929377009465e-07
gpt4o,dd_18643,T6,0.9999991824879637,-6.107511941744193e-07
gpt4o,dd_18670,T1,0.9950177305095138,0.09656775734614764
gpt4o,dd_18670,T3,0.9984975752011334,0.10004760203776719
gpt4o,dd_18670,T5,0.9988479038864104,0.10039793072304426
gpt4o,dd_18670,T6,0.6014366830564073,-0.29701329010695887
gpt4o,dd_2081,T1,0.9998313850437976,0.007162785892561363
gpt4o,dd_2081,T3,0.9805934694023545,-0.012075129748881808
gpt4o,dd_2081,T5,0.999906332585873,0.0072377334346367395
gpt4o,dd_2081,T6,0.99034320957292,-0.0023253895783162948
gpt4o,dd_21158,T1,0.9999999249140938,3.3275060777882004e-05
gpt4o,dd_21158,T3,0.9999996752921414,3.302543882544029e-05
gpt4o,dd_21158,T5,0.9999998986156273,3.324876231136642e-05
gpt4o,dd_21158,T6,0.9998671005914008,-9.95492619151328e-05
gpt4o,dd_21629,T1,0.9999999512526438,6.631758642239305e-08
gpt4o,dd_21629,T3,0.9999999921630507,1.0722799326234878e-07
gpt4o,dd_21629,T5,0.9999999916640218,1.0672896433305823e-07
gpt4o,dd_21629,T6,0.9999996046605134,-2.8027454401780005e-07
gpt4o,dd_21630,T1,6.718023598973542e-07,-7.339916896600376e-07
gpt4o,dd_21630,T3,3.041550290280377e-07,-1.1016390205293541e-06
gpt4o,dd_21630,T5,3.096286449528917e-06,1.6904923999715254e-06
gpt4o,dd_21630,T6,1.5509323597752577e-06,1.4513831021786593e-07
gpt4o,dd_22819,T1,3.748084469863504e-09,-4.863368186388254e-09
gpt4o,dd_22819,T3,6.339249571011262e-09,-2.2722030852404962e-09
gpt4o,dd_22819,T5,1.549653678669988e-08,6.885084130448122e-09
gpt4o,dd_22819,T6,8.861939797432383e-09,2.5048714118062466e-10
gpt4o,dd_23534,T1,0.878714087259765,0.10454439382135927
gpt4o,dd_23534,T3,0.9534661212239328,0.17929642778552712
gpt4o,dd_23534,T5,0.9694457019122693,0.19527600847386362
gpt4o,dd_23534,T6,0.2950528633576558,-0.4791168300807499
gpt4o,dd_24260,T1,0.1260327388021206,0.004567846706876169
gpt4o,dd_24260,T3,0.025216105406241154,-0.09624878668900327
gpt4o,dd_24260,T5,0.3334676660618554,0.212002773966611
gpt4o,dd_24260,T6,0.0011430581107605366,-0.12032183398448389
gpt4o,dd_24405,T1,1.1793206311136359e-09,-1.3918246432667545e-10
gpt4o,dd_24405,T3,1.4591454025303807e-09,1.4064230709006938e-10
gpt4o,dd_24405,T5,1.0077463089786493e-09,-3.1075678646166197e-10
gpt4o,dd_24405,T6,1.6278000391385794e-09,3.0929694369826804e-10
gpt4o,dd_24975,T1,0.9732843519195443,0.11887201336054842
gpt4o,dd_24975,T3,0.9998606988343599,0.145448360275364
gpt4o,dd_24975,T5,0.999550079183332,0.14513774062433615
gpt4o,dd_24975,T6,0.4449542242987474,-0.4094581142602485
gpt4o,dd_25137,T1,0.9999999928325736,1.0447715018235826e-05
gpt4o,dd_25137,T3,0.9999999896429357,1.044452538034868e-05
gpt4o,dd_25137,T5,0.9999999952326908,1.045011513545191e-05
gpt4o,dd_25137,T6,0.9999582027620211,-3.134235553425846e-05
gpt4o,dd_25302,T1,6.349432069865197e-09,3.1643283250386565e-09
gpt4o,dd_25302,T3,3.261928321595552e-09,7.682457676901131e-11
gpt4o,dd_25302,T5,6.469963237483462e-10,-2.5381074210781945e-09
gpt4o,dd_25302,T6,2.4820582640970666e-09,-7.030454807294741e-10
gpt4o,dd_25868,T1,0.31488725892542635,-0.10508866230285058
gpt4o,dd_25868,T3,0.7149000636499316,0.2949241424216547
gpt4o,dd_25868,T5,0.6015246648382423,0.18154874360996537
gpt4o,dd_25868,T6,0.04859169749950731,-0.3713842237287696
gpt4o,dd_26178,T1,1.3330442807149781e-05,-3.3523339706542665e-05
gpt4o,dd_26178,T3,0.00011124961329125263,6.439583077756019e-05
gpt4o,dd_26178,T5,5.617232812368726e-05,9.318545609994814e-06
gpt4o,dd_26178,T6,6.662745832680116e-06,-4.0191036681012335e-05
gpt4o,dd_26321,T1,0.9999409250797322,2.4132341479354835e-05
gpt4o,dd_26321,T3,0.9999963940352692,7.960129701634067e-05
gpt4o,dd_26321,T5,0.9999624354358794,4.564269762652451e-05
gpt4o,dd_26321,T6,0.9997674164021306,-0.00014937633612222
gpt4o,dd_27524,T1,3.7510704031288885e-09,-3.2101092172103326e-09
gpt4o,dd_27524,T3,3.386169289291324e-09,-3.5750103310478973e-09
gpt4o,dd_27524,T5,1.0329468367988127e-08,3.3682887476489056e-09
gpt4o,dd_27524,T6,1.0378010420948548e-08,3.416830800609327e-09
gpt4o,dd_27558,T1,0.0004700193445701857,-0.0072119818670511645
gpt4o,dd_27558,T3,0.015573063760203874,0.007891062548582524
gpt4o,dd_27558,T5,0.014436108586666253,0.006754107375044903
gpt4o,dd_27558,T6,0.0002488131550450885,-0.007433188056576262
gpt4o,dd_28814,T1,0.0009235868809280791,0.0005329233986559571
gpt4o,dd_28814,T3,9.190575190686376e-06,-0.00038147290708143557
gpt4o,dd_28814,T5,0.0006232006444477369,0.00023253716217561495
gpt4o,dd_28814,T6,6.675828521985534e-06,-0.0003839876537501364
gpt4o,dd_29978,T1,0.007357837228664778,-0.003034063014074666
gpt4o,dd_29978,T3,0.0002725215287959898,-0.010119378713943455
gpt4o,dd_29978,T5,0.03366382193027488,0.02327192168753544
gpt4o,dd_29978,T6,0.0002734202832221298,-0.010118479959517314
gpt4o,dd_30131,T1,2.0544397602366732e-08,-1.3208923577510995e-08
gpt4o,dd_30131,T3,3.8751583580994236e-08,4.998262401116509e-09
gpt4o,dd_30131,T5,4.692314033316801e-08,1.3169819153290282e-08
gpt4o,dd_30131,T6,2.879416320298193e-08,-4.959157976895799e-09
gpt4o,dd_30899,T1,0.9999999093640519,1.572035597252608e-07
gpt4o,dd_30899,T3,0.9999997958255497,4.3665057458674994e-08
gpt4o,dd_30899,T5,0.9999998733305886,1.2117009640100207e-07
gpt4o,dd_30899,T6,0.9999994301217783,-3.2203871391800476e-07
gpt4o,dd_31129,T1,1.2502018095750657e-08,-2.2022859629919467e-08
gpt4o,dd_31129,T3,8.496991810212085e-08,5.044504037645073e-08
gpt4o,dd_31129,T5,1.854478638625705e-08,-1.5980091339413074e-08
gpt4o,dd_31129,T6,2.208278831855195e-08,-1.2442089407118172e-08
gpt4o,dd_32872,T1,0.5595811158606364,0.1908988467523106
gpt4o,dd_32872,T3,0.45637147525599475,0.08768920614766895
gpt4o,dd_32872,T5,0.4391743499718449,0.0704920808635191
gpt4o,dd_32872,T6,0.019602135344827135,-0.34908013376349867
gpt4o,dd_33618,T1,0.00045773998264567536,3.181705968893729e-05
gpt4o,dd_33618,T3,2.5253866908071963e-05,-0.0004006690560486661
gpt4o,dd_33618,T5,0.0011823377926330886,0.0007564148696763505
gpt4o,dd_33618,T6,3.836004964011633e-05,-0.00038756287331662175
gpt4o,dd_34148,T1,0.08602188343043288,-0.13803345462661987
gpt4o,dd_34148,T3,0.6622309680405458,0.4381756299834931
gpt4o,dd_34148,T5,0.14758983267985792,-0.07646550537719482
gpt4o,dd_34148,T6,0.00037866807737424945,-0.2236766699796785
gpt4o,dd_34460,T1,7.906170930462001e-10,-3.3069545710833183e-09
gpt4o,dd_34460,T3,4.2389924771034355e-09,1.4142081297391717e-10
gpt4o,dd_34460,T5,3.576447186893251e-09,-5.211244772362672e-10
gpt4o,dd_34460,T6,7.784229899475185e-09,3.6866582353456662e-09
gpt4o,dd_35732,T1,1.3436736601791271e-07,-6.629125944899497e-08
gpt4o,dd_35732,T3,1.246443146048134e-07,-7.601431086209427e-08
gpt4o,dd_35732,T5,3.788072404351367e-07,1.78148614968229e-07
gpt4o,dd_35732,T6,1.6481558080976797e-07,-3.5843044657139714e-08
gpt4o,dd_36819,T1,2.9554170843752497e-05,-0.0012260647154971208
gpt4o,dd_36819,T3,2.101800469127787e-05,-0.0012346008816495955
gpt4o,dd_36819,T5,0.004921488641355374,0.003665869755014501
gpt4o,dd_36819,T6,5.0414728473088874e-05,-0.0012052041578677845
gpt4o,dd_37249,T1,0.991505881897353,0.02208326976566366
gpt4o,dd_37249,T3,0.9366060790069091,-0.03281653312478028
gpt4o,dd_37249,T5,0.9961819905180261,0.026759378386336796
gpt4o,dd_37249,T6,0.9533964971044693,-0.016026115027220067
gpt4o,dd_37490,T1,0.9999999958094876,2.593997798783221e-07
gpt4o,dd_37490,T3,0.9999999959457475,2.5953603977058037e-07
gpt4o,dd_37490,T5,0.9999999877783758,2.5136866810271385e-07
gpt4o,dd_37490,T6,0.99999896610522,-7.703044877516163e-07
gpt4o,dd_38533,T1,3.410255805327843e-06,-1.0851959969260457e-05
gpt4o,dd_38533,T3,1.3684893724761355e-05,-5.773220498269458e-07
gpt4o,dd_38533,T5,3.464262922977561e-05,2.0380413455187308e-05
gpt4o,dd_38533,T6,5.311084338488398e-06,-8.951131436099903e-06
gpt4o,dd_39199,T1,0.9999975608051026,6.0658607696773e-06
gpt4o,dd_39199,T3,0.9999947573309971,3.2623866641490196e-06
gpt4o,dd_39199,T5,0.9999869893733035,-4.50557102937843e-06
gpt4o,dd_39199,T6,0.9999866722679281,-4.822676404780957e-06
gpt4o,dd_42860,T1,9.007620992366e-07,5.112431764668305e-07
gpt4o,dd_42860,T3,2.418290517747118e-07,-1.4768987099505775e-07
gpt4o,dd_42860,T5,2.437003206005253e-07,-1.4581860216924425e-07
gpt4o,dd_42860,T6,1.7178421946724092e-07,-2.177347033025286e-07
gpt4o,dd_44063,T1,0.9869759008542205,0.2592607111503914
gpt4o,dd_44063,T3,0.9569559994734657,0.22924080976963657
gpt4o,dd_44063,T5,0.9617945190708372,0.23407932936700815
gpt4o,dd_44063,T6,0.005134339416792661,-0.7225808502870364
gpt4o,dd_44380,T1,0.9999999948778739,5.2363795077781106e-08
gpt4o,dd_44380,T3,0.9999999850310823,4.251700347346343e-08
gpt4o,dd_44380,T5,0.999999994421588,5.1907509179827116e-08
gpt4o,dd_44380,T6,0.9999997957257716,-1.4678830728698244e-07
gpt4o,dd_45938,T1,1.1330480018770082e-09,-5.512875813414809e-09
gpt4o,dd_45938,T3,4.644931064346628e-09,-2.000992750945189e-09
gpt4o,dd_45938,T5,1.892001999142428e-09,-4.7539218161493885e-09
gpt4o,dd_45938,T6,1.8913714195801203e-08,1.2267790380509385e-08
gpt4o,dd_46859,T1,1.4079652456013266e-08,-3.1277553394459316e-08
gpt4o,dd_46859,T3,7.906836292053906e-09,-3.745036955841867e-08
gpt4o,dd_46859,T5,3.358027542679796e-08,-1.1776930423674622e-08
gpt4o,dd_46859,T6,1.2586205922702518e-07,8.05048533765526e-08
gpt4o,dd_47886,T1,0.9896919672641757,0.07644289877353072
gpt4o,dd_47886,T3,0.9952320077418217,0.08198293925117672
gpt4o,dd_47886,T5,0.9928138934802663,0.07956482498962125
gpt4o,dd_47886,T6,0.6752584054763165,-0.23799066301432847
gpt4o,dd_5570,T1,0.9999999873971616,5.684264170469078e-08
gpt4o,dd_5570,T3,0.9999999890770425,5.8522522605741756e-08
gpt4o,dd_5570,T5,0.9999999975520207,6.69975008804613e-08
gpt4o,dd_5570,T6,0.9999997481918546,-1.8236266530191614e-07
gpt4o,dd_6488,T1,1.4265677846438078e-06,-2.816161165608151e-06
gpt4o,dd_6488,T3,1.257587111675396e-06,-2.9851418385765626e-06
gpt4o,dd_6488,T5,8.220592281831589e-06,3.97786333157963e-06
gpt4o,dd_6488,T6,6.066168622857042e-06,1.8234396726050832e-06
gpt4o,dd_6826,T1,0.9997947816641112,0.04030486131749744
gpt4o,dd_6826,T3,0.9999924488753463,0.040502528528732595
gpt4o,dd_6826,T5,0.9999835686993486,0.040493648352734835
gpt4o,dd_6826,T6,0.8381888821476489,-0.12130103819896487
gpt4o,dd_6868,T1,2.160092379594235e-05,-0.0007642725155284735
gpt4o,dd_6868,T3,0.003070440036482207,0.002284566597157791
gpt4o,dd_6868,T5,7.65821383195456e-06,-0.0007782152254924614
gpt4o,dd_6868,T6,4.3794583187559884e-05,-0.000742078856136856
gpt4o,dd_7687,T1,0.9999999394376936,-2.4055635150510568e-08
gpt4o,dd_7687,T3,0.9999999700600248,6.566696075793743e-09
gpt4o,dd_7687,T5,0.9999999911267186,2.7633389798609187e-08
gpt4o,dd_7687,T6,0.9999999533488777,-1.014445105695927e-08
gpt4o,dd_8580,T1,0.0004827050651130777,0.0003361189314037545
gpt4o,dd_8580,T3,4.318019981632603e-06,-0.0001422681137276906
gpt4o,dd_8580,T5,8.06921319512538e-05,-6.589400175806939e-05
gpt4o,dd_8580,T6,1.8629317791328674e-05,-0.00012795681591799452
gpt4o,dd_9595,T1,0.9994836102479552,0.004490123413087632
gpt4o,dd_9595,T3,0.9996691552420122,0.0046756684071446175
gpt4o,dd_9595,T5,0.9995980756687968,0.004604588833929224
gpt4o,dd_9595,T6,0.981223106180706,-0.013770380654161585
gpt4o,dd_9899,T1,0.9993572395584649,0.010922949713221275
gpt4o,dd_9899,T3,0.9954610213762793,0.007026731531035724
gpt4o,dd_9899,T5,0.9997253464767784,0.011291056631534735
gpt4o,dd_9899,T6,0.959193551969452,-0.029240737875791623
gpt4o,dd_9955,T1,0.000642135000706407,-0.005433481614986963
gpt4o,dd_9955,T3,0.012044138530659112,0.005968521914965742
gpt4o,dd_9955,T5,0.01137130309696441,0.00529568648127104
gpt4o,dd_9955,T6,0.00024488983444354934,-0.00583072678124982
gpt4o,mc_C_034,T1,0.9999999899073968,-3.224136513324538e-09
gpt4o,mc_C_034,T3,0.9999999906109278,-2.5206055020987606e-09
gpt4o,mc_C_034,T5,0.999999997673023,4.5414896288065165e-09
gpt4o,mc_C_034,T6,0.9999999943347859,1.203252608661387e-09
gpt4o,mc_C_1095,T1,0.9999999990921433,2.2940642026014757e-06
gpt4o,mc_C_1095,T3,0.9999999998372527,2.294809312020085e-06
gpt4o,mc_C_1095,T5,0.9999999997855014,2.294757560639127e-06
gpt4o,mc_C_1095,T6,0.9999908213968656,-6.8836310751496654e-06
gpt4o,mc_C_1216,T1,0.9999999992431173,1.283318229461372e-09
gpt4o,mc_C_1216,T3,0.9999999992945935,1.3347943861319322e-09
gpt4o,mc_C_1216,T5,0.99999999857425,6.144509345773486e-10
gpt4o,mc_C_1216,T6,0.9999999947272353,-3.232563772215258e-09
gpt4o,mc_C_183,T1,0.999999997480176,7.646853927845143e-09
gpt4o,mc_C_183,T3,0.9999999990420175,9.208695472828765e-09
gpt4o,mc_C_183,T5,0.9999999994630431,9.629721020587567e-09
gpt4o,mc_C_183,T6,0.999999963348052,-2.6485270088194568e-08
gpt4o,mc_C_291,T1,0.999999998739203,1.4824002025903837e-09
gpt4o,mc_C_291,T3,0.9999999987685331,1.511730296499536e-09
gpt4o,mc_C_291,T5,0.9999999995142281,2.257425357754528e-09
gpt4o,mc_C_291,T6,0.9999999920052469,-5.251555856844448e-09
gpt4o,mc_C_467,T1,0.9999999701590372,1.8215172388202916e-06
gpt4o,mc_C_467,T3,0.9999999898635785,1.8412217801522246e-06
gpt4o,mc_C_467,T5,0.9999999742494348,1.825607636396498e-06
gpt4o,mc_C_467,T6,0.999992660295143,-5.488346655369014e-06
gpt4o,mc_C_527,T1,0.9999999985934102,4.813217974186657e-07
gpt4o,mc_C_527,T3,0.9999999983796333,4.811080205335827e-07
gpt4o,mc_C_527,T5,0.9999999997336384,4.824620256638212e-07
gpt4o,mc_C_527,T6,0.999998072379769,-1.444891843727092e-06
gpt4o,mc_C_675,T1,0.9999999962306604,4.1325601829456104e-09
gpt4o,mc_C_675,T3,0.999999998515043,6.416942754938759e-09
gpt4o,mc_C_675,T5,0.9999999971347462,5.036645989164867e-09
gpt4o,mc_C_675,T6,0.9999999765119509,-1.5586149260116144e-08
gpt4o,mc_C_772,T1,0.999999998309936,9.006646687348407e-07
gpt4o,mc_C_772,T3,0.9999999990438462,9.013985788897116e-07
gpt4o,mc_C_772,T5,0.9999999991920206,9.015467533624033e-07
gpt4o,mc_C_772,T6,0.9999963940352667,-2.7036100005428665e-06
gpt4o,mc_C_941,T1,0.9999999975479367,3.1705120168146195e-06
gpt4o,mc_C_941,T3,0.9999999981671706,3.171131250701009e-06
gpt4o,mc_C_941,T5,0.9999999980612789,3.1710253590722104e-06
gpt4o,mc_C_941,T6,0.9999873143672933,-9.512668626587839e-06
gpt4o,mc_G_005,T1,0.9999998611147838,7.12612683528846e-06
gpt4o,mc_G_005,T3,0.9999999331217935,7.198133844976695e-06
gpt4o,mc_G_005,T5,0.9999999128912896,7.1779033411489834e-06
gpt4o,mc_G_005,T6,0.9999712328239274,-2.150216402108107e-05
gpt4o,mc_G_037,T1,0.9999981978075797,5.009613710638128e-06
gpt4o,mc_G_037,T3,0.9999936266490566,4.384551874903053e-07
gpt4o,mc_G_037,T5,0.9999990136211235,5.8254272544688845e-06
gpt4o,mc_G_037,T6,0.999981914697716,-1.1273496153041407e-05
gpt4o,mc_G_064,T1,1.550990224228186e-09,-2.855698122069498e-10
gpt4o,mc_G_064,T3,8.222792501059074e-10,-1.0142807863292284e-09
gpt4o,mc_G_064,T5,3.8772266624667266e-10,-1.4488373701884632e-09
gpt4o,mc_G_064,T6,4.585248005159777e-09,2.748687968724641e-09
gpt4o,mc_G_086,T1,0.9999995558940351,0.0005010767447308773
gpt4o,mc_G_086,T3,0.9999996494090804,0.0005011702597761403
gpt4o,mc_G_086,T5,0.9999984443443243,0.0004999651950200468
gpt4o,mc_G_086,T6,0.9979962669497768,-0.0015022121995273974
gpt4o,mc_G_135,T1,0.9999996851917166,1.916616754193967e-06
gpt4o,mc_G_135,T3,0.9999999222341354,2.153659172998701e-06
gpt4o,mc_G_135,T5,0.9999996464592653,1.8778843029476633e-06
gpt4o,mc_G_135,T6,0.9999918204147321,-5.948160230251354e-06
gpt4o,mc_G_156,T1,4.606201364776297e-09,-6.784527939451834e-10
gpt4o,mc_G_156,T3,5.5934956111336476e-09,3.0884145241216743e-10
gpt4o,mc_G_156,T5,7.699386794790541e-09,2.4147326360690613e-09
gpt4o,mc_G_156,T6,3.239532864185435e-09,-2.0451212945360453e-09
gpt4o,mc_G_179,T1,3.628579325898329e-09,1.5410241971380856e-09
gpt4o,mc_G_179,T3,4.561525601687322e-10,-1.6314025685915112e-09
gpt4o,mc_G_179,T5,1.969949314784003e-09,-1.1760581397624037e-10
gpt4o,mc_G_179,T6,2.2955393141899094e-09,2.0798418542966601e-10
gpt4o,mc_G_186,T1,0.0015573200426218163,0.0008612073743418978
gpt4o,mc_G_186,T3,0.000585273737944604,-0.00011083893033531458
gpt4o,mc_G_186,T5,0.0006259626700996197,-7.014999818029887e-05
gpt4o,mc_G_186,T6,1.5894222453633992e-05,-0.0006802184458262845
gpt4o,mc_G_235,T1,0.9999999843597857,5.695604735622695e-07
gpt4o,mc_G_235,T3,0.9999999833282498,5.685289377055369e-07
gpt4o,mc_G_235,T5,0.9999999130584643,4.982591521596191e-07
gpt4o,mc_G_235,T6,0.9999977784507488,-1.6363485633164032e-06
gpt4o,mc_G_236,T1,0.9976558693243206,0.025863417468526495
gpt4o,mc_G_236,T3,0.9661573676429205,-0.00563508421287362
gpt4o,mc_G_236,T5,0.999349495127752,0.02755704327195785
gpt4o,mc_G_236,T6,0.9240070753281832,-0.047785376527610945
gpt4o,mc_G_288,T1,0.9999795375357134,0.00025859526149751844
gpt4o,mc_G_288,T3,0.9999877193367845,0.0002667770625686128
gpt4o,mc_G_288,T5,0.9998932239936524,0.00017228171943650672
gpt4o,mc_G_288,T6,0.9990232882307135,-0.0006976540435024159
gpt4o,mc_G_302,T1,0.4863394876919802,0.12807757546858373
gpt4o,mc_G_302,T3,0.4266664831181788,0.0684045708947823
gpt4o,mc_G_302,T5,0.5061263509626579,0.14786443873926142
gpt4o,mc_G_302,T6,0.01391532712076904,-0.34434658510262744
gpt4o,mc_G_365,T1,0.9999999155593207,1.0622676070992654e-06
gpt4o,mc_G_365,T3,0.9999991964469233,3.4315520969219193e-07
gpt4o,mc_G_365,T5,0.9999998101895526,9.568978390772642e-07
gpt4o,mc_G_365,T6,0.9999964909710574,-2.3623206562017884e-06
gpt4o,mc_G_373,T1,1.2537012136951187e-09,5.332565705527344e-10
gpt4o,mc_G_373,T3,5.28993499373965e-10,-1.914511437684193e-10
gpt4o,mc_G_373,T5,7.089275731605316e-10,-1.1517069981852747e-11
gpt4o,mc_G_373,T6,3.90156286339922e-10,-3.3028835680246235e-10
gpt4o,mc_G_385,T1,0.999991063170338,9.290504195957894e-06
gpt4o,mc_G_385,T3,0.9999892961853782,7.523519236163345e-06
gpt4o,mc_G_385,T5,0.9999967345163094,1.4961850167360957e-05
gpt4o,mc_G_385,T6,0.9999499967925427,-3.1775873599371174e-05
gpt4o,mc_G_397,T1,1.7991636291903035e-08,-4.931919844741728e-09
gpt4o,mc_G_397,T3,4.120329355483676e-09,-1.8803226781161086e-08
gpt4o,mc_G_397,T5,4.923834284742412e-08,2.631478671077936e-08
gpt4o,mc_G_397,T6,2.0343916051768218e-08,-2.5796400848765444e-09
gpt4o,mc_G_431,T1,0.9999999980310537,3.373439927401023e-08
gpt4o,mc_G_431,T3,0.9999999978220753,3.352542088386201e-08
gpt4o,mc_G_431,T5,0.9999999942065054,2.990985104034394e-08
gpt4o,mc_G_431,T6,0.9999998671269836,-9.716967075412697e-08
gpt4o,mc_G_453,T1,0.9938799816751204,0.00755924404074404
gpt4o,mc_G_453,T3,0.9999374531498751,0.013616715515498812
gpt4o,mc_G_453,T5,0.9954838664144422,0.009163128780065866
gpt4o,mc_G_453,T6,0.9559816492980677,-0.030339088336308606
gpt4o,mc_G_492,T1,0.9999988092877943,1.7248389370116968e-06
gpt4o,mc_G_492,T3,0.9999990230736104,1.9386247531727463e-06
gpt4o,mc_G_492,T5,0.9999945176927032,-2.5667561540654305e-06
gpt4o,mc_G_492,T6,0.9999959877413209,-1.0967075363410572e-06
gpt4o,mc_G_572,T1,0.9998029339070973,0.0036717155000296486
gpt4o,mc_G_572,T3,0.9978666205875208,0.001735402180453205
gpt4o,mc_G_572,T5,0.9994503901763938,0.003319171769326168
gpt4o,mc_G_572,T6,0.9874049289572583,-0.008726289449809355
gpt4o,mc_G_595,T1,0.9856293092891579,0.0032162046073613837
gpt4o,mc_G_595,T3,0.9990210173636345,0.016607912681837922
gpt4o,mc_G_595,T5,0.9980161508062363,0.015603046124439746
gpt4o,mc_G_595,T6,0.9469859412681574,-0.03542716341363916
gpt4o,mc_H_035,T1,2.273663645250911e-08,-9.162508049141036e-09
gpt4o,mc_H_035,T3,2.3710857879718318e-08,-8.18828662193183e-09
gpt4o,mc_H_035,T5,3.6910494668495015e-08,5.011350166844867e-09
gpt4o,mc_H_035,T6,4.4238589005878125e-08,1.2339444504227978e-08
gpt4o,mc_H_044,T1,0.0002077378015097331,-0.005465513585402232
gpt4o,mc_H_044,T3,0.02241895130168875,0.016745699914776785
gpt4o,mc_H_044,T5,5.816668046243478e-05,-0.00561508470644953
gpt4o,mc_H_044,T6,8.149763986942116e-06,-0.005665101622925023
gpt4o,mc_H_049,T1,0.28512293822725887,-0.2672442515916673
gpt4o,mc_H_049,T3,0.4044800922925574,-0.1478870975263688
gpt4o,mc_H_049,T5,0.7744768403019351,0.2221096504830089
gpt4o,mc_H_049,T6,0.7453888884539535,0.19302169863502727
gpt4o,mc_H_060,T1,0.9971449715707661,0.05213726639564997
gpt4o,mc_H_060,T3,0.993087713131886,0.04808000795676992
gpt4o,mc_H_060,T5,0.9991619474118498,0.05415424223673371
gpt4o,mc_H_060,T6,0.7906361885859626,-0.1543715165891535
gpt4o,mc_H_066,T1,3.052957170372701e-09,-4.9793191073100815e-09
gpt4o,mc_H_066,T3,1.4616339909064954e-08,6.584063631382172e-09
gpt4o,mc_H_066,T5,5.9281169499094e-09,-2.104159327773382e-09
gpt4o,mc_H_066,T6,8.531691081384076e-09,4.99414803701294e-10
gpt4o,mc_H_072,T1,2.2655525394599252e-07,-1.7824802951843521e-06
gpt4o,mc_H_072,T3,6.643356650903876e-07,-1.344699884039957e-06
gpt4o,mc_H_072,T5,6.649509405542986e-06,4.640473856412641e-06
gpt4o,mc_H_072,T6,4.957418719420126e-07,-1.513293677188332e-06
gpt4o,mc_H_073,T1,9.082104585056427e-07,-3.0081207522958398e-06
gpt4o,mc_H_073,T3,2.450993979441485e-07,-3.671231812857334e-06
gpt4o,mc_H_073,T5,5.3823489527538015e-06,1.466017741952319e-06
gpt4o,mc_H_073,T6,9.129666034002337e-06,5.213334823200855e-06
gpt4o_mini,dd_0107,T1,0.059163418844736956,0.04212075870195125
gpt4o_mini,dd_0107,T3,6.860299555382777e-07,-0.01704197411283017
gpt4o_mini,dd_0107,T5,0.008998170762220046,-0.008044489380565662
gpt4o_mini,dd_0107,T6,8.364934230293598e-06,-0.017034295208555414
gpt4o_mini,dd_0283,T1,6.604587790873007e-11,-9.81704988134522e-13
gpt4o_mini,dd_0283,T3,3.120813481893989e-11,-3.581944807792471e-11
gpt4o_mini,dd_0283,T5,3.119786367265158e-11,-3.582971922421302e-11
gpt4o_mini,dd_0283,T6,1.3965845518713682e-10,7.263087229027223e-11
gpt4o_mini,dd_11241,T1,0.5122242537743704,0.23861296718557296
gpt4o_mini,dd_11241,T3,0.0741253146788978,-0.19948597190989967
gpt4o_mini,dd_11241,T5,0.5078857646152066,0.23427447802640916
gpt4o_mini,dd_11241,T6,0.00020981328671499337,-0.2734014733020825
gpt4o_mini,dd_13518,T1,1.2317252591010098e-12,-1.7481125178188181e-12
gpt4o_mini,dd_13518,T3,1.403787766269371e-12,-1.576050010650457e-12
gpt4o_mini,dd_13518,T5,3.763628450986956e-12,7.837906740671279e-13
gpt4o_mini,dd_13518,T6,5.520209631321975e-12,2.540371854402147e-12
gpt4o_mini,dd_14408,T1,0.9999981843590355,0.16626435132429973
gpt4o_mini,dd_14408,T3,0.9999993320624022,0.1662654990276664
gpt4o_mini,dd_14408,T5,0.9999952149051505,0.16626138187041473
gpt4o_mini,dd_14408,T6,0.3349426008123547,-0.4987912322223811
gpt4o_mini,dd_14818,T1,0.9762869122187834,0.25779259815188327
gpt4o_mini,dd_14818,T3,0.660405587620368,-0.05808872644653207
gpt4o_mini,dd_14818,T5,0.8112291348588522,0.09273482079195206
gpt4o_mini,dd_14818,T6,0.42605562156959703,-0.2924386924973031
gpt4o_mini,dd_15810,T1,9.610239930048567e-05,-0.00012074022165059985
gpt4o_mini,dd_15810,T3,2.4562247431802237e-05,-0.0001922803735192833
gpt4o_mini,dd_15810,T5,0.00045654870099343906,0.00023970608004235354
gpt4o_mini,dd_15810,T6,0.00029015713607861515,7.331451512752963e-05
gpt4o_mini,dd_17929,T1,0.9999993069066828,4.191674703446502e-05
gpt4o_mini,dd_17929,T3,0.9999981349813077,4.074482165938864e-05
gpt4o_mini,dd_17929,T5,0.9999999901708503,4.260001120193202e-05
gpt4o_mini,dd_17929,T6,0.9998321285797529,-0.0001252615798954526
gpt4o_mini,dd_1808,T1,0.330261819013566,0.19489421693187506
gpt4o_mini,dd_1808,T3,0.1300135117186001,-0.005354090363090841
gpt4o_mini,dd_1808,T5,0.07771805672794191,-0.05764954535374903
gpt4o_mini,dd_1808,T6,0.003477020866655838,-0.1318905812150351
gpt4o_mini,dd_1814,T1,4.256939734041448e-11,-4.927883614170581e-11
gpt4o_mini,dd_1814,T3,3.035861991752332e-11,-6.148961356459698e-11
gpt4o_mini,dd_1814,T5,1.7439424571302392e-10,8.254601223090363e-11
gpt4o_mini,dd_1814,T6,1.2007067095751943e-10,2.822243747539914e-11
gpt4o_mini,dd_18223,T1,0.9370521077467098,0.27809081564499794
gpt4o_mini,dd_18223,T3,0.6301819754983692,-0.028779316603342653
gpt4o_mini,dd_18223,T5,0.992752906993261,0.3337916148915492
gpt4o_mini,dd_18223,T6,0.07585817816850751,-0.5831031139332044
gpt4o_mini,dd_18643,T1,0.999999999999043,9.827694213981886e-13
gpt4o_mini,dd_18643,T3,0.9999999999994105,1.3502532425491154e-12
gpt4o_mini,dd_18643,T5,0.9999999999996986,1.6383561174393435e-12
gpt4o_mini,dd_18643,T6,0.999999999994089,-3.971267759084185e-12
gpt4o_mini,dd_18670,T1,0.9998982859179213,0.037627471209942254
gpt4o_mini,dd_18670,T3,0.9403984633730705,-0.021872351334908502
gpt4o_mini,dd_18670,T5,0.9999999606195815,0.03772914591160248
gpt4o_mini,dd_18670,T6,0.9087865489213427,-0.05348426578663634
gpt4o_mini,dd_2081,T1,0.9990347694026374,0.18456125911567867
gpt4o_mini,dd_2081,T3,0.999999834493825,0.18552632420686632
gpt4o_mini,dd_2081,T5,0.9998663327195281,0.18539282243256938
gpt4o_mini,dd_2081,T6,0.2589931045318443,-0.5554804057551144
gpt4o_mini,dd_21158,T1,0.9999998465620105,4.582858339596818e-06
gpt4o_mini,dd_21158,T3,0.999983298584887,-1.1965118783874296e-05
gpt4o_mini,dd_21158,T5,0.9999994535934662,4.189889795336299e-06
gpt4o_mini,dd_21158,T6,0.9999984560743196,3.192370648719134e-06
gpt4o_mini,dd_21629,T1,0.9999990503844665,0.12566152356089488
gpt4o_mini,dd_21629,T3,0.999962570970881,0.12562504414730946
gpt4o_mini,dd_21629,T5,0.9620694608684353,0.08773193404486368
gpt4o_mini,dd_21629,T6,0.5353190250705031,-0.33901850175306847
gpt4o_mini,dd_21630,T1,0.00019682066547790995,-0.00026993982132076863
gpt4o_mini,dd_21630,T3,6.388258167792407e-08,-0.00046669660421700066
gpt4o_mini,dd_21630,T5,2.2118552478614497e-05,-0.0004446419343200641
gpt4o_mini,dd_21630,T6,0.0016480388466565122,0.0011812783598578337
gpt4o_mini,dd_22819,T1,2.444653331301886e-11,-3.562180689079124e-11
gpt4o_mini,dd_22819,T3,4.030551946683593e-11,-1.9762820736974167e-11
gpt4o_mini,dd_22819,T5,3.565615134222634e-11,-2.4412188861583758e-11
gpt4o_mini,dd_22819,T6,1.3986515669315928e-10,7.979681648934919e-11
gpt4o_mini,dd_23534,T1,0.03017392237560708,-0.010487245609850024
gpt4o_mini,dd_23534,T3,0.010579448352373426,-0.030081719633083676
gpt4o_mini,dd_23534,T5,0.11231343922635834,0.07165227124090123
gpt4o_mini,dd_23534,T6,0.009577861987489548,-0.031083305997967554
gpt4o_mini,dd_24260,T1,0.9999960212394539,-2.4486662069111986e-06
gpt4o_mini,dd_24260,T3,0.999998130749882,-3.391557787946198e-07
gpt4o_mini,dd_24260,T5,0.9999998470470648,1.3771414040242291e-06
gpt4o_mini,dd_24260,T6,0.9999998805862427,1.4106805819036339e-06
gpt4o_mini,dd_24405,T1,1.2992551679050969e-11,-1.0000388370415392e-11
gpt4o_mini,dd_24405,T3,1.6689879679925833e-11,-6.303060369540527e-12
gpt4o_mini,dd_24405,T5,3.114022730042136e-11,8.147287250954998e-12
gpt4o_mini,dd_24405,T6,3.114910153846728e-11,8.156161489000916e-12
gpt4o_mini,dd_24975,T1,0.999994878738355,0.20274976637589137
gpt4o_mini,dd_24975,T3,0.9999999984826131,0.20275488612014947
gpt4o_mini,dd_24975,T5,0.9999999553761403,0.20275484301367663
gpt4o_mini,dd_24975,T6,0.18898561685274576,-0.6082594955097179
gpt4o_mini,dd_25137,T1,0.9999999999965565,3.629885437783642e-07
gpt4o_mini,dd_25137,T3,0.9999999999956442,3.6298763139708257e-07
gpt4o_mini,dd_25137,T5,0.9999999999985646,3.6299055183874884e-07
gpt4o_mini,dd_25137,T6,0.9999985480412859,-1.0889667269031733e-06
gpt4o_mini,dd_25302,T1,1.3026065370906684e-11,5.966309774035405e-12
gpt4o_mini,dd_25302,T3,5.485111338692134e-12,-1.5746442581791448e-12
gpt4o_mini,dd_25302,T5,4.7920216494040674e-12,-2.2677339474672113e-12
gpt4o_mini,dd_25302,T6,4.93582402848223e-12,-2.1239315683890485e-12
gpt4o_mini,dd_25868,T1,0.5476640126300506,0.03148722408688842
gpt4o_mini,dd_25868,T3,0.49774632557295406,-0.018430462970208117
gpt4o_mini,dd_25868,T5,0.5378810417919051,0.021704253248742922
gpt4o_mini,dd_25868,T6,0.48141577417773906,-0.034761014365423115
gpt4o_mini,dd_26178,T1,2.548797885742125e-06,-1.8074826753550156e-06
gpt4o_mini,dd_26178,T3,9.009626578759497e-06,4.653346017662356e-06
gpt4o_mini,dd_26178,T5,5.157763633375408e-06,8.014830722782676e-07
gpt4o_mini,dd_26178,T6,7.089341465115312e-07,-3.647346414585609e-06
gpt4o_mini,dd_26321,T1,0.9999999899268945,0.00024086541599621647
gpt4o_mini,dd_26321,T3,0.99999990129986,0.00024077678896172738
gpt4o_mini,dd_26321,T5,0.9999999900990748,0.0002408655881764865
gpt4o_mini,dd_26321,T6,0.999036616717764,-0.0007225077931343193
gpt4o_mini,dd_27524,T1,2.1745318518204245e-12,-2.4178948537165616e-12
gpt4o_mini,dd_27524,T3,1.6365961566711938e-12,-2.9558305488657923e-12
gpt4o_mini,dd_27524,T5,3.625820089392688e-12,-9.666066161442982e-13
gpt4o_mini,dd_27524,T6,1.093275872426364e-11,6.340332018726654e-12
gpt4o_mini,dd_27558,T1,0.3675643525385953,-0.08401913298614405
gpt4o_mini,dd_27558,T3,0.5069301000956408,0.0553466145709014
gpt4o_mini,dd_27558,T5,0.4404777579397299,-0.011105727585009495
gpt4o_mini,dd_27558,T6,0.49136173152499174,0.03977824600025237
gpt4o_mini,dd_28814,T1,9.084295221062903e-05,6.583620247451442e-05
gpt4o_mini,dd_28814,T3,1.8758745537342954e-06,-2.3130875182380316e-05
gpt4o_mini,dd_28814,T5,7.189040714789307e-06,-1.7817709021325306e-05
gpt4o_mini,dd_28814,T6,1.1913146530581606e-07,-2.4887618270808798e-05
gpt4o_mini,dd_29454,T1,0.016691184330986163,-0.008899008229839873
gpt4o_mini,dd_29454,T3,0.007782403157651614,-0.017807789403174422
gpt4o_mini,dd_29454,T5,0.0777180565714869,0.05212786401066086
gpt4o_mini,dd_29454,T6,0.00016912618317947711,-0.02542106637764656
gpt4o_mini,dd_29978,T1,1.8692501182870547e-06,1.1562398224156023e-06
gpt4o_mini,dd_29978,T3,6.980333229879085e-07,-1.4976972883543952e-08
gpt4o_mini,dd_29978,T5,2.581041626180052e-07,-4.5490613325344723e-07
gpt4o_mini,dd_29978,T6,2.665357959284143e-08,-6.863567162786111e-07
gpt4o_mini,dd_30131,T1,5.851884052477239e-12,2.2868272814721235e-13
gpt4o_mini,dd_30131,T3,3.7240133579600934e-12,-1.8991879663699335e-12
gpt4o_mini,dd_30131,T5,4.108592425378597e-12,-1.5146088989514301e-12
gpt4o_mini,dd_30131,T6,8.808315461504178e-12,3.1851141371741505e-12
gpt4o_mini,dd_30899,T1,0.9999999998460977,1.4505540102405234e-09
gpt4o_mini,dd_30899,T3,0.9999999998152462,1.4197025777207273e-09
gpt4o_mini,dd_30899,T5,0.9999999999571455,1.5616018478326055e-09
gpt4o_mini,dd_30899,T6,0.9999999939636852,-4.431858435793856e-09
gpt4o_mini,dd_31129,T1,1.1892587501839714e-11,4.548300158084486e-12
gpt4o_mini,dd_31129,T3,9.261956459224404e-12,1.917669115469176e-12
gpt4o_mini,dd_31129,T5,3.2403981696815053e-12,-4.103889174073723e-12
gpt4o_mini,dd_31129,T6,4.98220724427529e-12,-2.3620800994799377e-12
gpt4o_mini,dd_32872,T1,0.47154301796229503,0.04834385069720293
gpt4o_mini,dd_32872,T3,0.5857192915261672,0.1625201242610751
gpt4o_mini,dd_32872,T5,0.31281600743251287,-0.11038315983257924
gpt4o_mini,dd_32872,T6,0.32271835213939354,-0.10048081512569856
gpt4o_mini,dd_33618,T1,2.4140144305403764e-10,8.773036845091618e-11
gpt4o_mini,dd_33618,T3,1.0198660939124822e-10,-5.1684465211873236e-11
gpt4o_mini,dd_33618,T5,4.040371273528867e-11,-1.132673618678328e-10
gpt4o_mini,dd_33618,T6,2.3089253323191128e-10,7.722145862878982e-11
gpt4o_mini,dd_34148,T1,0.5911836117047877,0.1700043990317111
gpt4o_mini,dd_34148,T3,0.5439802744025656,0.12280106172948896
gpt4o_mini,dd_34148,T5,0.5439802746744109,0.12280106200133428
gpt4o_mini,dd_34148,T6,0.005572689910542303,-0.4156065227625343
gpt4o_mini,dd_34460,T1,2.622620819419914e-12,-9.089597148501454e-13
gpt4o_mini,dd_34460,T3,4.819305576214067e-12,1.2877250419440074e-12
gpt4o_mini,dd_34460,T5,2.9311167848243016e-12,-6.004637494457577e-13
gpt4o_mini,dd_34460,T6,3.753278956621955e-12,2.2169842235189563e-13
gpt4o_mini,dd_35732,T1,1.3057318258102723e-12,-2.5653933862485082e-12
gpt4o_mini,dd_35732,T3,6.272151261637396e-12,2.401026049578615e-12
gpt4o_mini,dd_35732,T5,4.899700743703003e-12,1.028575531644222e-12
gpt4o_mini,dd_35732,T6,3.0069170170844524e-12,-8.642081949743283e-13
gpt4o_mini,dd_36819,T1,4.8067320569390564e-05,-3.450113022158363e-05
gpt4o_mini,dd_36819,T3,3.259790384961826e-07,-8.224247175247801e-05
gpt4o_mini,dd_36819,T5,2.4191263496210615e-06,-8.014932444135313e-05
gpt4o_mini,dd_36819,T6,0.00027946137720638895,0.00019689292641541476
gpt4o_mini,dd_37249,T1,0.0009648184337233288,0.0006715398022636906
gpt4o_mini,dd_37249,T3,0.00016953838587912583,-0.00012374024558051245
gpt4o_mini,dd_37249,T5,3.830327012688797e-05,-0.0002549753613327503
gpt4o_mini,dd_37249,T6,4.544361092104492e-07,-0.00029282419535042785
gpt4o_mini,dd_37490,T1,0.9999999999961199,2.099910578756692e-09
gpt4o_mini,dd_37490,T3,0.999999999999412,2.103202723091613e-09
gpt4o_mini,dd_37490,T5,0.9999999999920901,2.09588080224421e-09
gpt4o_mini,dd_37490,T6,0.9999999915972149,-6.298994437159422e-09
gpt4o_mini,dd_38533,T1,0.4988429066439161,0.13392287947395382
gpt4o_mini,dd_38533,T3,0.46207100489786646,0.09715097772790415
gpt4o_mini,dd_38533,T5,0.49876608106780496,0.13384605389784265
gpt4o_mini,dd_38533,T6,1.160702615930561e-07,-0.36491991109970073
gpt4o_mini,dd_39199,T1,0.9999976028338506,3.413997826218207e-05
gpt4o_mini,dd_39199,T3,0.9998693887158019,-9.407413978657075e-05
gpt4o_mini,dd_39199,T5,0.999999974890009,3.651203442056605e-05
gpt4o_mini,dd_39199,T6,0.9999868849826923,2.3422127103822632e-05
gpt4o_mini,dd_42860,T1,1.925940949894027e-09,2.9780475420984495e-10
gpt4o_mini,dd_42860,T3,8.469394655627111e-11,-1.5434422491279108e-09
gpt4o_mini,dd_42860,T5,1.6997797939726197e-09,7.164359828843767e-11
gpt4o_mini,dd_42860,T6,2.8021300923138106e-09,1.1739938966296286e-09
gpt4o_mini,dd_44063,T1,0.007031827000438504,0.002628983593599913
gpt4o_mini,dd_44063,T3,0.008993148487994564,0.004590305081155973
gpt4o_mini,dd_44063,T5,4.405119850969523e-08,-0.004402799355640081
gpt4o_mini,dd_44063,T6,0.0015863540877227896,-0.0028164893191158016
gpt4o_mini,dd_44380,T1,0.9999999999896603,7.333125218167424e-10
gpt4o_mini,dd_44380,T3,0.99999999999578,7.394322931730812e-10
gpt4o_mini,dd_44380,T5,0.9999999999958986,7.395508649921112e-10
gpt4o_mini,dd_44380,T6,0.9999999970440522,-2.2122955689596324e-09
gpt4o_mini,dd_45938,T1,5.983743526804004e-13,-4.955165438569884e-13
gpt4o_mini,dd_45938,T3,5.225238276897468e-13,-5.713670688476421e-13
gpt4o_mini,dd_45938,T5,2.00669365344506e-12,9.128027569076713e-13
gpt4o_mini,dd_45938,T6,1.247971752334348e-12,1.5408085579695925e-13
gpt4o_mini,dd_46859,T1,1.7970014231036482e-12,-4.1669131355952776e-13
gpt4o_mini,dd_46859,T3,1.3894502863049085e-12,-8.242424503582675e-13
gpt4o_mini,dd_46859,T5,3.333117964002691e-12,1.119425227339515e-12
gpt4o_mini,dd_46859,T6,2.3352012732414555e-12,1.215085365782796e-13
gpt4o_mini,dd_47886,T1,0.7189098847986332,0.18285799658441804
gpt4o_mini,dd_47886,T3,0.16137401930593198,-0.37467786890828314
gpt4o_mini,dd_47886,T5,0.33026182150374017,-0.20579006671047495
gpt4o_mini,dd_47886,T6,0.9336618272485554,0.3976099390343403
gpt4o_mini,dd_5570,T1,0.9999999999952183,7.680300839751908e-12
gpt4o_mini,dd_5570,T3,0.9999999999807786,-6.7593708408253406e-12
gpt4o_mini,dd_5570,T5,0.9999999999909397,3.4017233474514796e-12
gpt4o_mini,dd_5570,T6,0.9999999999832152,-4.3227643686805095e-12
gpt4o_mini,dd_6488,T1,1.8974723160549265e-11,-1.5135319821822984e-10
gpt4o_mini,dd_6488,T3,4.869733217432671e-10,3.1664540036448806e-10
gpt4o_mini,dd_6488,T5,6.600975462406824e-11,-1.0431816675471088e-10
gpt4o_mini,dd_6488,T6,1.0935388598723177e-10,-6.097403539154735e-11
gpt4o_mini,dd_6826,T1,0.9999877046599184,0.19787214921815222
gpt4o_mini,dd_6826,T3,0.9999853328975902,0.19786977745582401
gpt4o_mini,dd_6826,T5,0.9999948787383547,0.19787932329658853
gpt4o_mini,dd_6826,T6,0.20849430547120165,-0.5936212499705645
gpt4o_mini,dd_6868,T1,0.00016792720065565117,-1.0447681054841853e-05
gpt4o_mini,dd_6868,T3,0.00046624817055429015,0.0002878732888437971
gpt4o_mini,dd_6868,T5,7.926194466032865e-05,-9.911293705016437e-05
gpt4o_mini,dd_6868,T6,6.221097170212311e-08,-0.0001783126707387909
gpt4o_mini,dd_7687,T1,0.99999999719439,9.474729223413192e-09
gpt4o_mini,dd_7687,T3,0.9999999989683582,1.1248697417975961e-08
gpt4o_mini,dd_7687,T5,0.9999999998604275,1.2140766725288188e-08
gpt4o_mini,dd_7687,T6,0.9999999548554674,-3.286419336667734e-08
gpt4o_mini,dd_8580,T1,0.44098328886314314,0.32274264916327994
gpt4o_mini,dd_8580,T3,0.0009639010159589416,-0.11727673868390427
gpt4o_mini,dd_8580,T5,0.0300516779588872,-0.08818896174097601
gpt4o_mini,dd_8580,T6,0.0009636909614635775,-0.11727694873839964
gpt4o_mini,dd_9595,T1,0.83255753953716,0.02193535325842544
gpt4o_mini,dd_9595,T3,0.9762693870181732,0.16564720073943862
gpt4o_mini,dd_9595,T5,0.9336618264117487,0.12303964013301405
gpt4o_mini,dd_9595,T6,0.4999999921478565,-0.3106221941308781
gpt4o_mini,dd_9899,T1,0.9984518775948601,0.26237271414762975
gpt4o_mini,dd_9899,T3,0.5186527194421386,-0.2174264440050917
gpt4o_mini,dd_9899,T5,0.9999993470299694,0.26392018358273905
gpt4o_mini,dd_9899,T6,0.42721270972195335,-0.308866453725277
gpt4o_mini,dd_9955,T1,0.019899756461250556,-0.029150852399860094
gpt4o_mini,dd_9955,T3,0.07951707157369009,0.03046646271257944
gpt4o_mini,dd_9955,T5,0.09670623201851072,0.04765562315740007
gpt4o_mini,dd_9955,T6,7.937539099124126e-05,-0.04897123347011941
gpt4o_mini,mc_C_034,T1,0.9999999999995401,1.687538997430238e-13
gpt4o_mini,mc_C_034,T3,0.9999999999995148,1.4344081478157023e-13
gpt4o_mini,mc_C_034,T5,0.9999999999998657,4.942712905631197e-13
gpt4o_mini,mc_C_034,T6,0.9999999999985646,-8.067990719951013e-13
gpt4o_mini,mc_C_1095,T1,0.9999999999997928,5.185629703419181e-12
gpt4o_mini,mc_C_1095,T3,0.9999999999998407,5.2334803157805254e-12
gpt4o_mini,mc_C_1095,T5,0.9999999999986106,4.003353204495852e-12
gpt4o_mini,mc_C_1095,T6,0.9999999999801845,-1.4422685268300484e-11
gpt4o_mini,mc_C_1216,T1,0.9999999999997785,2.311484337269576e-13
gpt4o_mini,mc_C_1216,T3,0.9999999999998364,2.8899105330992825e-13
gpt4o_mini,mc_C_1216,T5,0.9999999999994719,-7.549516567451064e-14
gpt4o_mini,mc_C_1216,T6,0.9999999999991026,-4.447553436648377e-13
gpt4o_mini,mc_C_183,T1,0.9999999999977134,-5.306866057708248e-13
gpt4o_mini,mc_C_183,T3,0.9999999999992317,9.876544027065393e-13
gpt4o_mini,mc_C_183,T5,0.9999999999994557,1.2115863867734333e-12
gpt4o_mini,mc_C_183,T6,0.9999999999965757,-1.6683321391042227e-12
gpt4o_mini,mc_C_291,T1,0.999999999999844,2.90878432451791e-14
gpt4o_mini,mc_C_291,T3,0.9999999999998425,2.7533531010703882e-14
gpt4o_mini,mc_C_291,T5,0.9999999999998045,-1.0436096431476471e-14
gpt4o_mini,mc_C_291,T6,0.9999999999997685,-4.6407322429331543e-14
gpt4o_mini,mc_C_467,T1,0.9999999999994196,5.7211901882681104e-11
gpt4o_mini,mc_C_467,T3,0.9999999999995718,5.7364113459357213e-11
gpt4o_mini,mc_C_467,T5,0.9999999999998387,5.76310110744771e-11
gpt4o_mini,mc_C_467,T6,0.9999999997700005,-1.7220713743881788e-10
gpt4o_mini,mc_C_527,T1,0.9999999999993257,5.022871008009133e-12
gpt4o_mini,mc_C_527,T3,0.9999999999984038,4.101052830662866e-12
gpt4o_mini,mc_C_527,T5,0.9999999999984255,4.122702179643056e-12
gpt4o_mini,mc_C_527,T6,0.9999999999810563,-1.3246514996012593e-11
gpt4o_mini,mc_C_675,T1,0.9999999999996627,1.9544366125501256e-12
gpt4o_mini,mc_C_675,T3,0.9999999999996857,1.9774182291598663e-12
gpt4o_mini,mc_C_675,T5,0.9999999999996585,1.95021776505655e-12
gpt4o_mini,mc_C_675,T6,0.9999999999918263,-5.881961584464079e-12
gpt4o_mini,mc_C_772,T1,0.9999999999997131,5.838662886503698e-13
gpt4o_mini,mc_C_772,T3,0.9999999999997136,5.843103778602199e-13
gpt4o_mini,mc_C_772,T5,0.9999999999994049,2.7566837701442637e-13
gpt4o_mini,mc_C_772,T6,0.9999999999976855,-1.4437340212225536e-12
gpt4o_mini,mc_C_941,T1,0.9999999999999007,0.00030907787697886935
gpt4o_mini,mc_C_941,T3,0.9999999999992509,0.0003090778763290558
gpt4o_mini,mc_C_941,T5,0.9999999999998705,0.0003090778769486713
gpt4o_mini,mc_C_941,T6,0.9987636884926654,-0.0009272336302564854
gpt4o_mini,mc_G_005,T1,0.999999999683346,0.1021977963885572
gpt4o_mini,mc_G_005,T3,0.9999999998563148,0.10219779656152606
gpt4o_mini,mc_G_005,T5,0.9999999999896868,0.10219779669489804
gpt4o_mini,mc_G_005,T6,0.5912088136498075,-0.3065933896449813
gpt4o_mini,mc_G_037,T1,0.9999960346677865,0.0006560930172261337
gpt4o_mini,mc_G_037,T3,0.9973672382310116,-0.0019727034195488047
gpt4o_mini,mc_G_037,T5,0.9999995840569174,0.0006596424063569639
gpt4o_mini,mc_G_037,T6,0.9999969096465258,0.000656967995965374
gpt4o_mini,mc_G_064,T1,8.309405863177681e-13,1.492976997539092e-14
gpt4o_mini,mc_G_064,T3,4.518292179108379e-13,-3.6418159843153927e-13
gpt4o_mini,mc_G_064,T5,1.2479717523366063e-12,4.319609359942291e-13
gpt4o_mini,mc_G_064,T6,7.333017088042966e-13,-8.270910753808061e-14
gpt4o_mini,mc_G_086,T1,0.9999999986749575,1.2608056709773052e-08
gpt4o_mini,mc_G_086,T3,0.9999999953723591,9.3054582928076e-09
gpt4o_mini,mc_G_086,T5,0.9999999940689961,8.002095319703528e-09
gpt4o_mini,mc_G_086,T6,0.9999999561512903,-2.991561043330648e-08
gpt4o_mini,mc_G_112,T1,8.896109811890329e-06,-0.24867329598229726
gpt4o_mini,mc_G_112,T3,0.9945034567365967,0.7458212646444875
gpt4o_mini,mc_G_112,T5,0.00021640872157214044,-0.248465783370537
gpt4o_mini,mc_G_112,T6,6.800455905243934e-09,-0.24868218529165326
gpt4o_mini,mc_G_135,T1,0.9999999987088525,1.0985269461860625e-06
gpt4o_mini,mc_G_135,T3,0.9999999989652114,1.0987833051201434e-06
gpt4o_mini,mc_G_135,T5,0.9999996199351007,7.197531943781144e-07
gpt4o_mini,mc_G_135,T6,0.9999959831184608,-2.9170634454622757e-06
gpt4o_mini,mc_G_156,T1,1.2561939488620055e-08,8.49799292046427e-09
gpt4o_mini,mc_G_156,T3,1.3286948208346416e-09,-2.7352517473211435e-09
gpt4o_mini,mc_G_156,T5,7.479883379346575e-11,-3.989147734362319e-09
gpt4o_mini,mc_G_156,T6,2.290353129374978e-09,-1.7735934387808072e-09
gpt4o_mini,mc_G_179,T1,9.811040868612508e-13,1.7286172493413687e-13
gpt4o_mini,mc_G_179,T3,6.112887973586112e-13,-1.9695356456850277e-13
gpt4o_mini,mc_G_179,T5,8.824052599720744e-13,7.416289804496046e-14
gpt4o_mini,mc_G_179,T6,7.581713035165194e-13,-5.007105841059456e-14
gpt4o_mini,mc_G_186,T1,1.004204453513044e-09,-8.809372229143705e-09
gpt4o_mini,mc_G_186,T3,2.3171912975434466e-08,1.3358336292777717e-08
gpt4o_mini,mc_G_186,T5,1.1282677247070104e-08,1.4691005644133554e-09
gpt4o_mini,mc_G_186,T6,3.795512054609388e-09,-6.018064628047361e-09
gpt4o_mini,mc_G_235,T1,0.9999999953153926,6.909421647449676e-05
gpt4o_mini,mc_G_235,T3,0.9999999998909341,6.9098792015998e-05
gpt4o_mini,mc_G_235,T5,0.9999999989674336,6.90978685154997e-05
gpt4o_mini,mc_G_235,T6,0.9997236102219123,-0.00020729087700588344
gpt4o_mini,mc_G_236,T1,0.9998968353134079,0.10086404418496642
gpt4o_mini,mc_G_236,T3,0.596693955927053,-0.3023388352013885
gpt4o_mini,mc_G_236,T5,0.9996427722820798,0.10060998115363828
gpt4o_mini,mc_G_236,T6,0.9998976009912255,0.10086480986278401
gpt4o_mini,mc_G_288,T1,0.9999823214921084,1.2211479050061591e-05
gpt4o_mini,mc_G_288,T3,0.9999998453496866,2.9735336628200493e-05
gpt4o_mini,mc_G_288,T5,0.9999999953698266,2.988535676828885e-05
gpt4o_mini,mc_G_288,T6,0.9998982778406118,-7.183217244655093e-05
gpt4o_mini,mc_G_302,T1,4.913989988080354e-09,-1.1531985910331318e-08
gpt4o_mini,mc_G_302,T3,7.172206287696026e-10,-1.572875526964207e-08
gpt4o_mini,mc_G_302,T5,5.652816254576658e-08,4.008218664735491e-08
gpt4o_mini,mc_G_302,T6,3.624530431030161e-09,-1.2821445467381511e-08
gpt4o_mini,mc_G_365,T1,0.9999999999750313,0.11273485515183679
gpt4o_mini,mc_G_365,T3,0.9999999999227908,0.11273485509959624
gpt4o_mini,mc_G_365,T5,0.9999999999957802,0.11273485517258564
gpt4o_mini,mc_G_365,T6,0.5490605793991756,-0.3382045654240189
gpt4o_mini,mc_G_373,T1,1.798192857069124e-10,-8.012392474227145e-11
gpt4o_mini,mc_G_373,T3,2.4506090541041545e-11,-2.354371199081423e-10
gpt4o_mini,mc_G_373,T5,3.128402967966493e-11,-2.2865918076951892e-10
gpt4o_mini,mc_G_373,T6,8.041634358691166e-10,5.442202254199328e-10
gpt4o_mini,mc_G_385,T1,0.9403504937276451,0.09095581191639801
gpt4o_mini,mc_G_385,T3,0.9803731910771217,0.13097850926587462
gpt4o_mini,mc_G_385,T5,0.9882349254078393,0.1388402435965922
gpt4o_mini,mc_G_385,T6,0.4886201170323825,-0.3607745647788646
gpt4o_mini,mc_G_397,T1,1.1017142753644293e-10,1.3535284004717596e-11
gpt4o_mini,mc_G_397,T3,6.618761094756564e-11,-3.044853258415969e-11
gpt4o_mini,mc_G_397,T5,1.410228600562391e-10,4.438671652451376e-11
gpt4o_mini,mc_G_397,T6,6.916267558665368e-11,-2.747346794507166e-11
gpt4o_mini,mc_G_431,T1,0.9999999999977284,4.0161474146316323e-10
gpt4o_mini,mc_G_431,T3,0.999999999999049,4.0293535175095485e-10
gpt4o_mini,mc_G_431,T5,0.99999999999578,3.9966641107724854e-10
gpt4o_mini,mc_G_431,T6,0.9999999983918976,-1.2042160602021568e-09
gpt4o_mini,mc_G_453,T1,0.015010949097448722,-0.23408395883416905
gpt4o_mini,mc_G_453,T3,0.9813354258426632,0.7322405179110454
gpt4o_mini,mc_G_453,T5,1.9073177441463258e-05,-0.2490758347541763
gpt4o_mini,mc_G_453,T6,1.4183608917715039e-05,-0.24908072432270004
gpt4o_mini,mc_G_492,T1,0.9999999791608387,0.002250426083190593
gpt4o_mini,mc_G_492,T3,0.9999999991969422,0.002250446119294036
gpt4o_mini,mc_G_492,T5,0.999991593024855,0.002242039947206842
gpt4o_mini,mc_G_492,T6,0.9910066409279568,-0.00674291214969136
gpt4o_mini,mc_G_572,T1,0.9999999071458252,0.00011399149546220677
gpt4o_mini,mc_G_572,T3,0.99999960721363,0.00011369156326701546
gpt4o_mini,mc_G_572,T5,0.9999996758681133,0.00011376021775033607
gpt4o_mini,mc_G_572,T6,0.9995444723738834,-0.0003414432764795583
gpt4o_mini,mc_G_595,T1,0.9999999893126787,1.057226913347975e-06
gpt4o_mini,mc_G_595,T3,0.9999999986524764,1.0665667109499566e-06
gpt4o_mini,mc_G_595,T5,0.9999999962448894,1.064159124042341e-06
gpt4o_mini,mc_G_595,T6,0.999995744133017,-3.187952748451295e-06
gpt4o_mini,mc_G_601,T1,0.48609447724455096,0.08491822355468692
gpt4o_mini,mc_G_601,T3,0.408835292207793,0.007659038517928984
gpt4o_mini,mc_G_601,T5,0.42745068261458175,0.026274428924717708
gpt4o_mini,mc_G_601,T6,0.2823245626925306,-0.11885169099733345
gpt4o_mini,mc_H_035,T1,1.4068008599024667e-10,-8.678385866316514e-10
gpt4o_mini,mc_H_035,T3,2.3059865882901328e-10,-7.779200137928848e-10
gpt4o_mini,mc_H_035,T5,1.0926788673263152e-10,-8.992507858892666e-10
gpt4o_mini,mc_H_035,T6,3.553528058935701e-09,2.545009386313803e-09
gpt4o_mini,mc_H_044,T1,0.0005701137293183112,-0.003467697909357706
gpt4o_mini,mc_H_044,T3,0.002035484648207575,-0.002002326990468442
gpt4o_mini,mc_H_044,T5,0.004097016714894153,5.9205076218135644e-05
gpt4o_mini,mc_H_044,T6,0.00944863146228403,0.005410819823608012
gpt4o_mini,mc_H_049,T1,0.9999987168861835,0.0018925121556925273
gpt4o_mini,mc_H_049,T3,0.9999966041166288,0.0018903993861378865
gpt4o_mini,mc_H_049,T5,0.9999168372440538,0.0018106325135628376
gpt4o_mini,mc_H_049,T6,0.992512660675098,-0.005593544055392918
gpt4o_mini,mc_H_060,T1,0.5146552337623809,-0.02176118573568553
gpt4o_mini,mc_H_060,T3,0.6344688471706302,0.09805242767256384
gpt4o_mini,mc_H_060,T5,0.5018673938567945,-0.034549025641271935
gpt4o_mini,mc_H_060,T6,0.49467420320245986,-0.04174221629560654
gpt4o_mini,mc_H_066,T1,4.622014935240536e-11,7.229906259804875e-12
gpt4o_mini,mc_H_066,T3,5.2374290738633064e-11,1.3384047646032582e-11
gpt4o_mini,mc_H_066,T5,1.7101635984170676e-11,-2.1888607108429806e-11
gpt4o_mini,mc_H_066,T6,4.026489629519284e-11,1.2746532025923552e-12
gpt4o_mini,mc_H_072,T1,3.604012199787121e-09,-0.011918963806517802
gpt4o_mini,mc_H_072,T3,3.736539966325836e-09,-0.011918963673990035
gpt4o_mini,mc_H_072,T5,0.04767585766618537,0.03575689025565537
gpt4o_mini,mc_H_072,T6,4.635382466755544e-09,-0.011918962775147535
gpt4o_mini,mc_H_073,T1,2.522010665306773e-07,-0.0006523884261343399
gpt4o_mini,mc_H_073,T3,9.279704388243104e-08,-0.0006525478301569881
gpt4o_mini,mc_H_073,T5,0.0026100645428558944,0.001957423915655024
gpt4o_mini,mc_H_073,T6,1.529678371747778e-07,-0.0006524876593636958
