teacher,family_id,variant,p_o1,p_o2,p_sym,order_gap
claude46,dd_0107,T0,0.0,0.0,0.0,0.0
claude46,dd_0107,T1,0.0,0.0,0.0,0.0
claude46,dd_0107,T3,0.0,0.0,0.0,0.0
claude46,dd_0107,T5,0.0,0.0,0.0,0.0
claude46,dd_0107,T6,0.0,0.0,0.0,0.0
claude46,dd_0283,T0,0.0,0.0,0.0,0.0
claude46,dd_0283,T1,0.0,0.0,0.0,0.0
claude46,dd_0283,T3,0.0,0.0,0.0,0.0
claude46,dd_0283,T5,0.0,0.0,0.0,0.0
claude46,dd_0283,T6,0.0,0.0,0.0,0.0
claude46,dd_11241,T0,0.0,0.0,0.0,0.0
claude46,dd_11241,T1,0.0,0.0,0.0,0.0
claude46,dd_11241,T3,0.0,0.0,0.0,0.0
claude46,dd_11241,T5,0.0,0.0,0.0,0.0
claude46,dd_11241,T6,0.0,0.0,0.0,0.0
claude46,dd_13518,T0,0.0,0.0,0.0,0.0
claude46,dd_13518,T1,0.0,0.0,0.0,0.0
claude46,dd_13518,T3,0.0,0.0,0.0,0.0
claude46,dd_13518,T5,0.0,0.0,0.0,0.0
claude46,dd_13518,T6,0.0,0.0,0.0,0.0
claude46,dd_14408,T0,1.0,1.0,1.0,0.0
claude46,dd_14408,T1,1.0,1.0,1.0,0.0
claude46,dd_14408,T3,1.0,1.0,1.0,0.0
claude46,dd_14408,T5,1.0,1.0,1.0,0.0
claude46,dd_14408,T6,1.0,1.0,1.0,0.0
claude46,dd_14818,T0,1.0,1.0,1.0,0.0
claude46,dd_14818,T1,1.0,1.0,1.0,0.0
claude46,dd_14818,T3,1.0,1.0,1.0,0.0
claude46,dd_14818,T5,1.0,1.0,1.0,0.0
claude46,dd_14818,T6,1.0,1.0,1.0,0.0
claude46,dd_15810,T0,1.0,1.0,1.0,0.0
claude46,dd_15810,T1,1.0,1.0,1.0,0.0
claude46,dd_15810,T3,1.0,1.0,1.0,0.0
claude46,dd_15810,T5,1.0,1.0,1.0,0.0
claude46,dd_15810,T6,1.0,1.0,1.0,0.0
claude46,dd_17929,T0,0.0,1.0,0.5,1.0
claude46,dd_17929,T1,0.0,1.0,0.5,1.0
claude46,dd_17929,T3,1.0,1.0,1.0,0.0
claude46,dd_17929,T5,0.0,1.0,0.5,1.0
claude46,dd_17929,T6,1.0,1.0,1.0,0.0
claude46,dd_1808,T0,1.0,1.0,1.0,0.0
claude46,dd_1808,T1,1.0,1.0,1.0,0.0
claude46,dd_1808,T3,1.0,1.0,1.0,0.0
claude46,dd_1808,T5,1.0,1.0,1.0,0.0
claude46,dd_1808,T6,0.0,1.0,0.5,1.0
claude46,dd_1814,T0,0.0,0.0,0.0,0.0
claude46,dd_1814,T1,0.0,0.0,0.0,0.0
claude46,dd_1814,T3,0.0,0.0,0.0,0.0
claude46,dd_1814,T5,0.0,0.0,0.0,0.0
claude46,dd_1814,T6,0.0,0.0,0.0,0.0
claude46,dd_18223,T0,1.0,1.0,1.0,0.0
claude46,dd_18223,T1,1.0,0.8500000000000001,0.925,0.1499999999999999
claude46,dd_18223,T3,1.0,0.0,0.5,1.0
claude46,dd_18223,T5,1.0,1.0,1.0,0.0
claude46,dd_18223,T6,1.0,1.0,1.0,0.0
claude46,dd_18643,T0,1.0,1.0,1.0,0.0
claude46,dd_18643,T1,1.0,1.0,1.0,0.0
claude46,dd_18643,T3,1.0,1.0,1.0,0.0
claude46,dd_18643,T5,1.0,1.0,1.0,0.0
claude46,dd_18643,T6,1.0,1.0,1.0,0.0
claude46,dd_18670,T0,0.0,1.0,0.5,1.0
claude46,dd_18670,T1,0.0,0.0,0.0,0.0
claude46,dd_18670,T3,0.2,1.0,0.6,0.8
claude46,dd_18670,T5,0.0,0.0,0.0,0.0
claude46,dd_18670,T6,0.0,0.0,0.0,0.0
claude46,dd_2081,T0,1.0,1.0,1.0,0.0
claude46,dd_2081,T1,1.0,1.0,1.0,0.0
claude46,dd_2081,T3,1.0,1.0,1.0,0.0
claude46,dd_2081,T5,1.0,1.0,1.0,0.0
claude46,dd_2081,T6,1.0,1.0,1.0,0.0
claude46,dd_21158,T0,1.0,1.0,1.0,0.0
claude46,dd_21158,T1,1.0,1.0,1.0,0.0
claude46,dd_21158,T3,1.0,1.0,1.0,0.0
claude46,dd_21158,T5,1.0,1.0,1.0,0.0
claude46,dd_21158,T6,1.0,1.0,1.0,0.0
claude46,dd_21629,T0,1.0,1.0,1.0,0.0
claude46,dd_21629,T1,1.0,1.0,1.0,0.0
claude46,dd_21629,T3,1.0,1.0,1.0,0.0
claude46,dd_21629,T5,1.0,1.0,1.0,0.0
claude46,dd_21629,T6,1.0,1.0,1.0,0.0
claude46,dd_21630,T0,0.0,0.0,0.0,0.0
claude46,dd_21630,T1,0.0,0.0,0.0,0.0
claude46,dd_21630,T3,0.0,0.0,0.0,0.0
claude46,dd_21630,T5,0.0,0.0,0.0,0.0
claude46,dd_21630,T6,0.0,0.0,0.0,0.0
claude46,dd_22819,T0,0.0,0.0,0.0,0.0
claude46,dd_22819,T1,0.0,0.0,0.0,0.0
claude46,dd_22819,T3,0.0,0.0,0.0,0.0
claude46,dd_22819,T5,0.0,0.0,0.0,0.0
claude46,dd_22819,T6,0.0,0.0,0.0,0.0
claude46,dd_23534,T0,1.0,1.0,1.0,0.0
claude46,dd_23534,T1,1.0,1.0,1.0,0.0
claude46,dd_23534,T3,1.0,1.0,1.0,0.0
claude46,dd_23534,T5,1.0,1.0,1.0,0.0
claude46,dd_23534,T6,1.0,1.0,1.0,0.0
claude46,dd_24260,T0,0.0,0.0,0.0,0.0
claude46,dd_24260,T1,1.0,0.25,0.625,0.75
claude46,dd_24260,T3,1.0,1.0,1.0,0.0
claude46,dd_24260,T5,1.0,1.0,1.0,0.0
claude46,dd_24260,T6,1.0,0.15000000000000002,0.575,0.85
claude46,dd_24405,T0,0.0,0.0,0.0,0.0
claude46,dd_24405,T1,0.0,0.0,0.0,0.0
claude46,dd_24405,T3,0.0,0.0,0.0,0.0
claude46,dd_24405,T5,0.0,0.0,0.0,0.0
claude46,dd_24405,T6,0.0,0.0,0.0,0.0
claude46,dd_24975,T0,1.0,1.0,1.0,0.0
claude46,dd_24975,T1,1.0,1.0,1.0,0.0
claude46,dd_24975,T3,1.0,1.0,1.0,0.0
claude46,dd_24975,T5,1.0,1.0,1.0,0.0
claude46,dd_24975,T6,1.0,1.0,1.0,0.0
claude46,dd_25137,T0,1.0,1.0,1.0,0.0
claude46,dd_25137,T1,1.0,1.0,1.0,0.0
claude46,dd_25137,T3,1.0,1.0,1.0,0.0
claude46,dd_25137,T5,1.0,1.0,1.0,0.0
claude46,dd_25137,T6,1.0,1.0,1.0,0.0
claude46,dd_25302,T0,0.0,0.0,0.0,0.0
claude46,dd_25302,T1,0.0,0.0,0.0,0.0
claude46,dd_25302,T3,0.0,0.0,0.0,0.0
claude46,dd_25302,T5,0.0,0.0,0.0,0.0
claude46,dd_25302,T6,0.0,0.0,0.0,0.0
claude46,dd_25868,T0,1.0,1.0,1.0,0.0
claude46,dd_25868,T1,1.0,1.0,1.0,0.0
claude46,dd_25868,T3,1.0,1.0,1.0,0.0
claude46,dd_25868,T5,1.0,1.0,1.0,0.0
claude46,dd_25868,T6,1.0,1.0,1.0,0.0
claude46,dd_26178,T0,0.0,0.0,0.0,0.0
claude46,dd_26178,T1,0.0,0.0,0.0,0.0
claude46,dd_26178,T3,0.0,0.0,0.0,0.0
claude46,dd_26178,T5,0.0,0.0,0.0,0.0
claude46,dd_26178,T6,0.0,0.0,0.0,0.0
claude46,dd_26321,T0,1.0,1.0,1.0,0.0
claude46,dd_26321,T1,1.0,1.0,1.0,0.0
claude46,dd_26321,T3,1.0,1.0,1.0,0.0
claude46,dd_26321,T5,1.0,1.0,1.0,0.0
claude46,dd_26321,T6,1.0,1.0,1.0,0.0
claude46,dd_27524,T0,0.0,0.0,0.0,0.0
claude46,dd_27524,T1,0.0,0.0,0.0,0.0
claude46,dd_27524,T3,0.0,0.0,0.0,0.0
claude46,dd_27524,T5,0.0,0.0,0.0,0.0
claude46,dd_27524,T6,0.0,0.0,0.0,0.0
claude46,dd_27558,T0,0.0,0.0,0.0,0.0
claude46,dd_27558,T1,0.0,0.0,0.0,0.0
claude46,dd_27558,T3,0.0,0.0,0.0,0.0
claude46,dd_27558,T5,0.0,0.0,0.0,0.0
claude46,dd_27558,T6,0.0,0.0,0.0,0.0
claude46,dd_28814,T0,0.0,0.0,0.0,0.0
claude46,dd_28814,T1,0.0,0.0,0.0,0.0
claude46,dd_28814,T3,0.0,0.0,0.0,0.0
claude46,dd_28814,T5,0.0,0.0,0.0,0.0
claude46,dd_28814,T6,0.0,0.0,0.0,0.0
claude46,dd_29454,T0,0.0,0.0,0.0,0.0
claude46,dd_29454,T1,0.0,0.0,0.0,0.0
claude46,dd_29454,T5,0.0,0.0,0.0,0.0
claude46,dd_29454,T6,0.0,0.0,0.0,0.0
claude46,dd_29978,T0,1.0,0.55,0.775,0.44999999999999996
claude46,dd_29978,T1,1.0,0.0,0.5,1.0
claude46,dd_29978,T3,1.0,0.0,0.5,1.0
claude46,dd_29978,T5,1.0,0.0,0.5,1.0
claude46,dd_29978,T6,0.0,0.0,0.0,0.0
claude46,dd_30131,T0,0.0,0.0,0.0,0.0
claude46,dd_30131,T1,0.0,0.0,0.0,0.0
claude46,dd_30131,T3,0.0,0.0,0.0,0.0
claude46,dd_30131,T5,0.0,0.0,0.0,0.0
claude46,dd_30131,T6,0.0,0.0,0.0,0.0
claude46,dd_30899,T0,1.0,1.0,1.0,0.0
claude46,dd_30899,T1,1.0,1.0,1.0,0.0
claude46,dd_30899,T3,1.0,1.0,1.0,0.0
claude46,dd_30899,T5,1.0,1.0,1.0,0.0
claude46,dd_30899,T6,1.0,1.0,1.0,0.0
claude46,dd_31129,T0,0.0,0.0,0.0,0.0
claude46,dd_31129,T1,0.0,0.0,0.0,0.0
claude46,dd_31129,T3,0.0,0.0,0.0,0.0
claude46,dd_31129,T5,0.0,0.0,0.0,0.0
claude46,dd_31129,T6,0.0,0.0,0.0,0.0
claude46,dd_32872,T0,0.0,0.0,0.0,0.0
claude46,dd_32872,T1,0.0,0.0,0.0,0.0
claude46,dd_32872,T3,0.0,0.0,0.0,0.0
claude46,dd_32872,T5,0.0,0.0,0.0,0.0
claude46,dd_32872,T6,0.0,0.0,0.0,0.0
claude46,dd_33618,T0,0.0,0.0,0.0,0.0
claude46,dd_33618,T1,1.0,1.0,1.0,0.0
claude46,dd_33618,T3,0.0,0.0,0.0,0.0
claude46,dd_33618,T5,1.0,0.0,0.5,1.0
claude46,dd_33618,T6,0.0,0.0,0.0,0.0
claude46,dd_34148,T0,0.0,0.0,0.0,0.0
claude46,dd_34148,T1,0.0,0.0,0.0,0.0
claude46,dd_34148,T3,0.0,0.0,0.0,0.0
claude46,dd_34148,T5,0.0,0.0,0.0,0.0
claude46,dd_34148,T6,0.0,0.0,0.0,0.0
claude46,dd_34460,T0,0.0,0.0,0.0,0.0
claude46,dd_34460,T1,0.0,0.0,0.0,0.0
claude46,dd_34460,T3,0.0,0.0,0.0,0.0
claude46,dd_34460,T5,0.0,0.0,0.0,0.0
claude46,dd_34460,T6,0.0,0.0,0.0,0.0
claude46,dd_35732,T0,0.0,0.0,0.0,0.0
claude46,dd_35732,T1,0.0,0.0,0.0,0.0
claude46,dd_35732,T3,0.0,0.0,0.0,0.0
claude46,dd_35732,T5,0.0,0.0,0.0,0.0
claude46,dd_35732,T6,0.0,0.0,0.0,0.0
claude46,dd_36819,T0,0.0,0.0,0.0,0.0
claude46,dd_36819,T1,0.0,0.0,0.0,0.0
claude46,dd_36819,T3,0.0,0.0,0.0,0.0
claude46,dd_36819,T5,0.0,0.0,0.0,0.0
claude46,dd_36819,T6,0.0,0.0,0.0,0.0
claude46,dd_37249,T0,1.0,1.0,1.0,0.0
claude46,dd_37249,T1,1.0,1.0,1.0,0.0
claude46,dd_37249,T3,1.0,1.0,1.0,0.0
claude46,dd_37249,T5,1.0,1.0,1.0,0.0
claude46,dd_37249,T6,1.0,1.0,1.0,0.0
claude46,dd_37490,T0,1.0,1.0,1.0,0.0
claude46,dd_37490,T1,1.0,1.0,1.0,0.0
claude46,dd_37490,T3,1.0,1.0,1.0,0.0
claude46,dd_37490,T5,1.0,1.0,1.0,0.0
claude46,dd_37490,T6,1.0,1.0,1.0,0.0
claude46,dd_38533,T0,0.0,0.0,0.0,0.0
claude46,dd_38533,T1,0.0,0.0,0.0,0.0
claude46,dd_38533,T3,0.0,0.0,0.0,0.0
claude46,dd_38533,T5,0.0,0.0,0.0,0.0
claude46,dd_38533,T6,0.0,0.0,0.0,0.0
claude46,dd_39199,T0,1.0,1.0,1.0,0.0
claude46,dd_39199,T1,1.0,1.0,1.0,0.0
claude46,dd_39199,T3,1.0,1.0,1.0,0.0
claude46,dd_39199,T5,1.0,1.0,1.0,0.0
claude46,dd_39199,T6,1.0,1.0,1.0,0.0
claude46,dd_42860,T0,0.0,0.0,0.0,0.0
claude46,dd_42860,T1,0.0,0.0,0.0,0.0
claude46,dd_42860,T3,0.0,0.0,0.0,0.0
claude46,dd_42860,T5,0.0,0.0,0.0,0.0
claude46,dd_42860,T6,0.0,0.0,0.0,0.0
claude46,dd_44063,T0,1.0,1.0,1.0,0.0
claude46,dd_44063,T1,1.0,1.0,1.0,0.0
claude46,dd_44063,T3,1.0,1.0,1.0,0.0
claude46,dd_44063,T5,1.0,1.0,1.0,0.0
claude46,dd_44063,T6,1.0,0.0,0.5,1.0
claude46,dd_44380,T0,1.0,1.0,1.0,0.0
claude46,dd_44380,T1,1.0,1.0,1.0,0.0
claude46,dd_44380,T3,1.0,1.0,1.0,0.0
claude46,dd_44380,T5,1.0,1.0,1.0,0.0
claude46,dd_44380,T6,1.0,1.0,1.0,0.0
claude46,dd_45938,T0,0.0,0.0,0.0,0.0
claude46,dd_45938,T1,0.0,0.0,0.0,0.0
claude46,dd_45938,T3,0.0,0.0,0.0,0.0
claude46,dd_45938,T5,0.0,0.0,0.0,0.0
claude46,dd_45938,T6,0.0,0.0,0.0,0.0
claude46,dd_46859,T0,0.0,0.0,0.0,0.0
claude46,dd_46859,T1,0.0,0.0,0.0,0.0
claude46,dd_46859,T3,0.0,0.0,0.0,0.0
claude46,dd_46859,T5,0.0,0.0,0.0,0.0
claude46,dd_46859,T6,0.0,0.0,0.0,0.0
claude46,dd_47886,T0,1.0,1.0,1.0,0.0
claude46,dd_47886,T1,0.0,0.0,0.0,0.0
claude46,dd_47886,T3,0.0,0.0,0.0,0.0
claude46,dd_47886,T5,0.0,0.0,0.0,0.0
claude46,dd_47886,T6,0.0,0.0,0.0,0.0
claude46,dd_5570,T0,1.0,1.0,1.0,0.0
claude46,dd_5570,T1,1.0,1.0,1.0,0.0
claude46,dd_5570,T3,1.0,1.0,1.0,0.0
claude46,dd_5570,T5,1.0,1.0,1.0,0.0
claude46,dd_5570,T6,1.0,1.0,1.0,0.0
claude46,dd_6488,T0,0.0,0.0,0.0,0.0
claude46,dd_6488,T1,0.0,0.0,0.0,0.0
claude46,dd_6488,T3,0.0,0.0,0.0,0.0
claude46,dd_6488,T5,0.0,0.0,0.0,0.0
claude46,dd_6488,T6,0.0,0.0,0.0,0.0
claude46,dd_6826,T0,1.0,1.0,1.0,0.0
claude46,dd_6826,T1,1.0,1.0,1.0,0.0
claude46,dd_6826,T3,1.0,1.0,1.0,0.0
claude46,dd_6826,T5,1.0,1.0,1.0,0.0
claude46,dd_6826,T6,1.0,1.0,1.0,0.0
claude46,dd_6868,T0,1.0,1.0,1.0,0.0
claude46,dd_6868,T1,0.0,0.0,0.0,0.0
claude46,dd_6868,T3,0.0,0.1,0.05,0.1
claude46,dd_6868,T5,0.0,0.0,0.0,0.0
claude46,dd_6868,T6,0.0,0.0,0.0,0.0
claude46,dd_7687,T0,1.0,1.0,1.0,0.0
claude46,dd_7687,T1,1.0,1.0,1.0,0.0
claude46,dd_7687,T3,1.0,1.0,1.0,0.0
claude46,dd_7687,T5,1.0,1.0,1.0,0.0
claude46,dd_7687,T6,1.0,1.0,1.0,0.0
claude46,dd_8580,T0,0.0,0.0,0.0,0.0
claude46,dd_8580,T1,0.0,0.0,0.0,0.0
claude46,dd_8580,T3,0.0,0.0,0.0,0.0
claude46,dd_8580,T5,0.0,0.0,0.0,0.0
claude46,dd_8580,T6,0.0,0.0,0.0,0.0
claude46,dd_9595,T0,0.0,0.0,0.0,0.0
claude46,dd_9595,T1,1.0,1.0,1.0,0.0
claude46,dd_9595,T3,1.0,1.0,1.0,0.0
claude46,dd_9595,T5,1.0,1.0,1.0,0.0
claude46,dd_9595,T6,1.0,1.0,1.0,0.0
claude46,dd_9899,T0,1.0,1.0,1.0,0.0
claude46,dd_9899,T1,1.0,1.0,1.0,0.0
claude46,dd_9899,T3,1.0,1.0,1.0,0.0
claude46,dd_9899,T5,1.0,1.0,1.0,0.0
claude46,dd_9899,T6,1.0,1.0,1.0,0.0
claude46,dd_9955,T0,1.0,0.0,0.5,1.0
claude46,dd_9955,T1,1.0,1.0,1.0,0.0
claude46,dd_9955,T3,1.0,1.0,1.0,0.0
claude46,dd_9955,T5,1.0,1.0,1.0,0.0
claude46,dd_9955,T6,1.0,0.0,0.5,1.0
claude46,mc_C_034,T0,1.0,1.0,1.0,0.0
claude46,mc_C_034,T1,1.0,1.0,1.0,0.0
claude46,mc_C_034,T3,1.0,1.0,1.0,0.0
claude46,mc_C_034,T5,1.0,1.0,1.0,0.0
claude46,mc_C_034,T6,1.0,1.0,1.0,0.0
claude46,mc_C_1095,T0,1.0,1.0,1.0,0.0
claude46,mc_C_1095,T1,1.0,1.0,1.0,0.0
claude46,mc_C_1095,T3,1.0,1.0,1.0,0.0
claude46,mc_C_1095,T5,1.0,1.0,1.0,0.0
claude46,mc_C_1095,T6,1.0,1.0,1.0,0.0
claude46,mc_C_1216,T0,1.0,1.0,1.0,0.0
claude46,mc_C_1216,T1,1.0,1.0,1.0,0.0
claude46,mc_C_1216,T3,1.0,1.0,1.0,0.0
claude46,mc_C_1216,T5,1.0,1.0,1.0,0.0
claude46,mc_C_1216,T6,1.0,1.0,1.0,0.0
claude46,mc_C_183,T0,1.0,1.0,1.0,0.0
claude46,mc_C_183,T1,1.0,1.0,1.0,0.0
claude46,mc_C_183,T3,1.0,1.0,1.0,0.0
claude46,mc_C_183,T5,1.0,1.0,1.0,0.0
claude46,mc_C_183,T6,1.0,1.0,1.0,0.0
claude46,mc_C_291,T0,1.0,1.0,1.0,0.0
claude46,mc_C_291,T1,1.0,1.0,1.0,0.0
claude46,mc_C_291,T3,1.0,1.0,1.0,0.0
claude46,mc_C_291,T5,1.0,1.0,1.0,0.0
claude46,mc_C_291,T6,1.0,1.0,1.0,0.0
claude46,mc_C_467,T0,1.0,1.0,1.0,0.0
claude46,mc_C_467,T1,1.0,1.0,1.0,0.0
claude46,mc_C_467,T3,1.0,1.0,1.0,0.0
claude46,mc_C_467,T5,1.0,1.0,1.0,0.0
claude46,mc_C_467,T6,1.0,1.0,1.0,0.0
claude46,mc_C_527,T0,1.0,1.0,1.0,0.0
claude46,mc_C_527,T1,1.0,1.0,1.0,0.0
claude46,mc_C_527,T3,1.0,1.0,1.0,0.0
claude46,mc_C_527,T5,1.0,1.0,1.0,0.0
claude46,mc_C_527,T6,1.0,1.0,1.0,0.0
claude46,mc_C_675,T0,1.0,1.0,1.0,0.0
claude46,mc_C_675,T1,1.0,1.0,1.0,0.0
claude46,mc_C_675,T3,1.0,1.0,1.0,0.0
claude46,mc_C_675,T5,1.0,1.0,1.0,0.0
claude46,mc_C_675,T6,1.0,1.0,1.0,0.0
claude46,mc_C_772,T0,1.0,1.0,1.0,0.0
claude46,mc_C_772,T1,1.0,1.0,1.0,0.0
claude46,mc_C_772,T3,1.0,1.0,1.0,0.0
claude46,mc_C_772,T5,1.0,1.0,1.0,0.0
claude46,mc_C_772,T6,1.0,1.0,1.0,0.0
claude46,mc_C_941,T0,1.0,1.0,1.0,0.0
claude46,mc_C_941,T1,1.0,1.0,1.0,0.0
claude46,mc_C_941,T3,1.0,1.0,1.0,0.0
claude46,mc_C_941,T5,1.0,1.0,1.0,0.0
claude46,mc_C_941,T6,1.0,1.0,1.0,0.0
claude46,mc_G_005,T0,1.0,1.0,1.0,0.0
claude46,mc_G_005,T1,1.0,1.0,1.0,0.0
claude46,mc_G_005,T3,1.0,1.0,1.0,0.0
claude46,mc_G_005,T5,1.0,1.0,1.0,0.0
claude46,mc_G_005,T6,1.0,1.0,1.0,0.0
claude46,mc_G_037,T0,1.0,1.0,1.0,0.0
claude46,mc_G_037,T1,1.0,1.0,1.0,0.0
claude46,mc_G_037,T3,1.0,1.0,1.0,0.0
claude46,mc_G_037,T5,1.0,1.0,1.0,0.0
claude46,mc_G_037,T6,1.0,1.0,1.0,0.0
claude46,mc_G_064,T0,0.0,0.0,0.0,0.0
claude46,mc_G_064,T1,0.0,0.0,0.0,0.0
claude46,mc_G_064,T3,0.0,0.0,0.0,0.0
claude46,mc_G_064,T5,0.0,0.0,0.0,0.0
claude46,mc_G_064,T6,0.0,0.0,0.0,0.0
claude46,mc_G_086,T0,1.0,1.0,1.0,0.0
claude46,mc_G_086,T1,1.0,1.0,1.0,0.0
claude46,mc_G_086,T3,1.0,1.0,1.0,0.0
claude46,mc_G_086,T5,1.0,1.0,1.0,0.0
claude46,mc_G_086,T6,1.0,1.0,1.0,0.0
claude46,mc_G_112,T0,1.0,1.0,1.0,0.0
claude46,mc_G_112,T1,0.35,1.0,0.675,0.65
claude46,mc_G_112,T3,1.0,1.0,1.0,0.0
claude46,mc_G_112,T5,0.0,0.0,0.0,0.0
claude46,mc_G_112,T6,0.0,0.0,0.0,0.0
claude46,mc_G_135,T0,1.0,1.0,1.0,0.0
claude46,mc_G_135,T1,1.0,1.0,1.0,0.0
claude46,mc_G_135,T3,1.0,1.0,1.0,0.0
claude46,mc_G_135,T5,1.0,1.0,1.0,0.0
claude46,mc_G_135,T6,1.0,1.0,1.0,0.0
claude46,mc_G_156,T0,0.0,0.0,0.0,0.0
claude46,mc_G_156,T1,0.0,0.0,0.0,0.0
claude46,mc_G_156,T3,0.0,0.0,0.0,0.0
claude46,mc_G_156,T5,0.0,0.0,0.0,0.0
claude46,mc_G_156,T6,0.0,0.0,0.0,0.0
claude46,mc_G_179,T0,0.0,0.0,0.0,0.0
claude46,mc_G_179,T1,0.0,0.0,0.0,0.0
claude46,mc_G_179,T3,0.0,0.0,0.0,0.0
claude46,mc_G_179,T5,0.0,0.0,0.0,0.0
claude46,mc_G_179,T6,0.0,0.0,0.0,0.0
claude46,mc_G_186,T0,0.0,0.0,0.0,0.0
claude46,mc_G_186,T1,0.0,0.0,0.0,0.0
claude46,mc_G_186,T3,0.0,0.0,0.0,0.0
claude46,mc_G_186,T5,0.0,0.0,0.0,0.0
claude46,mc_G_186,T6,0.0,0.0,0.0,0.0
claude46,mc_G_235,T0,1.0,1.0,1.0,0.0
claude46,mc_G_235,T1,1.0,1.0,1.0,0.0
claude46,mc_G_235,T3,1.0,1.0,1.0,0.0
claude46,mc_G_235,T5,1.0,1.0,1.0,0.0
claude46,mc_G_235,T6,1.0,1.0,1.0,0.0
claude46,mc_G_236,T0,1.0,1.0,1.0,0.0
claude46,mc_G_236,T1,1.0,1.0,1.0,0.0
claude46,mc_G_236,T3,1.0,1.0,1.0,0.0
claude46,mc_G_236,T5,1.0,1.0,1.0,0.0
claude46,mc_G_236,T6,1.0,1.0,1.0,0.0
claude46,mc_G_288,T0,1.0,1.0,1.0,0.0
claude46,mc_G_288,T1,1.0,1.0,1.0,0.0
claude46,mc_G_288,T3,1.0,1.0,1.0,0.0
claude46,mc_G_288,T5,1.0,1.0,1.0,0.0
claude46,mc_G_288,T6,1.0,1.0,1.0,0.0
claude46,mc_G_302,T0,1.0,1.0,1.0,0.0
claude46,mc_G_302,T1,1.0,1.0,1.0,0.0
claude46,mc_G_302,T3,1.0,1.0,1.0,0.0
claude46,mc_G_302,T5,1.0,1.0,1.0,0.0
claude46,mc_G_302,T6,1.0,1.0,1.0,0.0
claude46,mc_G_365,T0,1.0,1.0,1.0,0.0
claude46,mc_G_365,T1,1.0,1.0,1.0,0.0
claude46,mc_G_365,T3,1.0,1.0,1.0,0.0
claude46,mc_G_365,T5,1.0,1.0,1.0,0.0
claude46,mc_G_365,T6,1.0,1.0,1.0,0.0
claude46,mc_G_373,T0,0.0,0.0,0.0,0.0
claude46,mc_G_373,T1,0.0,0.0,0.0,0.0
claude46,mc_G_373,T3,0.0,0.0,0.0,0.0
claude46,mc_G_373,T5,0.0,0.0,0.0,0.0
claude46,mc_G_373,T6,0.0,0.0,0.0,0.0
claude46,mc_G_385,T0,1.0,1.0,1.0,0.0
claude46,mc_G_385,T1,1.0,1.0,1.0,0.0
claude46,mc_G_385,T3,1.0,1.0,1.0,0.0
claude46,mc_G_385,T5,1.0,1.0,1.0,0.0
claude46,mc_G_385,T6,1.0,1.0,1.0,0.0
claude46,mc_G_397,T0,0.0,0.0,0.0,0.0
claude46,mc_G_397,T1,0.0,0.0,0.0,0.0
claude46,mc_G_397,T3,0.0,0.0,0.0,0.0
claude46,mc_G_397,T5,0.0,0.0,0.0,0.0
claude46,mc_G_397,T6,0.0,0.0,0.0,0.0
claude46,mc_G_431,T0,1.0,1.0,1.0,0.0
claude46,mc_G_431,T1,1.0,1.0,1.0,0.0
claude46,mc_G_431,T3,1.0,1.0,1.0,0.0
claude46,mc_G_431,T5,1.0,1.0,1.0,0.0
claude46,mc_G_431,T6,1.0,1.0,1.0,0.0
claude46,mc_G_453,T0,1.0,1.0,1.0,0.0
claude46,mc_G_453,T1,1.0,1.0,1.0,0.0
claude46,mc_G_453,T3,1.0,1.0,1.0,0.0
claude46,mc_G_453,T5,1.0,1.0,1.0,0.0
claude46,mc_G_453,T6,1.0,1.0,1.0,0.0
claude46,mc_G_492,T0,1.0,1.0,1.0,0.0
claude46,mc_G_492,T1,1.0,1.0,1.0,0.0
claude46,mc_G_492,T3,1.0,1.0,1.0,0.0
claude46,mc_G_492,T5,1.0,1.0,1.0,0.0
claude46,mc_G_492,T6,1.0,1.0,1.0,0.0
claude46,mc_G_572,T0,1.0,1.0,1.0,0.0
claude46,mc_G_572,T1,1.0,1.0,1.0,0.0
claude46,mc_G_572,T3,1.0,1.0,1.0,0.0
claude46,mc_G_572,T5,1.0,1.0,1.0,0.0
claude46,mc_G_572,T6,1.0,1.0,1.0,0.0
claude46,mc_G_595,T0,1.0,1.0,1.0,0.0
claude46,mc_G_595,T1,1.0,1.0,1.0,0.0
claude46,mc_G_595,T3,1.0,1.0,1.0,0.0
claude46,mc_G_595,T5,1.0,1.0,1.0,0.0
claude46,mc_G_595,T6,1.0,1.0,1.0,0.0
claude46,mc_G_601,T0,1.0,1.0,1.0,0.0
claude46,mc_G_601,T1,1.0,1.0,1.0,0.0
claude46,mc_G_601,T3,1.0,1.0,1.0,0.0
claude46,mc_G_601,T5,1.0,1.0,1.0,0.0
claude46,mc_G_601,T6,1.0,1.0,1.0,0.0
claude46,mc_H_035,T0,0.0,0.0,0.0,0.0
claude46,mc_H_035,T1,0.0,0.0,0.0,0.0
claude46,mc_H_035,T3,0.0,0.0,0.0,0.0
claude46,mc_H_035,T5,0.0,0.0,0.0,0.0
claude46,mc_H_035,T6,0.0,0.0,0.0,0.0
claude46,mc_H_044,T0,0.0,0.0,0.0,0.0
claude46,mc_H_044,T1,0.0,0.0,0.0,0.0
claude46,mc_H_044,T3,0.0,0.0,0.0,0.0
claude46,mc_H_044,T5,0.0,0.0,0.0,0.0
claude46,mc_H_044,T6,0.0,0.0,0.0,0.0
claude46,mc_H_049,T0,0.0,0.0,0.0,0.0
claude46,mc_H_049,T1,0.0,0.0,0.0,0.0
claude46,mc_H_049,T3,0.0,0.0,0.0,0.0
claude46,mc_H_049,T5,0.0,0.0,0.0,0.0
claude46,mc_H_049,T6,0.0,0.0,0.0,0.0
claude46,mc_H_060,T0,1.0,1.0,1.0,0.0
claude46,mc_H_060,T1,1.0,1.0,1.0,0.0
claude46,mc_H_060,T3,1.0,1.0,1.0,0.0
claude46,mc_H_060,T5,1.0,1.0,1.0,0.0
claude46,mc_H_060,T6,1.0,1.0,1.0,0.0
claude46,mc_H_066,T0,0.0,0.0,0.0,0.0
claude46,mc_H_066,T1,0.0,0.0,0.0,0.0
claude46,mc_H_066,T3,0.0,0.0,0.0,0.0
claude46,mc_H_066,T5,0.0,0.0,0.0,0.0
claude46,mc_H_066,T6,0.0,0.0,0.0,0.0
claude46,mc_H_072,T0,0.0,0.0,0.0,0.0
claude46,mc_H_072,T1,0.0,0.0,0.0,0.0
claude46,mc_H_072,T3,0.0,0.0,0.0,0.0
claude46,mc_H_072,T5,0.0,0.0,0.0,0.0
claude46,mc_H_072,T6,0.0,0.0,0.0,0.0
claude46,mc_H_073,T0,0.85,0.0,0.425,0.85
claude46,mc_H_073,T1,1.0,1.0,1.0,0.0
claude46,mc_H_073,T3,0.8500000000000001,0.0,0.42500000000000004,0.8500000000000001
claude46,mc_H_073,T5,1.0,1.0,1.0,0.0
claude46,mc_H_073,T6,0.0,1.0,0.5,1.0
claude_haiku45,dd_0107,T1,0.0,0.0,0.0,0.0
claude_haiku45,dd_0107,T3,0.0,0.0,0.0,0.0
claude_haiku45,dd_0107,T5,0.0,0.0,0.0,0.0
claude_haiku45,dd_0107,T6,0.0,0.0,0.0,0.0
claude_haiku45,dd_0283,T1,0.0,0.0,0.0,0.0
claude_haiku45,dd_0283,T3,0.0,0.0,0.0,0.0
claude_haiku45,dd_0283,T5,0.0,0.0,0.0,0.0
claude_haiku45,dd_0283,T6,0.0,0.0,0.0,0.0
claude_haiku45,dd_11241,T1,0.0,0.0,0.0,0.0
claude_haiku45,dd_11241,T3,0.0,0.0,0.0,0.0
claude_haiku45,dd_11241,T5,0.0,0.0,0.0,0.0
claude_haiku45,dd_11241,T6,0.0,0.0,0.0,0.0
claude_haiku45,dd_13518,T1,0.0,0.0,0.0,0.0
claude_haiku45,dd_13518,T3,0.0,0.0,0.0,0.0
claude_haiku45,dd_13518,T5,0.0,0.0,0.0,0.0
claude_haiku45,dd_13518,T6,0.0,0.0,0.0,0.0
claude_haiku45,dd_14408,T1,1.0,1.0,1.0,0.0
claude_haiku45,dd_14408,T3,1.0,1.0,1.0,0.0
claude_haiku45,dd_14408,T5,1.0,1.0,1.0,0.0
claude_haiku45,dd_14408,T6,1.0,1.0,1.0,0.0
claude_haiku45,dd_14818,T1,1.0,0.0,0.5,1.0
claude_haiku45,dd_14818,T3,1.0,0.0,0.5,1.0
claude_haiku45,dd_14818,T5,1.0,0.95,0.975,0.050000000000000044
claude_haiku45,dd_14818,T6,1.0,0.25,0.625,0.75
claude_haiku45,dd_15810,T1,0.95,1.0,0.975,0.050000000000000044
claude_haiku45,dd_15810,T3,1.0,1.0,1.0,0.0
claude_haiku45,dd_15810,T5,1.0,1.0,1.0,0.0
claude_haiku45,dd_15810,T6,1.0,1.0,1.0,0.0
claude_haiku45,dd_17929,T1,0.0,0.0,0.0,0.0
claude_haiku45,dd_17929,T3,0.0,0.0,0.0,0.0
claude_haiku45,dd_17929,T5,0.0,0.0,0.0,0.0
claude_haiku45,dd_17929,T6,0.0,0.0,0.0,0.0
claude_haiku45,dd_1808,T1,1.0,1.0,1.0,0.0
claude_haiku45,dd_1808,T3,0.0,0.45,0.225,0.45
claude_haiku45,dd_1808,T5,1.0,1.0,1.0,0.0
claude_haiku45,dd_1808,T6,0.0,1.0,0.5,1.0
claude_haiku45,dd_1814,T1,0.0,0.0,0.0,0.0
claude_haiku45,dd_1814,T3,0.0,0.0,0.0,0.0
claude_haiku45,dd_1814,T5,0.0,0.0,0.0,0.0
claude_haiku45,dd_1814,T6,0.0,0.0,0.0,0.0
claude_haiku45,dd_18223,T1,0.0,0.0,0.0,0.0
claude_haiku45,dd_18223,T3,0.0,0.0,0.0,0.0
claude_haiku45,dd_18223,T5,0.0,0.0,0.0,0.0
claude_haiku45,dd_18223,T6,0.0,0.0,0.0,0.0
claude_haiku45,dd_18643,T1,1.0,1.0,1.0,0.0
claude_haiku45,dd_18643,T3,1.0,1.0,1.0,0.0
claude_haiku45,dd_18643,T5,1.0,1.0,1.0,0.0
claude_haiku45,dd_18643,T6,1.0,1.0,1.0,0.0
claude_haiku45,dd_18670,T1,1.0,1.0,1.0,0.0
claude_haiku45,dd_18670,T3,1.0,1.0,1.0,0.0
claude_haiku45,dd_18670,T5,1.0,1.0,1.0,0.0
claude_haiku45,dd_18670,T6,0.7,1.0,0.85,0.30000000000000004
claude_haiku45,dd_2081,T1,1.0,1.0,1.0,0.0
claude_haiku45,dd_2081,T3,1.0,1.0,1.0,0.0
claude_haiku45,dd_2081,T5,1.0,1.0,1.0,0.0
claude_haiku45,dd_2081,T6,1.0,1.0,1.0,0.0
claude_haiku45,dd_21158,T1,1.0,1.0,1.0,0.0
claude_haiku45,dd_21158,T3,1.0,1.0,1.0,0.0
claude_haiku45,dd_21158,T5,1.0,1.0,1.0,0.0
claude_haiku45,dd_21158,T6,1.0,1.0,1.0,0.0
claude_haiku45,dd_21629,T1,1.0,1.0,1.0,0.0
claude_haiku45,dd_21629,T3,1.0,1.0,1.0,0.0
claude_haiku45,dd_21629,T5,1.0,1.0,1.0,0.0
claude_haiku45,dd_21629,T6,1.0,1.0,1.0,0.0
claude_haiku45,dd_21630,T1,0.0,0.0,0.0,0.0
claude_haiku45,dd_21630,T3,0.0,0.0,0.0,0.0
claude_haiku45,dd_21630,T5,0.0,0.0,0.0,0.0
claude_haiku45,dd_21630,T6,0.0,0.30000000000000004,0.15000000000000002,0.30000000000000004
claude_haiku45,dd_22819,T1,0.0,0.0,0.0,0.0
claude_haiku45,dd_22819,T3,0.0,0.0,0.0,0.0
claude_haiku45,dd_22819,T5,0.0,0.0,0.0,0.0
claude_haiku45,dd_22819,T6,0.0,0.0,0.0,0.0
claude_haiku45,dd_23534,T1,1.0,0.5,0.75,0.5
claude_haiku45,dd_23534,T3,1.0,0.0,0.5,1.0
claude_haiku45,dd_23534,T5,1.0,0.9166666666666667,0.9583333333333334,0.08333333333333326
claude_haiku45,dd_23534,T6,1.0,0.625,0.8125,0.375
claude_haiku45,dd_24260,T1,0.0,0.0,0.0,0.0
claude_haiku45,dd_24260,T3,0.0,0.0,0.0,0.0
claude_haiku45,dd_24260,T5,0.0,0.0,0.0,0.0
claude_haiku45,dd_24260,T6,0.0,0.0,0.0,0.0
claude_haiku45,dd_24405,T1,0.0,0.0,0.0,0.0
claude_haiku45,dd_24405,T3,0.0,0.0,0.0,0.0
claude_haiku45,dd_24405,T5,0.0,0.0,0.0,0.0
claude_haiku45,dd_24405,T6,0.0,0.0,0.0,0.0
claude_haiku45,dd_24975,T1,1.0,1.0,1.0,0.0
claude_haiku45,dd_24975,T3,1.0,1.0,1.0,0.0
claude_haiku45,dd_24975,T5,1.0,1.0,1.0,0.0
claude_haiku45,dd_24975,T6,1.0,1.0,1.0,0.0
claude_haiku45,dd_25137,T1,1.0,1.0,1.0,0.0
claude_haiku45,dd_25137,T3,1.0,1.0,1.0,0.0
claude_haiku45,dd_25137,T5,1.0,1.0,1.0,0.0
claude_haiku45,dd_25137,T6,1.0,1.0,1.0,0.0
claude_haiku45,dd_25302,T1,0.0,0.0,0.0,0.0
claude_haiku45,dd_25302,T3,0.0,0.0,0.0,0.0
claude_haiku45,dd_25302,T5,0.0,0.0,0.0,0.0
claude_haiku45,dd_25302,T6,0.0,0.0,0.0,0.0
claude_haiku45,dd_25868,T1,1.0,1.0,1.0,0.0
claude_haiku45,dd_25868,T3,1.0,1.0,1.0,0.0
claude_haiku45,dd_25868,T5,1.0,1.0,1.0,0.0
claude_haiku45,dd_25868,T6,0.15000000000000002,1.0,0.575,0.85
claude_haiku45,dd_26178,T1,0.0,0.0,0.0,0.0
claude_haiku45,dd_26178,T3,0.0,0.0,0.0,0.0
claude_haiku45,dd_26178,T5,0.0,0.0,0.0,0.0
claude_haiku45,dd_26178,T6,0.0,0.0,0.0,0.0
claude_haiku45,dd_26321,T1,1.0,1.0,1.0,0.0
claude_haiku45,dd_26321,T3,1.0,1.0,1.0,0.0
claude_haiku45,dd_26321,T5,1.0,1.0,1.0,0.0
claude_haiku45,dd_26321,T6,1.0,1.0,1.0,0.0
claude_haiku45,dd_27524,T1,0.0,0.0,0.0,0.0
claude_haiku45,dd_27524,T3,0.0,0.0,0.0,0.0
claude_haiku45,dd_27524,T5,0.0,0.0,0.0,0.0
claude_haiku45,dd_27524,T6,0.0,0.0,0.0,0.0
claude_haiku45,dd_27558,T1,0.0,0.0,0.0,0.0
claude_haiku45,dd_27558,T3,0.0,0.0,0.0,0.0
claude_haiku45,dd_27558,T5,0.0,0.0,0.0,0.0
claude_haiku45,dd_27558,T6,0.0,0.0,0.0,0.0
claude_haiku45,dd_28814,T1,0.0,0.0,0.0,0.0
claude_haiku45,dd_28814,T3,0.0,0.0,0.0,0.0
claude_haiku45,dd_28814,T5,0.0,0.0,0.0,0.0
claude_haiku45,dd_28814,T6,0.0,0.0,0.0,0.0
claude_haiku45,dd_29978,T1,1.0,1.0,1.0,0.0
claude_haiku45,dd_29978,T3,1.0,0.75,0.875,0.25
claude_haiku45,dd_29978,T5,1.0,1.0,1.0,0.0
claude_haiku45,dd_29978,T6,1.0,1.0,1.0,0.0
claude_haiku45,dd_30131,T1,0.0,0.0,0.0,0.0
claude_haiku45,dd_30131,T3,0.0,0.0,0.0,0.0
claude_haiku45,dd_30131,T5,0.0,0.0,0.0,0.0
claude_haiku45,dd_30131,T6,0.0,0.0,0.0,0.0
claude_haiku45,dd_30899,T1,1.0,1.0,1.0,0.0
claude_haiku45,dd_30899,T3,1.0,1.0,1.0,0.0
claude_haiku45,dd_30899,T5,1.0,1.0,1.0,0.0
claude_haiku45,dd_30899,T6,1.0,1.0,1.0,0.0
claude_haiku45,dd_31129,T1,0.0,0.0,0.0,0.0
claude_haiku45,dd_31129,T3,0.0,0.0,0.0,0.0
claude_haiku45,dd_31129,T5,0.0,0.0,0.0,0.0
claude_haiku45,dd_31129,T6,0.0,0.0,0.0,0.0
claude_haiku45,dd_32872,T1,0.0,0.0,0.0,0.0
claude_haiku45,dd_32872,T3,0.0,0.0,0.0,0.0
claude_haiku45,dd_32872,T5,0.0,0.0,0.0,0.0
claude_haiku45,dd_32872,T6,0.0,0.0,0.0,0.0
claude_haiku45,dd_33618,T1,1.0,0.0,0.5,1.0
claude_haiku45,dd_33618,T3,0.9,0.0,0.45,0.9
claude_haiku45,dd_33618,T5,0.95,0.0,0.475,0.95
claude_haiku45,dd_33618,T6,0.05,0.0,0.025,0.05
claude_haiku45,dd_34148,T1,0.95,0.15,0.5499999999999999,0.7999999999999999
claude_haiku45,dd_34148,T3,0.0,0.0,0.0,0.0
claude_haiku45,dd_34148,T5,0.15000000000000002,1.0,0.575,0.85
claude_haiku45,dd_34148,T6,0.0,0.25,0.125,0.25
claude_haiku45,dd_34460,T1,0.0,0.0,0.0,0.0
claude_haiku45,dd_34460,T3,0.0,0.0,0.0,0.0
claude_haiku45,dd_34460,T5,0.0,0.0,0.0,0.0
claude_haiku45,dd_34460,T6,0.0,0.0,0.0,0.0
claude_haiku45,dd_35732,T1,0.0,0.0,0.0,0.0
claude_haiku45,dd_35732,T3,0.0,0.0,0.0,0.0
claude_haiku45,dd_35732,T5,0.0,0.0,0.0,0.0
claude_haiku45,dd_35732,T6,0.0,0.0,0.0,0.0
claude_haiku45,dd_36819,T1,0.0,0.0,0.0,0.0
claude_haiku45,dd_36819,T3,0.0,0.0,0.0,0.0
claude_haiku45,dd_36819,T5,0.0,0.0,0.0,0.0
claude_haiku45,dd_36819,T6,0.0,0.0,0.0,0.0
claude_haiku45,dd_37249,T1,1.0,1.0,1.0,0.0
claude_haiku45,dd_37249,T3,1.0,1.0,1.0,0.0
claude_haiku45,dd_37249,T5,1.0,1.0,1.0,0.0
claude_haiku45,dd_37249,T6,1.0,1.0,1.0,0.0
claude_haiku45,dd_37490,T1,1.0,1.0,1.0,0.0
claude_haiku45,dd_37490,T3,1.0,1.0,1.0,0.0
claude_haiku45,dd_37490,T5,1.0,1.0,1.0,0.0
claude_haiku45,dd_37490,T6,1.0,1.0,1.0,0.0
claude_haiku45,dd_38533,T1,0.0,0.0,0.0,0.0
claude_haiku45,dd_38533,T3,0.0,0.0,0.0,0.0
claude_haiku45,dd_38533,T5,0.0,0.0,0.0,0.0
claude_haiku45,dd_38533,T6,0.0,0.0,0.0,0.0
claude_haiku45,dd_39199,T1,1.0,1.0,1.0,0.0
claude_haiku45,dd_39199,T3,1.0,1.0,1.0,0.0
claude_haiku45,dd_39199,T5,1.0,1.0,1.0,0.0
claude_haiku45,dd_39199,T6,1.0,1.0,1.0,0.0
claude_haiku45,dd_42860,T1,0.0,0.0,0.0,0.0
claude_haiku45,dd_42860,T3,0.0,0.0,0.0,0.0
claude_haiku45,dd_42860,T5,0.0,0.0,0.0,0.0
claude_haiku45,dd_42860,T6,0.0,0.0,0.0,0.0
claude_haiku45,dd_44063,T1,1.0,0.85,0.925,0.15000000000000002
claude_haiku45,dd_44063,T3,1.0,0.0,0.5,1.0
claude_haiku45,dd_44063,T5,0.45,1.0,0.725,0.55
claude_haiku45,dd_44063,T6,1.0,0.05,0.525,0.95
claude_haiku45,dd_44380,T1,1.0,1.0,1.0,0.0
claude_haiku45,dd_44380,T3,1.0,1.0,1.0,0.0
claude_haiku45,dd_44380,T5,1.0,1.0,1.0,0.0
claude_haiku45,dd_44380,T6,1.0,1.0,1.0,0.0
claude_haiku45,dd_45938,T1,0.0,0.0,0.0,0.0
claude_haiku45,dd_45938,T3,0.0,0.0,0.0,0.0
claude_haiku45,dd_45938,T5,0.0,0.0,0.0,0.0
claude_haiku45,dd_45938,T6,0.0,0.0,0.0,0.0
claude_haiku45,dd_46859,T1,0.0,0.0,0.0,0.0
claude_haiku45,dd_46859,T3,0.0,0.0,0.0,0.0
claude_haiku45,dd_46859,T5,0.0,0.0,0.0,0.0
claude_haiku45,dd_46859,T6,0.0,0.0,0.0,0.0
claude_haiku45,dd_47886,T1,0.0,1.0,0.5,1.0
claude_haiku45,dd_47886,T3,1.0,1.0,1.0,0.0
claude_haiku45,dd_47886,T5,0.95,1.0,0.975,0.050000000000000044
claude_haiku45,dd_47886,T6,0.05,1.0,0.525,0.95
claude_haiku45,dd_5570,T1,1.0,1.0,1.0,0.0
claude_haiku45,dd_5570,T3,1.0,1.0,1.0,0.0
claude_haiku45,dd_5570,T5,1.0,1.0,1.0,0.0
claude_haiku45,dd_5570,T6,1.0,1.0,1.0,0.0
claude_haiku45,dd_6488,T1,0.0,0.0,0.0,0.0
claude_haiku45,dd_6488,T3,0.0,0.0,0.0,0.0
claude_haiku45,dd_6488,T5,0.0,0.0,0.0,0.0
claude_haiku45,dd_6488,T6,0.0,0.0,0.0,0.0
claude_haiku45,dd_6826,T1,1.0,1.0,1.0,0.0
claude_haiku45,dd_6826,T3,1.0,1.0,1.0,0.0
claude_haiku45,dd_6826,T5,1.0,1.0,1.0,0.0
claude_haiku45,dd_6826,T6,1.0,1.0,1.0,0.0
claude_haiku45,dd_6868,T1,0.0,0.0,0.0,0.0
claude_haiku45,dd_6868,T3,0.0,0.0,0.0,0.0
claude_haiku45,dd_6868,T5,0.0,0.0,0.0,0.0
claude_haiku45,dd_6868,T6,0.0,0.0,0.0,0.0
claude_haiku45,dd_7687,T1,1.0,1.0,1.0,0.0
claude_haiku45,dd_7687,T3,1.0,1.0,1.0,0.0
claude_haiku45,dd_7687,T5,1.0,1.0,1.0,0.0
claude_haiku45,dd_7687,T6,1.0,1.0,1.0,0.0
claude_haiku45,dd_8580,T1,1.0,1.0,1.0,0.0
claude_haiku45,dd_8580,T3,0.9,0.0,0.45,0.9
claude_haiku45,dd_8580,T5,1.0,1.0,1.0,0.0
claude_haiku45,dd_8580,T6,1.0,1.0,1.0,0.0
claude_haiku45,dd_9595,T1,1.0,1.0,1.0,0.0
claude_haiku45,dd_9595,T3,1.0,1.0,1.0,0.0
claude_haiku45,dd_9595,T5,1.0,1.0,1.0,0.0
claude_haiku45,dd_9595,T6,1.0,1.0,1.0,0.0
claude_haiku45,dd_9899,T1,1.0,1.0,1.0,0.0
claude_haiku45,dd_9899,T3,1.0,1.0,1.0,0.0
claude_haiku45,dd_9899,T5,1.0,1.0,1.0,0.0
claude_haiku45,dd_9899,T6,1.0,1.0,1.0,0.0
claude_haiku45,dd_9955,T1,1.0,0.0,0.5,1.0
claude_haiku45,dd_9955,T3,1.0,0.45,0.725,0.55
claude_haiku45,dd_9955,T5,0.95,0.55,0.75,0.3999999999999999
claude_haiku45,dd_9955,T6,0.0,0.0,0.0,0.0
claude_haiku45,mc_C_034,T1,1.0,1.0,1.0,0.0
claude_haiku45,mc_C_034,T3,1.0,1.0,1.0,0.0
claude_haiku45,mc_C_034,T5,1.0,1.0,1.0,0.0
claude_haiku45,mc_C_034,T6,1.0,1.0,1.0,0.0
claude_haiku45,mc_C_1095,T1,1.0,1.0,1.0,0.0
claude_haiku45,mc_C_1095,T3,1.0,1.0,1.0,0.0
claude_haiku45,mc_C_1095,T5,1.0,1.0,1.0,0.0
claude_haiku45,mc_C_1095,T6,1.0,1.0,1.0,0.0
claude_haiku45,mc_C_1216,T1,1.0,1.0,1.0,0.0
claude_haiku45,mc_C_1216,T3,1.0,1.0,1.0,0.0
claude_haiku45,mc_C_1216,T5,1.0,1.0,1.0,0.0
claude_haiku45,mc_C_1216,T6,1.0,1.0,1.0,0.0
claude_haiku45,mc_C_183,T1,1.0,1.0,1.0,0.0
claude_haiku45,mc_C_183,T3,1.0,1.0,1.0,0.0
claude_haiku45,mc_C_183,T5,1.0,1.0,1.0,0.0
claude_haiku45,mc_C_183,T6,1.0,1.0,1.0,0.0
claude_haiku45,mc_C_291,T1,1.0,1.0,1.0,0.0
claude_haiku45,mc_C_291,T3,1.0,1.0,1.0,0.0
claude_haiku45,mc_C_291,T5,1.0,1.0,1.0,0.0
claude_haiku45,mc_C_291,T6,1.0,1.0,1.0,0.0
claude_haiku45,mc_C_467,T1,1.0,1.0,1.0,0.0
claude_haiku45,mc_C_467,T3,1.0,1.0,1.0,0.0
claude_haiku45,mc_C_467,T5,1.0,1.0,1.0,0.0
claude_haiku45,mc_C_467,T6,1.0,1.0,1.0,0.0
claude_haiku45,mc_C_527,T1,1.0,1.0,1.0,0.0
claude_haiku45,mc_C_527,T3,1.0,1.0,1.0,0.0
claude_haiku45,mc_C_527,T5,1.0,1.0,1.0,0.0
claude_haiku45,mc_C_527,T6,1.0,1.0,1.0,0.0
claude_haiku45,mc_C_675,T1,1.0,1.0,1.0,0.0
claude_haiku45,mc_C_675,T3,1.0,1.0,1.0,0.0
claude_haiku45,mc_C_675,T5,1.0,1.0,1.0,0.0
claude_haiku45,mc_C_675,T6,1.0,1.0,1.0,0.0
claude_haiku45,mc_C_772,T1,1.0,1.0,1.0,0.0
claude_haiku45,mc_C_772,T3,1.0,1.0,1.0,0.0
claude_haiku45,mc_C_772,T5,1.0,1.0,1.0,0.0
claude_haiku45,mc_C_772,T6,1.0,1.0,1.0,0.0
claude_haiku45,mc_C_941,T1,1.0,1.0,1.0,0.0
claude_haiku45,mc_C_941,T3,1.0,1.0,1.0,0.0
claude_haiku45,mc_C_941,T5,1.0,1.0,1.0,0.0
claude_haiku45,mc_C_941,T6,1.0,1.0,1.0,0.0
claude_haiku45,mc_G_005,T1,1.0,1.0,1.0,0.0
claude_haiku45,mc_G_005,T3,1.0,1.0,1.0,0.0
claude_haiku45,mc_G_005,T5,1.0,1.0,1.0,0.0
claude_haiku45,mc_G_005,T6,1.0,1.0,1.0,0.0
claude_haiku45,mc_G_037,T1,1.0,1.0,1.0,0.0
claude_haiku45,mc_G_037,T3,1.0,1.0,1.0,0.0
claude_haiku45,mc_G_037,T5,1.0,1.0,1.0,0.0
claude_haiku45,mc_G_037,T6,1.0,1.0,1.0,0.0
claude_haiku45,mc_G_064,T1,0.0,0.0,0.0,0.0
claude_haiku45,mc_G_064,T3,0.0,0.0,0.0,0.0
claude_haiku45,mc_G_064,T5,0.0,0.0,0.0,0.0
claude_haiku45,mc_G_064,T6,0.0,0.0,0.0,0.0
claude_haiku45,mc_G_086,T1,1.0,1.0,1.0,0.0
claude_haiku45,mc_G_086,T3,1.0,1.0,1.0,0.0
claude_haiku45,mc_G_086,T5,1.0,1.0,1.0,0.0
claude_haiku45,mc_G_086,T6,1.0,1.0,1.0,0.0
claude_haiku45,mc_G_112,T1,1.0,1.0,1.0,0.0
claude_haiku45,mc_G_112,T3,1.0,1.0,1.0,0.0
claude_haiku45,mc_G_112,T5,1.0,1.0,1.0,0.0
claude_haiku45,mc_G_112,T6,1.0,1.0,1.0,0.0
claude_haiku45,mc_G_135,T1,1.0,0.0,0.5,1.0
claude_haiku45,mc_G_135,T3,1.0,0.0,0.5,1.0
claude_haiku45,mc_G_135,T5,1.0,0.0,0.5,1.0
claude_haiku45,mc_G_135,T6,1.0,0.0,0.5,1.0
claude_haiku45,mc_G_156,T1,0.0,0.0,0.0,0.0
claude_haiku45,mc_G_156,T3,0.0,0.0,0.0,0.0
claude_haiku45,mc_G_156,T5,0.0,0.0,0.0,0.0
claude_haiku45,mc_G_156,T6,0.0,0.0,0.0,0.0
claude_haiku45,mc_G_179,T1,0.0,0.0,0.0,0.0
claude_haiku45,mc_G_179,T3,0.0,0.0,0.0,0.0
claude_haiku45,mc_G_179,T5,0.0,0.0,0.0,0.0
claude_haiku45,mc_G_179,T6,0.0,0.0,0.0,0.0
claude_haiku45,mc_G_186,T1,0.0,0.0,0.0,0.0
claude_haiku45,mc_G_186,T3,0.0,0.0,0.0,0.0
claude_haiku45,mc_G_186,T5,0.0,0.0,0.0,0.0
claude_haiku45,mc_G_186,T6,0.0,0.0,0.0,0.0
claude_haiku45,mc_G_235,T1,1.0,1.0,1.0,0.0
claude_haiku45,mc_G_235,T3,1.0,1.0,1.0,0.0
claude_haiku45,mc_G_235,T5,1.0,1.0,1.0,0.0
claude_haiku45,mc_G_235,T6,1.0,1.0,1.0,0.0
claude_haiku45,mc_G_236,T1,1.0,1.0,1.0,0.0
claude_haiku45,mc_G_236,T3,1.0,1.0,1.0,0.0
claude_haiku45,mc_G_236,T5,1.0,1.0,1.0,0.0
claude_haiku45,mc_G_236,T6,1.0,1.0,1.0,0.0
claude_haiku45,mc_G_288,T1,1.0,1.0,1.0,0.0
claude_haiku45,mc_G_288,T3,1.0,1.0,1.0,0.0
claude_haiku45,mc_G_288,T5,1.0,1.0,1.0,0.0
claude_haiku45,mc_G_288,T6,1.0,1.0,1.0,0.0
claude_haiku45,mc_G_302,T1,0.0,0.0,0.0,0.0
claude_haiku45,mc_G_302,T3,0.9,0.8,0.8500000000000001,0.09999999999999998
claude_haiku45,mc_G_302,T5,0.0,0.0,0.0,0.0
claude_haiku45,mc_G_302,T6,0.0,0.0,0.0,0.0
claude_haiku45,mc_G_365,T1,1.0,1.0,1.0,0.0
claude_haiku45,mc_G_365,T3,1.0,1.0,1.0,0.0
claude_haiku45,mc_G_365,T5,1.0,1.0,1.0,0.0
claude_haiku45,mc_G_365,T6,1.0,1.0,1.0,0.0
claude_haiku45,mc_G_373,T1,0.0,0.0,0.0,0.0
claude_haiku45,mc_G_373,T3,0.0,0.0,0.0,0.0
claude_haiku45,mc_G_373,T5,0.0,0.0,0.0,0.0
claude_haiku45,mc_G_373,T6,0.0,0.0,0.0,0.0
claude_haiku45,mc_G_385,T1,1.0,1.0,1.0,0.0
claude_haiku45,mc_G_385,T3,1.0,1.0,1.0,0.0
claude_haiku45,mc_G_385,T5,1.0,1.0,1.0,0.0
claude_haiku45,mc_G_385,T6,1.0,1.0,1.0,0.0
claude_haiku45,mc_G_397,T1,0.0,0.0,0.0,0.0
claude_haiku45,mc_G_397,T3,0.0,0.0,0.0,0.0
claude_haiku45,mc_G_397,T5,0.0,0.0,0.0,0.0
claude_haiku45,mc_G_397,T6,0.0,0.0,0.0,0.0
claude_haiku45,mc_G_431,T1,1.0,1.0,1.0,0.0
claude_haiku45,mc_G_431,T3,1.0,1.0,1.0,0.0
claude_haiku45,mc_G_431,T5,1.0,1.0,1.0,0.0
claude_haiku45,mc_G_431,T6,1.0,1.0,1.0,0.0
claude_haiku45,mc_G_453,T1,1.0,1.0,1.0,0.0
claude_haiku45,mc_G_453,T3,1.0,1.0,1.0,0.0
claude_haiku45,mc_G_453,T5,1.0,1.0,1.0,0.0
claude_haiku45,mc_G_453,T6,1.0,1.0,1.0,0.0
claude_haiku45,mc_G_492,T1,1.0,1.0,1.0,0.0
claude_haiku45,mc_G_492,T3,1.0,1.0,1.0,0.0
claude_haiku45,mc_G_492,T5,1.0,1.0,1.0,0.0
claude_haiku45,mc_G_492,T6,1.0,1.0,1.0,0.0
claude_haiku45,mc_G_572,T1,1.0,1.0,1.0,0.0
claude_haiku45,mc_G_572,T3,1.0,1.0,1.0,0.0
claude_haiku45,mc_G_572,T5,1.0,1.0,1.0,0.0
claude_haiku45,mc_G_572,T6,1.0,1.0,1.0,0.0
claude_haiku45,mc_G_595,T1,1.0,1.0,1.0,0.0
claude_haiku45,mc_G_595,T3,1.0,1.0,1.0,0.0
claude_haiku45,mc_G_595,T5,1.0,1.0,1.0,0.0
claude_haiku45,mc_G_595,T6,1.0,1.0,1.0,0.0
claude_haiku45,mc_G_601,T1,0.4375,0.0,0.21875,0.4375
claude_haiku45,mc_G_601,T3,0.07142857142857142,0.0,0.03571428571428571,0.07142857142857142
claude_haiku45,mc_G_601,T5,0.4,0.0,0.2,0.4
claude_haiku45,mc_G_601,T6,0.75,0.0,0.375,0.75
claude_haiku45,mc_H_035,T1,0.0,0.0,0.0,0.0
claude_haiku45,mc_H_035,T3,0.0,0.0,0.0,0.0
claude_haiku45,mc_H_035,T5,0.0,0.0,0.0,0.0
claude_haiku45,mc_H_035,T6,0.0,0.0,0.0,0.0
claude_haiku45,mc_H_044,T1,1.0,1.0,1.0,0.0
claude_haiku45,mc_H_044,T3,1.0,1.0,1.0,0.0
claude_haiku45,mc_H_044,T5,1.0,1.0,1.0,0.0
claude_haiku45,mc_H_044,T6,1.0,1.0,1.0,0.0
claude_haiku45,mc_H_049,T1,0.0,0.0,0.0,0.0
claude_haiku45,mc_H_049,T3,0.0,0.0,0.0,0.0
claude_haiku45,mc_H_049,T5,0.0,0.0,0.0,0.0
claude_haiku45,mc_H_049,T6,0.0,0.0,0.0,0.0
claude_haiku45,mc_H_060,T1,1.0,1.0,1.0,0.0
claude_haiku45,mc_H_060,T3,1.0,1.0,1.0,0.0
claude_haiku45,mc_H_060,T5,1.0,1.0,1.0,0.0
claude_haiku45,mc_H_060,T6,1.0,1.0,1.0,0.0
claude_haiku45,mc_H_066,T1,0.0,0.0,0.0,0.0
claude_haiku45,mc_H_066,T3,0.0,0.0,0.0,0.0
claude_haiku45,mc_H_066,T5,0.0,0.0,0.0,0.0
claude_haiku45,mc_H_066,T6,0.0,0.0,0.0,0.0
claude_haiku45,mc_H_072,T1,0.0,0.0,0.0,0.0
claude_haiku45,mc_H_072,T3,0.0,0.0,0.0,0.0
claude_haiku45,mc_H_072,T5,0.0,0.0,0.0,0.0
claude_haiku45,mc_H_072,T6,0.0,0.0,0.0,0.0
claude_haiku45,mc_H_073,T1,0.0,0.0,0.0,0.0
claude_haiku45,mc_H_073,T3,0.0,0.0,0.0,0.0
claude_haiku45,mc_H_073,T5,0.0,0.0,0.0,0.0
claude_haiku45,mc_H_073,T6,0.0,0.0,0.0,0.0
deepseek_v4,dd_0107,T0,0.0918917332867601,0.6530733326970938,0.37248253299192696,0.5611815994103336
deepseek_v4,dd_0107,T1,0.5871767742970986,0.8828664703933914,0.735021622345245,0.2956896960962928
deepseek_v4,dd_0107,T3,0.11791252010106953,0.6919447487724828,0.4049286344367762,0.5740322286714132
deepseek_v4,dd_0107,T5,0.5038937737833342,0.9609658795984427,0.7324298266908884,0.4570721058151085
deepseek_v4,dd_0107,T6,0.10139933809626551,0.8117681414082735,0.4565837397522695,0.7103688033120079
deepseek_v4,dd_0283,T0,0.00011811945248783184,0.0037746624257968494,0.0019463909391423406,0.0036565429733090176
deepseek_v4,dd_0283,T1,3.458095190685921e-06,7.127655281302279e-05,3.7367324001854354e-05,6.781845762233687e-05
deepseek_v4,dd_0283,T3,4.95906269979277e-07,2.538371138406779e-05,1.2939808827023533e-05,2.4887805114088514e-05
deepseek_v4,dd_0283,T5,3.777082752519136e-06,0.0002242579515438094,0.00011401751714816427,0.00022048086879129027
deepseek_v4,dd_0283,T6,2.1077554129013074e-06,4.58637454142576e-05,2.3985750413579452e-05,4.3755990001356295e-05
deepseek_v4,dd_11241,T0,0.025013458515886353,0.15257349934255277,0.08879347892921956,0.12756004082666642
deepseek_v4,dd_11241,T1,0.005008605349505669,0.13141252754778887,0.06821056644864727,0.1264039221982832
deepseek_v4,dd_11241,T3,0.0008317262281525367,0.028300184470008954,0.014565955349080745,0.027468458241856418
deepseek_v4,dd_11241,T5,0.010159179572297903,0.6898617044375658,0.35001044200493187,0.6797025248652678
deepseek_v4,dd_11241,T6,0.011978330141480108,0.08522982247375338,0.04860407630761675,0.07325149233227327
deepseek_v4,dd_13518,T0,1.491171560698756e-06,2.495437686923937e-05,1.3222774214969063e-05,2.3463205308540614e-05
deepseek_v4,dd_13518,T1,1.7143448387057483e-06,1.5436505858186102e-05,8.575425348445925e-06,1.3722161019480354e-05
deepseek_v4,dd_13518,T3,2.237979698607584e-06,9.541168011839557e-06,5.889573855223571e-06,7.303188313231973e-06
deepseek_v4,dd_13518,T5,2.4299594866800178e-06,0.00020875306984193773,0.00010559151466430888,0.0002063231103552577
deepseek_v4,dd_13518,T6,6.13410273983588e-06,0.000195554066922272,0.00010084408483105394,0.00018941996418243612
deepseek_v4,dd_14408,T0,0.821541841258126,0.9941835036633778,0.9078626724607519,0.1726416624052518
deepseek_v4,dd_14408,T1,0.9956089585517801,0.9987112095324074,0.9971600840420938,0.00310225098062733
deepseek_v4,dd_14408,T3,0.9473138726284871,0.999059572423298,0.9731867225258926,0.05174569979481092
deepseek_v4,dd_14408,T5,0.8426037872674418,0.9920794998895511,0.9173416435784965,0.14947571262210935
deepseek_v4,dd_14408,T6,0.10438990285558233,0.5154236425569526,0.3099067727062675,0.41103373970137025
deepseek_v4,dd_14818,T0,0.6737579299406083,0.9902454988859988,0.8320017144133036,0.31648756894539043
deepseek_v4,dd_14818,T1,0.9112115006005245,0.9967128303638979,0.9539621654822112,0.08550132976337343
deepseek_v4,dd_14818,T3,0.7518432397159202,0.9856658287309245,0.8687545342234223,0.2338225890150043
deepseek_v4,dd_14818,T5,0.913900711731589,0.9980664603906735,0.9559835860611312,0.08416574865908444
deepseek_v4,dd_14818,T6,0.3534342942512925,0.8213208231109038,0.5873775586810982,0.4678865288596113
deepseek_v4,dd_15810,T0,0.33417256035644505,0.9541662068964808,0.6441693836264629,0.6199936465400357
deepseek_v4,dd_15810,T1,0.3229795807716588,0.9157909730545019,0.6193852769130803,0.5928113922828431
deepseek_v4,dd_15810,T3,0.08779024366137805,0.6211127832045946,0.3544515134329863,0.5333225395432166
deepseek_v4,dd_15810,T5,0.206034066326337,0.7544884505615317,0.48026125844393436,0.5484543842351947
deepseek_v4,dd_15810,T6,0.0456421505997651,0.8179235508007281,0.4317828507002466,0.772281400200963
deepseek_v4,dd_17929,T0,0.012215057334606597,0.0338550751242688,0.023035066229437698,0.021640017789662205
deepseek_v4,dd_17929,T1,0.06550156138438996,0.02177304435658099,0.04363730287048548,0.04372851702780897
deepseek_v4,dd_17929,T3,0.3131177719965326,0.2932083666159738,0.30316306930625325,0.019909405380558798
deepseek_v4,dd_17929,T5,0.3236990186650825,0.7469539183425482,0.5353264685038154,0.4232548996774657
deepseek_v4,dd_17929,T6,0.045715826151878386,0.1406854464743811,0.09320063631312975,0.09496962032250272
deepseek_v4,dd_1808,T0,0.09325910139382632,0.9335132533376752,0.5133861773657508,0.8402541519438489
deepseek_v4,dd_1808,T1,0.9746484908127789,0.9626614653151246,0.9686549780639517,0.011987025497654291
deepseek_v4,dd_1808,T3,0.8961303538720822,0.9820297515030973,0.9390800526875898,0.08589939763101517
deepseek_v4,dd_1808,T5,0.9812459371451976,0.9771806143357563,0.979213275740477,0.004065322809441274
deepseek_v4,dd_1808,T6,0.2757105783123536,0.6672408408727084,0.47147570959253104,0.3915302625603548
deepseek_v4,dd_1814,T0,0.01940950818966027,0.017686899149944816,0.018548203669802543,0.001722609039715453
deepseek_v4,dd_1814,T1,0.012989131085892777,0.06152065564521782,0.0372548933655553,0.04853152455932504
deepseek_v4,dd_1814,T3,0.00038305049236378474,0.004099156754626793,0.0022411036234952888,0.0037161062622630085
deepseek_v4,dd_1814,T5,0.0013303025868367944,0.08382064165028437,0.04257547211856058,0.08249033906344758
deepseek_v4,dd_1814,T6,0.00241367313121721,0.01797314139649456,0.010193407263855885,0.01555946826527735
deepseek_v4,dd_18223,T0,0.07818201766283135,0.7443080185520327,0.411245018107432,0.6661260008892013
deepseek_v4,dd_18223,T1,0.1411588231545158,0.8320288322180869,0.48659382768630133,0.6908700090635711
deepseek_v4,dd_18223,T3,0.3600239446461414,0.6332251281566197,0.49662453640138055,0.2732011835104783
deepseek_v4,dd_18223,T5,0.35148323063842823,0.9256471679891919,0.6385651993138101,0.5741639373507637
deepseek_v4,dd_18223,T6,0.07974757380598069,0.6541555103542465,0.3669515420801136,0.5744079365482657
deepseek_v4,dd_18643,T0,0.9999227437749157,0.9999822253682097,0.9999524845715627,5.948159329394187e-05
deepseek_v4,dd_18643,T1,0.9999870355293806,0.9999958410248302,0.9999914382771053,8.805495449570877e-06
deepseek_v4,dd_18643,T3,0.9999691476877485,0.9999980463317683,0.9999835970097584,2.8898644019781372e-05
deepseek_v4,dd_18643,T5,0.999968511051028,0.9999954658730389,0.9999819884620335,2.6954822010871737e-05
deepseek_v4,dd_18643,T6,0.9999955810629032,0.9994774396941126,0.9997365103785079,0.0005181413687905811
deepseek_v4,dd_18670,T0,0.5794636377545276,0.9461912272269896,0.7628274324907586,0.366727589472462
deepseek_v4,dd_18670,T1,0.9500291598310182,0.9837183275829561,0.9668737437069872,0.033689167751937865
deepseek_v4,dd_18670,T3,0.9810562377238049,0.9967330272385162,0.9888946324811605,0.015676789514711298
deepseek_v4,dd_18670,T5,0.8651778173105346,0.9814555198597219,0.9233166685851282,0.11627770254918735
deepseek_v4,dd_18670,T6,0.6259920061093707,0.8967193743797197,0.7613556902445452,0.27072736827034904
deepseek_v4,dd_2081,T0,0.8237801844294228,0.9784754801612203,0.9011278322953216,0.15469529573179752
deepseek_v4,dd_2081,T1,0.6930876567364006,0.9913882919384901,0.8422379743374453,0.2983006352020895
deepseek_v4,dd_2081,T3,0.9027148494701631,0.9986655910037825,0.9506902202369728,0.09595074153361938
deepseek_v4,dd_2081,T5,0.7865824813708253,0.9925366169969883,0.8895595491839068,0.20595413562616294
deepseek_v4,dd_2081,T6,0.028057719401765033,0.36490927074988805,0.19648349507582655,0.336851551348123
deepseek_v4,dd_21158,T0,0.8680907243800898,0.968006266171962,0.9180484952760259,0.09991554179187212
deepseek_v4,dd_21158,T1,0.8801698401622925,0.988467198986329,0.9343185195743107,0.10829735882403646
deepseek_v4,dd_21158,T3,0.7286246267974342,0.9769251862210111,0.8527749065092227,0.24830055942357687
deepseek_v4,dd_21158,T5,0.22414035387394865,0.9630673833523371,0.5936038686131428,0.7389270294783885
deepseek_v4,dd_21158,T6,0.21965838289011608,0.8428121220300625,0.5312352524600893,0.6231537391399464
deepseek_v4,dd_21629,T0,0.8694441874712312,0.9889646632737519,0.9292044253724916,0.11952047580252068
deepseek_v4,dd_21629,T1,0.6007145886968643,0.5447711280073068,0.5727428583520855,0.05594346068955758
deepseek_v4,dd_21629,T3,0.9344788311410566,0.9871435639484739,0.9608111975447653,0.05266473280741735
deepseek_v4,dd_21629,T5,0.34251311458224787,0.8177587473635666,0.5801359309729073,0.4752456327813187
deepseek_v4,dd_21629,T6,0.026157948860063562,0.11208121979101444,0.069119584325539,0.08592327093095088
deepseek_v4,dd_21630,T0,0.005599459289048908,0.36158640738129605,0.1835929333351725,0.3559869480922471
deepseek_v4,dd_21630,T1,0.05016933890097245,0.8904074276340622,0.4702883832675173,0.8402380887330898
deepseek_v4,dd_21630,T3,0.0025125628800620166,0.696762483143783,0.34963752301192247,0.694249920263721
deepseek_v4,dd_21630,T5,0.006297534356697949,0.7822365114171119,0.39426702288690496,0.7759389770604139
deepseek_v4,dd_21630,T6,0.04044529075397889,0.7482955352158293,0.39437041298490405,0.7078502444618504
deepseek_v4,dd_22819,T0,0.00011348124986405923,0.00048236824987289944,0.00029792474986847935,0.0003688870000088402
deepseek_v4,dd_22819,T1,4.7035997059300804e-05,0.000550399136358997,0.0002987175667091489,0.0005033631392996963
deepseek_v4,dd_22819,T3,0.0001510872251712745,0.0014702365452461369,0.0008106618852087057,0.0013191493200748624
deepseek_v4,dd_22819,T5,0.0008813275201423767,0.03169407389177247,0.016287700705957423,0.030812746371630093
deepseek_v4,dd_22819,T6,0.00028772725375430245,0.0007450108481566369,0.0005163690509554697,0.00045728359440233443
deepseek_v4,dd_23534,T0,0.9448432196674333,0.9915818187302373,0.9682125191988353,0.046738599062803976
deepseek_v4,dd_23534,T1,0.7548839339095901,0.742018102109723,0.7484510180096565,0.012865831799867111
deepseek_v4,dd_23534,T3,0.7575625593170686,0.47208829763546944,0.6148254284762691,0.2854742616815992
deepseek_v4,dd_23534,T5,0.8235912608253538,0.8552236208046952,0.8394074408150245,0.03163235997934133
deepseek_v4,dd_23534,T6,0.038791881313373876,0.2765424291599203,0.15766715523664707,0.2377505478465464
deepseek_v4,dd_24260,T0,0.023860350980987436,0.04531163194175604,0.034585991461371736,0.021451280960768603
deepseek_v4,dd_24260,T1,0.0773488365338361,0.22331022889442484,0.15032953271413046,0.14596139236058875
deepseek_v4,dd_24260,T3,0.029804515405366244,0.255135546762317,0.1424700310838416,0.22533103135695073
deepseek_v4,dd_24260,T5,0.15394574286536616,0.8662881258495144,0.5101169343574403,0.7123423829841482
deepseek_v4,dd_24260,T6,0.004769935797828773,0.14973767606871885,0.07725380593327381,0.14496774027089007
deepseek_v4,dd_24405,T0,4.173803768100567e-06,7.960220708216062e-05,4.1888005425130596e-05,7.542840331406006e-05
deepseek_v4,dd_24405,T1,5.984627689508752e-06,0.0003779916045859477,0.00019198811613772824,0.00037200697689643893
deepseek_v4,dd_24405,T3,6.2667021254995e-07,0.0002481041716663382,0.00012436542093944406,0.00024747750145378823
deepseek_v4,dd_24405,T5,1.2198021391458889e-05,0.00022405127400902715,0.00011812464770024302,0.00021185325261756827
deepseek_v4,dd_24405,T6,6.244930338255954e-06,6.705001655813867e-05,3.664747344819731e-05,6.080508621988271e-05
deepseek_v4,dd_24975,T0,0.0009547935587167065,0.04085199004159167,0.02090339180015419,0.039897196482874965
deepseek_v4,dd_24975,T1,0.00809586253473469,0.19403828636768775,0.10106707445121121,0.18594242383295306
deepseek_v4,dd_24975,T3,0.06839929219940435,0.9030373084756509,0.4857183003375276,0.8346380162762466
deepseek_v4,dd_24975,T5,0.006882528979023675,0.11880858435683148,0.06284555666792757,0.1119260553778078
deepseek_v4,dd_24975,T6,0.003050327485849895,0.07370616193076004,0.03837824470830497,0.07065583444491015
deepseek_v4,dd_25137,T0,0.9854804645652913,0.9997658156085034,0.9926231400868973,0.014285351043212158
deepseek_v4,dd_25137,T1,0.9978074076571357,0.9998615226233969,0.9988344651402663,0.002054114966261178
deepseek_v4,dd_25137,T3,0.9963998491262132,0.9999233925515058,0.9981616208388595,0.003523543425292597
deepseek_v4,dd_25137,T5,0.99821773198969,0.9997522497216236,0.9989849908556567,0.0015345177319335823
deepseek_v4,dd_25137,T6,0.8042756473434023,0.9299940246193968,0.8671348359813995,0.12571837727599455
deepseek_v4,dd_25302,T0,0.0001598209872092733,0.013748862186333245,0.006954341586771259,0.01358904119912397
deepseek_v4,dd_25302,T1,5.7940479323097405e-05,0.00044273436677295805,0.0002503374230480277,0.00038479388744986064
deepseek_v4,dd_25302,T3,6.102281842277595e-06,0.0017548984864345935,0.0008805003841384356,0.001748796204592316
deepseek_v4,dd_25302,T5,0.00033200797404416764,0.029169295473241062,0.014750651723642615,0.028837287499196895
deepseek_v4,dd_25302,T6,0.0002636688886686738,0.006219036101408867,0.0032413524950387707,0.005955367212740193
deepseek_v4,dd_25868,T0,0.4179246387095774,0.8464344655502033,0.6321795521298903,0.4285098268406259
deepseek_v4,dd_25868,T1,0.5819445161713975,0.5634427081405273,0.5726936121559625,0.018501808030870204
deepseek_v4,dd_25868,T3,0.2561568824955548,0.27244098979465686,0.2642989361451058,0.01628410729910207
deepseek_v4,dd_25868,T5,0.3170602333286561,0.5892335844888111,0.45314690890873366,0.272173351160155
deepseek_v4,dd_25868,T6,0.12171591143933523,0.2558495415705141,0.18878272650492467,0.13413363013117885
deepseek_v4,dd_26178,T0,0.002229206070452382,0.08095346159452493,0.041591333832488656,0.07872425552407256
deepseek_v4,dd_26178,T1,0.0012477731626910733,0.09362424628728445,0.047436009724987765,0.09237647312459338
deepseek_v4,dd_26178,T3,0.000945865737617967,0.4472952517676712,0.22412055875264458,0.44634938603005325
deepseek_v4,dd_26178,T5,0.005828242670868148,0.529266243569034,0.26754724311995104,0.5234380008981658
deepseek_v4,dd_26178,T6,0.0006676306662398732,0.0408635011544304,0.020765565910335137,0.04019587048819053
deepseek_v4,dd_26321,T0,0.9776435551960198,0.9982050918205451,0.9879243235082824,0.02056153662452531
deepseek_v4,dd_26321,T1,0.9992467122826435,0.9997438469808889,0.9994952796317662,0.0004971346982454161
deepseek_v4,dd_26321,T3,0.9992247139773491,0.9989590571405534,0.9990918855589512,0.0002656568367956913
deepseek_v4,dd_26321,T5,0.9908223741310481,0.9989150691187596,0.9948687216249039,0.00809269498771148
deepseek_v4,dd_26321,T6,0.775468025354238,0.9870415240560849,0.8812547747051614,0.21157349870184694
deepseek_v4,dd_27524,T0,2.9437493775458082e-05,0.00041312949886421196,0.00022128349631983502,0.0003836920050887539
deepseek_v4,dd_27524,T1,1.517795243226707e-05,0.00013452164047434532,7.48497964533062e-05,0.00011934368804207825
deepseek_v4,dd_27524,T3,1.0293933635929221e-05,0.00024079597126778452,0.00012554495245185686,0.00023050203763185528
deepseek_v4,dd_27524,T5,2.1482292899072745e-05,0.0010011299280258538,0.0005113061104624633,0.000979647635126781
deepseek_v4,dd_27524,T6,0.00018119254417636082,0.008234134555350941,0.004207663549763651,0.00805294201117458
deepseek_v4,dd_27558,T0,0.0015616030823134702,0.024385850644330718,0.012973726863322094,0.022824247562017248
deepseek_v4,dd_27558,T1,0.027914522480777016,0.3776643921256719,0.20278945730322445,0.34974986964489485
deepseek_v4,dd_27558,T3,0.15855721680637547,0.6804350209783718,0.41949611889237365,0.5218778041719964
deepseek_v4,dd_27558,T5,0.059578080584800366,0.844097514818433,0.4518377977016167,0.7845194342336326
deepseek_v4,dd_27558,T6,0.025994613460337067,0.1306355093921277,0.07831506142623239,0.10464089593179063
deepseek_v4,dd_28814,T0,0.0013415199066185732,0.00850827719834538,0.0049248985524819764,0.007166757291726807
deepseek_v4,dd_28814,T1,0.0012069603814778905,0.0623341598871761,0.03177056013432699,0.061127199505698206
deepseek_v4,dd_28814,T3,0.01638384626646338,0.06161631707249223,0.039000081669477805,0.04523247080602885
deepseek_v4,dd_28814,T5,0.0027089803595291067,0.019383710337343076,0.011046345348436092,0.016674729977813968
deepseek_v4,dd_28814,T6,0.0016033684220896195,0.029394832168852896,0.015499100295471259,0.027791463746763275
deepseek_v4,dd_29454,T0,0.6149478733367877,0.28023380853273777,0.44759084093476276,0.3347140648040499
deepseek_v4,dd_29454,T1,0.5588226842573506,0.5163058657430759,0.5375642750002132,0.04251681851427469
deepseek_v4,dd_29454,T3,0.945202737143505,0.9566118837671652,0.9509073104553352,0.011409146623660216
deepseek_v4,dd_29454,T5,0.37501060076607484,0.4955855497067413,0.43529807523640807,0.12057494894066645
deepseek_v4,dd_29454,T6,0.018979956905277224,0.058083989766847775,0.0385319733360625,0.03910403286157055
deepseek_v4,dd_29978,T0,0.579569597408985,0.766929074992968,0.6732493362009765,0.18735947758398308
deepseek_v4,dd_29978,T1,0.03479687357322719,0.030457751521567634,0.03262731254739741,0.0043391220516595524
deepseek_v4,dd_29978,T3,0.04909088724703814,0.46144525266368397,0.25526806995536105,0.41235436541664583
deepseek_v4,dd_29978,T5,0.010885194566093834,0.015835607375472977,0.013360400970783406,0.004950412809379143
deepseek_v4,dd_29978,T6,0.012284107056353083,0.07679542551500693,0.04453976628568,0.06451131845865385
deepseek_v4,dd_30131,T0,9.918431199701868e-05,0.009552320981734606,0.004825752646865813,0.009453136669737587
deepseek_v4,dd_30131,T1,1.5477299655484726e-05,0.012985144179973152,0.006500310739814318,0.012969666880317667
deepseek_v4,dd_30131,T3,6.762025047140765e-05,0.007656188079490862,0.003861904164981135,0.007588567829019455
deepseek_v4,dd_30131,T5,4.3519033009816785e-05,0.020991114754234184,0.010517316893622,0.020947595721224368
deepseek_v4,dd_30131,T6,0.00016424879007476264,0.021370043001594743,0.010767145895834752,0.021205794211519982
deepseek_v4,dd_30899,T0,0.9937675133491132,0.999937010156035,0.9968522617525741,0.006169496806921804
deepseek_v4,dd_30899,T1,0.9898140109802508,0.999779092467078,0.9947965517236643,0.009965081486827176
deepseek_v4,dd_30899,T3,0.9962261338261728,0.99996407782209,0.9980951058241314,0.0037379439959172034
deepseek_v4,dd_30899,T5,0.9966461617670554,0.9997317533382278,0.9981889575526417,0.003085591571172386
deepseek_v4,dd_30899,T6,0.9047781325619424,0.9989915889730576,0.9518848607675,0.09421345641111523
deepseek_v4,dd_31129,T0,4.2237605802552515e-06,8.020691167663802e-05,4.221533612844663e-05,7.598315109638277e-05
deepseek_v4,dd_31129,T1,1.2631035501103886e-05,3.486200739176703e-05,2.3746521446435455e-05,2.2230971890663142e-05
deepseek_v4,dd_31129,T3,5.398958794976099e-06,3.111299808818277e-05,1.8255978441579433e-05,2.571403929320667e-05
deepseek_v4,dd_31129,T5,2.015875698042228e-05,0.0002945585269302993,0.0001573586419553608,0.000274399769949877
deepseek_v4,dd_31129,T6,0.0002555733816927383,0.0001936418248878555,0.00022460760329029688,6.193155680488279e-05
deepseek_v4,dd_32872,T0,0.6621413701263822,0.9567167306826819,0.8094290504045321,0.29457536055629974
deepseek_v4,dd_32872,T1,0.013257635930353779,0.8184280617693244,0.4158428488498391,0.8051704258389706
deepseek_v4,dd_32872,T3,0.0778582196958261,0.875601769432551,0.4767299945641885,0.7977435497367249
deepseek_v4,dd_32872,T5,0.020546125865054644,0.8228051034368526,0.42167561465095366,0.802258977571798
deepseek_v4,dd_32872,T6,0.00598802331733612,0.33111973181720705,0.16855387756727158,0.32513170849987094
deepseek_v4,dd_33618,T0,6.664116339421535e-05,0.0037247431955277272,0.0018956921794609713,0.003658102032133512
deepseek_v4,dd_33618,T1,0.001211666763293357,0.02591259635973659,0.013562131561514973,0.024700929596443235
deepseek_v4,dd_33618,T3,4.471889370165013e-05,0.0007084757778038381,0.00037659733575274413,0.000663756884102188
deepseek_v4,dd_33618,T5,0.0002523818202280684,0.0472488502145613,0.023750616017394685,0.04699646839433323
deepseek_v4,dd_33618,T6,0.0011563808292105408,0.03206689083844721,0.016611635833828874,0.03091051000923667
deepseek_v4,dd_34148,T0,0.036303571847077255,0.4550888606048225,0.2456962162259499,0.41878528875774523
deepseek_v4,dd_34148,T1,0.04562072471230144,0.7938373665495256,0.4197290456309135,0.7482166418372243
deepseek_v4,dd_34148,T3,0.07082398369112337,0.9185336357932168,0.4946788097421701,0.8477096521020934
deepseek_v4,dd_34148,T5,0.2182225962785384,0.8853003123639552,0.5517614543212468,0.6670777160854169
deepseek_v4,dd_34148,T6,0.010817467128706793,0.23920076235728147,0.12500911474299414,0.22838329522857467
deepseek_v4,dd_34460,T0,2.1600200715674245e-05,0.00020555377337106012,0.00011357698704336718,0.00018395357265538588
deepseek_v4,dd_34460,T1,2.6029164588477126e-06,0.00011250742721457288,5.7555171836710294e-05,0.00010990451075572517
deepseek_v4,dd_34460,T3,1.3062843765909746e-05,0.0005288206194733302,0.00027094173161962,0.0005157577757074204
deepseek_v4,dd_34460,T5,6.849127137488411e-06,0.00020316847860798684,0.00010500880287273762,0.00019631935147049843
deepseek_v4,dd_34460,T6,1.3212436316548458e-05,6.978479997281611e-05,4.149861814468228e-05,5.657236365626765e-05
deepseek_v4,dd_35732,T0,1.5807204919752628e-05,0.0005863396431327988,0.00030107342402627574,0.0005705324382130462
deepseek_v4,dd_35732,T1,4.238010128676386e-06,7.354216531404722e-05,3.8890087721361806e-05,6.930415518537083e-05
deepseek_v4,dd_35732,T3,7.600649512082876e-06,7.850126416400232e-05,4.30509568380426e-05,7.090061465191944e-05
deepseek_v4,dd_35732,T5,1.8941490553416236e-06,2.4629104232294603e-05,1.3261626643818113e-05,2.273495517695298e-05
deepseek_v4,dd_35732,T6,3.2020706982784147e-06,4.267788679387933e-05,2.2939978746078872e-05,3.947581609560091e-05
deepseek_v4,dd_36819,T0,0.0037156885788028975,0.10984294620003152,0.05677931738941721,0.10612725762122861
deepseek_v4,dd_36819,T1,0.005785496172737038,0.8787717846178966,0.44227864039531684,0.8729862884451596
deepseek_v4,dd_36819,T3,0.007774347762127857,0.9403609651225003,0.4740676564423141,0.9325866173603725
deepseek_v4,dd_36819,T5,0.032169758700894245,0.8852747438924953,0.45872225129669475,0.853104985191601
deepseek_v4,dd_36819,T6,0.01898649223019693,0.4395358982718275,0.2292611952510122,0.42054940604163055
deepseek_v4,dd_37249,T0,0.9712211477948494,0.9860948575871206,0.978658002690985,0.014873709792271206
deepseek_v4,dd_37249,T1,0.9344954073079333,0.9970279675484077,0.9657616874281705,0.06253256024047438
deepseek_v4,dd_37249,T3,0.8110933876002786,0.9975070073122573,0.9043001974562679,0.18641361971197867
deepseek_v4,dd_37249,T5,0.8408806247653572,0.9980694543987663,0.9194750395820617,0.15718882963340908
deepseek_v4,dd_37249,T6,0.8256342033167797,0.9932686201818784,0.9094514117493291,0.16763441686509872
deepseek_v4,dd_37490,T0,0.999378666119956,0.999995269903192,0.999686968011574,0.0006166037832360249
deepseek_v4,dd_37490,T1,0.9997394399496811,0.9999876003576657,0.9998635201536734,0.00024816040798458783
deepseek_v4,dd_37490,T3,0.9999187547297943,0.9999972546908995,0.9999580047103469,7.849996110520507e-05
deepseek_v4,dd_37490,T5,0.9992105022131617,0.9999819785626414,0.9995962403879015,0.0007714763494797161
deepseek_v4,dd_37490,T6,0.8867901340981978,0.9963816994364825,0.9415859167673402,0.10959156533828462
deepseek_v4,dd_38533,T0,0.08909295260491383,0.4585996789056842,0.273846315755299,0.36950672630077036
deepseek_v4,dd_38533,T1,0.04448296697343922,0.03008241447359286,0.03728269072351604,0.014400552499846356
deepseek_v4,dd_38533,T3,0.03304853106885791,0.08708499160440801,0.06006676133663296,0.0540364605355501
deepseek_v4,dd_38533,T5,0.05443072681894921,0.3450621793571995,0.19974645308807437,0.2906314525382503
deepseek_v4,dd_38533,T6,0.008515248602334331,0.15284199610451762,0.08067862235342597,0.1443267475021833
deepseek_v4,dd_39199,T0,0.8836653019243518,0.9965407112478293,0.9401030065860905,0.1128754093234775
deepseek_v4,dd_39199,T1,0.937866981177672,0.9993610147360963,0.9686139979568842,0.06149403355842431
deepseek_v4,dd_39199,T3,0.8523099385729984,0.9997680434650226,0.9260389910190105,0.14745810489202416
deepseek_v4,dd_39199,T5,0.9317277217966048,0.9991822384364634,0.9654549801165341,0.06745451663985857
deepseek_v4,dd_39199,T6,0.3180663493288488,0.9725703884514239,0.6453183688901363,0.654504039122575
deepseek_v4,dd_42860,T0,0.0002358696078588692,0.040645183631649984,0.020440526619754425,0.04040931402379112
deepseek_v4,dd_42860,T1,0.00017958541531125762,0.23127765928196514,0.1157286223486382,0.23109807386665387
deepseek_v4,dd_42860,T3,2.0528715291176713e-05,0.21878410702645776,0.10940231787087447,0.21876357831116658
deepseek_v4,dd_42860,T5,0.00025085310544710227,0.9969837852130654,0.4986173191592563,0.9967329321076183
deepseek_v4,dd_42860,T6,0.00024383717390255558,0.5897495820990111,0.2949967096364568,0.5895057449251085
deepseek_v4,dd_44063,T0,0.15069061158970412,0.5713854755926776,0.36103804359119085,0.4206948640029735
deepseek_v4,dd_44063,T1,0.7277525557076727,0.9029273623673401,0.8153399590375063,0.17517480665966734
deepseek_v4,dd_44063,T3,0.556950303807346,0.9664102489419749,0.7616802763746604,0.4094599451346289
deepseek_v4,dd_44063,T5,0.3172023047110949,0.9689034415767468,0.6430528731439209,0.6517011368656519
deepseek_v4,dd_44063,T6,0.025393865640078003,0.4992189381353246,0.26230640188770127,0.4738250724952466
deepseek_v4,dd_44380,T0,0.9707144568540675,0.9420611054665669,0.9563877811603172,0.028653351387500692
deepseek_v4,dd_44380,T1,0.9904494976735896,0.9944307251578428,0.9924401114157162,0.003981227484253225
deepseek_v4,dd_44380,T3,0.9744192909754573,0.9968577904450366,0.985638540710247,0.02243849946957932
deepseek_v4,dd_44380,T5,0.9930497779755036,0.9934636419266886,0.993256709951096,0.0004138639511849229
deepseek_v4,dd_44380,T6,0.9392193607984559,0.550950925089062,0.7450851429437589,0.38826843570939396
deepseek_v4,dd_45938,T0,3.5407694783703254e-06,6.2201561627550614e-06,4.880462820562694e-06,2.679386684384736e-06
deepseek_v4,dd_45938,T1,1.433397920018198e-06,5.6852150385178665e-06,3.5593064792680324e-06,4.251817118499668e-06
deepseek_v4,dd_45938,T3,3.7649848829083195e-06,8.743080925146346e-06,6.254032904027333e-06,4.978096042238026e-06
deepseek_v4,dd_45938,T5,2.908693776428637e-06,0.00021455955863922555,0.0001087341262078271,0.0002116508648627969
deepseek_v4,dd_45938,T6,1.0626286391334297e-05,0.00013110630951927265,7.086629795530348e-05,0.00012048002312793835
deepseek_v4,dd_46859,T0,8.661405058785986e-06,7.670915709022124e-05,4.268528107450361e-05,6.804775203143526e-05
deepseek_v4,dd_46859,T1,5.9558127877977175e-06,1.0018845901022994e-05,7.987329344410356e-06,4.063033113225277e-06
deepseek_v4,dd_46859,T3,4.406641874465135e-06,1.7588191358414898e-05,1.0997416616440016e-05,1.3181549483949764e-05
deepseek_v4,dd_46859,T5,7.84643821682091e-06,0.0009077708062199829,0.00045780862221840194,0.000899924368003162
deepseek_v4,dd_46859,T6,9.661857073539521e-05,0.00039684499334669015,0.0002467317820410427,0.0003002264226112949
deepseek_v4,dd_47886,T0,0.12581950394519517,0.6913777054575748,0.408598604701385,0.5655582015123797
deepseek_v4,dd_47886,T1,0.019693334142016804,0.43998608012686763,0.2298397071344422,0.42029274598485084
deepseek_v4,dd_47886,T3,0.004402188012135545,0.38681230608032635,0.19560724704623095,0.3824101180681908
deepseek_v4,dd_47886,T5,0.002636203114064475,0.36479524550060466,0.18371572430733457,0.3621590423865402
deepseek_v4,dd_47886,T6,0.014094444220239092,0.4380835986797597,0.2260890214499994,0.4239891544595206
deepseek_v4,dd_5570,T0,0.9994393287848059,0.9999676747076942,0.9997035017462501,0.000528345922888307
deepseek_v4,dd_5570,T1,0.9999775902862972,0.9999916489216798,0.9999846196039885,1.4058635382618867e-05
deepseek_v4,dd_5570,T3,0.9997179794715918,0.999970458067402,0.9998442187694969,0.0002524785958102349
deepseek_v4,dd_5570,T5,0.9999279503332756,0.999991326082049,0.9999596382076623,6.337574877335328e-05
deepseek_v4,dd_5570,T6,0.9988742757316719,0.9999378611199449,0.9994060684258084,0.0010635853882730029
deepseek_v4,dd_6488,T0,0.09506456395375071,0.27120643171468434,0.1831354978342175,0.17614186776093363
deepseek_v4,dd_6488,T1,0.0002797129525847093,0.00014842440400160433,0.00021406867829315681,0.00013128854858310496
deepseek_v4,dd_6488,T3,7.891983166708521e-05,0.00011105645897550017,9.498814532129268e-05,3.213662730841496e-05
deepseek_v4,dd_6488,T5,0.00033376489064155374,0.000566092516876489,0.0004499287037590214,0.00023232762623493527
deepseek_v4,dd_6488,T6,0.000732931101445947,0.001804038970937258,0.0012684850361916024,0.0010711078694913112
deepseek_v4,dd_6826,T0,0.8227778415289395,0.9710178669979884,0.896897854263464,0.1482400254690489
deepseek_v4,dd_6826,T1,0.9349393141662605,0.9972807872839262,0.9661100507250934,0.06234147311766569
deepseek_v4,dd_6826,T3,0.848835690884913,0.9800386694690666,0.9144371801769897,0.13120297858415364
deepseek_v4,dd_6826,T5,0.9747869595177058,0.9947932096669005,0.9847900845923032,0.02000625014919477
deepseek_v4,dd_6826,T6,0.18877922226419797,0.8119609997973587,0.5003701110307783,0.6231817775331607
deepseek_v4,dd_6868,T0,0.37814597038627745,0.7692007919521227,0.5736733811692001,0.3910548215658452
deepseek_v4,dd_6868,T1,0.5219023622047232,0.8284660695887066,0.675184215896715,0.3065637073839834
deepseek_v4,dd_6868,T3,0.26309764045381095,0.8133449831985405,0.5382213118261757,0.5502473427447296
deepseek_v4,dd_6868,T5,0.7750539318404778,0.9131364404702785,0.8440951861553782,0.13808250862980076
deepseek_v4,dd_6868,T6,0.2508583062616403,0.6610268010193038,0.45594255364047204,0.4101684947576635
deepseek_v4,dd_7687,T0,0.9996058071210064,0.999920441460095,0.9997631242905507,0.00031463433908851535
deepseek_v4,dd_7687,T1,0.9999919809345835,0.9999730060474253,0.9999824934910044,1.8974887158185183e-05
deepseek_v4,dd_7687,T3,0.9999909017711931,0.9999982146688462,0.9999945582200196,7.312897653100059e-06
deepseek_v4,dd_7687,T5,0.9999654678134123,0.9999866400066756,0.999976053910044,2.117219326325248e-05
deepseek_v4,dd_7687,T6,0.9700567406929269,0.993856538709782,0.9819566397013544,0.023799798016855056
deepseek_v4,dd_8580,T0,0.003564672070600311,0.015243585155490215,0.009404128613045263,0.011678913084889903
deepseek_v4,dd_8580,T1,0.011067733611766953,0.11733725041563188,0.06420249201369942,0.10626951680386493
deepseek_v4,dd_8580,T3,0.0012044266212250436,0.008448534683831634,0.004826480652528339,0.007244108062606591
deepseek_v4,dd_8580,T5,0.007309367566352852,0.34357656441757295,0.1754429659919629,0.3362671968512201
deepseek_v4,dd_8580,T6,0.004471779343667663,0.04388176702429381,0.02417677318398074,0.039409987680626146
deepseek_v4,dd_9595,T0,0.06892058619775542,0.48456015539110686,0.27674037079443115,0.41563956919335143
deepseek_v4,dd_9595,T1,0.6798325200356349,0.45688681286805133,0.5683596664518431,0.22294570716758355
deepseek_v4,dd_9595,T3,0.9031408106407742,0.6121059017726919,0.757623356206733,0.29103490886808236
deepseek_v4,dd_9595,T5,0.7791466283645394,0.43550760317416815,0.6073271157693538,0.34363902519037126
deepseek_v4,dd_9595,T6,0.13884630429442965,0.3867607283288526,0.2628035163116411,0.24791442403442296
deepseek_v4,dd_9899,T0,0.2087170646327427,0.3304660868888803,0.2695915757608115,0.1217490222561376
deepseek_v4,dd_9899,T1,0.5528207458010966,0.5967453120238523,0.5747830289124745,0.043924566222755645
deepseek_v4,dd_9899,T3,0.14187901382037546,0.46610126298438026,0.3039901384023779,0.32422224916400477
deepseek_v4,dd_9899,T5,0.7082149401726094,0.8601430732105173,0.7841790066915634,0.15192813303790786
deepseek_v4,dd_9899,T6,0.3028233858444419,0.46820168907839016,0.385512537461416,0.16537830323394825
deepseek_v4,dd_9955,T0,0.1033258766630829,0.42707373408030486,0.26519980537169385,0.32374785741722195
deepseek_v4,dd_9955,T1,0.02625188557221326,0.6249831286530453,0.32561750711262927,0.598731243080832
deepseek_v4,dd_9955,T3,0.22987945707276547,0.9110462522190271,0.5704628546458963,0.6811667951462617
deepseek_v4,dd_9955,T5,0.0856644403042927,0.8785765576886746,0.4821204989964836,0.7929121173843819
deepseek_v4,dd_9955,T6,0.07109281555924118,0.6203961484291776,0.3457444819942094,0.5493033328699364
deepseek_v4,mc_C_034,T0,0.9999778788543908,0.9999957649205374,0.9999868218874641,1.7886066146610702e-05
deepseek_v4,mc_C_034,T1,0.9999958375751302,0.999994701323984,0.9999952694495571,1.136251146172107e-06
deepseek_v4,mc_C_034,T3,0.9999984269840357,0.999999221389522,0.9999988241867789,7.944054862818462e-07
deepseek_v4,mc_C_034,T5,0.999999497923785,0.9999988812024282,0.9999991895631066,6.167213567609409e-07
deepseek_v4,mc_C_034,T6,0.9999811999089757,0.9999617087790972,0.9999714543440364,1.9491129878534963e-05
deepseek_v4,mc_C_1095,T0,0.9999981436462679,0.9999962471029197,0.9999971953745939,1.8965433482565075e-06
deepseek_v4,mc_C_1095,T1,0.9999993515634132,0.9999993920844682,0.9999993718239407,4.052105495588876e-08
deepseek_v4,mc_C_1095,T3,0.9999999325345235,0.999999593128705,0.9999997628316142,3.3940581845026685e-07
deepseek_v4,mc_C_1095,T5,0.9999997499396467,0.9999990197624604,0.9999993848510536,7.301771862699979e-07
deepseek_v4,mc_C_1095,T6,0.9995436358363319,0.9998476653072255,0.9996956505717787,0.00030402947089358534
deepseek_v4,mc_C_1216,T0,0.9999939613161942,0.9999974979590027,0.9999957296375985,3.536642808499302e-06
deepseek_v4,mc_C_1216,T1,0.9999976878370764,0.9999985117837751,0.9999980998104258,8.23946698647049e-07
deepseek_v4,mc_C_1216,T3,0.9999997396933736,0.9999994793255288,0.9999996095094512,2.603678448398483e-07
deepseek_v4,mc_C_1216,T5,0.9999993967845525,0.999998470902309,0.9999989338434307,9.258822435409542e-07
deepseek_v4,mc_C_1216,T6,0.9938034063839781,0.9994304568282191,0.9966169316060987,0.005627050444240944
deepseek_v4,mc_C_183,T0,0.9999993345018621,0.9999979946072304,0.9999986645545462,1.339894631691152e-06
deepseek_v4,mc_C_183,T1,0.9999972046546756,0.999971781369225,0.9999844930119504,2.542328545052097e-05
deepseek_v4,mc_C_183,T3,0.999999126660623,0.999997479932567,0.999998303296595,1.6467280559151476e-06
deepseek_v4,mc_C_183,T5,0.999996560230685,0.9999833943871688,0.9999899773089269,1.3165843516182996e-05
deepseek_v4,mc_C_183,T6,0.9999448812555558,0.9998916301778453,0.9999182557167006,5.32510777104811e-05
deepseek_v4,mc_C_291,T0,0.9999896263220908,0.9999982189237735,0.9999939226229322,8.592601682733125e-06
deepseek_v4,mc_C_291,T1,0.9999986661439784,0.9999993892974953,0.9999990277207369,7.231535169571757e-07
deepseek_v4,mc_C_291,T3,0.9999999006194349,0.9999993874317182,0.9999996440255765,5.131877166553167e-07
deepseek_v4,mc_C_291,T5,0.9999969517345977,0.9999983262582778,0.9999976389964378,1.3745236800977167e-06
deepseek_v4,mc_C_291,T6,0.9999877814543945,0.9999840354857193,0.9999859084700569,3.745968675139544e-06
deepseek_v4,mc_C_467,T0,0.9995324923197255,0.9999776543430834,0.9997550733314045,0.00044516202335787014
deepseek_v4,mc_C_467,T1,0.9987345320872497,0.9999857058511247,0.9993601189691872,0.0012511737638749576
deepseek_v4,mc_C_467,T3,0.9994604321449266,0.9999922137303765,0.9997263229376516,0.0005317815854498642
deepseek_v4,mc_C_467,T5,0.9990613591909945,0.9999532957195024,0.9995073274552484,0.0008919365285079417
deepseek_v4,mc_C_467,T6,0.8850207230941427,0.9940492475559068,0.9395349853250248,0.10902852446176414
deepseek_v4,mc_C_527,T0,0.9999988443904547,0.9999943365282172,0.999996590459336,4.507862237490556e-06
deepseek_v4,mc_C_527,T1,0.9999995397088564,0.9999976369753883,0.9999985883421223,1.9027334680066232e-06
deepseek_v4,mc_C_527,T3,0.9999998177987196,0.9999992321771651,0.9999995249879423,5.85621554471949e-07
deepseek_v4,mc_C_527,T5,0.9999998325978656,0.9999987095140961,0.9999992710559809,1.1230837695386242e-06
deepseek_v4,mc_C_527,T6,0.9999494536050412,0.9998979488158216,0.9999237012104314,5.150478921955859e-05
deepseek_v4,mc_C_675,T0,0.9999974313750136,0.9999988530609222,0.9999981422179679,1.421685908553627e-06
deepseek_v4,mc_C_675,T1,0.9999982870535746,0.9999981127423124,0.9999981998979435,1.7431126220213145e-07
deepseek_v4,mc_C_675,T3,0.9999992611718062,0.9999994202558687,0.9999993407138374,1.5908406258979824e-07
deepseek_v4,mc_C_675,T5,0.9999931620644076,0.9999849547751958,0.9999890584198017,8.20728921180347e-06
deepseek_v4,mc_C_675,T6,0.9896226428663588,0.9997226265300388,0.9946726346981989,0.010099983663680034
deepseek_v4,mc_C_772,T0,0.999970858913126,0.9999955801775495,0.9999832195453378,2.4721264423543943e-05
deepseek_v4,mc_C_772,T1,0.9999971979228706,0.9999958422224375,0.999996520072654,1.355700433025575e-06
deepseek_v4,mc_C_772,T3,0.9999962594014757,0.9999963307814755,0.9999962950914756,7.137999979978105e-08
deepseek_v4,mc_C_772,T5,0.9999987303073825,0.9999979433166788,0.9999983368120307,7.869907037161283e-07
deepseek_v4,mc_C_772,T6,0.9999681438999712,0.9998890635148809,0.9999286037074261,7.908038509030213e-05
deepseek_v4,mc_C_941,T0,0.9999926304552275,0.9999970785915228,0.9999948545233751,4.44813629529861e-06
deepseek_v4,mc_C_941,T1,0.9999983348686023,0.999998316079049,0.9999983254738256,1.878955335765653e-08
deepseek_v4,mc_C_941,T3,0.9999980777686704,0.9999996220711105,0.9999988499198904,1.5443024400374483e-06
deepseek_v4,mc_C_941,T5,0.9999982681766622,0.9999976818247122,0.9999979750006871,5.863519499937908e-07
deepseek_v4,mc_C_941,T6,0.9974700352080251,0.9745911167136192,0.9860305759608221,0.02287891849440593
deepseek_v4,mc_G_005,T0,0.9308487114793582,0.9972272514951029,0.9640379814872306,0.06637854001574472
deepseek_v4,mc_G_005,T1,0.9873652533237822,0.9997483193402533,0.9935567863320178,0.0123830660164711
deepseek_v4,mc_G_005,T3,0.9987076840405276,0.9995462645483506,0.9991269742944391,0.0008385805078230391
deepseek_v4,mc_G_005,T5,0.993846782188256,0.9996515488429875,0.9967491655156218,0.005804766654731508
deepseek_v4,mc_G_005,T6,0.9850997963428357,0.9985851183803477,0.9918424573615917,0.01348532203751196
deepseek_v4,mc_G_037,T0,0.9840850055347974,0.9874731062513064,0.9857790558930519,0.0033881007165089683
deepseek_v4,mc_G_037,T1,0.99729072038393,0.9893657275879619,0.993328223985946,0.007924992795968033
deepseek_v4,mc_G_037,T3,0.9912328002971836,0.9927890889133949,0.9920109446052893,0.0015562886162112655
deepseek_v4,mc_G_037,T5,0.9975282895916547,0.9971057767817476,0.9973170331867012,0.00042251280990712736
deepseek_v4,mc_G_037,T6,0.9378768860794873,0.8708287263380267,0.9043528062087569,0.06704815974146061
deepseek_v4,mc_G_064,T0,8.006555828407487e-07,1.5897609515843227e-05,8.349132549341988e-06,1.5096953933002478e-05
deepseek_v4,mc_G_064,T1,4.515562642465558e-07,1.7841329618092515e-06,1.1178446130279037e-06,1.3325766975626957e-06
deepseek_v4,mc_G_064,T3,2.5209977519762186e-07,6.436260620049049e-07,4.478629186012634e-07,3.9152628680728305e-07
deepseek_v4,mc_G_064,T5,1.2116669001743606e-06,0.0001061761027201857,5.3693884810180035e-05,0.00010496443582001134
deepseek_v4,mc_G_064,T6,1.6848088142422487e-05,0.00017222827822106047,9.453818318174147e-05,0.000155380190078638
deepseek_v4,mc_G_086,T0,0.9998181058759372,0.9999877752834369,0.9999029405796871,0.00016966940749962856
deepseek_v4,mc_G_086,T1,0.9999063547529597,0.9999594499094256,0.9999329023311927,5.3095156465898796e-05
deepseek_v4,mc_G_086,T3,0.9997617067960759,0.9999764688840164,0.9998690878400461,0.0002147620879404677
deepseek_v4,mc_G_086,T5,0.9999600330140244,0.9999567454386002,0.9999583892263123,3.2875754241157296e-06
deepseek_v4,mc_G_086,T6,0.9924938808284136,0.9575236212841084,0.9750087510562611,0.034970259544305216
deepseek_v4,mc_G_112,T0,0.029482520441530272,0.6179927479902173,0.3237376342158738,0.588510227548687
deepseek_v4,mc_G_112,T1,0.003162696669814921,0.19896488391481684,0.10106379029231588,0.19580218724500192
deepseek_v4,mc_G_112,T3,0.1768020248206586,0.863787522451039,0.5202947736358488,0.6869854976303804
deepseek_v4,mc_G_112,T5,0.0008427836193072034,0.057596720598453735,0.02921975210888047,0.05675393697914653
deepseek_v4,mc_G_112,T6,0.0020522272495208005,8.835141427447541e-05,0.001070289331897638,0.001963875835246325
deepseek_v4,mc_G_135,T0,0.9962055331183036,0.999512219975543,0.9978588765469233,0.003306686857239338
deepseek_v4,mc_G_135,T1,0.9988433435661858,0.9986693959424224,0.998756369754304,0.0001739476237633264
deepseek_v4,mc_G_135,T3,0.9968001287960097,0.9990600023725873,0.9979300655842984,0.0022598735765776423
deepseek_v4,mc_G_135,T5,0.9892532431131267,0.9985245767934008,0.9938889099532637,0.009271333680274108
deepseek_v4,mc_G_135,T6,0.7956134392828088,0.9922064433186772,0.893909941300743,0.19659300403586843
deepseek_v4,mc_G_156,T0,0.010809229091783612,0.0036891011618461755,0.007249165126814894,0.0071201279299374365
deepseek_v4,mc_G_156,T1,0.012168588796954927,0.00016385129975748924,0.006166220048356208,0.012004737497197437
deepseek_v4,mc_G_156,T3,0.0017608459428606338,0.00021254909364287755,0.0009866975182517557,0.0015482968492177562
deepseek_v4,mc_G_156,T5,0.0490209560215884,0.0007662491877649114,0.024893602604676657,0.04825470683382349
deepseek_v4,mc_G_156,T6,0.030355969435263752,0.00271746599412781,0.01653671771469578,0.027638503441135942
deepseek_v4,mc_G_179,T0,1.1618628101839334e-06,7.077522357068489e-07,9.348075229453912e-07,4.541105744770846e-07
deepseek_v4,mc_G_179,T1,1.350551809720102e-06,1.5305032106116556e-06,1.4405275101658788e-06,1.799514008915537e-07
deepseek_v4,mc_G_179,T3,7.550310814341543e-07,2.6500612249069633e-07,5.100186019624253e-07,4.90024958943458e-07
deepseek_v4,mc_G_179,T5,1.4562196111178594e-06,9.426999886263943e-07,1.1994597998721268e-06,5.135196224914651e-07
deepseek_v4,mc_G_179,T6,2.7156863027233413e-06,1.88437782500106e-06,2.3000320638622007e-06,8.313084777222812e-07
deepseek_v4,mc_G_186,T0,0.0861707499254107,0.19532472160157327,0.14074773576349198,0.10915397167616257
deepseek_v4,mc_G_186,T1,0.07139394591166832,0.31614488051822026,0.19376941321494429,0.24475093460655195
deepseek_v4,mc_G_186,T3,0.1910156458715393,0.5707659623840734,0.38089080412780635,0.3797503165125341
deepseek_v4,mc_G_186,T5,0.16368497102209018,0.5810180297315823,0.3723515003768363,0.41733305870949217
deepseek_v4,mc_G_186,T6,0.01715643247410093,0.18286915115190275,0.10001279181300184,0.16571271867780182
deepseek_v4,mc_G_235,T0,0.9990455556543435,0.9997700642700015,0.9994078099621725,0.0007245086156579816
deepseek_v4,mc_G_235,T1,0.9979706909001634,0.9992823134251675,0.9986265021626655,0.0013116225250040525
deepseek_v4,mc_G_235,T3,0.9958311698514533,0.9991572069172512,0.9974941883843522,0.0033260370657979266
deepseek_v4,mc_G_235,T5,0.9697661810926016,0.974928329322911,0.9723472552077563,0.00516214823030936
deepseek_v4,mc_G_235,T6,0.35969178087866777,0.6718516541060838,0.5157717174923758,0.31215987322741606
deepseek_v4,mc_G_236,T0,0.8561675804782959,0.8250760982245099,0.8406218393514029,0.031091482253785996
deepseek_v4,mc_G_236,T1,0.9959162644731799,0.9258240601535613,0.9608701623133706,0.0700922043196186
deepseek_v4,mc_G_236,T3,0.9909168305503726,0.9640635723482914,0.9774902014493321,0.026853258202081176
deepseek_v4,mc_G_236,T5,0.99180043494658,0.8566113967543919,0.924205915850486,0.13518903819218808
deepseek_v4,mc_G_236,T6,0.9866448253768819,0.6351375832852978,0.8108912043310899,0.3515072420915841
deepseek_v4,mc_G_288,T0,0.8825603813925806,0.7931554081317134,0.837857894762147,0.08940497326086727
deepseek_v4,mc_G_288,T1,0.9183198702428513,0.7741895243766415,0.8462546973097465,0.14413034586620987
deepseek_v4,mc_G_288,T3,0.8998685117672758,0.7469189376333921,0.823393724700334,0.15294957413388366
deepseek_v4,mc_G_288,T5,0.8692448811528023,0.7904886445425922,0.8298667628476972,0.07875623661021014
deepseek_v4,mc_G_288,T6,0.42126535297405476,0.5371580409540303,0.47921169696404253,0.11589268797997554
deepseek_v4,mc_G_302,T0,0.6412135196614706,0.6937145602509937,0.6674640399562322,0.052501040589523096
deepseek_v4,mc_G_302,T1,0.08302782438689887,0.461407329721975,0.27221757705443694,0.37837950533507614
deepseek_v4,mc_G_302,T3,0.7987815776914308,0.9314603180066315,0.8651209478490312,0.13267874031520077
deepseek_v4,mc_G_302,T5,0.6799379654299201,0.8586510169780356,0.7692944912039779,0.17871305154811545
deepseek_v4,mc_G_302,T6,0.023372487047637336,0.21524567590484087,0.1193090814762391,0.19187318885720353
deepseek_v4,mc_G_365,T0,0.9836919754561617,0.9988988255255385,0.9912954004908501,0.015206850069376832
deepseek_v4,mc_G_365,T1,0.9905469033728052,0.9955546339837181,0.9930507686782617,0.005007730610912975
deepseek_v4,mc_G_365,T3,0.9848165975457106,0.9980558603479397,0.9914362289468251,0.01323926280222909
deepseek_v4,mc_G_365,T5,0.9931314314720744,0.997690690368409,0.9954110609202417,0.004559258896334573
deepseek_v4,mc_G_365,T6,0.04783824326389857,0.8528541140654184,0.45034617866465854,0.8050158708015198
deepseek_v4,mc_G_373,T0,2.148920246974562e-05,0.0001847932177181123,0.00010314121009392896,0.0001633040152483667
deepseek_v4,mc_G_373,T1,4.258234809222185e-06,0.0003539788890245663,0.00017911856191689423,0.0003497206542153441
deepseek_v4,mc_G_373,T3,4.837043696132591e-06,0.00031841702538697294,0.00016162703454155277,0.00031357998169084035
deepseek_v4,mc_G_373,T5,3.820987090811983e-06,0.0014438575877950674,0.0007238392874429397,0.0014400366007042554
deepseek_v4,mc_G_373,T6,1.5339175914313952e-05,0.00019709427082957343,0.00010621672337194369,0.0001817550949152595
deepseek_v4,mc_G_385,T0,0.9775844465781337,0.9829171884955353,0.9802508175368345,0.005332741917401629
deepseek_v4,mc_G_385,T1,0.5825726818139616,0.8729260904756503,0.7277493861448059,0.2903534086616887
deepseek_v4,mc_G_385,T3,0.8808627383686771,0.9526173647597294,0.9167400515642032,0.07175462639105223
deepseek_v4,mc_G_385,T5,0.2704508556854983,0.4501218148976403,0.3602863352915693,0.179670959212142
deepseek_v4,mc_G_385,T6,0.4623877084679385,0.9177457732932995,0.690066740880619,0.45535806482536106
deepseek_v4,mc_G_397,T0,0.00037289717895749863,5.738541086730553e-05,0.00021514129491240208,0.0003155117680901931
deepseek_v4,mc_G_397,T1,0.0003619331297082251,2.398039870987745e-05,0.00019295676420905128,0.00033795273099834766
deepseek_v4,mc_G_397,T3,0.00032777104671288804,0.00014741694592856902,0.00023759399632072853,0.00018035410078431902
deepseek_v4,mc_G_397,T5,0.0020462593460107703,8.45920215815088e-05,0.0010654256837961396,0.0019616673244292615
deepseek_v4,mc_G_397,T6,0.0014427249351339766,0.00011125920151278113,0.0007769920683233789,0.0013314657336211955
deepseek_v4,mc_G_431,T0,0.9939459648262171,0.9996502675625336,0.9967981161943753,0.005704302736316502
deepseek_v4,mc_G_431,T1,0.9995961018722175,0.9998301071507564,0.9997131045114869,0.00023400527853889574
deepseek_v4,mc_G_431,T3,0.999964871524448,0.9999809137553132,0.9999728926398805,1.6042230865154217e-05
deepseek_v4,mc_G_431,T5,0.9997158288042504,0.9999501330909616,0.999832980947606,0.00023430428671122883
deepseek_v4,mc_G_431,T6,0.9918166108191107,0.9947897112663259,0.9933031610427183,0.0029731004472152156
deepseek_v4,mc_G_453,T0,0.9318743865811815,0.9606038241017248,0.9462391053414532,0.028729437520543355
deepseek_v4,mc_G_453,T1,0.5779234683517956,0.9773423526130717,0.7776329104824337,0.39941888426127603
deepseek_v4,mc_G_453,T3,0.9959084831308299,0.9992632383791366,0.9975858607549832,0.00335475524830664
deepseek_v4,mc_G_453,T5,0.35854956723971715,0.38900783762518415,0.37377870243245065,0.030458270385467
deepseek_v4,mc_G_453,T6,0.028060426233137085,0.743515908702805,0.38578816746797107,0.715455482469668
deepseek_v4,mc_G_492,T0,0.9910931052650068,0.9992710727570455,0.9951820890110261,0.008177967492038696
deepseek_v4,mc_G_492,T1,0.9517002388712144,0.9958115266229917,0.973755882747103,0.044111287751777306
deepseek_v4,mc_G_492,T3,0.8402533405055136,0.9922549045619624,0.916254122533738,0.15200156405644882
deepseek_v4,mc_G_492,T5,0.9763162634284517,0.9971549380327249,0.9867356007305883,0.020838674604273244
deepseek_v4,mc_G_492,T6,0.8959706430209824,0.9730762052448451,0.9345234241329137,0.07710556222386267
deepseek_v4,mc_G_572,T0,0.5188709321116919,0.8596476392052365,0.6892592856584642,0.3407767070935446
deepseek_v4,mc_G_572,T1,0.8358036404901662,0.9377003918346256,0.8867520161623959,0.10189675134445941
deepseek_v4,mc_G_572,T3,0.9514527455392755,0.9769516164444499,0.9642021809918627,0.025498870905174442
deepseek_v4,mc_G_572,T5,0.893407892254443,0.9861868204163516,0.9397973563353973,0.09277892816190869
deepseek_v4,mc_G_572,T6,0.47619427002059317,0.5460158204796799,0.5111050452501366,0.06982155045908672
deepseek_v4,mc_G_595,T0,0.011104452024915994,0.5665366510722806,0.28882055154859826,0.5554321990473646
deepseek_v4,mc_G_595,T1,0.32598598825615716,0.947804252738619,0.6368951204973881,0.6218182644824619
deepseek_v4,mc_G_595,T3,0.2937905700005412,0.970931592281701,0.6323610811411211,0.6771410222811598
deepseek_v4,mc_G_595,T5,0.20471801731886405,0.7785690843392341,0.4916435508290491,0.57385106702037
deepseek_v4,mc_G_595,T6,0.9848736653865926,0.0027761463593216277,0.49382490587295713,0.9820975190272709
deepseek_v4,mc_G_601,T0,0.9772073092116482,0.9483587392152495,0.9627830242134489,0.028848569996398732
deepseek_v4,mc_G_601,T1,0.998397235925354,0.9602819439760273,0.9793395899506907,0.038115291949326724
deepseek_v4,mc_G_601,T3,0.9380103216571699,0.35967069186176404,0.6488405067594669,0.5783396297954059
deepseek_v4,mc_G_601,T5,0.9922383851711463,0.9191818227446874,0.9557101039579168,0.07305656242645886
deepseek_v4,mc_G_601,T6,0.9710065954906214,0.625396993074367,0.7982017942824942,0.3456096024162544
deepseek_v4,mc_H_035,T0,6.64805906408935e-05,0.001317437308723835,0.0006919589496823642,0.0012509567180829415
deepseek_v4,mc_H_035,T1,4.097594975133684e-05,0.0002098439071644629,0.00012540992845789988,0.00016886795741312606
deepseek_v4,mc_H_035,T3,9.99650666508849e-05,0.00023616968685199184,0.00016806737675143836,0.00013620462020110696
deepseek_v4,mc_H_035,T5,2.9940364843270376e-05,0.00037320353266134685,0.00020157194875230862,0.00034326316781807645
deepseek_v4,mc_H_035,T6,5.837304295748771e-05,0.0003039321448016437,0.0001811525938795657,0.00024555910184415595
deepseek_v4,mc_H_044,T0,0.29779408489460135,0.0475558068026698,0.17267494584863557,0.25023827809193155
deepseek_v4,mc_H_044,T1,0.971546576199654,0.7282446883114728,0.8498956322555634,0.2433018878881812
deepseek_v4,mc_H_044,T3,0.9755802751911107,0.5341094695718733,0.754844872381492,0.44147080561923735
deepseek_v4,mc_H_044,T5,0.9255644264663447,0.8550738379618466,0.8903191322140956,0.07049058850449819
deepseek_v4,mc_H_044,T6,0.7449079550762078,0.08076080689167153,0.41283438098393965,0.6641471481845362
deepseek_v4,mc_H_049,T0,0.6446158245985053,0.8692379363836998,0.7569268804911026,0.22462211178519453
deepseek_v4,mc_H_049,T1,0.8489633891918418,0.9900150923672673,0.9194892407795545,0.14105170317542548
deepseek_v4,mc_H_049,T3,0.39768345014552337,0.984272645665244,0.6909780479053836,0.5865891955197207
deepseek_v4,mc_H_049,T5,0.9176512746782736,0.9968986621269833,0.9572749684026285,0.07924738744870974
deepseek_v4,mc_H_049,T6,0.6223903010789538,0.985504303269562,0.8039473021742578,0.3631140021906082
deepseek_v4,mc_H_060,T0,0.5321611106650601,0.9320788619925879,0.732119986328824,0.3999177513275278
deepseek_v4,mc_H_060,T1,0.7490205205886177,0.9839149559157444,0.866467738252181,0.23489443532712673
deepseek_v4,mc_H_060,T3,0.9291770258350018,0.9765349916466541,0.952856008740828,0.0473579658116523
deepseek_v4,mc_H_060,T5,0.8492092684042217,0.9878176273531497,0.9185134478786857,0.13860835894892798
deepseek_v4,mc_H_060,T6,0.1910356916427114,0.9030807282304153,0.5470582099365633,0.7120450365877039
deepseek_v4,mc_H_066,T0,5.426471102080861e-05,0.0041405685937742215,0.002097416652397515,0.004086303882753413
deepseek_v4,mc_H_066,T1,1.0095621686215034e-05,0.0004957636766552246,0.0002529296491707198,0.0004856680549690095
deepseek_v4,mc_H_066,T3,5.570849690214314e-06,0.00036289014830466184,0.00018423049899743809,0.0003573192986144475
deepseek_v4,mc_H_066,T5,6.556529439452602e-05,0.02114042443870153,0.010602994866548029,0.021074859144307005
deepseek_v4,mc_H_066,T6,1.9289515292183886e-05,0.00044512793346977687,0.00023220872438098038,0.000425838418177593
deepseek_v4,mc_H_072,T0,0.015209007162682364,0.0014450019005477488,0.008327004531615056,0.013764005262134615
deepseek_v4,mc_H_072,T1,0.07045859886213701,0.01319075409342274,0.041824676477779876,0.05726784476871427
deepseek_v4,mc_H_072,T3,0.028581938050992628,0.0004911999776874287,0.014536569014340028,0.0280907380733052
deepseek_v4,mc_H_072,T5,0.7177180358666101,0.01413818880177009,0.3659281123341901,0.70357984706484
deepseek_v4,mc_H_072,T6,0.028604826996983523,0.029814888281537888,0.029209857639260706,0.0012100612845543646
deepseek_v4,mc_H_073,T0,0.02927941740205564,0.08519250072563012,0.05723595906384288,0.055913083323574475
deepseek_v4,mc_H_073,T1,0.08384069985223475,0.16128255865911167,0.12256162925567321,0.07744185880687693
deepseek_v4,mc_H_073,T3,0.05769639541333538,0.06367586117151924,0.06068612829242731,0.005979465758183866
deepseek_v4,mc_H_073,T5,0.5720337118576202,0.10258179668931378,0.337307754273467,0.4694519151683064
deepseek_v4,mc_H_073,T6,0.14661289356259244,0.013772186188094393,0.08019253987534342,0.13284070737449805
gpt41,dd_0107,T1,2.3195228302435627e-16,4.1524200211755823e-14,2.087807624739009e-14,4.1292247928731465e-14
gpt41,dd_0107,T3,1.553983417281935e-17,4.806775066499311e-15,2.4111574503360654e-15,4.7912352323264914e-15
gpt41,dd_0107,T5,1.2736685964183572e-15,5.765064269705644e-14,2.94621556467374e-14,5.637697410063808e-14
gpt41,dd_0107,T6,2.070482504119794e-18,1.5605313853756026e-15,7.813009339398612e-16,1.5584609028714828e-15
gpt41,dd_0283,T1,0.0,7.769428277389268e-17,3.884714138694634e-17,7.769428277389268e-17
gpt41,dd_0283,T3,0.0,4.496600113557188e-17,2.248300056778594e-17,4.496600113557188e-17
gpt41,dd_0283,T5,0.0,2.903223237253691e-17,1.4516116186268454e-17,2.903223237253691e-17
gpt41,dd_0283,T6,0.0,5.00578465093359e-18,2.502892325466795e-18,5.00578465093359e-18
gpt41,dd_11241,T1,1.9502961033552045e-13,5.21926302471274e-13,3.5847795640339726e-13,3.2689669213575356e-13
gpt41,dd_11241,T3,4.6323592794767677e-14,8.037725264999178e-12,4.0420244288969726e-12,7.991401672204411e-12
gpt41,dd_11241,T5,9.57381410270486e-18,3.05077640098646e-12,1.5253929874002815e-12,3.0507668271723574e-12
gpt41,dd_11241,T6,1.4009585401731443e-18,4.111452592548016e-15,2.0564267755440943e-15,4.110051634007843e-15
gpt41,dd_13518,T1,2.4499043620695367e-16,1.5694676538876452e-16,2.009686007978591e-16,8.804367081818915e-17
gpt41,dd_13518,T3,0.0,4.1586752785312187e-17,2.0793376392656093e-17,4.1586752785312187e-17
gpt41,dd_13518,T5,1.5572539597065396e-16,9.57381410270486e-18,8.264960503667941e-17,1.461515818679491e-16
gpt41,dd_13518,T6,1.9715189118056397e-19,3.898509006033901e-18,2.0478304486072325e-18,3.7013571148533364e-18
gpt41,dd_14408,T1,0.9999999999999976,0.9999999999999998,0.9999999999999987,2.220446049250313e-15
gpt41,dd_14408,T3,0.9999999999999996,1.0,0.9999999999999998,4.440892098500626e-16
gpt41,dd_14408,T5,0.9999999999999962,0.9999999999999987,0.9999999999999974,2.4424906541753444e-15
gpt41,dd_14408,T6,0.5234203493559075,0.9999999994623159,0.7617101744091117,0.47657965010640835
gpt41,dd_14818,T1,0.9999999999999969,1.0,0.9999999999999984,3.1086244689504383e-15
gpt41,dd_14818,T3,0.9999999999999247,1.0,0.9999999999999624,7.527312106958561e-14
gpt41,dd_14818,T5,0.9999999999999996,1.0,0.9999999999999998,4.440892098500626e-16
gpt41,dd_14818,T6,0.9982725414512917,0.9449947109570167,0.9716336262041543,0.053277830494275036
gpt41,dd_15810,T1,0.8670357617327915,0.999999996905842,0.9335178793193167,0.13296423517305045
gpt41,dd_15810,T3,0.04468086724421863,0.9999975175206665,0.5223391923824425,0.9553166502764479
gpt41,dd_15810,T5,0.9999999451547391,1.0,0.9999999725773696,5.4845260888392033e-08
gpt41,dd_15810,T6,0.9999968124334068,0.9999999999998741,0.9999984062166405,3.1875664673330917e-06
gpt41,dd_17929,T1,0.980280871725403,0.9252299572870928,0.9527554145062479,0.05505091443831023
gpt41,dd_17929,T3,0.5389832402753261,0.17328819875026527,0.35613571951279566,0.3656950415250608
gpt41,dd_17929,T5,0.9994296844219127,0.999534473159994,0.9994820787909533,0.00010478873808128508
gpt41,dd_17929,T6,0.9999980666413978,0.9999307781858081,0.999964422413603,6.728845558967578e-05
gpt41,dd_1808,T1,0.9999999998989721,0.9999991940554158,0.999999596977194,8.058435563285116e-07
gpt41,dd_1808,T3,0.9999932519471056,0.8962513559312693,0.9481223039391875,0.10374189601583639
gpt41,dd_1808,T5,0.9999999999981497,0.9999999999999627,0.9999999999990562,1.8129941992128806e-12
gpt41,dd_1808,T6,0.00018522579680840004,0.012431648795191215,0.006308437295999807,0.012246422998382816
gpt41,dd_1814,T1,3.712170577605493e-19,1.1257018118315942e-18,7.4845943479607175e-19,7.544847540710448e-19
gpt41,dd_1814,T3,0.0,7.325081395733107e-19,3.6625406978665533e-19,7.325081395733107e-19
gpt41,dd_1814,T5,2.0986709572688716e-19,9.856974413267759e-19,5.977822685268315e-19,7.758303455998888e-19
gpt41,dd_1814,T6,0.0,3.1751877577229545e-19,1.5875938788614772e-19,3.1751877577229545e-19
gpt41,dd_18223,T1,2.123379125378155e-06,8.152020648012209e-09,1.0657655730130837e-06,2.115227104730143e-06
gpt41,dd_18223,T3,2.4097327145671404e-09,2.940077739198003e-11,1.2195667459795601e-09,2.3803319371751606e-09
gpt41,dd_18223,T5,5.813750742989888e-10,2.2508450454085817e-08,1.1544912764192402e-08,2.192707537978683e-08
gpt41,dd_18223,T6,5.90530399544444e-10,8.641369030329213e-11,3.3847204492386803e-10,5.041167092411519e-10
gpt41,dd_18643,T1,1.0,1.0,1.0,0.0
gpt41,dd_18643,T3,1.0,1.0,1.0,0.0
gpt41,dd_18643,T5,1.0,1.0,1.0,0.0
gpt41,dd_18643,T6,0.9999999999995999,1.0,0.9999999999997999,4.001243780749064e-13
gpt41,dd_18670,T1,0.9099070125904232,0.9835969659780047,0.946751989284214,0.07368995338758155
gpt41,dd_18670,T3,0.9496693682844375,0.06278920932203258,0.506229288803235,0.8868801589624049
gpt41,dd_18670,T5,0.9986954936527734,0.9999998485673641,0.9993476711100688,0.0013043549145906885
gpt41,dd_18670,T6,2.8054417772139232e-11,0.9263037235766038,0.46315186180232915,0.9263037235485494
gpt41,dd_2081,T1,0.9999999997121984,0.9999999999935416,0.99999999985287,2.813431709824954e-10
gpt41,dd_2081,T3,0.9999999967573503,0.9999999993308415,0.9999999980440959,2.573491197921385e-09
gpt41,dd_2081,T5,0.9999999999995741,1.0,0.9999999999997871,4.2588155224621005e-13
gpt41,dd_2081,T6,0.1645164652575012,0.9999956431212519,0.5822560541893765,0.8354791778637507
gpt41,dd_21158,T1,1.0,1.0,1.0,0.0
gpt41,dd_21158,T3,1.0,1.0,1.0,0.0
gpt41,dd_21158,T5,0.9999999999999998,1.0,0.9999999999999999,2.220446049250313e-16
gpt41,dd_21158,T6,0.999998671222082,0.9999999999998817,0.9999993356109818,1.3287777996806582e-06
gpt41,dd_21629,T1,0.9999999999999867,1.0,0.9999999999999933,1.3322676295501878e-14
gpt41,dd_21629,T3,1.0,1.0,1.0,0.0
gpt41,dd_21629,T5,0.9999999999996121,1.0,0.999999999999806,3.879119248040297e-13
gpt41,dd_21629,T6,0.9999999998308102,0.9999999999997162,0.9999999999152632,1.6890600029739744e-10
gpt41,dd_21630,T1,0.0,3.025228082774529e-16,1.5126140413872646e-16,3.025228082774529e-16
gpt41,dd_21630,T3,0.0,2.248158615198697e-16,1.1240793075993484e-16,2.248158615198697e-16
gpt41,dd_21630,T5,1.282891823608785e-19,7.37142830954034e-16,3.6863556006819744e-16,7.370145417716732e-16
gpt41,dd_21630,T6,5.978557193649842e-19,9.919341002640802e-16,4.9626597799172265e-16,9.913362445447152e-16
gpt41,dd_22819,T1,0.0,8.142290925517542e-17,4.071145462758771e-17,8.142290925517542e-17
gpt41,dd_22819,T3,1.584159950090724e-19,8.854330610839155e-18,4.506373302924113e-18,8.695914615830083e-18
gpt41,dd_22819,T5,0.0,8.016056405233486e-17,4.008028202616743e-17,8.016056405233486e-17
gpt41,dd_22819,T6,0.0,1.0033271034614627e-17,5.0166355173073135e-18,1.0033271034614627e-17
gpt41,dd_23534,T1,1.1317959786053109e-08,3.3982678079468067e-09,7.358113796999958e-09,7.919691978106303e-09
gpt41,dd_23534,T3,4.599055376522244e-10,3.364740792280932e-10,3.9818980844015877e-10,1.2343145842413118e-10
gpt41,dd_23534,T5,9.290347231245429e-10,8.864911257608057e-10,9.077629244426743e-10,4.254359736373718e-11
gpt41,dd_23534,T6,2.032255207203763e-12,8.211053291165056e-13,1.4266802681601343e-12,1.2111498780872574e-12
gpt41,dd_24260,T1,0.0453525883604252,3.7266391165016485e-06,0.02267815749977085,0.045348861721308704
gpt41,dd_24260,T3,1.1843144101888486e-05,0.16885695253623711,0.0844343978401695,0.16884510939213523
gpt41,dd_24260,T5,0.026759284036491596,0.9732407158489335,0.49999999994271255,0.9464814318124418
gpt41,dd_24260,T6,3.868170568255949e-18,9.585254508941045e-10,4.792627273811375e-10,9.58525447025934e-10
gpt41,dd_24405,T1,0.0,5.761622815867949e-18,2.8808114079339746e-18,5.761622815867949e-18
gpt41,dd_24405,T3,0.0,1.119292266766999e-17,5.596461333834995e-18,1.119292266766999e-17
gpt41,dd_24405,T5,0.0,7.241903461563122e-17,3.620951730781561e-17,7.241903461563122e-17
gpt41,dd_24405,T6,0.0,0.0,0.0,0.0
gpt41,dd_24975,T1,0.999999999276467,0.9999999999919622,0.9999999996342146,7.154952186283481e-10
gpt41,dd_24975,T3,0.9999999999985363,1.0,0.9999999999992681,1.4637180356658064e-12
gpt41,dd_24975,T5,0.9999996367319812,0.9999999999999722,0.9999998183659767,3.6326799102148755e-07
gpt41,dd_24975,T6,0.9992562970432561,0.9999998874648162,0.9996280922540361,0.0007435904215600253
gpt41,dd_25137,T1,0.9999999999999998,1.0,0.9999999999999999,2.220446049250313e-16
gpt41,dd_25137,T3,1.0,1.0,1.0,0.0
gpt41,dd_25137,T5,1.0,1.0,1.0,0.0
gpt41,dd_25137,T6,0.9999999998597366,0.9999999999999842,0.9999999999298604,1.4024759131814335e-10
gpt41,dd_25302,T1,0.0,4.3152561000769255e-18,2.1576280500384627e-18,4.3152561000769255e-18
gpt41,dd_25302,T3,0.0,5.628154967091215e-18,2.8140774835456073e-18,5.628154967091215e-18
gpt41,dd_25302,T5,0.0,2.5314803922389994e-19,1.2657401961194997e-19,2.5314803922389994e-19
gpt41,dd_25302,T6,0.0,9.259770523641926e-19,4.629885261820963e-19,9.259770523641926e-19
gpt41,dd_25868,T1,0.9999999095754375,0.999913853456997,0.9999568815162172,8.605611844048067e-05
gpt41,dd_25868,T3,0.9997584336046516,0.6150878507822096,0.8074231421934306,0.38467058282244193
gpt41,dd_25868,T5,0.9999907765325062,0.9999999538156595,0.9999953651740829,9.17728315330546e-06
gpt41,dd_25868,T6,0.00044421834102712117,0.3593640912680166,0.17990415480452188,0.35891987292698946
gpt41,dd_26178,T1,4.308765322208264e-15,1.765653922188039e-12,8.849813437551236e-13,1.7613451568658307e-12
gpt41,dd_26178,T3,1.1176086870893849e-14,1.3867054168866738e-08,6.9335326724768044e-09,1.3867042992779868e-08
gpt41,dd_26178,T5,4.712396458674901e-17,4.508755242274481e-12,2.254401183119534e-12,4.508708118309894e-12
gpt41,dd_26178,T6,1.7067168954855255e-17,1.3168648552822186e-14,6.59285786088852e-15,1.3151581383867331e-14
gpt41,dd_26321,T1,0.9999999984196588,0.9999999999249225,0.9999999991722907,1.5052636914703044e-09
gpt41,dd_26321,T3,0.9999999915892065,0.9999999999999889,0.9999999957945978,8.410782403878159e-09
gpt41,dd_26321,T5,0.9999999999832478,0.9999999999999996,0.9999999999916237,1.6751711129359137e-11
gpt41,dd_26321,T6,0.9998766053723506,0.9999999999999978,0.9999383026861741,0.00012339462764721087
gpt41,dd_27524,T1,7.140368315899498e-20,3.929085391128439e-18,2.000244537143717e-18,3.857681707969445e-18
gpt41,dd_27524,T3,2.9828128564903707e-19,3.042551829487468e-17,1.5361899790261858e-17,3.012723700922564e-17
gpt41,dd_27524,T5,3.808200142177169e-18,1.5760808673926096e-14,7.882308437034137e-15,1.575700047378392e-14
gpt41,dd_27524,T6,0.0,1.6329629344863575e-12,8.164814672431787e-13,1.6329629344863575e-12
gpt41,dd_27558,T1,2.969373327303753e-10,0.672331652440596,0.3361658263687667,0.6723316521436586
gpt41,dd_27558,T3,0.1755381114660836,0.9999938558271514,0.5877659836466175,0.8244557443610678
gpt41,dd_27558,T5,4.1163657360628184e-07,0.09268776939997884,0.046344090518276225,0.09268735776340524
gpt41,dd_27558,T6,8.533047625744062e-17,0.007695648421383937,0.003847824210692011,0.007695648421383852
gpt41,dd_28814,T1,1.3517375454571096e-09,3.1875665931097213e-06,1.5944591653275893e-06,3.186214855564264e-06
gpt41,dd_28814,T3,1.4975964973626103e-16,7.287724095819061e-14,3.651350030396344e-14,7.272748130845435e-14
gpt41,dd_28814,T5,1.5493120952755e-11,1.191108849497349e-06,5.955621713091509e-07,1.1910933563763964e-06
gpt41,dd_28814,T6,3.1770843175020936e-15,6.875030747605878e-12,3.4391039159616903e-12,6.8718536632883756e-12
gpt41,dd_29454,T1,1.1125604332002954e-05,1.4144754292631033e-06,6.270039880633029e-06,9.71112890273985e-06
gpt41,dd_29454,T5,0.999929688169095,0.0005193048837398593,0.5002244965264174,0.9994103832853551
gpt41,dd_29454,T6,5.453293959695003e-07,1.0045260476947585e-09,2.731669610085975e-07,5.443248699218055e-07
gpt41,dd_29978,T1,3.042551829487467e-17,7.287724095819158e-14,3.645383323824323e-14,7.284681543989671e-14
gpt41,dd_29978,T3,9.135397235550775e-18,6.076333035763165e-15,3.0427342164993576e-15,6.067197638527614e-15
gpt41,dd_29978,T5,1.8454009683489128e-17,5.61968939683199e-15,2.81907170325774e-15,5.601235387148501e-15
gpt41,dd_29978,T6,1.9911635650004722e-18,2.8257572871156004e-15,1.4138742253403005e-15,2.8237661235506e-15
gpt41,dd_30131,T1,0.0,5.864672148586655e-17,2.9323360742933276e-17,5.864672148586655e-17
gpt41,dd_30131,T3,0.0,3.1034872385556173e-15,1.5517436192778087e-15,3.1034872385556173e-15
gpt41,dd_30131,T5,0.0,5.146086319960449e-16,2.5730431599802247e-16,5.146086319960449e-16
gpt41,dd_30131,T6,0.0,6.964470496719056e-17,3.482235248359528e-17,6.964470496719056e-17
gpt41,dd_30899,T1,0.9999999999999982,1.0,0.9999999999999991,1.7763568394002505e-15
gpt41,dd_30899,T3,0.9999999999999991,1.0,0.9999999999999996,8.881784197001252e-16
gpt41,dd_30899,T5,0.9999999999999991,1.0,0.9999999999999996,8.881784197001252e-16
gpt41,dd_30899,T6,0.9999999999995672,1.0,0.9999999999997836,4.32764934998886e-13
gpt41,dd_31129,T1,0.0,8.383111731356207e-18,4.191555865678104e-18,8.383111731356207e-18
gpt41,dd_31129,T3,0.0,3.4674056876612307e-18,1.7337028438306154e-18,3.4674056876612307e-18
gpt41,dd_31129,T5,0.0,3.6568016341339e-15,1.82840081706695e-15,3.6568016341339e-15
gpt41,dd_31129,T6,0.0,4.281674510683264e-18,2.140837255341632e-18,4.281674510683264e-18
gpt41,dd_32872,T1,0.06754669694533684,0.0009547318859781167,0.034250714415657475,0.06659196505935873
gpt41,dd_32872,T3,1.3327855038753164e-12,1.0003110712971402e-11,5.667948108423359e-12,8.670325209096086e-12
gpt41,dd_32872,T5,0.0012843081676748777,2.4720696610330953e-08,0.0006421664441857441,0.0012842834469782673
gpt41,dd_32872,T6,2.0879679116458885e-14,8.556114006891287e-12,4.288496843003873e-12,8.535234327774827e-12
gpt41,dd_33618,T1,3.7412854922925667e-19,2.2931841308002388e-14,1.1466107718275808e-14,2.293146717945316e-14
gpt41,dd_33618,T3,0.0,4.75935182572356e-16,2.37967591286178e-16,4.75935182572356e-16
gpt41,dd_33618,T5,0.0,1.9421126879000174e-15,9.710563439500087e-16,1.9421126879000174e-15
gpt41,dd_33618,T6,2.1607423860280425e-20,1.9011164177826077e-14,9.505592892624968e-15,1.9011142570402218e-14
gpt41,dd_34148,T1,4.152420021175516e-14,2.2508450454016386e-08,1.12542459891083e-08,2.2508408929816174e-08
gpt41,dd_34148,T3,2.260325274022055e-06,0.00039204187675137195,0.000197151101012697,0.0003897815514773499
gpt41,dd_34148,T5,7.257144906383242e-16,3.632680188248224e-07,1.8163400977526845e-07,3.6326801809910794e-07
gpt41,dd_34148,T6,1.7335937757956052e-17,2.6810038677817276e-14,1.3413687307787616e-14,2.679270274005932e-14
gpt41,dd_34460,T1,0.0,2.497478627366196e-18,1.248739313683098e-18,2.497478627366196e-18
gpt41,dd_34460,T3,0.0,1.8744618050240602e-17,9.372309025120301e-18,1.8744618050240602e-17
gpt41,dd_34460,T5,2.0779656451336502e-20,1.5908350720341763e-17,7.96456518839655e-18,1.5887571063890426e-17
gpt41,dd_34460,T6,0.0,1.057498986867397e-18,5.287494934336985e-19,1.057498986867397e-18
gpt41,dd_35732,T1,0.0,6.441082273569894e-17,3.220541136784947e-17,6.441082273569894e-17
gpt41,dd_35732,T3,1.8744618050240562e-17,5.684235155717975e-17,3.779348480371015e-17,3.8097733506939186e-17
gpt41,dd_35732,T5,1.4230204270058196e-18,4.586656810268135e-15,2.2940399153475703e-15,4.585233789841129e-15
gpt41,dd_35732,T6,1.5965846705698467e-19,9.898508417582336e-17,4.9572371321440176e-17,9.882542570876637e-17
gpt41,dd_36819,T1,2.3831107543483945e-18,4.2001132445113884e-16,2.111972176027436e-16,4.1762821369679046e-16
gpt41,dd_36819,T3,4.117646136057594e-18,2.1329935059238714e-15,1.0685555760299646e-15,2.1288758597878137e-15
gpt41,dd_36819,T5,9.934283621752464e-19,5.564246011263928e-16,2.7870901474428406e-16,5.554311727642175e-16
gpt41,dd_36819,T6,0.0,5.423935076522497e-17,2.7119675382612485e-17,5.423935076522497e-17
gpt41,dd_37249,T1,0.0015978452141143624,1.17264244014257e-06,0.0007995089282772525,0.0015966725716742198
gpt41,dd_37249,T3,0.8933094058115292,0.00012731098864370838,0.44671835840008645,0.8931820948228855
gpt41,dd_37249,T5,0.9989515307752717,0.005469275714718972,0.5022104032449953,0.9934822550605527
gpt41,dd_37249,T6,0.008315776759025052,0.0003859660390309881,0.00435087139902802,0.007929810719994063
gpt41,dd_37490,T1,1.0,0.9999999999999996,0.9999999999999998,4.440892098500626e-16
gpt41,dd_37490,T3,1.0,1.0,1.0,0.0
gpt41,dd_37490,T5,1.0,1.0,1.0,0.0
gpt41,dd_37490,T6,0.9999599363144337,0.9999999999999571,0.9999799681571955,4.006368552345041e-05
gpt41,dd_38533,T1,1.0133244780087974e-16,3.0988191387122068e-12,1.5494602355800038e-12,3.098717806264406e-12
gpt41,dd_38533,T3,1.1779508898282738e-15,1.162823302886858e-10,5.8141754119787815e-11,1.1628115233779597e-10
gpt41,dd_38533,T5,1.506172373854775e-17,5.9731302257953606e-12,2.9865726437595497e-12,5.973115164071622e-12
gpt41,dd_38533,T6,4.4804070196956436e-15,1.5363375887373939e-15,3.0083723042165187e-15,2.9440694309582497e-15
gpt41,dd_39199,T1,0.9999999999967524,0.999999999999994,0.9999999999983732,3.241629187300532e-12
gpt41,dd_39199,T3,0.9999999999988778,1.0,0.9999999999994389,1.1222134332911082e-12
gpt41,dd_39199,T5,0.9999997035092996,0.9999999999999927,0.9999998517546461,2.9649069310799803e-07
gpt41,dd_39199,T6,0.9999999992876845,0.9999999999999858,0.9999999996438351,7.123013290311064e-10
gpt41,dd_42860,T1,8.515126531951232e-18,1.5941831731372964e-16,8.396672192284044e-17,1.509031907817784e-16
gpt41,dd_42860,T3,4.4455402156491245e-15,2.5876147046403867e-16,2.3521508430565816e-15,4.186778745185086e-15
gpt41,dd_42860,T5,2.897990998844057e-16,2.132993505923879e-15,1.2113963029041423e-15,1.8431944060394732e-15
gpt41,dd_42860,T6,6.607705631298266e-16,2.5421472067325012e-17,3.4309601759857583e-16,6.353490910625016e-16
gpt41,dd_44063,T1,0.9999907765325072,0.14414885823217405,0.5720698173823406,0.8558419183003332
gpt41,dd_44063,T3,0.9998058868266754,0.8596637523076224,0.9297348195671489,0.140142134519053
gpt41,dd_44063,T5,0.9999662627607154,0.9999830355762873,0.9999746491685013,1.6772815571886035e-05
gpt41,dd_44063,T6,1.1496191716612451e-08,8.267870727482841e-06,4.139683459599727e-06,8.256374535766228e-06
gpt41,dd_44380,T1,1.0,1.0,1.0,0.0
gpt41,dd_44380,T3,1.0,1.0,1.0,0.0
gpt41,dd_44380,T5,1.0,1.0,1.0,0.0
gpt41,dd_44380,T6,0.9999999999923304,1.0,0.9999999999961652,7.669642698715506e-12
gpt41,dd_45938,T1,0.0,1.641333597989621e-17,8.206667989948105e-18,1.641333597989621e-17
gpt41,dd_45938,T3,0.0,6.528773980955297e-18,3.2643869904776484e-18,6.528773980955297e-18
gpt41,dd_45938,T5,0.0,4.120105632201304e-14,2.060052816100652e-14,4.120105632201304e-14
gpt41,dd_45938,T6,9.68955971580279e-16,1.337602459271252e-14,7.1724902821464e-15,1.2407068621132241e-14
gpt41,dd_46859,T1,0.0,1.7886239494585953e-17,8.943119747292977e-18,1.7886239494585953e-17
gpt41,dd_46859,T3,0.0,9.648902457348837e-18,4.8244512286744184e-18,9.648902457348837e-18
gpt41,dd_46859,T5,0.0,6.050836826447879e-17,3.0254184132239393e-17,6.050836826447879e-17
gpt41,dd_46859,T6,0.0,1.0395380116702202e-15,5.197690058351101e-16,1.0395380116702202e-15
gpt41,dd_47886,T1,0.999664649946115,0.9999999999999956,0.9998323249730553,0.0003353500538805232
gpt41,dd_47886,T3,0.9999999328021694,0.9999999997538302,0.9999999662779998,6.695166088199755e-08
gpt41,dd_47886,T5,0.9999982119355446,0.9999998909271594,0.9999990514313519,1.6789916147397221e-06
gpt41,dd_47886,T6,0.10087862445890537,0.9988120945924318,0.5498453595256686,0.8979334701335264
gpt41,dd_5570,T1,1.0,0.9999999999999993,0.9999999999999997,6.661338147750939e-16
gpt41,dd_5570,T3,1.0,1.0,1.0,0.0
gpt41,dd_5570,T5,1.0,1.0,1.0,0.0
gpt41,dd_5570,T6,0.9999999999999305,0.999999999999998,0.9999999999999643,6.750155989720952e-14
gpt41,dd_6488,T1,4.658886145103373e-15,2.1757125257157842e-13,1.111150693583409e-13,2.1291236642647506e-13
gpt41,dd_6488,T3,4.732252926454982e-15,1.297223134937671e-10,6.486352287334678e-11,1.2971758124084063e-10
gpt41,dd_6488,T5,1.0706035468388838e-14,8.966730491446853e-12,4.488718263457621e-12,8.956024455978464e-12
gpt41,dd_6488,T6,3.780821454082277e-14,4.931120784719738e-14,4.355971119401008e-14,1.150299330637461e-14
gpt41,dd_6826,T1,0.9999999999932316,0.9999999999999984,0.999999999996615,6.766809335090329e-12
gpt41,dd_6826,T3,0.9999999999999958,0.9999999999999998,0.9999999999999978,3.9968028886505635e-15
gpt41,dd_6826,T5,0.9999999999999996,1.0,0.9999999999999998,4.440892098500626e-16
gpt41,dd_6826,T6,0.9947798743156098,0.9999999959009065,0.9973899351082581,0.005220121585296722
gpt41,dd_6868,T1,0.0,5.219263024712748e-13,2.609631512356374e-13,5.219263024712748e-13
gpt41,dd_6868,T3,7.562118644490215e-15,7.802166058179252e-15,7.682142351334733e-15,2.400474136890371e-16
gpt41,dd_6868,T5,0.0,1.1399918530430508e-12,5.699959265215254e-13,1.1399918530430508e-12
gpt41,dd_6868,T6,5.317438842692045e-19,1.8348935848264211e-16,9.201055118345567e-17,1.829576145983729e-16
gpt41,dd_7687,T1,1.0,1.0,1.0,0.0
gpt41,dd_7687,T3,1.0,1.0,1.0,0.0
gpt41,dd_7687,T5,1.0,1.0,1.0,0.0
gpt41,dd_7687,T6,0.9999999999999529,1.0,0.9999999999999765,4.707345624410664e-14
gpt41,dd_8580,T1,2.841938778948555e-16,1.0277338255279112e-13,5.152878821534299e-14,1.0248918867489626e-13
gpt41,dd_8580,T3,2.4308390550673987e-16,1.2664165549093978e-14,6.4536247273003595e-15,1.2421081643587238e-14
gpt41,dd_8580,T5,8.766974525593444e-19,1.9614643309355223e-14,9.807760003403891e-15,1.9613766611902663e-14
gpt41,dd_8580,T6,2.5368081929914287e-18,1.824446028469063e-15,9.134914183310272e-16,1.8219092202760715e-15
gpt41,dd_9595,T1,0.999999999845951,0.9999999999913092,0.9999999999186301,1.4535816994509787e-10
gpt41,dd_9595,T3,0.9999999966017321,0.9999999999959583,0.9999999982988452,3.394226233410791e-09
gpt41,dd_9595,T5,0.9999999986692192,0.9999999998781373,0.9999999992736782,1.2089180767560492e-09
gpt41,dd_9595,T6,0.9998440197707459,0.9999997257909216,0.9999218727808337,0.00015570602017567214
gpt41,dd_9899,T1,0.9999999999691882,1.0,0.9999999999845941,3.0811797557817044e-11
gpt41,dd_9899,T3,0.9999999995812512,0.9999999999995606,0.9999999997904059,4.1830938712905663e-10
gpt41,dd_9899,T5,0.999999999868235,1.0,0.9999999999341175,1.317650433207973e-10
gpt41,dd_9899,T6,0.9999999984441597,1.0,0.9999999992220798,1.5558403454463132e-09
gpt41,dd_9955,T1,0.0007096703407826485,1.4005229527017071e-07,0.00035490519653895935,0.0007095302884873784
gpt41,dd_9955,T3,0.09807932610676665,5.9551412096701715e-06,0.04904264062398816,0.09807337096555697
gpt41,dd_9955,T5,0.001987774094855365,1.0188094428871392e-06,0.0009943964521491261,0.001986755285412478
gpt41,dd_9955,T6,5.0937072019767774e-06,6.214783413846797e-08,2.577927518057623e-06,5.031559367838309e-06
gpt41,mc_C_034,T1,1.0,1.0,1.0,0.0
gpt41,mc_C_034,T3,1.0,1.0,1.0,0.0
gpt41,mc_C_034,T5,1.0,1.0,1.0,0.0
gpt41,mc_C_034,T6,0.9999999999999785,0.9999999999999991,0.9999999999999888,2.0650148258027912e-14
gpt41,mc_C_1095,T1,1.0,1.0,1.0,0.0
gpt41,mc_C_1095,T3,1.0,1.0,1.0,0.0
gpt41,mc_C_1095,T5,1.0,1.0,1.0,0.0
gpt41,mc_C_1095,T6,0.9997800466700082,0.9999999893677608,0.9998900180188846,0.00021994269775260644
gpt41,mc_C_1216,T1,1.0,1.0,1.0,0.0
gpt41,mc_C_1216,T3,1.0,1.0,1.0,0.0
gpt41,mc_C_1216,T5,1.0,1.0,1.0,0.0
gpt41,mc_C_1216,T6,0.999999999999261,0.9999999999999998,0.9999999999996304,7.387424005855792e-13
gpt41,mc_C_183,T1,1.0,1.0,1.0,0.0
gpt41,mc_C_183,T3,1.0,0.9999999999999967,0.9999999999999983,3.3306690738754696e-15
gpt41,mc_C_183,T5,1.0,1.0,1.0,0.0
gpt41,mc_C_183,T6,0.9999950630100958,0.9999999999999989,0.9999975315050473,4.936989903114863e-06
gpt41,mc_C_291,T1,1.0,1.0,1.0,0.0
gpt41,mc_C_291,T3,1.0,1.0,1.0,0.0
gpt41,mc_C_291,T5,1.0,1.0,1.0,0.0
gpt41,mc_C_291,T6,1.0,1.0,1.0,0.0
gpt41,mc_C_467,T1,1.0,1.0,1.0,0.0
gpt41,mc_C_467,T3,1.0,1.0,1.0,0.0
gpt41,mc_C_467,T5,1.0,1.0,1.0,0.0
gpt41,mc_C_467,T6,5.691027610716989e-09,0.9905874089847213,0.4952937073378745,0.9905874032936937
gpt41,mc_C_527,T1,1.0,1.0,1.0,0.0
gpt41,mc_C_527,T3,1.0,1.0,1.0,0.0
gpt41,mc_C_527,T5,1.0,1.0,1.0,0.0
gpt41,mc_C_527,T6,0.9999999999999989,1.0,0.9999999999999994,1.1102230246251565e-15
gpt41,mc_C_675,T1,1.0,1.0,1.0,0.0
gpt41,mc_C_675,T3,1.0,1.0,1.0,0.0
gpt41,mc_C_675,T5,1.0,1.0,1.0,0.0
gpt41,mc_C_675,T6,0.25683200437207393,0.9987355778193313,0.6277837910957026,0.7419035734472574
gpt41,mc_C_772,T1,1.0,1.0,1.0,0.0
gpt41,mc_C_772,T3,1.0,1.0,1.0,0.0
gpt41,mc_C_772,T5,1.0,1.0,1.0,0.0
gpt41,mc_C_772,T6,0.9999999907625504,0.9999999999999651,0.9999999953812577,9.237414722029769e-09
gpt41,mc_C_941,T1,1.0,1.0,1.0,0.0
gpt41,mc_C_941,T3,1.0,1.0,1.0,0.0
gpt41,mc_C_941,T5,1.0,1.0,1.0,0.0
gpt41,mc_C_941,T6,0.9999998461826474,0.9911526447225263,0.9955762454525868,0.008847201460121079
gpt41,mc_G_005,T1,0.999999999999996,1.0,0.999999999999998,3.9968028886505635e-15
gpt41,mc_G_005,T3,1.0,1.0,1.0,0.0
gpt41,mc_G_005,T5,1.0,1.0,1.0,0.0
gpt41,mc_G_005,T6,0.9999998173373577,0.999999999999984,0.9999999086686708,1.8266262635791009e-07
gpt41,mc_G_037,T1,0.9999999999999911,1.0,0.9999999999999956,8.881784197001252e-15
gpt41,mc_G_037,T3,0.9999999999997824,1.0,0.9999999999998912,2.1760371282653068e-13
gpt41,mc_G_037,T5,0.9999999999999931,1.0,0.9999999999999966,6.8833827526759706e-15
gpt41,mc_G_037,T6,0.9999999999767422,1.0,0.9999999999883711,2.325784009826748e-11
gpt41,mc_G_064,T1,0.0,1.2267202859047633e-18,6.133601429523816e-19,1.2267202859047633e-18
gpt41,mc_G_064,T3,0.0,5.1244934129890574e-18,2.5622467064945287e-18,5.1244934129890574e-18
gpt41,mc_G_064,T5,0.0,4.14369911489105e-15,2.071849557445525e-15,4.14369911489105e-15
gpt41,mc_G_064,T6,0.0,4.889825774389355e-18,2.4449128871946776e-18,4.889825774389355e-18
gpt41,mc_G_086,T1,0.9999999999999998,1.0,0.9999999999999999,2.220446049250313e-16
gpt41,mc_G_086,T3,0.9999999999999996,1.0,0.9999999999999998,4.440892098500626e-16
gpt41,mc_G_086,T5,1.0,1.0,1.0,0.0
gpt41,mc_G_086,T6,0.9999997126313569,1.0,0.9999998563156784,2.87368643103747e-07
gpt41,mc_G_112,T1,0.9808759634185313,0.9525741266413204,0.9667250450299258,0.028301836777210987
gpt41,mc_G_112,T3,0.9999999994948925,0.9999999999922096,0.999999999743551,4.973170764088763e-10
gpt41,mc_G_112,T5,5.3381541917309305e-06,0.1112412097718189,0.055623273963005315,0.11123587161762716
gpt41,mc_G_112,T6,1.5317193083121665e-09,0.15610488238817918,0.07805244195994925,0.15610488085645988
gpt41,mc_G_135,T1,0.9999999999999998,1.0,0.9999999999999999,2.220446049250313e-16
gpt41,mc_G_135,T3,1.0,1.0,1.0,0.0
gpt41,mc_G_135,T5,1.0,1.0,1.0,0.0
gpt41,mc_G_135,T6,0.9999999997379536,0.9999999999999993,0.9999999998689765,2.6204571845767077e-10
gpt41,mc_G_156,T1,0.0,0.0,0.0,0.0
gpt41,mc_G_156,T3,2.220446049250313e-16,0.0,1.1102230246251565e-16,2.220446049250313e-16
gpt41,mc_G_156,T5,0.0,0.0,0.0,0.0
gpt41,mc_G_156,T6,0.0,0.0,0.0,0.0
gpt41,mc_G_179,T1,0.0,2.6645352591003757e-15,1.3322676295501878e-15,2.6645352591003757e-15
gpt41,mc_G_179,T3,0.0,0.0,0.0,0.0
gpt41,mc_G_179,T5,0.0,0.0,0.0,0.0
gpt41,mc_G_179,T6,0.0,0.0,0.0,0.0
gpt41,mc_G_186,T1,0.9999227780762016,0.9579122738270097,0.9789175259516056,0.04201050424919184
gpt41,mc_G_186,T3,0.9957353657137465,0.988668245139936,0.9922018054268413,0.007067120573810537
gpt41,mc_G_186,T5,0.9883127395888988,0.9944450754259926,0.9913789075074457,0.0061323358370938275
gpt41,mc_G_186,T6,0.9941800404903064,0.9136765212480867,0.9539282808691966,0.08050351924221966
gpt41,mc_G_235,T1,0.9999999999999998,1.0,0.9999999999999999,2.220446049250313e-16
gpt41,mc_G_235,T3,1.0,1.0,1.0,0.0
gpt41,mc_G_235,T5,1.0,1.0,1.0,0.0
gpt41,mc_G_235,T6,0.9999999999996523,1.0,0.9999999999998261,3.4772185131259903e-13
gpt41,mc_G_236,T1,,6.10885553721241e-05,,
gpt41,mc_G_236,T3,5.59433746138982e-06,5.871680253122236e-09,2.800104570821471e-06,5.588465781136698e-06
gpt41,mc_G_236,T5,0.015424551212434356,0.14804720367010515,0.08173587744126976,0.1326226524576708
gpt41,mc_G_236,T6,4.9937178614456457e-08,8.727474298808602e-10,2.540496302216866e-08,4.9064431184575596e-08
gpt41,mc_G_288,T1,0.9999999999999858,0.9999999999999982,0.999999999999992,1.2434497875801753e-14
gpt41,mc_G_288,T3,0.9999999999999949,0.9999999999732303,0.9999999999866126,2.67645905438485e-11
gpt41,mc_G_288,T5,0.9999999999999993,1.0,0.9999999999999997,6.661338147750939e-16
gpt41,mc_G_288,T6,0.9999999999999718,0.999999999265073,0.9999999996325224,7.348988084743269e-10
gpt41,mc_G_302,T1,0.9449947087422129,0.9999999924606134,0.9724973506014132,0.05500528371840052
gpt41,mc_G_302,T3,0.22541664810694279,0.9923043514252065,0.6088604997660746,0.7668877033182637
gpt41,mc_G_302,T5,0.7154240114611516,0.9999955745107005,0.8577097929859261,0.2845715630495489
gpt41,mc_G_302,T6,6.014152921287623e-05,0.11436851657287812,0.0572143290510455,0.11430837504366524
gpt41,mc_G_365,T1,0.9999999999999982,1.0,0.9999999999999991,1.7763568394002505e-15
gpt41,mc_G_365,T3,0.9999999406981337,0.9999999999999962,0.999999970349065,5.93018625316688e-08
gpt41,mc_G_365,T5,0.9999999999763758,0.9999999999999962,0.999999999988186,2.3620438938110055e-11
gpt41,mc_G_365,T6,0.9999999697115696,0.9999999999951248,0.9999999848533472,3.0283555219057234e-08
gpt41,mc_G_373,T1,0.0,1.6033121461435665e-17,8.016560730717833e-18,1.6033121461435665e-17
gpt41,mc_G_373,T3,0.0,1.2293020642516576e-17,6.146510321258288e-18,1.2293020642516576e-17
gpt41,mc_G_373,T5,0.0,2.124043494695864e-17,1.062021747347932e-17,2.124043494695864e-17
gpt41,mc_G_373,T6,0.0,0.0,0.0,0.0
gpt41,mc_G_385,T1,0.9999999999999956,1.0,0.9999999999999978,4.440892098500626e-15
gpt41,mc_G_385,T3,0.999999999999988,0.9999999999999849,0.9999999999999865,3.1086244689504383e-15
gpt41,mc_G_385,T5,1.0,0.9999999999999996,0.9999999999999998,4.440892098500626e-16
gpt41,mc_G_385,T6,0.9999999760398793,0.9999999943089724,0.9999999851744259,1.8269093016165527e-08
gpt41,mc_G_397,T1,2.220446049250313e-16,0.0,1.1102230246251565e-16,2.220446049250313e-16
gpt41,mc_G_397,T3,0.0,0.0,0.0,0.0
gpt41,mc_G_397,T5,0.0,0.0,0.0,0.0
gpt41,mc_G_397,T6,0.0,0.0,0.0,0.0
gpt41,mc_G_431,T1,1.0,1.0,1.0,0.0
gpt41,mc_G_431,T3,1.0,1.0,1.0,0.0
gpt41,mc_G_431,T5,1.0,1.0,1.0,0.0
gpt41,mc_G_431,T6,0.9999999999992406,0.9999999999999984,0.9999999999996195,7.578382366091319e-13
gpt41,mc_G_453,T1,0.9999999999999492,1.0,0.9999999999999746,5.084821452783217e-14
gpt41,mc_G_453,T3,0.9999999999999432,1.0,0.9999999999999716,5.684341886080802e-14
gpt41,mc_G_453,T5,0.9999999932417374,0.9999999999999911,0.9999999966208643,6.758253734417963e-09
gpt41,mc_G_453,T6,0.9999999993713837,1.0,0.9999999996856919,6.286162701485409e-10
gpt41,mc_G_492,T1,0.9999999999999993,1.0,0.9999999999999997,6.661338147750939e-16
gpt41,mc_G_492,T3,0.9999999999999514,0.9999999999999998,0.9999999999999756,4.8405723873656825e-14
gpt41,mc_G_492,T5,0.9999999999999432,1.0,0.9999999999999716,5.684341886080802e-14
gpt41,mc_G_492,T6,0.999999999265073,1.0,0.9999999996325365,7.349270081391523e-10
gpt41,mc_G_572,T1,0.8459424480476562,0.9999999604964398,0.9229712042720479,0.15405751244878363
gpt41,mc_G_572,T3,0.9999995947452572,0.9999999999993403,0.9999997973722987,4.0525408306901767e-07
gpt41,mc_G_572,T5,0.6757646142545631,0.9999999903192359,0.8378823022868995,0.3242353760646728
gpt41,mc_G_572,T6,0.0032224844429769566,0.9999586645844696,0.5015905745137232,0.9967361801414927
gpt41,mc_G_595,T1,0.9999999991541042,0.999999999999976,0.9999999995770401,8.458718170345492e-10
gpt41,mc_G_595,T3,0.9999999962089583,0.999999999768745,0.9999999979888516,3.559786687645783e-09
gpt41,mc_G_595,T5,0.9999997126313569,0.9999999999756259,0.9999998563034914,2.8734426904541976e-07
gpt41,mc_G_595,T6,0.06371499293636636,0.9961755166539474,0.5299452547951569,0.932460523717581
gpt41,mc_G_601,T1,0.8031737867649686,4.5921337687993e-07,0.40158712298917276,0.8031733275515918
gpt41,mc_G_601,T3,0.8175744850310416,4.773959005888173e-14,0.40878724251554466,0.8175744850309938
gpt41,mc_G_601,T5,0.9999998310646898,0.9976032685805843,0.998801549822637,0.002396562484105469
gpt41,mc_G_601,T6,0.9999999867679644,0.9999177980798244,0.9999588924238945,8.2188688140028e-05
gpt41,mc_H_035,T1,0.0,1.1369185552073767e-17,5.684592776036883e-18,1.1369185552073767e-17
gpt41,mc_H_035,T3,0.0,1.6542067369468616e-17,8.271033684734308e-18,1.6542067369468616e-17
gpt41,mc_H_035,T5,0.0,5.287162295624036e-18,2.643581147812018e-18,5.287162295624036e-18
gpt41,mc_H_035,T6,0.0,2.4989703871848803e-14,1.2494851935924402e-14,2.4989703871848803e-14
gpt41,mc_H_044,T1,0.00024156639528594148,8.628372061281198e-08,0.00012082633950327715,0.00024148011156532867
gpt41,mc_H_044,T3,8.164358078488476e-12,9.658940314238862e-14,4.130473740815432e-12,8.067768675346088e-12
gpt41,mc_H_044,T5,0.0002199533297359002,4.218847493575595e-15,0.00010997666487005953,0.00021995332973168136
gpt41,mc_H_044,T6,3.643751966819764e-13,1.9984014443252818e-15,1.8318679906315083e-13,3.623767952376511e-13
gpt41,mc_H_049,T1,0.9999909195289017,0.9999999915892065,0.9999954555590541,9.072060304760043e-06
gpt41,mc_H_049,T3,0.9999999971383715,0.9999724643101806,0.9999862307242761,2.7532828190901526e-05
gpt41,mc_H_049,T5,0.9999998684330432,0.9999999999999971,0.9999999342165202,1.315669538870523e-07
gpt41,mc_H_049,T6,0.9999998577422022,1.0,0.9999999288711011,1.4225779776388947e-07
gpt41,mc_H_060,T1,0.9999999999951248,0.9999999999999973,0.9999999999975611,4.872546810474887e-12
gpt41,mc_H_060,T3,0.9999999999639775,0.9999999999999998,0.9999999999819886,3.602229625698783e-11
gpt41,mc_H_060,T5,0.9999999993713837,0.9999999999999993,0.9999999996856915,6.286156040147262e-10
gpt41,mc_H_060,T6,0.9999997993843378,0.9999999999387235,0.9999998996615307,2.005543856542502e-07
gpt41,mc_H_066,T1,0.0,6.750196265950084e-17,3.375098132975042e-17,6.750196265950084e-17
gpt41,mc_H_066,T3,0.0,1.9450383106968904e-18,9.725191553484452e-19,1.9450383106968904e-18
gpt41,mc_H_066,T5,0.0,1.1548224173015783e-17,5.7741120865078915e-18,1.1548224173015783e-17
gpt41,mc_H_066,T6,0.0,2.965829252820214e-18,1.482914626410107e-18,2.965829252820214e-18
gpt41,mc_H_072,T1,6.3584693066331965e-12,7.771561172376096e-15,3.1831204339027863e-12,6.3506977454608204e-12
gpt41,mc_H_072,T3,1.7934542739794779e-12,2.9976021664879227e-14,9.117151478221786e-13,1.7634782523145986e-12
gpt41,mc_H_072,T5,0.004829722062556052,4.745044357434836e-10,0.002414861268530244,0.0048297215880516164
gpt41,mc_H_072,T6,0.00018522579684387974,0.00033015280636139455,0.00025768930160263714,0.0001449270095175148
gpt41,mc_H_073,T1,6.661338147750939e-16,0.0,3.3306690738754696e-16,6.661338147750939e-16
gpt41,mc_H_073,T3,0.0,6.661338147750939e-16,3.3306690738754696e-16,6.661338147750939e-16
gpt41,mc_H_073,T5,1.7529598994592277e-08,2.0408186252041105e-10,8.866840428556344e-09,1.7325517132071866e-08
gpt41,mc_H_073,T6,1.176836406102666e-14,0.02887091132730002,0.014435455663655894,0.02887091132728825
gpt4_0613,dd_0107,T1,7.429082461581358e-07,1.0959036557059202e-05,5.850972401608669e-06,1.0216128310901065e-05
gpt4_0613,dd_0107,T3,1.4086925352990466e-08,1.1316752304279298e-07,6.362722419789172e-08,9.908059768980252e-08
gpt4_0613,dd_0107,T5,5.484954468532352e-07,6.924459188489279e-06,3.7364773176712574e-06,6.375963741636044e-06
gpt4_0613,dd_0107,T6,2.6470186241364273e-07,9.03245201515867e-06,4.6485769387861565e-06,8.767750152745027e-06
gpt4_0613,dd_0283,T1,1.348098044824258e-09,6.960053862246558e-09,4.154075953535408e-09,5.6119558174223e-09
gpt4_0613,dd_0283,T3,1.6843929275297699e-09,1.93450859389471e-09,1.80945076071224e-09,2.5011566636494e-10
gpt4_0613,dd_0283,T5,4.6156131451751565e-10,6.3580101068421225e-09,3.409785710679819e-09,5.896448792324607e-09
gpt4_0613,dd_0283,T6,1.0942955935747037e-09,4.549879999560286e-09,2.8220877965674948e-09,3.455584405985582e-09
gpt4_0613,dd_11241,T1,0.0004934487553750923,0.0014860350224888564,0.0009897418889319744,0.000992586267113764
gpt4_0613,dd_11241,T3,0.0001478134044259307,0.0002207938405894695,0.0001843036225077001,7.29804361635388e-05
gpt4_0613,dd_11241,T5,0.009475539821703065,0.002043036901812464,0.005759288361757764,0.007432502919890601
gpt4_0613,dd_11241,T6,0.00028211425591660077,3.94097288636368e-05,0.00016076199239011877,0.00024270452705296396
gpt4_0613,dd_13518,T1,1.3183876404164328e-09,1.2505555705688685e-07,6.318697234865164e-08,1.2373716941647043e-07
gpt4_0613,dd_13518,T3,3.097596915099313e-09,5.634734055003551e-08,2.9722468732567413e-08,5.32497436349362e-08
gpt4_0613,dd_13518,T5,2.7759439756906055e-09,3.412108985131433e-08,1.8448516913502468e-08,3.134514587562373e-08
gpt4_0613,dd_13518,T6,1.1930047369963944e-08,7.160432692535932e-08,4.176718714766163e-08,5.967427955539538e-08
gpt4_0613,dd_14408,T1,0.9993448571676719,0.9999944998019425,0.9996696784848071,0.0006496426342706974
gpt4_0613,dd_14408,T3,0.9999958642723558,0.9999999178996716,0.9999978910860137,4.053627315814268e-06
gpt4_0613,dd_14408,T5,0.9999024965193156,0.9999987539698797,0.9999506252445977,9.625745056407453e-05
gpt4_0613,dd_14408,T6,0.9962491400405662,0.9999970025891576,0.9981230713148619,0.0037478625485913852
gpt4_0613,dd_14818,T1,0.9999801433215941,0.9999979998031377,0.9999890715623659,1.7856481543621072e-05
gpt4_0613,dd_14818,T3,0.9999149904031036,0.9999549754362689,0.9999349829196862,3.998503316526847e-05
gpt4_0613,dd_14818,T5,0.9999950474678346,0.9999998030220755,0.999997425244955,4.755554240842841e-06
gpt4_0613,dd_14818,T6,0.9558643456407354,0.9999990690702996,0.9779317073555175,0.04413472342956415
gpt4_0613,dd_15810,T1,0.3676431227256325,0.43916426321257224,0.4034036929691024,0.07152114048693975
gpt4_0613,dd_15810,T3,0.021815740481798632,0.12334190554167437,0.0725788230117365,0.10152616505987574
gpt4_0613,dd_15810,T5,0.07169939890069459,0.3302762504166984,0.2009878246586965,0.2585768515160038
gpt4_0613,dd_15810,T6,0.04110347980218951,0.14510400117289438,0.09310374048754194,0.10400052137070487
gpt4_0613,dd_17929,T1,7.423583156922385e-05,0.0001918313058277095,0.0001330335686984667,0.00011759547425848566
gpt4_0613,dd_17929,T3,0.0006451546379955633,0.0021472487039087503,0.0013962016709521568,0.001502094065913187
gpt4_0613,dd_17929,T5,3.784013323368207e-05,0.0035017329686943205,0.0017697865509640014,0.0034638928354606383
gpt4_0613,dd_17929,T6,9.664143015212475e-05,0.0027926767902321185,0.0014446591101921215,0.002696035360079994
gpt4_0613,dd_1808,T1,0.9995105936895538,0.9999473187449601,0.9997289562172569,0.00043672505540637285
gpt4_0613,dd_1808,T3,0.9992411813917984,0.9998797876323691,0.9995604845120838,0.0006386062405706605
gpt4_0613,dd_1808,T5,0.9998895283860108,0.9999320297282269,0.9999107790571189,4.250134221617241e-05
gpt4_0613,dd_1808,T6,0.48309446274908335,0.9987545209093552,0.7409244918292193,0.5156600581602719
gpt4_0613,dd_1814,T1,1.3401584499956044e-07,1.3336432043755258e-07,1.336900827185565e-07,6.515245620078613e-10
gpt4_0613,dd_1814,T3,1.7827655280457398e-06,2.8298945487237426e-06,2.306330038384741e-06,1.0471290206780028e-06
gpt4_0613,dd_1814,T5,5.777921964802447e-09,1.0698933814363011e-07,5.6383630054216274e-08,1.0121141617882767e-07
gpt4_0613,dd_1814,T6,1.2458420408607625e-08,5.7316728138735807e-08,3.488757427367172e-08,4.485830773012818e-08
gpt4_0613,dd_18223,T1,0.002916990224171782,0.13662458371427222,0.069770786969222,0.13370759349010045
gpt4_0613,dd_18223,T3,0.811137794674843,0.7109129920721811,0.761025393373512,0.10022480260266198
gpt4_0613,dd_18223,T5,0.012777347790784502,0.6097629261823178,0.31127013698655115,0.5969855783915332
gpt4_0613,dd_18223,T6,0.0010103285735404617,0.035058734606341124,0.018034531589940794,0.03404840603280066
gpt4_0613,dd_18643,T1,0.9999999938152013,0.9999999983569506,0.9999999960860759,4.541749309971976e-09
gpt4_0613,dd_18643,T3,0.9999999954727568,0.9999999990587058,0.9999999972657313,3.5859490932210747e-09
gpt4_0613,dd_18643,T5,0.9999999954507098,0.9999999992969002,0.999999997373805,3.846190366196822e-09
gpt4_0613,dd_18643,T6,0.9999999925657445,0.999999998853936,0.9999999957098402,6.288191523040609e-09
gpt4_0613,dd_18670,T1,0.9977964432149393,0.9999582162716618,0.9988773297433006,0.0021617730567224935
gpt4_0613,dd_18670,T3,0.9961920919060402,0.9998403358647291,0.9980162138853846,0.0036482439586889015
gpt4_0613,dd_18670,T5,0.998342303446935,0.9999038616013738,0.9991230825241544,0.0015615581544388135
gpt4_0613,dd_18670,T6,0.40099673308989653,0.9983732582297778,0.6996849956598372,0.5973765251398813
gpt4_0613,dd_2081,T3,,0.030045044322052267,,
gpt4_0613,dd_2081,T5,0.9346670746446477,0.8903199401002081,0.9124935073724278,0.044347134544439615
gpt4_0613,dd_21158,T1,0.9998389568033896,0.999939827163273,0.9998893919833314,0.000100870359883376
gpt4_0613,dd_21158,T3,0.9977120891868062,0.9994610571565707,0.9985865731716885,0.0017489679697645366
gpt4_0613,dd_21158,T5,0.9965447597364934,0.9994705934641932,0.9980076766003433,0.0029258337276998336
gpt4_0613,dd_21158,T6,0.13455676224962118,0.9990690825827487,0.566812922416185,0.8645123203331275
gpt4_0613,dd_21629,T1,0.8940867538405334,0.9880323603359996,0.9410595570882665,0.09394560649546624
gpt4_0613,dd_21629,T3,0.9981044556207317,0.9996914950010055,0.9988979753108687,0.0015870393802738247
gpt4_0613,dd_21629,T5,0.7953484314933732,0.8988856964251501,0.8471170639592617,0.10353726493177695
gpt4_0613,dd_21629,T6,0.9474814648961454,0.999760989527489,0.9736212272118172,0.052279524631343666
gpt4_0613,dd_21630,T1,0.00033044200455366665,0.003328674380578747,0.001829558192566207,0.0029982323760250804
gpt4_0613,dd_21630,T3,0.0002177888198845812,0.0036986406242980325,0.0019582147220913067,0.0034808518044134513
gpt4_0613,dd_21630,T5,4.7827960811362044e-06,0.0011373675241357014,0.0005710751601084188,0.0011325847280545653
gpt4_0613,dd_21630,T6,0.0009731246200782233,0.001970820311360163,0.0014719724657191932,0.00099769569128194
gpt4_0613,dd_22819,T1,2.3018951050249578e-09,1.0852819645292739e-07,5.5415045778976174e-08,1.0622630134790243e-07
gpt4_0613,dd_22819,T3,4.269424233359062e-09,4.981772458123977e-08,2.7043574407299416e-08,4.55483003478807e-08
gpt4_0613,dd_22819,T5,4.238925170846452e-09,2.2688120206125215e-07,1.155600636160493e-07,2.226422768904057e-07
gpt4_0613,dd_22819,T6,8.030176416232088e-09,3.202173827792328e-07,1.6412377959773245e-07,3.121872063630007e-07
gpt4_0613,dd_23534,T1,0.7195857166885492,0.9861249748955911,0.8528553457920702,0.26653925820704194
gpt4_0613,dd_23534,T3,0.2469814518035481,0.9992443136783173,0.6231128827409327,0.7522628618747692
gpt4_0613,dd_23534,T5,0.8550343530040775,0.9963771366755244,0.925705744839801,0.14134278367144693
gpt4_0613,dd_23534,T6,0.35012189027969615,0.9826768809772103,0.6663993856284532,0.6325549906975141
gpt4_0613,dd_24260,T1,0.9909006779051012,0.9962647013832278,0.9935826896441644,0.005364023478126589
gpt4_0613,dd_24260,T3,0.9852556006319612,0.9941214130099186,0.9896885068209399,0.008865812377957472
gpt4_0613,dd_24260,T5,0.9963953444767019,0.9984694123532242,0.997432378414963,0.002074067876522312
gpt4_0613,dd_24260,T6,0.9592198386665826,0.9139334274545559,0.9365766330605692,0.0452864112120267
gpt4_0613,dd_24405,T1,1.0000648649061773e-09,1.4824083343914284e-08,7.91207410441023e-09,1.3824018479008106e-08
gpt4_0613,dd_24405,T3,7.611328408146421e-10,2.013399239090837e-09,1.3872660399527395e-09,1.252266398276195e-09
gpt4_0613,dd_24405,T5,7.148603874240285e-10,2.6616924270896276e-08,1.3665892329160152e-08,2.5902063883472248e-08
gpt4_0613,dd_24405,T6,1.5465812689502961e-09,1.5162689928355325e-08,8.354635598652811e-09,1.3616108659405029e-08
gpt4_0613,dd_24975,T1,0.9983028395151844,0.9999980572151638,0.9991504483651741,0.0016952176999793789
gpt4_0613,dd_24975,T3,0.9954352092649327,0.9999953487309297,0.9977152789979311,0.004560139465996982
gpt4_0613,dd_24975,T5,0.998076688520727,0.9999529815180681,0.9990148350193975,0.0018762929973411557
gpt4_0613,dd_24975,T6,0.9818635960430593,0.9999311287047793,0.9908973623739192,0.01806753266172001
gpt4_0613,dd_25137,T1,0.999999906312851,0.9999999982493091,0.9999999522810801,9.193645811311768e-08
gpt4_0613,dd_25137,T3,0.9999998931089915,0.9999999953657066,0.9999999442373491,1.0225671509545009e-07
gpt4_0613,dd_25137,T5,0.9999999052074483,0.9999999858613057,0.999999945534377,8.065385737054953e-08
gpt4_0613,dd_25137,T6,0.9999996639092006,0.9999999855779044,0.9999998247435524,3.216687037843613e-07
gpt4_0613,dd_25302,T1,2.7292802590981546e-09,1.1551788586304015e-08,7.140534422701085e-09,8.82250832720586e-09
gpt4_0613,dd_25302,T3,4.144976408112313e-09,4.15579789861391e-08,2.2851477697125705e-08,3.7413002578026784e-08
gpt4_0613,dd_25302,T5,2.7289322346292652e-09,2.4992271223633143e-08,1.3860601729131205e-08,2.2263338989003876e-08
gpt4_0613,dd_25302,T6,2.8451562304950975e-09,4.0108961020446736e-08,2.1477058625470916e-08,3.726380478995164e-08
gpt4_0613,dd_25868,T1,0.5971225217813784,0.9678586138917853,0.7824905678365819,0.3707360921104069
gpt4_0613,dd_25868,T3,0.9038817473918652,0.9296302936255718,0.9167560205087185,0.025748546233706593
gpt4_0613,dd_25868,T5,0.6938263949494843,0.8514758390351591,0.7726511169923217,0.15764944408567483
gpt4_0613,dd_25868,T6,0.027086372219206838,0.6266767707927468,0.3268815715059768,0.5995903985735399
gpt4_0613,dd_26178,T1,5.666584238343376e-05,2.7193300488115478e-05,4.192957143577462e-05,2.9472541895318282e-05
gpt4_0613,dd_26178,T3,0.01851728443771644,0.01556005860931066,0.01703867152351355,0.0029572258284057806
gpt4_0613,dd_26178,T5,0.00014853865144950448,0.00019875117101250773,0.0001736449112310061,5.021251956300324e-05
gpt4_0613,dd_26178,T6,4.1438114054030243e-05,9.420789422196747e-06,2.5429451738113496e-05,3.2017324631833495e-05
gpt4_0613,dd_26321,T1,0.999999855911517,0.9999999939431116,0.9999999249273143,1.3803159459868652e-07
gpt4_0613,dd_26321,T3,0.9999993146088638,0.9999999794178038,0.9999996470133339,6.648089400096424e-07
gpt4_0613,dd_26321,T5,0.9999999500708701,0.9999999964397812,0.9999999732553256,4.636891115517017e-08
gpt4_0613,dd_26321,T6,0.9999988123419656,0.9999999845636791,0.9999993984528224,1.1722217134746415e-06
gpt4_0613,dd_27524,T1,6.70042850062104e-10,3.5667514295548146e-09,2.1183971398084594e-09,2.8967085794927107e-09
gpt4_0613,dd_27524,T3,1.2438488762496307e-09,9.856950166803802e-09,5.550399521526716e-09,8.613101290554171e-09
gpt4_0613,dd_27524,T5,5.421061250993838e-10,5.54849907722758e-09,3.045302601163482e-09,5.0063929521281966e-09
gpt4_0613,dd_27524,T6,7.248210413496538e-10,4.0493447885397595e-08,2.0609134463373625e-08,3.976862684404794e-08
gpt4_0613,dd_27558,T1,0.0002741924379670829,0.0002040251247890394,0.00023910878137806113,7.016731317804347e-05
gpt4_0613,dd_27558,T3,0.00012487443681298888,0.00089323954721757,0.0005090569920152794,0.0007683651104045811
gpt4_0613,dd_27558,T5,0.0001445644659236763,0.0002563097114692216,0.00020043708869644895,0.00011174524554554533
gpt4_0613,dd_27558,T6,9.108423597961136e-05,7.048506562631546e-05,8.078465080296342e-05,2.0599170353295906e-05
gpt4_0613,dd_28814,T1,3.076182841844311e-05,0.001959999889332632,0.0009953808588755375,0.0019292380609141888
gpt4_0613,dd_28814,T3,3.0130269159088783e-06,3.638279832297857e-05,1.9697912619443725e-05,3.336977140706969e-05
gpt4_0613,dd_28814,T5,0.00027379566062211237,0.003352627582075014,0.0018132116213485632,0.0030788319214529016
gpt4_0613,dd_28814,T6,0.0004179232000098157,0.0011249415819791066,0.0007714323909944612,0.0007070183819692908
gpt4_0613,dd_29454,T5,1.0,,,
gpt4_0613,dd_29978,T1,0.8565317340025737,0.007299808801240379,0.431915771401907,0.8492319252013333
gpt4_0613,dd_29978,T3,0.0035506695977866355,0.0001582359775890039,0.0018544527876878196,0.003392433620197632
gpt4_0613,dd_29978,T5,,0.006128155048243966,,
gpt4_0613,dd_29978,T6,0.01948063882691032,0.0005982734277558602,0.01003945612733309,0.018882365399154458
gpt4_0613,dd_30131,T1,3.3674375956367416e-09,7.550326186070246e-08,3.94353497281696e-08,7.213582426506573e-08
gpt4_0613,dd_30131,T3,6.597363459334872e-09,2.7503446619967515e-07,1.4081591482950502e-07,2.6843710274034026e-07
gpt4_0613,dd_30131,T5,3.4437037882418253e-09,3.1592182982611727e-07,1.5968276680717956e-07,3.1247812603787543e-07
gpt4_0613,dd_30131,T6,1.0876288404092212e-08,3.46798797535427e-07,1.7883754296975959e-07,3.359225091313348e-07
gpt4_0613,dd_30899,T1,0.9999998134161263,0.9999999898998174,0.9999999016579719,1.7648369110556672e-07
gpt4_0613,dd_30899,T3,0.9999997608717314,0.9999999891824414,0.9999998750270864,2.2831071000428693e-07
gpt4_0613,dd_30899,T5,0.9999998088265792,0.9999999888357359,0.9999998988311576,1.8000915669169615e-07
gpt4_0613,dd_30899,T6,0.9999989023618341,0.9999999895101029,0.9999994459359685,1.087148268852367e-06
gpt4_0613,dd_31129,T1,5.232173827594626e-10,6.9758214727759476e-09,3.749519427767705e-09,6.452604090016485e-09
gpt4_0613,dd_31129,T3,6.473070681831457e-10,6.770360483603888e-09,3.7088337758935166e-09,6.123053415420742e-09
gpt4_0613,dd_31129,T5,6.897099468182123e-10,5.7451416813639426e-09,3.2174258140910776e-09,5.05543173454573e-09
gpt4_0613,dd_31129,T6,6.888405246138256e-10,6.4304007242576255e-09,3.5596206244357255e-09,5.7415601996438e-09
gpt4_0613,dd_32872,T1,0.00010361125691160094,2.381335004142816e-05,6.371230347651455e-05,7.979790687017278e-05
gpt4_0613,dd_32872,T3,4.6968765401318845e-05,7.15929993983157e-05,5.928088239981728e-05,2.4624233996996862e-05
gpt4_0613,dd_32872,T5,2.9340061643924584e-05,5.566263200806041e-05,4.25013468259925e-05,2.6322570364135827e-05
gpt4_0613,dd_32872,T6,0.00019233925811039645,3.932503010268557e-05,0.000115832144106541,0.0001530142280077109
gpt4_0613,dd_33618,T1,3.948594977156875e-05,0.005374111354274732,0.00270679865202315,0.0053346254045031636
gpt4_0613,dd_33618,T3,9.660374590518909e-05,0.0002790742725588264,0.00018783900923200774,0.00018247052665363732
gpt4_0613,dd_33618,T5,1.7494040966944158e-06,0.0011354001265421335,0.0005685747653194139,0.0011336507224454391
gpt4_0613,dd_33618,T6,1.0610806604590965e-07,2.7104336277010493e-05,1.3605222171528202e-05,2.6998228210964582e-05
gpt4_0613,dd_34148,T1,3.914759742369604e-06,3.959113042970445e-05,2.175294508603703e-05,3.567637068733485e-05
gpt4_0613,dd_34148,T3,8.044406266468602e-06,0.0001382149429040694,7.312967458526899e-05,0.0001301705366376008
gpt4_0613,dd_34148,T5,7.378591553301089e-07,6.135684625262486e-05,3.1047352703977484e-05,6.061898709729475e-05
gpt4_0613,dd_34148,T6,2.466353316160504e-07,3.1762771947346275e-06,1.7114562631753389e-06,2.929641863118577e-06
gpt4_0613,dd_34460,T1,2.038362356063677e-10,3.712501145296467e-09,1.9581686904514175e-09,3.5086649096900996e-09
gpt4_0613,dd_34460,T3,2.815780814169282e-10,8.138189118115504e-09,4.209883599766216e-09,7.856611036698576e-09
gpt4_0613,dd_34460,T5,3.8019570850011445e-10,6.351747984771612e-09,3.3659718466358634e-09,5.971552276271497e-09
gpt4_0613,dd_34460,T6,1.2840918581099499e-09,9.35223256752334e-09,5.318162212816645e-09,8.06814070941339e-09
gpt4_0613,dd_35732,T1,6.450399684423614e-09,1.0396156975400889e-07,5.520598471921625e-08,9.751117006958528e-08
gpt4_0613,dd_35732,T3,1.0758537385569545e-08,9.977135882962419e-07,5.042360628409058e-07,9.869550509106723e-07
gpt4_0613,dd_35732,T5,5.649724251067834e-09,1.464317435600378e-06,7.349835799257229e-07,1.45866771134931e-06
gpt4_0613,dd_35732,T6,1.502858548300768e-08,9.59129473451658e-07,4.870790294673329e-07,9.441008879686503e-07
gpt4_0613,dd_36819,T1,0.010685994305013472,0.0006194026298551419,0.005652698467434307,0.01006659167515833
gpt4_0613,dd_36819,T3,0.008836936273478202,0.007832457477200792,0.008334696875339498,0.00100447879627741
gpt4_0613,dd_36819,T5,0.7940626478496813,0.006181412791047382,0.4001220303203643,0.7878812350586339
gpt4_0613,dd_36819,T6,0.24212443778350534,0.0021339020195933287,0.12212916990154933,0.23999053576391202
gpt4_0613,dd_37249,T1,0.4556499001763363,0.0014465964373042346,0.22854824830682025,0.45420330373903206
gpt4_0613,dd_37249,T3,0.40958698250402364,0.0006129931143357414,0.2050999878091797,0.4089739893896879
gpt4_0613,dd_37249,T5,0.09891495791980486,0.0011159335607401895,0.05001544574027252,0.09779902435906467
gpt4_0613,dd_37249,T6,0.0071887139210680545,0.00047092571032890666,0.0038298198156984805,0.006717788210739148
gpt4_0613,dd_37490,T1,0.9999999975200867,0.999999999349687,0.9999999984348868,1.829600249081409e-09
gpt4_0613,dd_37490,T3,0.9999999965565429,0.9999999994961182,0.9999999980263305,2.9395752498828642e-09
gpt4_0613,dd_37490,T5,0.9999999963089464,0.9999999994692889,0.9999999978891176,3.160342432195762e-09
gpt4_0613,dd_37490,T6,0.9999857058589224,0.9999998302067773,0.9999927680328499,1.4124347854860275e-05
gpt4_0613,dd_38533,T1,2.3567676494796996e-06,3.776394242028581e-05,2.0060355034882754e-05,3.540717477080611e-05
gpt4_0613,dd_38533,T3,2.2012610639089404e-06,1.8152517603487633e-05,1.0176889333698286e-05,1.5951256539578694e-05
gpt4_0613,dd_38533,T5,7.84836206653609e-06,0.00021371996820038726,0.00011078416513346168,0.00020587160613385117
gpt4_0613,dd_38533,T6,7.310527565489244e-06,5.5888465892964816e-05,3.159949672922703e-05,4.8577938327475574e-05
gpt4_0613,dd_39199,T1,0.9998928635126222,0.9999782608605206,0.9999355621865713,8.539734789836384e-05
gpt4_0613,dd_39199,T3,0.9994990996592737,0.9999803187586068,0.9997397092089403,0.0004812190993330745
gpt4_0613,dd_39199,T5,0.9999367285951262,0.9999743870522374,0.9999555578236818,3.765845711123372e-05
gpt4_0613,dd_39199,T6,0.999878363676463,0.9999915628973316,0.9999349632868972,0.00011319922086860945
gpt4_0613,dd_42860,T1,1.8556276018509068e-07,8.635435863800657e-08,1.3595855941154863e-07,9.920840154708411e-08
gpt4_0613,dd_42860,T3,2.385490182102218e-07,6.192733668931755e-08,1.5023817744976968e-07,1.7662168152090423e-07
gpt4_0613,dd_42860,T5,3.630473969783354e-08,8.512826064846613e-07,4.437936730912474e-07,8.149778667868277e-07
gpt4_0613,dd_42860,T6,3.7649139863154067e-07,1.4693526097726065e-06,9.229220042020736e-07,1.0928612111410659e-06
gpt4_0613,dd_44063,T1,0.0018419800636886843,0.039131826511587246,0.020486903287637966,0.03728984644789856
gpt4_0613,dd_44063,T3,0.09817384260796942,0.7762945340718239,0.4372341883398967,0.6781206914638545
gpt4_0613,dd_44063,T5,6.141247393574559e-06,0.00039072254227064427,0.00019843189483210942,0.0003845812948770697
gpt4_0613,dd_44063,T6,0.8800428593577547,0.1794089324045041,0.5297258958811294,0.7006339269532507
gpt4_0613,dd_44380,T1,0.999999900058718,0.9999999981173588,0.9999999490880385,9.805864087386595e-08
gpt4_0613,dd_44380,T3,0.9999999376382172,0.9999999968871737,0.9999999672626954,5.924895651876483e-08
gpt4_0613,dd_44380,T5,0.9999999543767194,0.9999999948108,0.9999999745937598,4.0434080639251135e-08
gpt4_0613,dd_44380,T6,0.999999768487919,0.9999999971447335,0.9999998828163263,2.2865681448269726e-07
gpt4_0613,dd_45938,T1,1.5552135402571534e-09,2.3275098902004582e-09,1.941361715228806e-09,7.722963499433048e-10
gpt4_0613,dd_45938,T3,2.0097229179355137e-09,5.817814562204997e-09,3.913768740070255e-09,3.808091644269483e-09
gpt4_0613,dd_45938,T5,8.602007432443584e-10,7.274470639474774e-09,4.067335691359566e-09,6.414269896230416e-09
gpt4_0613,dd_45938,T6,1.454486765657743e-09,6.5667782066863265e-09,4.010632486172035e-09,5.1122914410285835e-09
gpt4_0613,dd_46859,T1,3.793166268155918e-09,1.205127758456762e-08,7.922221926361769e-09,8.258111316411701e-09
gpt4_0613,dd_46859,T3,2.077795955401024e-09,4.4473706116616716e-09,3.262583283531348e-09,2.3695746562606475e-09
gpt4_0613,dd_46859,T5,3.780683673212341e-09,3.4412068215451174e-08,1.909637594433176e-08,3.063138454223883e-08
gpt4_0613,dd_46859,T6,9.02333583052533e-09,5.724173952682917e-08,3.313253767867725e-08,4.821840369630384e-08
gpt4_0613,dd_47886,T1,0.12439050870567199,0.9821717785875881,0.5532811436466301,0.857781269881916
gpt4_0613,dd_47886,T3,0.34219749628765594,0.27114159595048637,0.30666954611907116,0.07105590033716958
gpt4_0613,dd_47886,T5,0.5038918669432282,0.8255493296323089,0.6647205982877685,0.3216574626890807
gpt4_0613,dd_47886,T6,0.002361659601971241,0.3543606233063625,0.17836114145416687,0.3519989637043912
gpt4_0613,dd_5570,T1,0.9999999880323679,0.9999999950620116,0.9999999915471898,7.029643755984694e-09
gpt4_0613,dd_5570,T3,0.9999999772812451,0.999999998690475,0.9999999879858601,2.140922983340232e-08
gpt4_0613,dd_5570,T5,0.9999999839080338,0.9999999959061706,0.9999999899071021,1.1998136817403804e-08
gpt4_0613,dd_5570,T6,0.9999999640512058,0.9999999951522605,0.9999999796017331,3.110105462056367e-08
gpt4_0613,dd_6488,T1,1.8856698202295536e-09,5.335915261587711e-08,2.7622411218053332e-08,5.1473482795647556e-08
gpt4_0613,dd_6488,T3,9.739754929597713e-10,5.7883818643558116e-08,2.9428897068258943e-08,5.6909843150598346e-08
gpt4_0613,dd_6488,T5,1.8510255969813363e-09,5.563886010264531e-08,2.8744942849813325e-08,5.378783450566398e-08
gpt4_0613,dd_6488,T6,1.0624641322134558e-09,1.1694663250375057e-07,5.900454831798201e-08,1.1588416837153711e-07
gpt4_0613,dd_6826,T1,0.9999879483094303,0.9999972186236422,0.9999925834665362,9.270314211939912e-06
gpt4_0613,dd_6826,T3,0.9999759733906447,0.9998922508390495,0.9999341121148471,8.372255159516673e-05
gpt4_0613,dd_6826,T5,0.9999800353818543,0.9999989119304826,0.9999894736561685,1.8876548628310452e-05
gpt4_0613,dd_6826,T6,0.9995675614824554,0.9998655408478763,0.9997165511651658,0.000297979365420864
gpt4_0613,dd_6868,T1,4.896983266130972e-06,2.726716953441492e-05,1.6082076400272945e-05,2.2370186268283947e-05
gpt4_0613,dd_6868,T3,0.00113191165011803,0.0036018352043369465,0.002366873427227488,0.0024699235542189166
gpt4_0613,dd_6868,T5,2.847886984682613e-06,0.00018681145822627078,9.48296726054767e-05,0.00018396357124158817
gpt4_0613,dd_6868,T6,1.643569679002592e-06,2.894460475306637e-05,1.529408721603448e-05,2.730103507406378e-05
gpt4_0613,dd_7687,T1,0.9999999389029965,0.9999999877984366,0.9999999633507166,4.889544003017221e-08
gpt4_0613,dd_7687,T3,0.9999999816583952,0.9999999932355319,0.9999999874469636,1.1577136693752266e-08
gpt4_0613,dd_7687,T5,0.9999999805835744,0.999999994638247,0.9999999876109107,1.4054672536900625e-08
gpt4_0613,dd_7687,T6,0.9999999856280188,0.9999999944206448,0.9999999900243318,8.79262596065189e-09
gpt4_0613,dd_8580,T1,5.3757988792169446e-08,4.130830335179259e-06,2.0922941619857144e-06,4.0770723463870896e-06
gpt4_0613,dd_8580,T3,5.519138278984473e-09,1.585486367363386e-06,7.955027528211852e-07,1.5799672290844015e-06
gpt4_0613,dd_8580,T5,3.0395130899859855e-08,4.61319551234826e-06,2.32179532162406e-06,4.582800381448401e-06
gpt4_0613,dd_8580,T6,2.025526088931393e-08,1.8754274212684882e-06,9.478413410789011e-07,1.8551721603791741e-06
gpt4_0613,dd_9595,T1,0.9999439844713526,0.999999077743666,0.9999715311075092,5.509327231345562e-05
gpt4_0613,dd_9595,T3,0.9999832531821022,0.9999999197537317,0.999991586467917,1.66665716294645e-05
gpt4_0613,dd_9595,T5,0.9999721542886244,0.9999976618944395,0.999984908091532,2.5507605815100476e-05
gpt4_0613,dd_9595,T6,0.9997097611467566,0.9999987699165072,0.9998542655316318,0.0002890087697505761
gpt4_0613,dd_9899,T1,0.9998178188784554,0.9999998465155795,0.9999088326970175,0.00018202763712404924
gpt4_0613,dd_9899,T3,0.9990221468892163,0.9999998315331405,0.9995109892111784,0.000977684643924226
gpt4_0613,dd_9899,T5,0.999882007018811,0.9999998367891672,0.9999409219039891,0.00011782977035612596
gpt4_0613,dd_9899,T6,0.9935060958529104,0.9999996174308913,0.9967528566419008,0.0064935215779808875
gpt4_0613,dd_9955,T1,0.531692392116164,0.09243657582586394,0.312064483971014,0.4392558162903001
gpt4_0613,dd_9955,T3,0.9999043483409474,0.9691647137800926,0.98453453106052,0.030739634560854823
gpt4_0613,dd_9955,T5,0.9708567294021193,0.20166825278604436,0.5862624910940818,0.7691884766160749
gpt4_0613,dd_9955,T6,0.023897382515300575,0.011650193499208242,0.017773788007254408,0.012247189016092333
gpt4_0613,mc_C_034,T1,0.9999999952055678,0.9999999985129431,0.9999999968592554,3.3073752625512043e-09
gpt4_0613,mc_C_034,T3,0.9999999961523877,0.9999999993147869,0.9999999977335873,3.1623992313711824e-09
gpt4_0613,mc_C_034,T5,0.9999999863913236,0.9999999974165354,0.9999999919039295,1.1025211854587269e-08
gpt4_0613,mc_C_034,T6,0.9999931644826315,0.9999999934583151,0.9999965789704733,6.828975683603744e-06
gpt4_0613,mc_C_1095,T1,0.9999999987277192,0.9999999994728426,0.9999999991002808,7.451234074196122e-10
gpt4_0613,mc_C_1095,T3,0.999999998299924,0.9999999994834139,0.999999998891669,1.183489861666942e-09
gpt4_0613,mc_C_1095,T5,0.999999997990512,0.9999999986919276,0.9999999983412198,7.014155922746568e-10
gpt4_0613,mc_C_1095,T6,0.9997206892945144,0.9999960900742453,0.9998583896843798,0.0002754007797308722
gpt4_0613,mc_C_1216,T1,0.9999999969895567,0.9999999985497953,0.999999997769676,1.5602386049806682e-09
gpt4_0613,mc_C_1216,T3,0.9999999964927753,0.9999999992520906,0.999999997872433,2.7593153317795327e-09
gpt4_0613,mc_C_1216,T5,0.9999999982458465,0.9999999976626566,0.9999999979542515,5.831899407837682e-10
gpt4_0613,mc_C_1216,T6,0.9999950685650336,0.9999999884785181,0.9999975285217759,4.919913484502381e-06
gpt4_0613,mc_C_183,T1,0.9999999941719895,0.9999999993766716,0.9999999967743305,5.204682129722471e-09
gpt4_0613,mc_C_183,T3,0.9999999915923486,0.9999999994441072,0.9999999955182279,7.851758576649104e-09
gpt4_0613,mc_C_183,T5,0.9999999944384228,0.9999999989286263,0.9999999966835246,4.490203542317772e-09
gpt4_0613,mc_C_183,T6,0.999995540775309,0.9999999620556032,0.9999977514154561,4.42128029409794e-06
gpt4_0613,mc_C_291,T1,0.9999999967712007,0.9999999995312129,0.9999999981512068,2.76001221877209e-09
gpt4_0613,mc_C_291,T3,0.9999999977553486,0.999999999489323,0.9999999986223358,1.7339744085020925e-09
gpt4_0613,mc_C_291,T5,0.9999999950845533,0.9999999989204852,0.9999999970025193,3.835931905449286e-09
gpt4_0613,mc_C_291,T6,0.9994925214251926,0.9999997746943018,0.9997461480597472,0.0005072532691091647
gpt4_0613,mc_C_467,T1,0.9999999817854903,0.9999999992334819,0.9999999905094861,1.7447991607077995e-08
gpt4_0613,mc_C_467,T3,0.9999999954902923,0.9999999995452382,0.9999999975177652,4.054945934583998e-09
gpt4_0613,mc_C_467,T5,0.9999999641223097,0.9999999943286109,0.9999999792254604,3.020630112704481e-08
gpt4_0613,mc_C_467,T6,0.999989566642604,0.9999999880147471,0.9999947773286755,1.0421372143132324e-05
gpt4_0613,mc_C_527,T1,0.9999999961098148,0.9999999995272743,0.9999999978185445,3.4174594265579117e-09
gpt4_0613,mc_C_527,T3,0.9999999923829908,0.9999999987361804,0.9999999955595855,6.353189641039592e-09
gpt4_0613,mc_C_527,T5,0.9999999905659043,0.999999996822865,0.9999999936943846,6.256960727313299e-09
gpt4_0613,mc_C_527,T6,0.9999807858485323,0.9999999977889791,0.9999903918187557,1.921194044673946e-05
gpt4_0613,mc_C_675,T1,0.999999996452145,0.9999999988512265,0.9999999976516858,2.399081489024013e-09
gpt4_0613,mc_C_675,T3,0.9999999980455534,0.9999999992788468,0.9999999986622001,1.233293356328602e-09
gpt4_0613,mc_C_675,T5,0.9999999935414313,0.9999999990862256,0.9999999963138284,5.544794290379684e-09
gpt4_0613,mc_C_675,T6,0.9999999704798432,0.9999999959449456,0.9999999832123945,2.546510236012267e-08
gpt4_0613,mc_C_772,T1,0.9999999923075088,0.9999999989419219,0.9999999956247154,6.634413129980032e-09
gpt4_0613,mc_C_772,T3,0.9999999958583752,0.9999999991128684,0.9999999974856217,3.2544932304645613e-09
gpt4_0613,mc_C_772,T5,0.9999999930610431,0.9999999990978466,0.9999999960794449,6.03680350153013e-09
gpt4_0613,mc_C_772,T6,0.9999999430833794,0.9999999986031428,0.9999999708432611,5.551976345330445e-08
gpt4_0613,mc_C_941,T1,0.9999999945989819,0.9999999983376839,0.9999999964683329,3.738702014643991e-09
gpt4_0613,mc_C_941,T3,0.9999999977231376,0.9999999987513355,0.9999999982372365,1.0281978601867081e-09
gpt4_0613,mc_C_941,T5,0.9999999863271922,0.9999999979775925,0.9999999921523923,1.165040031114728e-08
gpt4_0613,mc_C_941,T6,0.9984021121904777,0.9999999953894959,0.9992010537899868,0.001597883199018213
gpt4_0613,mc_G_005,T1,0.9999999377323627,0.9999999984681487,0.9999999681002557,6.073578595611195e-08
gpt4_0613,mc_G_005,T3,0.9999999161034342,0.9999999966328831,0.9999999563681586,8.05294488870345e-08
gpt4_0613,mc_G_005,T5,0.9999999305267644,0.9999999994958162,0.9999999650112903,6.896905180298063e-08
gpt4_0613,mc_G_005,T6,0.9983139935125541,0.9999999920770111,0.9991569927947825,0.0016859985644569475
gpt4_0613,mc_G_037,T1,0.9999984784920412,0.9999999850276751,0.999999231759858,1.5065356339105662e-06
gpt4_0613,mc_G_037,T3,0.9998952240712419,0.9999010237886906,0.9998981239299662,5.799717448740083e-06
gpt4_0613,mc_G_037,T5,0.9999967563269527,0.9999999835466107,0.9999983699367817,3.2272196579530288e-06
gpt4_0613,mc_G_037,T6,0.9999835264300662,0.9999999182191242,0.9999917223245951,1.6391789057990103e-05
gpt4_0613,mc_G_064,T1,5.939007053727478e-10,3.776466880303336e-09,2.185183792838042e-09,3.182566174930588e-09
gpt4_0613,mc_G_064,T3,3.7452625391046e-10,2.127539298524769e-09,1.2510327762176144e-09,1.753013044614309e-09
gpt4_0613,mc_G_064,T5,2.7721545614851414e-10,4.753247981625875e-09,2.5152317188871948e-09,4.476032525477361e-09
gpt4_0613,mc_G_064,T6,8.745913814898857e-10,2.9889206483422505e-08,1.5381898932456196e-08,2.9014615101932618e-08
gpt4_0613,mc_G_086,T1,0.9999996641231739,0.999999984238678,0.9999998241809259,3.2011550410437906e-07
gpt4_0613,mc_G_086,T3,0.9999993819973199,0.9999999557414286,0.9999996688693742,5.737441087783068e-07
gpt4_0613,mc_G_086,T5,0.9999998901052924,0.9999999825522475,0.9999999363287699,9.244695509114109e-08
gpt4_0613,mc_G_086,T6,0.9999945504165996,0.9999999779766733,0.9999972641966364,5.427560073711923e-06
gpt4_0613,mc_G_112,T1,0.017643269113054114,0.9120513687797426,0.46484731894639836,0.8944080996666884
gpt4_0613,mc_G_112,T3,0.9998977185036739,0.9998594620383077,0.9998785902709908,3.825646536625982e-05
gpt4_0613,mc_G_112,T5,0.0006627743846515858,0.004396038147033972,0.002529406265842779,0.0037332637623823865
gpt4_0613,mc_G_112,T6,0.0005495457515954188,0.10641586030568337,0.053482703028639396,0.10586631455408795
gpt4_0613,mc_G_135,T1,0.9999983019783036,0.9999999703147077,0.9999991361465057,1.6683364040259718e-06
gpt4_0613,mc_G_135,T3,0.9999998208819877,0.9999999807188903,0.999999900800439,1.598369026023505e-07
gpt4_0613,mc_G_135,T5,0.9999923955794654,0.9999998652832093,0.9999961304313374,7.469703743878675e-06
gpt4_0613,mc_G_135,T6,0.9996594850459734,0.9999992175422611,0.9998293512941172,0.0003397324962877146
gpt4_0613,mc_G_156,T1,3.154584724551768e-07,2.99023742433846e-08,1.726804233492807e-07,2.855560982117922e-07
gpt4_0613,mc_G_156,T3,3.611058108088372e-08,7.135263380142476e-09,2.1622922230513097e-08,2.8975317700741243e-08
gpt4_0613,mc_G_156,T5,4.4243105201680066e-07,3.805389670041848e-08,2.4024247435860957e-07,4.043771553163822e-07
gpt4_0613,mc_G_156,T6,1.042860307109983e-06,8.1442454002989e-08,5.621513805564859e-07,9.61417853106994e-07
gpt4_0613,mc_G_179,T1,2.003977372933008e-08,1.5112956441853953e-09,1.0775534686757737e-08,1.8528478085144684e-08
gpt4_0613,mc_G_179,T3,1.513533376407139e-08,1.217420719790141e-09,8.176377241930766e-09,1.391791304428125e-08
gpt4_0613,mc_G_179,T5,3.7205170944076826e-08,2.0314596671511254e-09,1.9618315305613976e-08,3.51737112769257e-08
gpt4_0613,mc_G_179,T6,5.348676213046133e-08,2.8668054596892034e-09,2.8176783795075266e-08,5.0619956670772126e-08
gpt4_0613,mc_G_186,T1,2.1294483170044582e-07,3.226509980357807e-06,1.7197274060291264e-06,3.0135651486573616e-06
gpt4_0613,mc_G_186,T3,1.8142621399778814e-07,1.336882633026938e-06,7.59154423512363e-07,1.15545641902915e-06
gpt4_0613,mc_G_186,T5,7.73031838140765e-08,7.308730318353213e-06,3.693016751083645e-06,7.231427134539136e-06
gpt4_0613,mc_G_186,T6,2.0060501994883787e-07,9.46604242703625e-06,4.833323723492544e-06,9.265437407087411e-06
gpt4_0613,mc_G_235,T1,0.9999999921695498,0.9999999977779447,0.9999999949737473,5.608394859635268e-09
gpt4_0613,mc_G_235,T3,0.9999999978418095,0.9999999987565686,0.9999999982991891,9.147591573110958e-10
gpt4_0613,mc_G_235,T5,0.9999999720533388,0.9999999860587431,0.999999979056041,1.4005404280759137e-08
gpt4_0613,mc_G_235,T6,0.999999881765501,0.9999999845761033,0.9999999331708022,1.0281060225381111e-07
gpt4_0613,mc_G_236,T1,0.7896290571040933,0.0016989456707168227,0.39566400138740504,0.7879301114333764
gpt4_0613,mc_G_236,T3,0.15902395424708826,0.0029687683638044415,0.08099636130544635,0.15605518588328382
gpt4_0613,mc_G_236,T5,0.7073043971567209,0.0020075820700425906,0.35465598961338174,0.7052968150866783
gpt4_0613,mc_G_236,T6,0.9960758840493678,0.012369955026811486,0.5042229195380896,0.9837059290225563
gpt4_0613,mc_G_288,T1,0.9999412484427321,0.9999026350063466,0.9999219417245393,3.8613436385559474e-05
gpt4_0613,mc_G_288,T3,0.8573923452686512,0.9999597909134913,0.9286760680910713,0.14256744564484014
gpt4_0613,mc_G_288,T5,0.9999626401271084,0.9999485161634536,0.999955578145281,1.4123963654855132e-05
gpt4_0613,mc_G_288,T6,0.9997318853097918,0.999715627111545,0.9997237562106684,1.6258198246799083e-05
gpt4_0613,mc_G_302,T1,0.6658783587568681,0.9999423147827338,0.832910336769801,0.3340639560258657
gpt4_0613,mc_G_302,T3,0.5360681518874132,0.9999851758789688,0.768026663883191,0.46391702399155565
gpt4_0613,mc_G_302,T5,0.027291705597285148,0.9999913597061587,0.513641532651722,0.9726996541088736
gpt4_0613,mc_G_302,T6,0.0022047436486934756,0.9999427011971787,0.501073722422936,0.9977379575484852
gpt4_0613,mc_G_365,T1,0.9998829164948263,0.9999773820682063,0.9999301492815162,9.446557337999817e-05
gpt4_0613,mc_G_365,T3,0.9418453247536532,0.9997995268827592,0.9708224258182062,0.05795420212910596
gpt4_0613,mc_G_365,T5,0.9997969703530682,0.9999849726678773,0.9998909715104728,0.00018800231480908813
gpt4_0613,mc_G_365,T6,0.9999730258764736,0.999999131112354,0.9999860784944138,2.610523588031377e-05
gpt4_0613,mc_G_373,T1,1.2111485213981467e-09,1.2981034376180469e-08,7.0960914487893075e-09,1.1769885854782323e-08
gpt4_0613,mc_G_373,T3,1.1239588049917405e-09,2.3605957106025492e-08,1.2364957955508617e-08,2.248199830103375e-08
gpt4_0613,mc_G_373,T5,2.666515846796743e-09,1.7012226232458643e-08,9.839371039627692e-09,1.43457103856619e-08
gpt4_0613,mc_G_373,T6,2.0345022969424417e-09,1.8514975957926215e-08,1.0274739127434329e-08,1.6480473660983773e-08
gpt4_0613,mc_G_385,T1,0.9999994788901372,0.9999999517363991,0.9999997153132681,4.7284626192301005e-07
gpt4_0613,mc_G_385,T3,0.9999992103446214,0.9999999107426796,0.9999995605436505,7.003980582176439e-07
gpt4_0613,mc_G_385,T5,0.99999925691828,0.9999998861478474,0.9999995715330636,6.292295674503734e-07
gpt4_0613,mc_G_385,T6,0.9999984369738831,0.9999999092453015,0.9999991731095923,1.4722714183346142e-06
gpt4_0613,mc_G_397,T1,1.9167516684959196e-08,2.7096810351068257e-09,1.0938598860033011e-08,1.645783564985237e-08
gpt4_0613,mc_G_397,T3,7.328413986762428e-09,6.626408310950183e-10,3.995527408928723e-09,6.665773155667409e-09
gpt4_0613,mc_G_397,T5,4.394851638167552e-08,1.0184118215406102e-08,2.706631729854081e-08,3.3764398166269416e-08
gpt4_0613,mc_G_397,T6,5.511940870395193e-08,5.250828105651806e-09,3.018511840480187e-08,4.986858059830013e-08
gpt4_0613,mc_G_431,T1,0.9999998651683656,0.9999999979819773,0.9999999315751714,1.3281361166406214e-07
gpt4_0613,mc_G_431,T3,0.9999999171052696,0.9999999987134107,0.9999999579093402,8.16081411336711e-08
gpt4_0613,mc_G_431,T5,0.9999998817668778,0.9999999956181579,0.9999999386925178,1.1385128007024292e-07
gpt4_0613,mc_G_431,T6,0.9999984594681159,0.9999999950529314,0.9999992272605236,1.5355848154152696e-06
gpt4_0613,mc_G_453,T1,0.9999911971340952,0.9999944221303766,0.9999928096322359,3.2249962813590827e-06
gpt4_0613,mc_G_453,T3,0.999985341756202,0.9999936575861141,0.999989499671158,8.315829912119987e-06
gpt4_0613,mc_G_453,T5,0.9999932505349839,0.9999647478558984,0.9999789991954411,2.8502679085495863e-05
gpt4_0613,mc_G_453,T6,0.9999519409327695,0.9999827496189222,0.9999673452758459,3.0808686152683507e-05
gpt4_0613,mc_G_492,T1,0.9999999707236138,0.9999999972611401,0.999999983992377,2.653752628756223e-08
gpt4_0613,mc_G_492,T3,0.9999999829420476,0.9999999986242184,0.999999990783133,1.5682170784181437e-08
gpt4_0613,mc_G_492,T5,0.9999999865040524,0.9999999987836137,0.999999992643833,1.2279561256711702e-08
gpt4_0613,mc_G_492,T6,0.9999999728213118,0.9999999991717327,0.9999999859965223,2.6350420845311362e-08
gpt4_0613,mc_G_572,T1,0.16117243151452149,0.9506796019365509,0.5559260167255362,0.7895071704220293
gpt4_0613,mc_G_572,T3,0.07280314265549889,0.9768731489340801,0.5248381457947895,0.9040700062785811
gpt4_0613,mc_G_572,T5,0.9636634475262826,0.9993397308996457,0.9815015892129642,0.03567628337336304
gpt4_0613,mc_G_572,T6,0.15384191560543015,0.9989105635435247,0.5763762395744774,0.8450686479380946
gpt4_0613,mc_G_595,T1,0.003161632363687436,0.05478728302786172,0.02897445769577458,0.05162565066417428
gpt4_0613,mc_G_595,T3,0.0057520203762996295,0.02405525325661093,0.01490363681645528,0.0183032328803113
gpt4_0613,mc_G_595,T5,0.0020253191861920794,0.07492668650584201,0.03847600284601704,0.07290136731964994
gpt4_0613,mc_G_595,T6,0.015378246962542079,0.2437046432178526,0.12954144509019733,0.2283263962553105
gpt4_0613,mc_G_601,T1,0.9983435560704584,0.9709061725400242,0.9846248643052413,0.027437383530434234
gpt4_0613,mc_G_601,T3,0.9324894628537636,0.382810858974334,0.6576501609140488,0.5496786038794296
gpt4_0613,mc_G_601,T5,0.9991136734930354,0.9864823568164381,0.9927980151547368,0.012631316676597226
gpt4_0613,mc_G_601,T6,0.9989955145407189,0.8779486672612669,0.9384720909009929,0.12104684727945203
gpt4_0613,mc_H_035,T1,2.8990198377733486e-08,3.7876962730682336e-07,2.0387991284227841e-07,3.497794289290899e-07
gpt4_0613,mc_H_035,T3,3.88374094159469e-08,1.4722897472262812e-07,9.303319206928751e-08,1.0839156530668121e-07
gpt4_0613,mc_H_035,T5,3.508725702193398e-08,7.567851480316842e-07,3.959362025268091e-07,7.216978910097503e-07
gpt4_0613,mc_H_035,T6,3.437660051022777e-07,3.6366629814167865e-06,1.990214493259532e-06,3.2928969763145087e-06
gpt4_0613,mc_H_044,T1,1.8045277479394883e-05,4.390344985982786e-05,3.097436366961137e-05,2.5858172380432976e-05
gpt4_0613,mc_H_044,T3,0.00013401063460716234,0.027562883817981443,0.013848447226294303,0.02742887318337428
gpt4_0613,mc_H_044,T5,3.39048002115927e-05,0.0001873437674235756,0.00011062428381758416,0.0001534389672119829
gpt4_0613,mc_H_044,T6,2.2160904212698007e-05,2.2004051181023776e-05,2.208247769686089e-05,1.5685303167423115e-07
gpt4_0613,mc_H_049,T1,0.0003333839558620224,0.0010744111999167714,0.0007038975778893969,0.0007410272440547491
gpt4_0613,mc_H_049,T3,0.0005026605843783239,0.0002475425727592899,0.0003751015785688069,0.000255118011619034
gpt4_0613,mc_H_049,T5,0.0016411721382699313,0.05055207525226203,0.026096623695265983,0.0489109031139921
gpt4_0613,mc_H_049,T6,0.006571107030005993,0.6054473487901281,0.306009227910067,0.5988762417601221
gpt4_0613,mc_H_060,T1,0.9999823082823075,0.9999917631670162,0.9999870357246619,9.454884708715028e-06
gpt4_0613,mc_H_060,T3,0.9999877125194164,0.9999630955060116,0.999975404012714,2.461701340483735e-05
gpt4_0613,mc_H_060,T5,0.9998815870096377,0.9997871252742678,0.9998343561419527,9.446173536986624e-05
gpt4_0613,mc_H_060,T6,0.9980604145728215,0.9998789449208776,0.9989696797468495,0.0018185303480561243
gpt4_0613,mc_H_066,T1,1.6252104874103706e-09,7.777860746555565e-09,4.701535616982968e-09,6.152650259145195e-09
gpt4_0613,mc_H_066,T3,1.1801845946188884e-09,7.449008434947218e-09,4.314596514783053e-09,6.26882384032833e-09
gpt4_0613,mc_H_066,T5,2.585137182511956e-09,2.0356894999514572e-08,1.1471016091013264e-08,1.7771757817002616e-08
gpt4_0613,mc_H_066,T6,1.5574252565249094e-09,4.418350833158076e-08,2.2870466794052835e-08,4.2626083075055845e-08
gpt4_0613,mc_H_072,T1,2.750839922516235e-08,2.583996128180388e-09,1.504619767667137e-08,2.4924403096981962e-08
gpt4_0613,mc_H_072,T3,2.2081501405146753e-08,2.910541363476682e-09,1.2496021384311717e-08,1.917096004167007e-08
gpt4_0613,mc_H_072,T5,4.435673184310929e-08,2.405597832044748e-09,2.3381164837577018e-08,4.195113401106454e-08
gpt4_0613,mc_H_072,T6,2.6191754987081595e-08,1.4269903036989717e-09,1.3809372645390283e-08,2.4764764683382623e-08
gpt4_0613,mc_H_073,T1,5.13435007842844e-08,1.979920338790464e-09,2.6661710561537433e-08,4.936358044549394e-08
gpt4_0613,mc_H_073,T3,2.2844435232372007e-08,3.0943970719121694e-09,1.2969416152142088e-08,1.9750038160459837e-08
gpt4_0613,mc_H_073,T5,6.772563387880126e-08,2.4917485852427035e-09,3.510869123202198e-08,6.523388529355856e-08
gpt4_0613,mc_H_073,T6,7.198312179657052e-08,4.440089407253822e-09,3.821160560191217e-08,6.754303238931669e-08
gpt4o,dd_0107,T0,4.546831871019581e-08,3.2058291505205993e-07,1.8302561688112787e-07,2.751145963418641e-07
gpt4o,dd_0107,T1,1.336388345724204e-07,2.0462924567767268e-05,1.0298281701169844e-05,2.0329285733194847e-05
gpt4o,dd_0107,T3,4.2958130222736785e-09,7.496459651029485e-08,3.963020476628427e-08,7.066878348802117e-08
gpt4o,dd_0107,T5,1.414475429139915e-06,0.0001253374621214338,6.337596877528686e-05,0.0001239229866922939
gpt4o,dd_0107,T6,3.2058291507356885e-07,9.874638847797929e-07,6.540233999266808e-07,6.66880969706224e-07
gpt4o,dd_0283,T0,2.2766975038167163e-10,2.861628401790099e-09,1.5446490760858854e-09,2.6339586514084275e-09
gpt4o,dd_0283,T1,2.8780153143146373e-10,7.0825982852718314e-09,3.6851999083516477e-09,6.7947967538403675e-09
gpt4o,dd_0283,T3,8.50739702109946e-11,4.16364475101015e-09,2.124359360610572e-09,4.078570780799155e-09
gpt4o,dd_0283,T5,1.718541437729366e-10,2.061153618168931e-09,1.1165038809709338e-09,1.8892994743959947e-09
gpt4o,dd_0283,T6,3.063631354788509e-10,1.6822645551556992e-09,9.943138453172752e-10,1.3759014196768483e-09
gpt4o,dd_11241,T0,5.391082218661535e-05,0.0008559004541837114,0.0004549056381851634,0.0008019896319970961
gpt4o,dd_11241,T1,2.7264701469718504e-06,7.141903590525307e-05,3.707275302611246e-05,6.869256575828122e-05
gpt4o,dd_11241,T3,2.406101370042274e-06,0.0005614786799937514,0.00028194239068189686,0.0005590725786237091
gpt4o,dd_11241,T5,6.78673388975594e-07,1.1300807816641142e-05,5.989740602808368e-06,1.0622134427665548e-05
gpt4o,dd_11241,T6,1.370956654872367e-06,1.1478770332959277e-05,6.424863493915822e-06,1.010781367808691e-05
gpt4o,dd_13518,T0,1.086151631726859e-09,1.186112001014629e-08,6.473635820936574e-09,1.077496837841943e-08
gpt4o,dd_13518,T1,1.997738588139434e-09,1.0467401684882198e-08,6.2325701365108164e-09,8.469663096742764e-09
gpt4o,dd_13518,T3,3.9337805265127096e-10,1.7257827688975196e-08,8.825602870813233e-09,1.6864449636323925e-08
gpt4o,dd_13518,T5,3.9337805265527095e-10,1.1317959785947043e-08,5.855668919301157e-09,1.0924581733291772e-08
gpt4o,dd_13518,T6,3.451782738829783e-09,2.7735853520108305e-09,3.1126840454203068e-09,6.781973868189526e-10
gpt4o,dd_14408,T0,0.9999997962250773,0.9999998783204406,0.999999837272759,8.209536328518396e-08
gpt4o,dd_14408,T1,0.999998629043019,0.9999995479060096,0.9999990884745142,9.188629906953238e-07
gpt4o,dd_14408,T3,0.9999997962250773,0.999999974890009,0.9999998855575432,1.7866493173812614e-07
gpt4o,dd_14408,T5,0.999993145685549,0.9999998704727842,0.9999965080791666,6.724787235179441e-06
gpt4o,dd_14408,T6,0.9946981043914027,0.9998911031343533,0.997294603762878,0.005192998742950539
gpt4o,dd_14818,T0,0.9999996587412704,0.9999998532264557,0.999999755983863,1.9448518528975e-07
gpt4o,dd_14818,T1,0.9999924720088884,0.9999999150539843,0.9999961935314363,7.443045095922862e-06
gpt4o,dd_14818,T3,0.9999863686604231,0.9999760764831072,0.9999812225717651,1.0292177315962547e-05
gpt4o,dd_14818,T5,0.9999949852630151,0.9999998704727996,0.9999974278679074,4.8852097844775955e-06
gpt4o,dd_14818,T6,0.9911526470822516,0.9989837560846233,0.9950682015834375,0.007831109002371717
gpt4o,dd_15810,T0,0.044680871800870214,0.5467381519846138,0.295709511892742,0.5020572801837436
gpt4o,dd_15810,T1,0.24798741512455283,0.23370636225126956,0.2408468886879112,0.014281052873283268
gpt4o,dd_15810,T3,0.009559398502399404,0.18476751738161779,0.09716345794200859,0.1752081188792184
gpt4o,dd_15810,T5,0.07585818733363132,0.2782567979984603,0.1770574926660458,0.202398610664829
gpt4o,dd_15810,T6,0.15610489940847916,0.028436030523308394,0.09227046496589378,0.12766886888517076
gpt4o,dd_17929,T0,0.9953181778243781,0.9999329077262515,0.9976255427753149,0.004614729901873393
gpt4o,dd_17929,T1,0.9973269936584814,0.9978172835394408,0.9975721385989611,0.0004902898809593381
gpt4o,dd_17929,T3,0.9997546304826967,0.9998390691853137,0.9997968498340053,8.44387026169846e-05
gpt4o,dd_17929,T5,0.9982725416579225,0.9999890468815925,0.9991307942697575,0.0017165052236700618
gpt4o,dd_17929,T6,0.9919380068910401,0.9998488180697933,0.9958934124804166,0.007910811178753252
gpt4o,dd_1808,T0,0.9715639671310291,0.9736446487789737,0.9726043079550014,0.0020806816479446155
gpt4o,dd_1808,T1,0.9997965730366197,0.9998339614621253,0.9998152672493725,3.7388425505602285e-05
gpt4o,dd_1808,T3,0.9996079582174706,0.9814534365600457,0.9905306973887582,0.018154521657424927
gpt4o,dd_1808,T5,0.9998858776475475,0.9999819414825678,0.9999339095650577,9.606383502025473e-05
gpt4o,dd_1808,T6,0.47268348868450005,0.3073580034939652,0.39002074608923265,0.16532548519053486
gpt4o,dd_1814,T0,1.9362746336009436e-09,4.229212614802536e-09,3.08274362420174e-09,2.2929379812015926e-09
gpt4o,dd_1814,T1,1.138277136781198e-09,8.953243133606236e-09,5.0457601351937175e-09,7.814965996825038e-09
gpt4o,dd_1814,T3,4.895668964356755e-10,3.653482079845738e-08,1.8512193847446527e-08,3.6045253902021705e-08
gpt4o,dd_1814,T5,2.7462213977897486e-10,7.082598285421848e-09,3.6786102126004113e-09,6.807976145642874e-09
gpt4o,dd_1814,T6,2.447680483006206e-09,5.691027610486029e-09,4.0693540467461174e-09,3.243347127479823e-09
gpt4o,dd_18223,T0,9.721546910251334e-07,1.4285518688363058e-05,7.628836689694095e-06,1.3313363997337925e-05
gpt4o,dd_18223,T1,0.0004955359119224104,0.03410042429407553,0.01729798010299897,0.03360488838215312
gpt4o,dd_18223,T3,0.0036499873664831936,0.07921031731390288,0.04143015234019304,0.07556032994741968
gpt4o,dd_18223,T5,0.0005614788218289337,0.06560483773585607,0.0330831582788425,0.06504335891402714
gpt4o,dd_18223,T6,0.0003353500538518488,0.001304506658319479,0.0008199283560856639,0.0009691566044676301
gpt4o,dd_18643,T0,0.9999999989138484,0.9999999998410609,0.9999999993774547,9.272125289783162e-10
gpt4o,dd_18643,T1,0.9999999923418853,0.9999999996936368,0.999999996017761,7.351751540873863e-09
gpt4o,dd_18643,T3,0.999999995132206,0.9999999997927043,0.9999999974624552,4.660498209574371e-09
gpt4o,dd_18643,T5,0.9999999952076744,0.999999998769229,0.9999999969884517,3.561554606790196e-09
gpt4o,dd_18643,T6,0.9999983719487203,0.9999999930272072,0.9999991824879637,1.621078486890859e-06
gpt4o,dd_18670,T0,0.060975186216182364,0.10521053414711481,0.08309286018164859,0.04423534793093245
gpt4o,dd_18670,T1,0.9950177307979272,0.9950177302211005,0.9950177305095138,5.768266975181291e-10
gpt4o,dd_18670,T3,0.9978510510643779,0.999144099337889,0.9984975752011334,0.001293048273511066
gpt4o,dd_18670,T5,0.9981613347250321,0.9995344730477888,0.9988479038864104,0.0013731383227566507
gpt4o,dd_18670,T6,0.3451052574867685,0.857768108626046,0.6014366830564073,0.5126628511392775
gpt4o,dd_2081,T0,0.9999785550455901,0.9999963880158109,0.9999874715307004,1.7832970220843514e-05
gpt4o,dd_2081,T1,0.999680001667777,0.9999827684198184,0.9998313850437976,0.00030276675204132797
gpt4o,dd_2081,T3,0.9879462198072344,0.9732407189974746,0.9805934694023545,0.014705500809759853
gpt4o,dd_2081,T5,0.9998911030590125,0.9999215621127334,0.999906332585873,3.04590537208993e-05
gpt4o,dd_2081,T6,0.9896718462812382,0.9910145728646018,0.99034320957292,0.0013427265833636515
gpt4o,dd_21158,T0,0.9999991285660795,0.9999997897565932,0.9999994591613364,6.611905136733043e-07
gpt4o,dd_21158,T1,0.9999998532264557,0.9999999966017321,0.9999999249140938,1.4337527642904746e-07
gpt4o,dd_21158,T3,0.9999993624454029,0.99999998813888,0.9999996752921414,6.256934771409206e-07
gpt4o,dd_21158,T5,0.9999998024945947,0.9999999947366598,0.9999998986156273,1.9224206504464547e-07
gpt4o,dd_21158,T6,0.999734697710832,0.9999995034719696,0.9998671005914008,0.000264805761137632
gpt4o,dd_21629,T0,0.9999999306690814,0.9999999977362657,0.9999999642026736,6.70671842506465e-08
gpt4o,dd_21629,T1,0.9999999052358726,0.9999999972694151,0.9999999512526438,9.203354256470675e-08
gpt4o,dd_21629,T3,0.9999999845301832,0.9999999997959181,0.9999999921630507,1.5265734898406436e-08
gpt4o,dd_21629,T5,0.999999984286569,0.9999999990414745,0.9999999916640218,1.4754905519609451e-08
gpt4o,dd_21629,T6,0.9999992188517045,0.9999999904693223,0.9999996046605134,7.716176178007572e-07
gpt4o,dd_21630,T0,6.86468964573301e-09,5.368748516778344e-07,2.7186977066178374e-07,5.300101620321014e-07
gpt4o,dd_21630,T1,5.57089480440792e-08,1.2878957717506292e-06,6.718023598973542e-07,1.23218682370655e-06
gpt4o,dd_21630,T3,9.382918237996656e-09,5.989271398180788e-07,3.041550290280377e-07,5.895442215800822e-07
gpt4o,dd_21630,T5,4.840077318586789e-08,6.144172125871966e-06,3.096286449528917e-06,6.095771352686098e-06
gpt4o,dd_21630,T6,8.059445840070048e-07,2.2959201355435108e-06,1.5509323597752577e-06,1.489975551536506e-06
gpt4o,dd_22819,T0,1.2771115543353685e-10,1.3652065423354338e-08,6.889888289393937e-09,1.35243542679208e-08
gpt4o,dd_22819,T1,1.8874485240456832e-10,7.307424087322439e-09,3.748084469863504e-09,7.1186792349178706e-09
gpt4o,dd_22819,T3,1.708756367078984e-09,1.096974277494354e-08,6.339249571011262e-09,9.260986407864557e-09
gpt4o,dd_22819,T5,2.2766975038381695e-10,3.076540382301594e-08,1.549653678669988e-08,3.053773407263212e-08
gpt4o,dd_22819,T6,1.762998116680744e-09,1.596088147818402e-08,8.861939797432383e-09,1.4197883361503277e-08
gpt4o,dd_23534,T0,0.9999559988179876,0.9999981551766113,0.9999770769972994,4.2156358623701706e-05
gpt4o,dd_23534,T1,0.7606506581031359,0.996777516416394,0.878714087259765,0.23612685831325808
gpt4o,dd_23534,T3,0.9073122269997507,0.9996200154481151,0.9534661212239328,0.0923077884483644
gpt4o,dd_23534,T5,0.939024823827629,0.9998665799969095,0.9694457019122693,0.06084175616928056
gpt4o,dd_23534,T6,0.06278920333574443,0.5273165233795671,0.2950528633576558,0.4645273200438227
gpt4o,dd_24260,T0,0.0001442598041417438,0.02297736923497366,0.011560814519557702,0.022833109430831916
gpt4o,dd_24260,T1,0.009859854348861436,0.24220562325537978,0.1260327388021206,0.23234576890651834
gpt4o,dd_24260,T3,0.0037072524074268235,0.046724958405055486,0.025216105406241154,0.043017705997628664
gpt4o,dd_24260,T5,0.001524786647236103,0.6654105454764747,0.3334676660618554,0.6638857588292386
gpt4o,dd_24260,T6,3.426848893437553e-05,0.0022518477325866974,0.0011430581107605366,0.0022175792436523217
gpt4o,dd_24405,T0,1.5647497855463005e-10,4.944450477362765e-09,2.5504627279586976e-09,4.7879754988081345e-09
gpt4o,dd_24405,T1,9.490687197717553e-11,2.2637343902500963e-09,1.1793206311136359e-09,2.168827518272921e-09
gpt4o,dd_24405,T3,1.010278393317494e-10,2.817262965729012e-09,1.4591454025303807e-09,2.716235126397263e-09
gpt4o,dd_24405,T5,1.0923714004759148e-10,1.9062554779097073e-09,1.0077463089786493e-09,1.7970183378621158e-09
gpt4o,dd_24405,T6,1.614420275627302e-10,3.0941580507144287e-09,1.6278000391385794e-09,2.9327160231516986e-09
gpt4o,dd_24975,T0,0.9998876467399859,0.9999993524053854,0.9999434995726857,0.00011170566539953075
gpt4o,dd_24975,T1,0.946596673134145,0.9999720307049437,0.9732843519195443,0.0533753575707987
gpt4o,dd_24975,T3,0.9997219691690048,0.9999994284997149,0.9998606988343599,0.00027745933071010587
gpt4o,dd_24975,T5,0.9991030606788642,0.9999970976877998,0.999550079183332,0.0008940370089355332
gpt4o,dd_24975,T6,0.012431648478761239,0.8774768001187336,0.4449542242987474,0.8650451516399724
gpt4o,dd_25137,T0,0.9999997962251015,0.9999999397642536,0.9999998679946775,1.4353915211984258e-07
gpt4o,dd_25137,T1,0.9999999873739035,0.9999999982912435,0.9999999928325736,1.0917340032001732e-08
gpt4o,dd_25137,T3,0.9999999798235555,0.9999999994623159,0.9999999896429357,1.9638760395679355e-08
gpt4o,dd_25137,T5,0.9999999910467569,0.9999999994186248,0.9999999952326908,8.371867976642022e-09
gpt4o,dd_25137,T6,0.9999177980700928,0.9999986074539492,0.9999582027620211,8.080938385635061e-05
gpt4o,dd_25302,T0,4.923703655775176e-11,1.6990269873793565e-08,8.519753455175659e-09,1.6941032837235813e-08
gpt4o,dd_25302,T1,7.2767622896187e-11,1.2626096516834207e-08,6.349432069865197e-09,1.2553328893938019e-08
gpt4o,dd_25302,T3,7.507751520208121e-11,6.448779127989023e-09,3.261928321595552e-09,6.3737016127869414e-09
gpt4o,dd_25302,T5,6.322160638076929e-11,1.230771041115923e-09,6.469963237483462e-10,1.1675494347351538e-09
gpt4o,dd_25302,T6,1.0527342591846343e-09,3.9113822690094985e-09,2.4820582640970666e-09,2.8586480098248642e-09
gpt4o,dd_25868,T0,0.9920620054331943,0.9978842967968348,0.9949731511150146,0.0058222913636404305
gpt4o,dd_25868,T1,0.23370635157681108,0.3960681662740417,0.31488725892542635,0.1623618146972306
gpt4o,dd_25868,T3,0.6926419704455589,0.7371581568543043,0.7149000636499316,0.04451618640874544
gpt4o,dd_25868,T5,0.5660185351961015,0.6370307944803831,0.6015246648382423,0.07101225928428168
gpt4o,dd_25868,T6,0.01566364520797273,0.08151974979104189,0.04859169749950731,0.06585610458306916
gpt4o,dd_26178,T0,7.1832575060532285e-06,0.001081715297116167,0.0005444492773111101,0.0010745320396101138
gpt4o,dd_26178,T1,7.93449581411984e-07,2.586743603288758e-05,1.3330442807149781e-05,2.5073986451475597e-05
gpt4o,dd_26178,T3,5.955141209270713e-06,0.00021654408537323454,0.00011124961329125263,0.00021058894416396383
gpt4o,dd_26178,T5,1.7330515904914084e-06,0.00011061160465688312,5.617232812368726e-05,0.00010887855306639171
gpt4o,dd_26178,T6,1.4823574213361554e-06,1.1843134244024076e-05,6.662745832680116e-06,1.0360776822687921e-05
gpt4o,dd_26321,T0,0.9999985855245712,0.9999999919743648,0.999999288749468,1.4064497936283615e-06
gpt4o,dd_26321,T1,0.999882255414207,0.9999995947452575,0.9999409250797322,0.0001173393310504034
gpt4o,dd_26321,T3,0.9999930377407515,0.9999997503297868,0.9999963940352692,6.712589035284822e-06
gpt4o,dd_26321,T5,0.9999251537851652,0.9999997170865935,0.9999624354358794,7.45633014282987e-05
gpt4o,dd_26321,T6,0.9995416871227937,0.9999931456814675,0.9997674164021306,0.0004514585586737896
gpt4o,dd_27524,T0,1.1929041971142375e-09,8.025635282968444e-09,4.60926974004134e-09,6.832731085854206e-09
gpt4o,dd_27524,T1,5.293480290077043e-10,6.972792777250073e-09,3.7510704031288885e-09,6.443444748242369e-09
gpt4o,dd_27524,T3,6.188705450906712e-10,6.1534680334919764e-09,3.386169289291324e-09,5.534597488401305e-09
gpt4o,dd_27524,T5,1.1032560310863262e-09,1.9555680704889927e-08,1.0329468367988127e-08,1.84524246738036e-08
gpt4o,dd_27524,T6,6.448779128268129e-09,1.4307241713628967e-08,1.0378010420948548e-08,7.858462585360837e-09
gpt4o,dd_27558,T0,3.747993792148525e-07,2.6274771846853456e-05,1.3324785613034155e-05,2.5899972467638602e-05
gpt4o,dd_27558,T1,9.476412749145808e-08,0.0009399439250128799,0.0004700193445701857,0.0009398491608853884
gpt4o,dd_27558,T3,2.2959182194263045e-06,0.03114383160218832,0.015573063760203874,0.031141535683968893
gpt4o,dd_27558,T5,1.3081771526413246e-06,0.028870908996179865,0.014436108586666253,0.028869600819027223
gpt4o,dd_27558,T6,2.090459252459457e-06,0.0004955358508377175,0.0002488131550450885,0.000493445391585258
gpt4o,dd_28814,T0,1.670142307726812e-05,9.972939946479136e-06,1.3337181511873628e-05,6.728483130788984e-06
gpt4o,dd_28814,T1,0.0015011821989780658,0.0003459915628780924,0.0009235868809280791,0.0011551906360999734
gpt4o,dd_28814,T3,1.6701419094099232e-05,1.6797312872735208e-06,9.190575190686376e-06,1.5021687806825711e-05
gpt4o,dd_28814,T5,0.00033535021280328237,0.0009110510760921913,0.0006232006444477369,0.000575700863288909
gpt4o,dd_28814,T6,5.338154192178707e-06,8.013502851792362e-06,6.675828521985534e-06,2.675348659613655e-06
gpt4o,dd_29454,T1,,0.005469274933041821,,
gpt4o,dd_29454,T3,0.00020342689963633669,2.0145687036091478e-05,0.00011178629333621409,0.0001832812126002452
gpt4o,dd_29454,T5,0.23370634623958195,0.523420348936324,0.378563347587953,0.2897140026967421
gpt4o,dd_29454,T6,0.00034062928939068845,5.562204675965648e-05,0.00019812566807517247,0.00028500724263103196
gpt4o,dd_29978,T0,0.9974885368221577,0.9987355778777703,0.998112057349964,0.0012470410556126854
gpt4o,dd_29978,T1,0.008985427409071661,0.005730247048257895,0.007357837228664778,0.003255180360813766
gpt4o,dd_29978,T3,0.00017674510487430695,0.0003682979527176727,0.0002725215287959898,0.00019155284784336577
gpt4o,dd_29978,T5,0.004538430879075673,0.0627892129814741,0.03366382193027488,0.058250782102398424
gpt4o,dd_29978,T6,2.75356931274798e-05,0.0005193048733167798,0.0002734202832221298,0.0004917691801893001
gpt4o,dd_30131,T0,1.0693124115143883e-09,5.658623627576865e-08,2.882777434364152e-08,5.5516923864254264e-08
gpt4o,dd_30131,T1,3.3125753214234434e-10,4.075753767259112e-08,2.0544397602366732e-08,4.0426280140448774e-08
gpt4o,dd_30131,T3,1.5893910091844308e-10,7.734422806107003e-08,3.8751583580994236e-08,7.718528896015159e-08
gpt4o,dd_30131,T5,1.9977385881543176e-09,9.184854207818171e-08,4.692314033316801e-08,8.98508034900274e-08
gpt4o,dd_30131,T6,1.282492860373343e-08,4.476339780223043e-08,2.879416320298193e-08,3.1938469198497e-08
gpt4o,dd_30899,T0,0.9999997726726788,0.9999999919743648,0.9999998823235219,2.1930168603301325e-07
gpt4o,dd_30899,T1,0.9999998229573165,0.9999999957707875,0.9999999093640519,1.7281347097775068e-07
gpt4o,dd_30899,T3,0.9999995947452573,0.999999996905842,0.9999997958255497,4.0216058461162163e-07
gpt4o,dd_30899,T5,0.9999997542005638,0.9999999924606134,0.9999998733305886,2.3826004968974246e-07
gpt4o,dd_30899,T6,0.9999988634359339,0.9999999968076227,0.9999994301217783,1.1333716888328738e-06
gpt4o,dd_31129,T0,2.923337460844881e-10,5.430416483622613e-09,2.8613751148535507e-09,5.138082737538125e-09
gpt4o,dd_31129,T1,2.8333958225851416e-10,2.47206966092428e-08,1.2502018095750657e-08,2.4437357026984286e-08
gpt4o,dd_31129,T3,1.0045260476369349e-09,1.6893531015660478e-07,8.496991810212085e-08,1.6793078410896786e-07
gpt4o,dd_31129,T5,5.547519713139903e-10,3.6534820801200105e-08,1.854478638625705e-08,3.598006882988611e-08
gpt4o,dd_31129,T6,2.5505415734115513e-08,1.866016090298839e-08,2.208278831855195e-08,6.845254831127122e-09
gpt4o,dd_32872,T0,0.12765263361856616,0.7490872075132152,0.4383699205658907,0.6214345738946491
gpt4o,dd_32872,T1,0.24508500568173322,0.8740772260395396,0.5595811158606364,0.6289922203578064
gpt4o,dd_32872,T3,0.18476750907131068,0.7279754414406788,0.45637147525599475,0.5432079323693682
gpt4o,dd_32872,T5,0.014957089969909207,0.8633916099737806,0.4391743499718449,0.8484345200038714
gpt4o,dd_32872,T6,0.00015598022916140216,0.039048290460492865,0.019602135344827135,0.03889231023133146
gpt4o,dd_33618,T0,6.893609322005224e-07,2.1233793771657804e-06,1.4063701546831513e-06,1.434018444965258e-06
gpt4o,dd_33618,T1,4.611276793090911e-05,0.0008693671973604416,0.00045773998264567536,0.0008232544294295324
gpt4o,dd_33618,T3,3.6688631423113236e-06,4.683887067383261e-05,2.5253866908071963e-05,4.3170007531521286e-05
gpt4o,dd_33618,T5,5.014736389677559e-06,0.0023596608488764994,0.0011823377926330886,0.0023546461124868217
gpt4o,dd_33618,T6,1.8738755220929683e-06,7.48462237581397e-05,3.836004964011633e-05,7.297234823604673e-05
gpt4o,dd_34148,T0,0.00029595722512025204,0.001388522953798725,0.0008422400894594885,0.001092565728678473
gpt4o,dd_34148,T1,0.01798620701251559,0.15405755984835015,0.08602188343043288,0.13607135283583455
gpt4o,dd_34148,T3,0.5000000022017689,0.8244619338793228,0.6622309680405458,0.3244619316775539
gpt4o,dd_34148,T5,0.004198795560778255,0.2909808697989376,0.14758983267985792,0.2867820742381594
gpt4o,dd_34148,T6,0.000269479066705058,0.0004878570880434408,0.00037866807737424945,0.0002183780213383828
gpt4o,dd_34460,T0,6.385156050014232e-10,1.1929041971463354e-09,9.157099010738793e-10,5.543885921449122e-10
gpt4o,dd_34460,T1,3.695444812985049e-10,1.2116897047938953e-09,7.906170930462001e-10,8.421452234953905e-10
gpt4o,dd_34460,T3,8.198702656279925e-10,7.658114688578879e-09,4.2389924771034355e-09,6.838244422950886e-09
gpt4o,dd_34460,T5,1.8010159633441288e-10,6.9727927774520896e-09,3.576447186893251e-09,6.792691181117677e-09
gpt4o,dd_34460,T6,5.263340133881191e-09,1.0305119665069177e-08,7.784229899475185e-09,5.041779531187986e-09
gpt4o,dd_35732,T0,1.1317959785403852e-08,2.2732732111542754e-07,1.193226404504157e-07,2.160093613300237e-07
gpt4o,dd_35732,T1,7.082598285007458e-09,2.6165213375081797e-07,1.3436736601791271e-07,2.545695354658105e-07
gpt4o,dd_35732,T3,5.4845260897509145e-08,1.9444336831211767e-07,1.246443146048134e-07,1.3959810741460851e-07
gpt4o,dd_35732,T5,1.2237632371552023e-08,7.453768484987213e-07,3.788072404351367e-07,7.331392161271693e-07
gpt4o,dd_35732,T6,8.764249145931387e-08,2.4198867016022206e-07,1.6481558080976797e-07,1.5434617870090818e-07
gpt4o,dd_36819,T0,6.118432133285956e-08,3.9669866793958015e-06,2.0140855003643307e-06,3.9058023580629416e-06
gpt4o,dd_36819,T1,3.4808107880545164e-05,2.430023380695983e-05,2.9554170843752497e-05,1.0507874073585334e-05
gpt4o,dd_36819,T3,1.6964425728925826e-05,2.5071583653629917e-05,2.101800469127787e-05,8.107157924704091e-06
gpt4o,dd_36819,T5,0.006192990786536161,0.0036499864961745876,0.004921488641355374,0.002543004290361573
gpt4o,dd_36819,T6,3.373723927457988e-05,6.709221767159787e-05,5.0414728473088874e-05,3.335497839701799e-05
gpt4o,dd_37249,T0,0.9996079582172813,0.9999927036226065,0.9998003309199439,0.000384745405325182
gpt4o,dd_37249,T1,0.9962345856634522,0.9867771781312537,0.991505881897353,0.009457407532198592
gpt4o,dd_37249,T3,0.8774767933126237,0.9957353647011943,0.9366060790069091,0.11825857138857054
gpt4o,dd_37249,T5,0.9992678186415617,0.9930961623944906,0.9961819905180261,0.006171656247071056
gpt4o,dd_37249,T6,0.9883127411786014,0.9184802530303373,0.9533964971044693,0.06983248814826404
gpt4o,dd_37490,T0,0.9999999273418215,0.9999999956365377,0.9999999614891797,6.829471621561112e-08
gpt4o,dd_37490,T1,0.9999999925775008,0.9999999990414745,0.9999999958094876,6.463973689641023e-09
gpt4o,dd_37490,T3,0.9999999920987906,0.9999999997927043,0.9999999959457475,7.693913617323744e-09
gpt4o,dd_37490,T5,0.999999977137093,0.9999999984196588,0.9999999877783758,2.1282565820790467e-08
gpt4o,dd_37490,T6,0.9999991420765005,0.9999987901339394,0.99999896610522,3.5194256109427613e-07
gpt4o,dd_38533,T0,8.481104765433967e-05,0.0004512106037041351,0.0002680108256792374,0.0003663995560497954
gpt4o,dd_38533,T1,1.4823574212807154e-06,5.338154189374971e-06,3.410255805327843e-06,3.855796768094256e-06
gpt4o,dd_38533,T3,1.9033847113545498e-06,2.5466402738168163e-05,1.3684893724761355e-05,2.3563018026813614e-05
gpt4o,dd_38533,T5,1.1365640660046626e-06,6.814869439354655e-05,3.464262922977561e-05,6.701213032754189e-05
gpt4o,dd_38533,T6,2.482479332992192e-06,8.139689343984604e-06,5.311084338488398e-06,5.657210010992412e-06
gpt4o,dd_39199,T0,0.9999768125125127,0.9999999434137637,0.9999883779631382,2.3130901251056102e-05
gpt4o,dd_39199,T1,0.9999952149051512,0.999999906705054,0.9999975608051026,4.691799902811766e-06
gpt4o,dd_39199,T3,0.9999895484511799,0.9999999662108141,0.9999947573309971,1.0417759634173684e-05
gpt4o,dd_39199,T5,0.9999741325639596,0.9999998461826474,0.9999869893733035,2.571361868775046e-05
gpt4o,dd_39199,T6,0.9999737252374646,0.9999996192983917,0.9999866722679281,2.5894060927011964e-05
gpt4o,dd_42860,T0,1.1610744745277346e-07,1.6631621136155058e-07,1.41211829407162e-07,5.020876390877712e-08
gpt4o,dd_42860,T1,7.338211221359728e-07,1.0677030763372272e-06,9.007620992366e-07,3.3388195420125446e-07
gpt4o,dd_42860,T3,3.520911467895011e-07,1.3156695675992252e-07,2.418290517747118e-07,2.2052419002957857e-07
gpt4o,dd_42860,T5,1.514326359579509e-07,3.3596800524309965e-07,2.437003206005253e-07,1.8453536928514874e-07
gpt4o,dd_42860,T6,1.6373771788830297e-07,1.7983072104617884e-07,1.7178421946724092e-07,1.6093003157875872e-08
gpt4o,dd_44063,T0,0.023330767407859568,0.40733340004593027,0.2153320837268949,0.3840026326380707
gpt4o,dd_44063,T1,0.9919380076897112,0.9820137940187298,0.9869759008542205,0.009924213670981397
gpt4o,dd_44063,T3,0.957277799101738,0.9566341998451933,0.9569559994734657,0.0006435992565447801
gpt4o,dd_44063,T5,0.924141816844876,0.9994472212967984,0.9617945190708372,0.07530540445192246
gpt4o,dd_44063,T6,0.004538431899409173,0.005730246934176149,0.005134339416792661,0.0011918150347669763
gpt4o,dd_44380,T0,0.9999999623054395,0.9999999941283197,0.9999999782168796,3.182288021985613e-08
gpt4o,dd_44380,T1,0.9999999903192359,0.9999999994365119,0.9999999948778739,9.117275934222846e-09
gpt4o,dd_44380,T3,0.9999999710985779,0.9999999989635868,0.9999999850310823,2.7865008966898586e-08
gpt4o,dd_44380,T5,0.9999999924606134,0.9999999963825628,0.999999994421588,3.921949320861984e-09
gpt4o,dd_44380,T6,0.9999995947452573,0.9999999967062858,0.9999997957257716,4.019610284622388e-07
gpt4o,dd_45938,T0,1.6656674762983508e-10,2.2286384415875357e-09,1.1976025946086854e-09,2.0620716939577006e-09
gpt4o,dd_45938,T1,3.745756213997523e-11,2.228638441614041e-09,1.1330480018770082e-09,2.191180879474066e-09
gpt4o,dd_45938,T3,5.2412552589052093e-11,9.237449576104204e-09,4.644931064346628e-09,9.185037023515153e-09
gpt4o,dd_45938,T5,1.665667476305223e-10,3.617437250654333e-09,1.892001999142428e-09,3.4508705030238107e-09
gpt4o,dd_45938,T6,3.5061404072920328e-09,3.4321287984310375e-08,1.8913714195801203e-08,3.0815147577018344e-08
gpt4o,dd_46859,T0,1.1719434390382724e-10,5.346225679944677e-09,2.731710011924252e-09,5.22903133604085e-09
gpt4o,dd_46859,T1,5.813750742364089e-10,2.757792983779012e-08,1.4079652456013266e-08,2.699655476355371e-08
gpt4o,dd_46859,T3,1.0024163444684785e-10,1.5713430949660966e-08,7.906836292053906e-09,1.561318931521412e-08
gpt4o,dd_46859,T5,1.0045260476559379e-09,6.615602480593997e-08,3.358027542679796e-08,6.515149875828403e-08
gpt4o,dd_46859,T6,2.0816913721953752e-08,2.309072047320966e-07,1.2586205922702518e-07,2.1009029101014284e-07
gpt4o,dd_47886,T0,0.9865717432679015,0.9999724643036266,0.9932721037857641,0.013400721035725094
gpt4o,dd_47886,T1,0.9802808736359357,0.9991030608924157,0.9896919672641757,0.018822187256479994
gpt4o,dd_47886,T3,0.990587410052256,0.9998766054313876,0.9952320077418217,0.009289195379131532
gpt4o,dd_47886,T5,0.985718067346153,0.9999097196143796,0.9928138934802663,0.014191652268226607
gpt4o,dd_47886,T6,0.35936416723137937,0.9911526437212537,0.6752584054763165,0.6317884764898742
gpt4o,dd_5570,T0,0.9999999736849554,0.9999999977713616,0.9999999857281585,2.408640620288338e-08
gpt4o,dd_5570,T1,0.9999999778405106,0.9999999969538125,0.9999999873971616,1.911330183013149e-08
gpt4o,dd_5570,T3,0.9999999795058225,0.9999999986482624,0.9999999890770425,1.9142439855457383e-08
gpt4o,dd_5570,T5,0.9999999975137741,0.9999999975902674,0.9999999975520207,7.649325617364866e-11
gpt4o,dd_5570,T6,0.9999995479060636,0.9999999484776454,0.9999997481918546,4.0057158179340746e-07
gpt4o,dd_6488,T0,1.8553915984460588e-07,3.0590235899481493e-07,2.457207594197104e-07,1.2036319915020905e-07
gpt4o,dd_6488,T1,1.689353101475261e-07,2.6842002591400894e-06,1.4265677846438078e-06,2.515264948992563e-06
gpt4o,dd_6488,T3,1.0907285358335966e-07,2.4061013697674325e-06,1.257587111675396e-06,2.297028516184073e-06
gpt4o,dd_6488,T5,2.536019460002026e-07,1.6187582617662976e-05,8.220592281831589e-06,1.5933980671662774e-05
gpt4o,dd_6488,T6,8.315280891292074e-07,1.1300809156584877e-05,6.066168622857042e-06,1.046928106745567e-05
gpt4o,dd_6826,T0,0.99998954845493,0.99999091952566,0.9999902339902951,1.371070729949686e-06
gpt4o,dd_6826,T1,0.9995955184651706,0.9999940448630518,0.9997947816641112,0.0003985263978811826
gpt4o,dd_6826,T3,0.9999852610187113,0.9999996367319813,0.9999924488753463,1.4375713270009527e-05
gpt4o,dd_6826,T5,0.9999702268941104,0.9999969105045867,0.9999835686993486,2.6683610476307962e-05
gpt4o,dd_6826,T6,0.6791786912480019,0.9971990730472958,0.8381888821476489,0.3180203817992939
gpt4o,dd_6868,T0,0.0023596605828560564,0.32423539898095244,0.16329752978190426,0.32187573839809636
gpt4o,dd_6868,T1,3.1381477348129367e-06,4.006369985707176e-05,2.160092379594235e-05,3.6925552122258824e-05
gpt4o,dd_6868,T3,4.331903179977862e-05,0.006097561041164635,0.003070440036482207,0.006054242009364856
gpt4o,dd_6868,T5,8.05944584243705e-07,1.4510483079665415e-05,7.65821383195456e-06,1.370453849542171e-05
gpt4o,dd_6868,T6,4.092912328970576e-06,8.349625404614919e-05,4.3794583187559884e-05,7.940334171717861e-05
gpt4o,dd_7687,T0,0.9999999728496264,0.9999999756625623,0.9999999742560943,2.8129358842221563e-09
gpt4o,dd_7687,T1,0.9999998975355481,0.9999999813398391,0.9999999394376936,8.380429106225051e-08
gpt4o,dd_7687,T3,0.9999999434137637,0.9999999967062858,0.9999999700600248,5.329252206198731e-08
gpt4o,dd_7687,T5,0.9999999885038083,0.9999999937496289,0.9999999911267186,5.2458205557215365e-09
gpt4o,dd_7687,T6,0.9999999176674982,0.9999999890302572,0.9999999533488777,7.136275903540934e-08
gpt4o,dd_8580,T0,8.902265976691244e-08,9.972941127806092e-06,5.030981893786502e-06,9.88391846803918e-06
gpt4o,dd_8580,T1,2.5466399733649345e-05,0.000939943730492506,0.0004827050651130777,0.0009144773307588567
gpt4o,dd_8580,T3,1.0571702244387681e-07,8.530322940821328e-06,4.318019981632603e-06,8.424605918377451e-06
gpt4o,dd_8580,T5,2.9480171839440396e-06,0.00015843624671856357,8.06921319512538e-05,0.00015548822953461954
gpt4o,dd_8580,T6,6.540436930645336e-06,3.0718198652012015e-05,1.8629317791328674e-05,2.417776172136668e-05
gpt4o,dd_9595,T0,5.255393588578245e-06,4.469406930137586e-05,2.497473144497705e-05,3.9438675712797616e-05
gpt4o,dd_9595,T1,0.999936972400465,0.9990302480954453,0.9994836102479552,0.0009067243050197016
gpt4o,dd_9595,T3,0.9994023305603189,0.9999359799237054,0.9996691552420122,0.0005336493633865125
gpt4o,dd_9595,T5,0.9999877809245422,0.9992083704130513,0.9995980756687968,0.0007794105114908856
gpt4o,dd_9595,T6,0.997065047663169,0.965381164698243,0.981223106180706,0.03168388296492597
gpt4o,dd_9899,T0,0.999014991802229,0.9999678076670067,0.9994913997346178,0.0009528158647776896
gpt4o,dd_9899,T1,0.998812094749372,0.9999023843675576,0.9993572395584649,0.0010902896181855803
gpt4o,dd_9899,T3,0.9953904272231276,0.9955316155294309,0.9954610213762793,0.00014118830630327484
gpt4o,dd_9899,T5,0.999455786660758,0.9999949062927986,0.9997253464767784,0.0005391196320406744
gpt4o,dd_9899,T6,0.9184802498425099,0.9999068540963941,0.959193551969452,0.08142660425388426
gpt4o,dd_9955,T0,0.0016484830876530457,0.0006166297208081107,0.001132556404230578,0.001031853366844935
gpt4o,dd_9955,T1,0.0006771943548361646,0.0006070756465766493,0.000642135000706407,7.011870825951525e-05
gpt4o,dd_9955,T3,0.021287350124762055,0.0028009269365561673,0.012044138530659112,0.018486423188205887
gpt4o,dd_9955,T5,0.016152835798974287,0.006589770394954533,0.01137130309696441,0.009563065404019754
gpt4o,dd_9955,T6,0.0001214817032268148,0.00036829796566028385,0.00024488983444354934,0.000246816262433469
gpt4o,mc_C_034,T0,0.9999999952076744,0.9999999991407833,0.9999999971742288,3.9331089496386085e-09
gpt4o,mc_C_034,T1,0.9999999837877711,0.9999999960270225,0.9999999899073968,1.2239251390155914e-08
gpt4o,mc_C_034,T3,0.9999999840391185,0.9999999971827371,0.9999999906109278,1.3143618637911914e-08
gpt4o,mc_C_034,T5,0.9999999985384231,0.9999999968076227,0.999999997673023,1.7308003918969916e-09
gpt4o,mc_C_034,T6,0.9999999924606134,0.9999999962089583,0.9999999943347859,3.748344856724373e-09
gpt4o,mc_C_1095,T0,0.9999999991801298,0.9999999999200804,0.9999999995501051,7.399505452809763e-10
gpt4o,mc_C_1095,T1,0.9999999982092387,0.999999999975048,0.9999999990921433,1.7658092765771016e-09
gpt4o,mc_C_1095,T3,0.9999999996936368,0.9999999999808686,0.9999999998372527,2.872317939051072e-10
gpt4o,mc_C_1095,T5,0.999999999618725,0.9999999999522777,0.9999999997855014,3.3355274098312293e-10
gpt4o,mc_C_1095,T6,0.9999816571009726,0.9999999856927584,0.9999908213968656,1.832859178574342e-05
gpt4o,mc_C_1216,T0,0.9999999993713837,0.9999999999459237,0.9999999996586537,5.745399711543087e-10
gpt4o,mc_C_1216,T1,0.9999999985154067,0.999999999970828,0.9999999992431173,1.4554213390027826e-09
gpt4o,mc_C_1216,T3,0.9999999990563351,0.9999999995328519,0.9999999992945935,4.765168259979191e-10
gpt4o,mc_C_1216,T5,0.9999999974746219,0.9999999996738782,0.99999999857425,2.1992563326023173e-09
gpt4o,mc_C_1216,T6,0.9999999901667861,0.9999999992876845,0.9999999947272353,9.120898369907593e-09
gpt4o,mc_C_183,T0,0.9999999995679587,0.9999999999108433,0.999999999739401,3.428846095943072e-10
gpt4o,mc_C_183,T1,0.999999995132206,0.9999999998281459,0.999999997480176,4.69593985918948e-09
gpt4o,mc_C_183,T3,0.9999999981523939,0.9999999999316411,0.9999999990420175,1.7792471940225596e-09
gpt4o,mc_C_183,T5,0.9999999993514292,0.9999999995746569,0.9999999994630431,2.2322765858007187e-10
gpt4o,mc_C_183,T6,0.9999999306690814,0.9999999960270225,0.999999963348052,6.535794105921866e-08
gpt4o,mc_C_291,T0,0.9999999993907243,0.9999999999537461,0.9999999996722352,5.630218513630325e-10
gpt4o,mc_C_291,T1,0.9999999975523195,0.9999999999260865,0.999999998739203,2.3737669607726275e-09
gpt4o,mc_C_291,T3,0.9999999976276268,0.9999999999094393,0.9999999987685331,2.281812516713444e-09
gpt4o,mc_C_291,T5,0.9999999995104332,0.9999999995180231,0.9999999995142281,7.58992868554742e-12
gpt4o,mc_C_291,T6,0.9999999856927584,0.9999999983177355,0.9999999920052469,1.2624977063779852e-08
gpt4o,mc_C_467,T0,0.9999999909057639,0.9999999982643346,0.9999999945850493,7.358570752735716e-09
gpt4o,mc_C_467,T1,0.9999999442910519,0.9999999960270225,0.9999999701590372,5.173597061869373e-08
gpt4o,mc_C_467,T3,0.9999999807475021,0.9999999989796549,0.9999999898635785,1.823215278751178e-08
gpt4o,mc_C_467,T5,0.9999999523496114,0.999999996149258,0.9999999742494348,4.379964668732583e-08
gpt4o,mc_C_467,T6,0.9999854895255958,0.99999983106469,0.999992660295143,1.4341539094187006e-05
gpt4o,mc_C_527,T0,0.9999999981232983,0.9999999995877433,0.9999999988555208,1.464445009702331e-09
gpt4o,mc_C_527,T1,0.9999999974746219,0.9999999997121984,0.9999999985934102,2.2375765684756743e-09
gpt4o,mc_C_527,T3,0.9999999972264146,0.9999999995328519,0.9999999983796333,2.30643726339963e-09
gpt4o,mc_C_527,T5,0.9999999996473783,0.9999999998198985,0.9999999997336384,1.7252022033176218e-10
gpt4o,mc_C_527,T6,0.9999961550646577,0.9999999896948802,0.999998072379769,3.834630222576685e-06
gpt4o,mc_C_675,T0,0.9999999992298032,0.9999999998226907,0.999999999526247,5.92887516859264e-10
gpt4o,mc_C_675,T1,0.9999999926925758,0.999999999768745,0.9999999962306604,7.076169206143845e-09
gpt4o,mc_C_675,T3,0.9999999970933076,0.9999999999367783,0.999999998515043,2.843470792157632e-09
gpt4o,mc_C_675,T5,0.9999999943972036,0.9999999998722888,0.9999999971347462,5.4750852740426126e-09
gpt4o,mc_C_675,T6,0.9999999559305943,0.9999999970933076,0.9999999765119509,4.1162713237952175e-08
gpt4o,mc_C_772,T0,0.99999999873016,0.9999999997614042,0.9999999992457821,1.031244201143977e-09
gpt4o,mc_C_772,T1,0.9999999967062858,0.9999999999135862,0.999999998309936,3.2073004252453075e-09
gpt4o,mc_C_772,T3,0.9999999982370018,0.9999999998506905,0.9999999990438462,1.613688738189012e-09
gpt4o,mc_C_772,T5,0.9999999987101631,0.9999999996738782,0.9999999991920206,9.637151077157569e-10
gpt4o,mc_C_772,T6,0.9999930377407468,0.9999997503297868,0.9999963940352667,6.712589040058781e-06
gpt4o,mc_C_941,T0,0.9999999985833912,0.9999999998941238,0.9999999992387575,1.3107326335415337e-09
gpt4o,mc_C_941,T1,0.9999999954271308,0.9999999996687425,0.9999999975479367,4.241611728517114e-09
gpt4o,mc_C_941,T3,0.9999999965482171,0.999999999786124,0.9999999981671706,3.237906831543569e-09
gpt4o,mc_C_941,T5,0.9999999964386459,0.999999999683912,0.9999999980612789,3.245266055884599e-09
gpt4o,mc_C_941,T6,0.999982768423931,0.9999918603106556,0.9999873143672933,9.091886724599263e-06
gpt4o,mc_G_005,T0,0.9999998173373359,0.9999999990709654,0.9999999082041506,1.817336294784866e-07
gpt4o,mc_G_005,T1,0.9999997257909216,0.9999999964386459,0.9999998611147838,2.7064772434304274e-07
gpt4o,mc_G_005,T3,0.9999998704727996,0.9999999957707875,0.9999999331217935,1.2529798787408453e-07
gpt4o,mc_G_005,T5,0.9999998336837886,0.9999999920987906,0.9999999128912896,1.5841500200508563e-07
gpt4o,mc_G_005,T6,0.9999426124213989,0.9999998532264559,0.9999712328239274,5.724080505697948e-05
gpt4o,mc_G_037,T0,0.9999995883634264,0.9999999837877711,0.9999997860755987,3.9542434471240284e-07
gpt4o,mc_G_037,T1,0.9999964440159327,0.9999999515992267,0.9999981978075797,3.507583294037886e-06
gpt4o,mc_G_037,T3,0.9999885212269366,0.9999987320711764,0.9999936266490566,1.0210844239799677e-05
gpt4o,mc_G_037,T5,0.9999980361954902,0.9999999910467569,0.9999990136211235,1.9548512666389684e-06
gpt4o,mc_G_037,T6,0.9999640869910267,0.9999997424044055,0.999981914697716,3.565541337879896e-05
gpt4o,mc_G_064,T0,4.518244452275725e-11,6.903999830588138e-10,3.6779121379078557e-10,6.452175385360566e-10
gpt4o,mc_G_064,T1,5.579287180810713e-11,3.0461875766482648e-09,1.550990224228186e-09,2.9903947048401575e-09
gpt4o,mc_G_064,T3,6.42172018152997e-11,1.580341298396515e-09,8.222792501059074e-10,1.5161240965812154e-09
gpt4o,mc_G_064,T5,2.8944960587461383e-11,7.465003719058839e-10,3.8772266624667266e-10,7.175554113184226e-10
gpt4o,mc_G_064,T6,7.62598140337811e-11,9.094236196285773e-09,4.585248005159777e-09,9.017976382251992e-09
gpt4o,mc_G_086,T0,0.9999999932417374,0.9999999995254956,0.9999999963836165,6.283758180458676e-09
gpt4o,mc_G_086,T1,0.9999991420765005,0.9999999697115696,0.9999995558940351,8.276350690339385e-07
gpt4o,mc_G_086,T3,0.999999321326611,0.9999999774915497,0.9999996494090804,6.561649387171187e-07
gpt4o,mc_G_086,T5,0.9999969105045869,0.9999999781840616,0.9999984443443243,3.0676794746664626e-06
gpt4o,mc_G_086,T6,0.9959927109422371,0.9999998229573165,0.9979962669497768,0.004007112015079417
gpt4o,mc_G_112,T0,0.9978842964386673,0.9999485577825575,0.9989164271106123,0.0020642613438902613
gpt4o,mc_G_112,T1,0.9585377281769191,0.9944450764615808,0.9764914023192499,0.03590734828466169
gpt4o,mc_G_112,T3,0.9999697580464718,,,
gpt4o,mc_G_112,T5,0.8397339616560072,0.991422513477504,0.9155782375667556,0.15168855182149676
gpt4o,mc_G_135,T0,0.9999997170865936,0.9999999856927584,0.999999851389676,2.68606164754992e-07
gpt4o,mc_G_135,T1,0.9999993820606635,0.9999999883227696,0.9999996851917166,6.062621060731743e-07
gpt4o,mc_G_135,T3,0.9999998485673641,0.9999999959009065,0.9999999222341354,1.4733354236629026e-07
gpt4o,mc_G_135,T5,0.9999992997832204,0.9999999931353103,0.9999996464592653,6.933520898533274e-07
gpt4o,mc_G_135,T6,0.999983812425118,0.9999998284043462,0.9999918204147321,1.6015979228178878e-05
gpt4o,mc_G_156,T0,4.792325647429152e-09,1.204790545106249e-08,8.420115549245821e-09,7.2555798036333385e-09
gpt4o,mc_G_156,T1,8.54324422316921e-09,6.691585063833827e-10,4.606201364776297e-09,7.874085716785828e-09
gpt4o,mc_G_156,T3,1.063223920017009e-08,5.547520220972046e-10,5.5934956111336476e-09,1.0077487178072886e-08
gpt4o,mc_G_156,T5,1.386705417161238e-08,1.5317194179687021e-09,7.699386794790541e-09,1.2335334753643679e-08
gpt4o,mc_G_156,T6,2.8616284897253763e-09,3.6174372386454934e-09,3.239532864185435e-09,7.558087489201171e-10
gpt4o,mc_G_179,T0,2.372373186787513e-09,2.3673907278976003e-10,1.3045561297886366e-09,2.135634113997753e-09
gpt4o,mc_G_179,T1,7.082598285634845e-09,1.7456036616181336e-10,3.628579325898329e-09,6.908037919473031e-09
gpt4o,mc_G_179,T3,7.582561245556008e-10,1.540489957818636e-10,4.561525601687322e-10,6.042071287737372e-10
gpt4o,mc_G_179,T5,3.850741947530878e-09,8.915668203712812e-11,1.969949314784003e-09,3.76158526549375e-09
gpt4o,mc_G_179,T6,3.911382329135904e-09,6.796962992439148e-10,2.2955393141899094e-09,3.231686029891989e-09
gpt4o,mc_G_186,T0,0.00019411312709334184,9.761564374250221e-05,0.00014586438541792202,9.649748335083963e-05
gpt4o,mc_G_186,T1,0.0011879055487943916,0.0019267345364492408,0.0015573200426218163,0.0007388289876548491
gpt4o,mc_G_186,T3,0.0005442133402039462,0.0006263341356852616,0.000585273737944604,8.212079548131546e-05
gpt4o,mc_G_186,T5,6.402007629086485e-05,0.0011879052639083745,0.0006259626700996197,0.0011238851876175097
gpt4o,mc_G_186,T6,1.4285522089051387e-05,1.7502922818216593e-05,1.5894222453633992e-05,3.2174007291652065e-06
gpt4o,mc_G_235,T0,0.9999999966544175,0.9999999973117488,0.9999999969830832,6.573313005020509e-10
gpt4o,mc_G_235,T1,0.9999999701811482,0.9999999985384231,0.9999999843597857,2.8357274972634627e-08
gpt4o,mc_G_235,T3,0.9999999687501117,0.9999999979063878,0.9999999833282498,2.915627617117167e-08
gpt4o,mc_G_235,T5,0.9999998362622821,0.9999999898546464,0.9999999130584643,1.5359236438250434e-07
gpt4o,mc_G_235,T6,0.9999964991461612,0.9999990577553364,0.9999977784507488,2.558609175196125e-06
gpt4o,mc_G_236,T0,0.9998028306151406,0.9954615692639813,0.997632199939561,0.004341261351159309
gpt4o,mc_G_236,T1,0.9999935609624911,0.99531817768615,0.9976558693243206,0.004675383276341094
gpt4o,mc_G_236,T3,0.9857180679104458,0.9465966673753953,0.9661573676429205,0.03912140053505053
gpt4o,mc_G_236,T5,0.9999832985769227,0.9987156916785811,0.999349495127752,0.0012676068983416
gpt4o,mc_G_236,T6,0.9980429825995863,0.84997116805678,0.9240070753281832,0.14807181454280638
gpt4o,mc_G_288,T0,0.9999976679247503,0.9999852610222162,0.9999914644734833,1.2406902534123354e-05
gpt4o,mc_G_288,T1,0.999998517642226,0.999960557429201,0.9999795375357134,3.79602130250456e-05
gpt4o,mc_G_288,T3,0.9999946618451718,0.9999807768283971,0.9999877193367845,1.3885016774684011e-05
gpt4o,mc_G_288,T5,0.9999963311359839,0.9997901168513211,0.9998932239936524,0.00020621428466272018
gpt4o,mc_G_288,T6,0.9999733114780202,0.9980732649834068,0.9990232882307135,0.0019000464946133944
gpt4o,mc_G_302,T0,0.9944450762065841,0.9994385212450718,0.996941798725828,0.004993445038487754
gpt4o,mc_G_302,T1,0.05419873315389024,0.9184802422300702,0.4863394876919802,0.86428150907618
gpt4o,mc_G_302,T3,0.031143830078890378,0.8221891361574671,0.4266664831181788,0.7910453060785767
gpt4o,mc_G_302,T5,0.13477590727384425,0.8774767946514714,0.5061263509626579,0.7427008873776272
gpt4o,mc_G_302,T6,0.0002453695763604431,0.027585284665177637,0.01391532712076904,0.027339915088817193
gpt4o,mc_G_365,T0,0.9999916019253544,0.999999906705054,0.9999957543152043,8.304779699597198e-06
gpt4o,mc_G_365,T1,0.9999998336837886,0.9999999974348528,0.9999999155593207,1.6375106415278395e-07
gpt4o,mc_G_365,T3,0.9999983971896595,0.999999995704187,0.9999991964469233,1.5985145274122203e-06
gpt4o,mc_G_365,T5,0.9999996310113446,0.9999999893677608,0.9999998101895526,3.583564162079611e-07
gpt4o,mc_G_365,T6,0.9999931456798327,0.9999998362622821,0.9999964909710574,6.690582449397908e-06
gpt4o,mc_G_373,T0,9.585254508670129e-10,1.895401567147086e-08,9.956270561168936e-09,1.799549022060385e-08
gpt4o,mc_G_373,T1,2.1176585545060426e-11,2.486225841845177e-09,1.2537012136951187e-09,2.4650492563001165e-09
gpt4o,mc_G_373,T3,9.946154786128256e-11,9.585254508866474e-10,5.28993499373965e-10,8.590639030253648e-10
gpt4o,mc_G_373,T5,4.4830831949757764e-11,1.3730243143713055e-09,7.089275731605316e-10,1.3281934824215478e-09
gpt4o,mc_G_373,T6,1.6144202756271314e-10,6.188705451171308e-10,3.90156286339922e-10,4.5742851755441774e-10
gpt4o,mc_G_385,T0,0.99999998219435,0.9999999801363622,0.9999999811653562,2.057987891213031e-09
gpt4o,mc_G_385,T1,0.9999888743943633,0.9999932519463127,0.999991063170338,4.377551949374947e-06
gpt4o,mc_G_385,T3,0.999981074850384,0.9999975175203724,0.9999892961853782,1.644266998834798e-05
gpt4o,mc_G_385,T5,0.999994137184159,0.99999933184846,0.9999967345163094,5.19466430104476e-06
gpt4o,mc_G_385,T6,0.9999111191894039,0.9999888743956814,0.9999499967925427,7.775520627750776e-05
gpt4o,mc_G_397,T0,7.422499170850472e-09,4.122566732434052e-10,3.9173779220469385e-09,7.0102424976070665e-09
gpt4o,mc_G_397,T1,3.378918589369562e-08,2.1940866901104528e-09,1.7991636291903035e-08,3.1595099203585164e-08
gpt4o,mc_G_397,T3,7.539386559507477e-09,7.012721514598752e-10,4.120329355483676e-09,6.838114408047602e-09
gpt4o,mc_G_397,T5,9.329494599086274e-08,5.1817397039854995e-09,4.923834284742412e-08,8.811320628687724e-08
gpt4o,mc_G_397,T6,3.3265332932685965e-08,7.422499170850472e-09,2.0343916051768218e-08,2.5842833761835493e-08
gpt4o,mc_G_431,T0,0.9999999904693223,0.9999999925775008,0.9999999915234116,2.108178520643378e-09
gpt4o,mc_G_431,T1,0.9999999971827371,0.9999999988793702,0.9999999980310537,1.6966330562695475e-09
gpt4o,mc_G_431,T3,0.999999996149258,0.9999999994948925,0.9999999978220753,3.345634436158207e-09
gpt4o,mc_G_431,T5,0.9999999964386459,0.9999999919743648,0.9999999942065054,4.464281055938102e-09
gpt4o,mc_G_431,T6,0.9999997993843379,0.9999999348696292,0.9999998671269836,1.3548529131934828e-07
gpt4o,mc_G_453,T0,0.9997584338071099,0.9999979419500024,0.9998781878785561,0.0002395081428924195
gpt4o,mc_G_453,T1,0.9883127420645047,0.999447221285736,0.9938799816751204,0.011134479221231341
gpt4o,mc_G_453,T3,0.9998785182835083,0.999996388016242,0.9999374531498751,0.00011786973273375523
gpt4o,mc_G_453,T5,0.9910145717220851,0.9999531611067993,0.9954838664144422,0.008938589384714257
gpt4o,mc_G_453,T6,0.9124361530063195,0.999527145589816,0.9559816492980677,0.08709099258349651
gpt4o,mc_G_492,T0,0.9999999830097303,0.9999999989306876,0.9999999909702089,1.592095733027321e-08
gpt4o,mc_G_492,T1,0.9999976312016852,0.9999999873739035,0.9999988092877943,2.3561722183318423e-06
gpt4o,mc_G_492,T3,0.9999980666413983,0.9999999795058225,0.9999990230736104,1.912864424191696e-06
gpt4o,mc_G_492,T5,0.999989046881598,0.9999999885038083,0.9999945176927032,1.0941622210380864e-05
gpt4o,mc_G_492,T6,0.9999924720106721,0.9999995034719698,0.9999959877413209,7.031461297657415e-06
gpt4o,mc_G_572,T0,0.9926541725698469,0.9999435020761338,0.9962988373229904,0.007289329506286912
gpt4o,mc_G_572,T1,0.9996079582734471,0.9999979095407474,0.9998029339070973,0.000389951267300348
gpt4o,mc_G_572,T3,0.9957353645544209,0.9999978766206209,0.9978666205875208,0.004262512066199986
gpt4o,mc_G_572,T5,0.9989012691828681,0.9999995111699195,0.9994503901763938,0.0010982419870513294
gpt4o,mc_G_572,T6,0.9748211587250227,0.9999886991894938,0.9874049289572583,0.025167540464471116
gpt4o,mc_G_595,T0,0.9951702779968081,0.9993929244247786,0.9972816012107933,0.0042226464279704334
gpt4o,mc_G_595,T1,0.9715639676241284,0.9996946509541875,0.9856293092891579,0.02813068333005908
gpt4o,mc_G_595,T3,0.9982725414593601,0.999769493267909,0.9990210173636345,0.0014969518085489186
gpt4o,mc_G_595,T5,0.9964063972133725,0.9996259043991,0.9980161508062363,0.0032195071857274993
gpt4o,mc_G_595,T6,0.9173026539338222,0.9766692286024927,0.9469859412681574,0.05936657466867057
gpt4o,mc_G_601,T0,0.999997774718539,0.9995955185211031,0.999796646619821,0.0004022561974359462
gpt4o,mc_G_601,T1,0.9999995111698611,0.9999935609632609,0.999996536066561,5.9502066002137255e-06
gpt4o,mc_G_601,T3,,0.9999869928659242,,
gpt4o,mc_G_601,T5,0.9999998802069212,0.9999824970771212,0.9999911886420212,1.738312980004153e-05
gpt4o,mc_G_601,T6,0.9999999052358725,0.9999768125291036,0.999988358882488,2.3092706768812477e-05
gpt4o,mc_H_035,T0,5.263340133696816e-09,5.570894804234854e-08,3.0486144088022677e-08,5.0445607908651726e-08
gpt4o,mc_H_035,T1,7.778712445608093e-09,3.769456045941013e-08,2.273663645250911e-08,2.991584801380204e-08
gpt4o,mc_H_035,T3,4.0355428695601054e-09,4.338617288987653e-08,2.3710857879718318e-08,3.935063002031643e-08
gpt4o,mc_H_035,T5,3.3982678077991868e-09,7.042272152919084e-08,3.6910494668495015e-08,6.702445372139164e-08
gpt4o,mc_H_035,T6,8.67778080342241e-09,7.979939720833384e-08,4.4238589005878125e-08,7.112161640491142e-08
gpt4o,mc_H_044,T0,1.1659535335994953e-05,4.313910567654844e-07,6.0454631963802186e-06,1.1228144279229468e-05
gpt4o,mc_H_044,T1,7.48462327219146e-05,0.0003406293702975516,0.0002077378015097331,0.000265783137575637
gpt4o,mc_H_044,T3,0.0021157033810013104,0.04272219922237619,0.02241895130168875,0.04060649584137488
gpt4o,mc_H_044,T5,7.36858998279244e-05,4.264746109694517e-05,5.816668046243478e-05,3.103843873097922e-05
gpt4o,mc_H_044,T6,1.1125606972250957e-05,5.173921001633275e-06,8.149763986942116e-06,5.951685970617682e-06
gpt4o,mc_H_049,T0,0.0029810322094658993,0.01640303604000372,0.009692034124734808,0.01342200383053782
gpt4o,mc_H_049,T1,0.4493926344647596,0.12085324198975819,0.28512293822725887,0.3285393924750014
gpt4o,mc_H_049,T3,0.10970577606107472,0.6992544085240401,0.4044800922925574,0.5895486324629654
gpt4o,mc_H_049,T5,0.5621765008857982,0.9867771797180719,0.7744768403019351,0.4246006788322737
gpt4o,mc_H_049,T6,0.4921881357207955,0.9985896411871114,0.7453888884539535,0.5064015054663158
gpt4o,mc_H_060,T0,0.9766692293519882,0.8902942195727173,0.9334817244623528,0.08637500977927093
gpt4o,mc_H_060,T1,0.9943580918359781,0.9999318513055541,0.9971449715707661,0.005573759469575945
gpt4o,mc_H_060,T3,0.9869795120720233,0.9991959141917488,0.993087713131886,0.012216402119725522
gpt4o,mc_H_060,T5,0.9983256010066581,0.9999982938170415,0.9991619474118498,0.0016726928103834027
gpt4o,mc_H_060,T6,0.5813030953669277,0.9999692818049976,0.7906361885859626,0.41866618643806985
gpt4o,mc_H_066,T0,1.1929041970934006e-09,1.546981678703682e-08,8.33136049206511e-09,1.4276912589943419e-08
gpt4o,mc_H_066,T1,1.8767017258218814e-09,4.2292126149235204e-09,3.052957170372701e-09,2.352510889101639e-09
gpt4o,mc_H_066,T3,3.3125753213065985e-10,2.890142228599925e-08,1.4616339909064954e-08,2.857016475386859e-08
gpt4o,mc_H_066,T5,8.864911256805263e-10,1.0969742774138273e-08,5.9281169499094e-09,1.0083251648457747e-08
gpt4o,mc_H_066,T6,1.0305119664591528e-08,6.758262498176623e-09,8.531691081384076e-09,3.5468571664149057e-09
gpt4o,mc_H_072,T0,4.1399375594330934e-08,2.64657362691878e-09,2.2022974610624857e-08,3.8752801967412154e-08
gpt4o,mc_H_072,T1,4.45084872735535e-07,8.02563515645005e-09,2.2655525394599252e-07,4.3705923757908494e-07
gpt4o,mc_H_072,T3,1.3081771527145847e-06,2.0494177466190422e-08,6.643356650903876e-07,1.2876829752483943e-06
gpt4o,mc_H_072,T5,1.3007124771591272e-05,2.9189403949470005e-07,6.649509405542986e-06,1.2715230732096572e-05
gpt4o,mc_H_072,T6,8.059445839592172e-07,1.8553915992480796e-07,4.957418719420126e-07,6.204054240344092e-07
gpt4o,mc_H_073,T0,1.255420679635577e-07,1.7087564696538493e-09,6.362541221660578e-08,1.2383331149390386e-07
gpt4o,mc_H_073,T1,3.1071961870132725e-07,1.5057012983099582e-06,9.082104585056427e-07,1.194981679608631e-06
gpt4o,mc_H_073,T3,4.1163657360510086e-07,7.856222228319609e-08,2.450993979441485e-07,3.3307435132190477e-07
gpt4o,mc_H_073,T5,6.339208604377866e-06,4.425489301129737e-06,5.3823489527538015e-06,1.9137193032481292e-06
gpt4o,mc_H_073,T6,2.8130176916718597e-06,1.5446314376332815e-05,9.129666034002337e-06,1.2633296684660955e-05
gpt4o_mini,dd_0107,T1,0.09534946991828995,0.022977367771183966,0.059163418844736956,0.07237210214710599
gpt4o_mini,dd_0107,T3,1.370956655045434e-06,1.1032560311213025e-09,6.860299555382777e-07,1.3698533990143128e-06
gpt4o_mini,dd_0107,T5,0.017986211536333663,1.0129988106426275e-05,0.008998170762220046,0.017976081548227236
gpt4o_mini,dd_0107,T6,1.6701415113308346e-05,2.8453347278848247e-08,8.364934230293598e-06,1.6672961766029497e-05
gpt4o_mini,dd_0283,T1,1.317651426831824e-10,3.266131342777361e-13,6.604587790873007e-11,1.3143852954890466e-10
gpt4o_mini,dd_0283,T3,6.224144622505308e-11,1.7482341282669995e-13,3.120813481893989e-11,6.206662281222638e-11
gpt4o_mini,dd_0283,T5,6.224144622498478e-11,1.542811203183726e-13,3.119786367265158e-11,6.208716510466641e-11
gpt4o_mini,dd_0283,T6,2.7894680920641617e-10,3.701011678574574e-13,1.3965845518713682e-10,2.785767080385587e-10
gpt4o_mini,dd_11241,T1,0.04742587530141944,0.9770226322473213,0.5122242537743704,0.9295967569459019
gpt4o_mini,dd_11241,T3,0.00020342706097989643,0.1480472022968157,0.0741253146788978,0.1478437752358358
gpt4o_mini,dd_11241,T5,0.07585818354992138,0.9399133456804919,0.5078857646152066,0.8640551621305705
gpt4o_mini,dd_11241,T6,0.0002611903266574093,0.00015843624677257744,0.00020981328671499337,0.00010275407988483186
gpt4o_mini,dd_13518,T1,2.4133627718238443e-12,5.0087746378175456e-14,1.2317252591010098e-12,2.363275025445669e-12
gpt4o_mini,dd_13518,T3,2.7346982915808417e-12,7.287724095790028e-14,1.403787766269371e-12,2.6618210506229416e-12
gpt4o_mini,dd_13518,T5,7.433680672285998e-12,9.35762296879132e-14,3.763628450986956e-12,7.340104442598084e-12
gpt4o_mini,dd_13518,T6,1.081594155714252e-11,2.2447770550142902e-13,5.520209631321975e-12,1.059146385164109e-11
gpt4o_mini,dd_14408,T1,0.9999986290433451,0.9999977396747258,0.9999981843590355,8.893686193056638e-07
gpt4o_mini,dd_14408,T3,0.9999994956527948,0.9999991684720096,0.9999993320624022,3.271807851312758e-07
gpt4o_mini,dd_14408,T5,0.9999952149051509,0.9999952149051503,0.9999952149051505,5.551115123125783e-16
gpt4o_mini,dd_14408,T6,0.04742586972946887,0.6224593318952406,0.3349426008123547,0.5750334621657718
gpt4o_mini,dd_14818,T1,0.9525741303399257,0.999999694097641,0.9762869122187834,0.04742556375771534
gpt4o_mini,dd_14818,T3,0.32082130522884295,0.9999898700118932,0.660405587620368,0.6791685647830503
gpt4o_mini,dd_14818,T5,0.6224593374207811,0.9999989322969233,0.8112291348588522,0.3775395948761422
gpt4o_mini,dd_14818,T6,0.0001584362468270112,0.8519528068923671,0.42605562156959703,0.8517943706455401
gpt4o_mini,dd_15810,T1,9.610239930169227e-05,9.610239929927908e-05,9.610239930048567e-05,2.4131900904639236e-15
gpt4o_mini,dd_15810,T3,3.726639116569469e-06,4.539785574703501e-05,2.4562247431802237e-05,4.167121663046554e-05
gpt4o_mini,dd_15810,T5,0.0007096703410067937,0.00020342706098008443,0.00045654870099343906,0.0005062432800267093
gpt4o_mini,dd_15810,T6,2.7535689844864815e-05,0.0005527785823123655,0.00029015713607861515,0.0005252428924675007
gpt4o_mini,dd_17929,T1,0.9999999847700205,0.999998629043345,0.9999993069066828,1.3557266754782304e-06
gpt4o_mini,dd_17929,T3,0.9999999966017321,0.9999962733608834,0.9999981349813077,3.723240848740872e-06
gpt4o_mini,dd_17929,T5,0.9999999998973812,0.9999999804443193,0.9999999901708503,1.9453061939067595e-08
gpt4o_mini,dd_17929,T6,0.99999960721363,0.9996646499458757,0.9998321285797529,0.0003349572677543433
gpt4o_mini,dd_1808,T1,0.22270013798159913,0.43782350004553283,0.330261819013566,0.2151233620639337
gpt4o_mini,dd_1808,T3,0.037326883824686394,0.2227001396125138,0.1300135117186001,0.18537325578782743
gpt4o_mini,dd_1808,T5,0.09534945894724976,0.06008665450863405,0.07771805672794191,0.035262804438615715
gpt4o_mini,dd_1808,T6,0.00669285140685189,0.00026119032645978624,0.003477020866655838,0.006431661080392104
gpt4o_mini,dd_1814,T1,6.224144622503194e-11,2.2897348455797017e-11,4.256939734041448e-11,3.934409776923493e-11
gpt4o_mini,dd_1814,T3,5.4927883506379554e-11,5.789356328667079e-12,3.035861991752332e-11,4.913852717771247e-11
gpt4o_mini,dd_1814,T5,2.461696951201676e-10,1.0261879630588022e-10,1.7439424571302392e-10,1.4355089881428737e-10
gpt4o_mini,dd_1814,T6,2.1724399345927882e-10,2.2897348455760023e-11,1.2007067095751943e-10,1.943466450035188e-10
gpt4o_mini,dd_18223,T1,0.9933071478006379,0.8807970676927815,0.9370521077467098,0.11251008010785635
gpt4o_mini,dd_18223,T3,0.9914225163667902,0.2689414346299481,0.6301819754983692,0.7224810817368421
gpt4o_mini,dd_18223,T5,0.9995694428820958,0.9859363711044262,0.992752906993261,0.013633071777669592
gpt4o_mini,dd_18223,T6,0.07585818228618608,0.07585817405082895,0.07585817816850751,8.235357132346799e-09
gpt4o_mini,dd_18643,T1,0.9999999999999656,0.9999999999981204,0.999999999999043,1.84519066692701e-12
gpt4o_mini,dd_18643,T3,0.9999999999999609,0.99999999999886,0.9999999999994105,1.1008971512183052e-12
gpt4o_mini,dd_18643,T5,0.9999999999999356,0.9999999999994615,0.9999999999996986,4.740652315149418e-13
gpt4o_mini,dd_18643,T6,0.9999999999989939,0.999999999989184,0.999999999994089,9.809930645587883e-12
gpt4o_mini,dd_18670,T1,0.9997965729390986,0.9999999988967441,0.9998982859179213,0.00020342595764544225
gpt4o_mini,dd_18670,T3,0.8807970712441728,0.9999998555019682,0.9403984633730705,0.1192027842577954
gpt4o_mini,dd_18670,T5,0.999999922655772,0.9999999985833912,0.9999999606195815,7.592761919195112e-08
gpt4o_mini,dd_18670,T6,0.8175744687993403,0.999998629043345,0.9087865489213427,0.18242416024400476
gpt4o_mini,dd_2081,T1,0.9980732654443913,0.9999962733608835,0.9990347694026374,0.0019230079164921365
gpt4o_mini,dd_2081,T3,0.999999694097641,0.999999974890009,0.999999834493825,2.807923680236968e-07
gpt4o_mini,dd_2081,T5,0.9997388096111836,0.9999938558278725,0.9998663327195281,0.0002550462166889256
gpt4o_mini,dd_2081,T6,0.01798620705859508,0.5000000020050935,0.2589931045318443,0.48201379494649843
gpt4o_mini,dd_21158,T1,0.9999999990263799,0.999999694097641,0.9999998465620105,3.04928738925625e-07
gpt4o_mini,dd_21158,T3,0.9999832985848875,0.9999832985848864,0.999983298584887,1.1102230246251565e-15
gpt4o_mini,dd_21158,T5,0.9999989322969234,0.999999974890009,0.9999994535934662,1.0425930856428067e-06
gpt4o_mini,dd_21158,T6,0.9999998144608401,0.9999970976877992,0.9999984560743196,2.7167730408672597e-06
gpt4o_mini,dd_21629,T1,0.9999989322969234,0.9999991684720096,0.9999990503844665,2.361750862656109e-07
gpt4o_mini,dd_21629,T3,0.9999251538028822,0.99999998813888,0.999962570970881,7.483433599786427e-05
gpt4o_mini,dd_21629,T5,0.9241418240490712,0.9999970976877992,0.9620694608684353,0.07585527363872802
gpt4o_mini,dd_21629,T6,0.07585817582139265,0.9947798743196137,0.5353190250705031,0.918921698498221
gpt4o_mini,dd_21630,T1,0.0003353500541759479,5.8291276779872006e-05,0.00019682066547790995,0.0002770587773960759
gpt4o_mini,dd_21630,T3,1.1253518384313887e-07,1.522997951270928e-08,6.388258167792407e-08,9.730520433042959e-08
gpt4o_mini,dd_21630,T5,1.6701415113842146e-05,2.7535689843386848e-05,2.2118552478614497e-05,1.0834274729544701e-05
gpt4o_mini,dd_21630,T6,0.003172683065730527,0.00012339462758249764,0.0016480388466565122,0.0030492884381480294
gpt4o_mini,dd_22819,T1,4.8473687060202106e-11,4.193795658356149e-13,2.444653331301886e-11,4.805430749436649e-11
gpt4o_mini,dd_22819,T3,7.991959892298049e-11,6.914400106913635e-13,4.030551946683593e-11,7.922815891228913e-11
gpt4o_mini,dd_22819,T5,7.052879850595442e-11,7.835041784982523e-13,3.565615134222634e-11,6.974529432745617e-11
gpt4o_mini,dd_22819,T6,2.789468092078168e-10,7.83504178501795e-13,1.3986515669315928e-10,2.78163305029315e-10
gpt4o_mini,dd_23534,T1,0.0002611903266809981,0.06008665442453316,0.03017392237560708,0.059825464097852166
gpt4o_mini,dd_23534,T3,0.0031726830660504454,0.017986213638696406,0.010579448352373426,0.01481353057264596
gpt4o_mini,dd_23534,T5,0.0019267343292322958,0.22270014412348438,0.11231343922635834,0.22077340979425208
gpt4o_mini,dd_23534,T6,0.001169510343335606,0.017986213631643492,0.009577861987489548,0.016816703288307887
gpt4o_mini,dd_24260,T1,0.9999921107349501,0.9999999317439577,0.9999960212394539,7.821009007646929e-06
gpt4o_mini,dd_24260,T3,0.9999962733608838,0.99999998813888,0.999998130749882,3.714777996211005e-06
gpt4o_mini,dd_24260,T5,0.9999999999964886,0.999999694097641,0.9999998470470648,3.0589884758569497e-07
gpt4o_mini,dd_24260,T6,0.9999999994094697,0.9999997617630155,0.9999998805862427,2.3764645418200558e-07
gpt4o_mini,dd_24405,T1,2.594609498200036e-11,3.900837610157898e-14,1.2992551679050969e-11,2.590708660589878e-11
gpt4o_mini,dd_24405,T3,3.331544542043722e-11,6.431393941445059e-14,1.6689879679925833e-11,3.325113148102277e-11
gpt4o_mini,dd_24405,T5,6.224144622474114e-11,3.9008376101579156e-14,3.114022730042136e-11,6.220243784863956e-11
gpt4o_mini,dd_24405,T6,6.224144622460861e-11,5.675685232595103e-14,3.114910153846728e-11,6.218468937228266e-11
gpt4o_mini,dd_24975,T1,0.9999898700118939,0.9999998874648162,0.999994878738355,1.0017452922284065e-05
gpt4o_mini,dd_24975,T3,0.9999999990263799,0.9999999979388463,0.9999999984826131,1.0875336187154971e-09
gpt4o_mini,dd_24975,T5,0.9999999123575085,0.999999998394772,0.9999999553761403,8.603726353584307e-08
gpt4o_mini,dd_24975,T6,0.0004305571179800649,0.37754067658751145,0.18898561685274576,0.3771101194695314
gpt4o_mini,dd_25137,T1,0.9999999999996734,0.9999999999934397,0.9999999999965565,6.233680238665329e-12
gpt4o_mini,dd_25137,T3,0.9999999999997118,0.9999999999915765,0.9999999999956442,8.135270235243297e-12
gpt4o_mini,dd_25137,T5,0.9999999999998639,0.9999999999972653,0.9999999999985646,2.5985880114376414e-12
gpt4o_mini,dd_25137,T6,0.9999970976877995,0.999999998394772,0.9999985480412859,2.9007069725084378e-06
gpt4o_mini,dd_25302,T1,2.5946094981898263e-11,1.0603575991510349e-13,1.3026065370906684e-11,2.584005922198316e-11
gpt4o_mini,dd_25302,T3,1.0815941557065364e-11,1.5428112031890438e-13,5.485111338692134e-12,1.066166043674646e-11
gpt4o_mini,dd_25302,T5,9.545034922706439e-12,3.900837610169636e-14,4.7920216494040674e-12,9.506026546604744e-12
gpt4o_mini,dd_25302,T6,9.545034922686845e-12,3.266131342776147e-13,4.93582402848223e-12,9.21842178840923e-12
gpt4o_mini,dd_25868,T1,0.09534947019987015,0.9999785550602311,0.5476640126300506,0.904629084860361
gpt4o_mini,dd_25868,T3,0.004070136797829855,0.9914225143480783,0.49774632557295406,0.9873523775502484
gpt4o_mini,dd_25868,T5,0.07585818598310978,0.9999038976007004,0.5378810417919051,0.9240457116175906
gpt4o_mini,dd_25868,T6,0.00015843624681101772,0.9626731121086671,0.48141577417773906,0.9625146758618561
gpt4o_mini,dd_26178,T1,3.7266391165161e-06,1.3709566549681497e-06,2.548797885742125e-06,2.3556824615479507e-06
gpt4o_mini,dd_26178,T3,7.889265051176672e-06,1.0129988106342324e-05,9.009626578759497e-06,2.2407230551656516e-06
gpt4o_mini,dd_26178,T5,1.0129988106876132e-05,1.8553915987468383e-07,5.157763633375408e-06,9.944448947001448e-06
gpt4o_mini,dd_26178,T6,1.370956655008754e-06,4.691163801430842e-08,7.089341465115312e-07,1.3240450169944455e-06
gpt4o_mini,dd_26321,T1,0.9999999994094697,0.9999999804443193,0.9999999899268945,1.8965150450078738e-08
gpt4o_mini,dd_26321,T3,0.99999998813888,0.9999998144608401,0.99999990129986,1.7367803994972064e-07
gpt4o_mini,dd_26321,T5,0.9999999997538302,0.9999999804443193,0.9999999900990748,1.9309510990161982e-08
gpt4o_mini,dd_26321,T6,0.9980732656773945,0.9999999677581336,0.999036616717764,0.0019267020807390844
gpt4o_mini,dd_27524,T1,3.978962535783397e-12,3.7010116785745155e-13,2.1745318518204245e-12,3.6088613679259458e-12
gpt4o_mini,dd_27524,T3,2.734698291570408e-12,5.384940217719797e-13,1.6365961566711938e-12,2.196204269798428e-12
gpt4o_mini,dd_27524,T5,6.560200168092751e-12,6.914400106926251e-13,3.625820089392688e-12,5.8687601574001256e-12
gpt4o_mini,dd_27524,T6,2.020683908962098e-11,1.6586783589063005e-12,1.093275872426364e-11,1.8548160730714678e-11
gpt4o_mini,dd_27558,T1,0.004070137767467401,0.7310585673097232,0.3675643525385953,0.7269884295422557
gpt4o_mini,dd_27558,T3,0.014063627252262331,0.9997965729390192,0.5069301000956408,0.985732945686757
gpt4o_mini,dd_27558,T5,0.00015843624683865512,0.8807970796326211,0.4404777579397299,0.8806386433857825
gpt4o_mini,dd_27558,T6,0.0007096703409011399,0.9820137927090823,0.49136173152499174,0.9813041223681811
gpt4o_mini,dd_28814,T1,5.8291276784630705e-05,0.00012339462763662735,9.084295221062903e-05,6.510335085199666e-05
gpt4o_mini,dd_28814,T3,3.726639116542248e-06,2.5109990926342675e-08,1.8758745537342954e-06,3.7015291256159053e-06
gpt4o_mini,dd_28814,T5,1.3007124774570809e-05,1.3709566550078061e-06,7.189040714789307e-06,1.1636168119563003e-05
gpt4o_mini,dd_28814,T6,2.3823698451665035e-07,2.594609498177133e-11,1.1913146530581606e-07,2.3821103842166859e-07
gpt4o_mini,dd_29454,T1,0.004070137768424727,0.0293122308935476,0.016691184330986163,0.02524209312512287
gpt4o_mini,dd_29454,T3,0.01406362393207498,0.001501182383228247,0.007782403157651614,0.012562441548846733
gpt4o_mini,dd_29454,T5,0.0600866536187391,0.0953494595242347,0.0777180565714869,0.035262805905495596
gpt4o_mini,dd_29454,T6,0.00033535005415824423,2.90231220071001e-06,0.00016912618317947711,0.00033244774195753424
gpt4o_mini,dd_29978,T1,3.726639116563516e-06,1.1861120010593644e-08,1.8692501182870547e-06,3.714777996552922e-06
gpt4o_mini,dd_29978,T3,1.370956655048973e-06,2.5109990926843956e-08,6.980333229879085e-07,1.345846664122129e-06
gpt4o_mini,dd_29978,T5,5.04347205225427e-07,1.1861120010583357e-08,2.581041626180052e-07,4.924860852148436e-07
gpt4o_mini,dd_29978,T6,5.3157849718087534e-08,1.4930946759532916e-10,2.665357959284143e-08,5.300854025049221e-08
gpt4o_mini,dd_30131,T1,1.0815941557113344e-11,8.878265478411354e-13,5.851884052477239e-12,9.928115009272209e-12
gpt4o_mini,dd_30131,T3,6.560200168077226e-12,8.878265478429617e-13,3.7240133579600934e-12,5.672373620234264e-12
gpt4o_mini,dd_30131,T5,7.433680672258886e-12,7.835041784983071e-13,4.108592425378597e-12,6.650176493760579e-12
gpt4o_mini,dd_30131,T6,1.5737102106482482e-11,1.8795288165258746e-12,8.808315461504178e-12,1.3857573289956607e-11
gpt4o_mini,dd_30899,T1,0.9999999999094393,0.999999999782756,0.9999999998460977,1.2668333049248304e-10
gpt4o_mini,dd_30899,T3,0.9999999999094393,0.9999999997210531,0.9999999998152462,1.8838619553207536e-10
gpt4o_mini,dd_30899,T5,0.9999999999942106,0.9999999999200804,0.9999999999571455,7.413025748803648e-11
gpt4o_mini,dd_30899,T6,0.9999999895325983,0.999999998394772,0.9999999939636852,8.862173772605786e-09
gpt4o_mini,dd_31129,T1,2.2897348455840133e-11,8.878265478392961e-13,1.1892587501839714e-11,2.200952190800084e-11
gpt4o_mini,dd_31129,T3,1.7832472907757436e-11,6.914400106913726e-13,9.261956459224404e-12,1.7141032897066065e-11
gpt4o_mini,dd_31129,T5,5.789356328674049e-12,6.914400106889616e-13,3.2403981696815053e-12,5.097916317985087e-12
gpt4o_mini,dd_31129,T6,9.545034922715929e-12,4.193795658346511e-13,4.98220724427529e-12,9.125655356881278e-12
gpt4o_mini,dd_32872,T1,0.003172683063938781,0.9399133528606513,0.47154301796229503,0.9367406697967124
gpt4o_mini,dd_32872,T3,0.1824255253872916,0.9890130576650429,0.5857192915261672,0.8065875322777513
gpt4o_mini,dd_32872,T5,0.003172683065204085,0.6224593317998216,0.31281600743251287,0.6192866487346175
gpt4o_mini,dd_32872,T6,0.022977370397029552,0.6224593338817576,0.32271835213939354,0.599481963484728
gpt4o_mini,dd_33618,T1,4.599055376524274e-10,2.2897348455647862e-11,2.4140144305403764e-10,4.3700818919677953e-10
gpt4o_mini,dd_33618,T3,1.9171715133860344e-10,1.2256067443893e-11,1.0198660939124822e-10,1.7946108389471043e-10
gpt4o_mini,dd_33618,T5,7.991959892273805e-11,8.878265478392886e-13,4.040371273528867e-11,7.903177237489876e-11
gpt4o_mini,dd_33618,T6,4.5990553764729796e-10,1.879528816524612e-12,2.3089253323191128e-10,4.5802600883077336e-10
gpt4o_mini,dd_34148,T1,0.18242551468635504,0.9999417087232204,0.5911836117047877,0.8175161940368654
gpt4o_mini,dd_34148,T3,0.9399133454553464,0.14804720334978472,0.5439802744025656,0.7918661421055617
gpt4o_mini,dd_34148,T5,0.14804720361423152,0.9399133457345903,0.5439802746744109,0.7918661421203588
gpt4o_mini,dd_34148,T6,0.00015843624683673042,0.010986943574247874,0.005572689910542303,0.010828507327411143
gpt4o_mini,dd_34460,T1,5.109089028031363e-12,1.361526108084651e-13,2.622620819419914e-12,4.972936417222898e-12
gpt4o_mini,dd_34460,T3,9.545034922739917e-12,9.357622968821539e-14,4.819305576214067e-12,9.451458693051701e-12
gpt4o_mini,dd_34460,T5,5.7893563286904956e-12,7.287724095810748e-14,2.9311167848243016e-12,5.716479087732388e-12
gpt4o_mini,dd_34460,T6,7.433680672286009e-12,7.287724095790028e-14,3.753278956621955e-12,7.360803431328108e-12
gpt4o_mini,dd_35732,T1,2.4133627718164776e-12,1.9810087980406682e-13,1.3057318258102723e-12,2.2152618920124107e-12
gpt4o_mini,dd_35732,T3,1.2256067443931334e-11,2.8823507934345716e-13,6.272151261637396e-12,1.1967832364587877e-11
gpt4o_mini,dd_35732,T5,9.545034922668998e-12,2.543665647370076e-13,4.899700743703003e-12,9.29066835793199e-12
gpt4o_mini,dd_35732,T6,5.7893563286675575e-12,2.2447770550134725e-13,3.0069170170844524e-12,5.56487862316621e-12
gpt4o_mini,dd_36819,T1,3.2241866332916144e-08,9.610239927244822e-05,4.8067320569390564e-05,9.60701574061153e-05
gpt4o_mini,dd_36819,T3,4.363462233890377e-09,6.475946147584748e-07,3.259790384961826e-07,6.432311525245844e-07
gpt4o_mini,dd_36819,T5,5.3157849718215495e-08,4.785094849523907e-06,2.4191263496210615e-06,4.731936999805691e-06
gpt4o_mini,dd_36819,T6,6.144172127214135e-06,0.0005527785822855638,0.00027946137720638895,0.0005466344101583497
gpt4o_mini,dd_37249,T1,2.9023122007574253e-06,0.0019267345552459003,0.0009648184337233288,0.001923832243045143
gpt4o_mini,dd_37249,T3,3.726639116551164e-06,0.0003353501326417005,0.00016953838587912583,0.00033162349352514937
gpt4o_mini,dd_37249,T5,1.7603431343153206e-06,7.484619711946061e-05,3.830327012688797e-05,7.308585398514529e-05
gpt4o_mini,dd_37249,T6,8.315279903638847e-07,7.734422805701367e-08,4.544361092104492e-07,7.54183762306871e-07
gpt4o_mini,dd_37490,T1,0.9999999999996734,0.9999999999925664,0.9999999999961199,7.106981669835477e-12
gpt4o_mini,dd_37490,T3,0.9999999999997118,0.9999999999991123,0.999999999999412,5.995204332975845e-13
gpt4o_mini,dd_37490,T5,0.9999999999999174,0.9999999999842628,0.9999999999920901,1.5654588736424557e-11
gpt4o_mini,dd_37490,T6,0.9999999950555496,0.99999998813888,0.9999999915972149,6.9166695704225845e-09
gpt4o_mini,dd_38533,T1,0.00015843624680124331,0.997527377041031,0.4988429066439161,0.9973689407942298
gpt4o_mini,dd_38533,T3,1.8553915987472057e-07,0.924141824256573,0.46207100489786646,0.9241416387174131
gpt4o_mini,dd_38533,T5,4.785094849755576e-06,0.9975273770407601,0.49876608106780496,0.9975225919459103
gpt4o_mini,dd_38533,T6,1.4449803170650916e-07,8.764249147960303e-08,1.160702615930561e-07,5.6855540226906126e-08
gpt4o_mini,dd_39199,T1,0.9999952149051509,0.9999999907625504,0.9999976028338506,4.775857399552663e-06
gpt4o_mini,dd_39199,T3,0.9997388096734701,0.9999999677581336,0.9998693887158019,0.0002611580846635375
gpt4o_mini,dd_39199,T5,0.999999974890009,0.999999974890009,0.999999974890009,0.0
gpt4o_mini,dd_39199,T6,0.9999785550602344,0.9999952149051502,0.9999868849826923,1.6659844915833943e-05
gpt4o_mini,dd_42860,T1,3.850741907935013e-09,1.1399918530405707e-12,1.925940949894027e-09,3.849601916081973e-09
gpt4o_mini,dd_42860,T3,1.6918979223273765e-10,1.9810087980456556e-13,8.469394655627111e-11,1.6899169135293308e-10
gpt4o_mini,dd_42860,T5,3.3982678079404593e-09,1.2917800047802176e-12,1.6997797939726197e-09,3.3969760279356793e-09
gpt4o_mini,dd_42860,T6,5.6027964061135035e-09,1.4637785141178916e-12,2.8021300923138106e-09,5.601332627599386e-09
gpt4o_mini,dd_44063,T1,0.014063628890886082,2.5109990926821854e-08,0.007031827000438504,0.014063603780895155
gpt4o_mini,dd_44063,T3,0.017986209333497646,8.764249148148186e-08,0.008993148487994564,0.017986121691006163
gpt4o_mini,dd_44063,T5,8.764249148173754e-08,4.5990553765291777e-10,4.405119850969523e-08,8.718258594408462e-08
gpt4o_mini,dd_44063,T6,0.003172683065454653,2.5109990926273632e-08,0.0015863540877227896,0.0031726579554637265
gpt4o_mini,dd_44380,T1,0.9999999999915765,0.999999999987744,0.9999999999896603,3.83248988100604e-12
gpt4o_mini,dd_44380,T3,0.9999999999981204,0.9999999999934397,0.99999999999578,4.68070027181966e-12
gpt4o_mini,dd_44380,T5,0.9999999999975866,0.9999999999942106,0.9999999999958986,3.375966173280176e-12
gpt4o_mini,dd_44380,T6,0.999999996149258,0.9999999979388463,0.9999999970440522,1.7895882553631282e-09
gpt4o_mini,dd_45938,T1,1.1399918530345718e-12,5.675685232622904e-14,5.983743526804004e-13,1.0832350007083427e-12
gpt4o_mini,dd_45938,T3,1.0060392792777617e-12,3.900837610173187e-14,5.225238276897468e-13,9.6703090317603e-13
gpt4o_mini,dd_45938,T5,3.978962535805544e-12,3.442477108457678e-14,2.00669365344506e-12,3.944537764720967e-12
gpt4o_mini,dd_45938,T6,2.413362771813401e-12,8.258073285529514e-14,1.247971752334348e-12,2.330782038958106e-12
gpt4o_mini,dd_46859,T1,3.511422113351852e-12,8.258073285544451e-14,1.7970014231036482e-12,3.4288413804964073e-12
gpt4o_mini,dd_46859,T3,2.7346982915735146e-12,4.4202281036302284e-14,1.3894502863049085e-12,2.6904960105372123e-12
gpt4o_mini,dd_46859,T5,6.560200168090413e-12,1.0603575991496934e-13,3.333117964002691e-12,6.454164408175444e-12
gpt4o_mini,dd_46859,T6,3.978962535791808e-12,6.914400106911031e-13,2.3352012732414555e-12,3.2875225251007048e-12
gpt4o_mini,dd_47886,T1,0.43782349623638267,0.9999962733608836,0.7189098847986332,0.5621727771245009
gpt4o_mini,dd_47886,T3,0.001926734328706714,0.32082130428315725,0.16137401930593198,0.31889456995445054
gpt4o_mini,dd_47886,T5,0.2227001419641735,0.4378235010433068,0.33026182150374017,0.2151233590791333
gpt4o_mini,dd_47886,T6,0.9046505423537607,0.96267311214335,0.9336618272485554,0.05802256978958931
gpt4o_mini,dd_5570,T1,0.9999999999978701,0.9999999999925664,0.9999999999952183,5.303757433239298e-12
gpt4o_mini,dd_5570,T3,0.9999999999993086,0.9999999999622486,0.9999999999807786,3.70599106958025e-11
gpt4o_mini,dd_5570,T5,0.9999999999997118,0.9999999999821676,0.9999999999909397,1.7544188324336574e-11
gpt4o_mini,dd_5570,T6,0.9999999999821676,0.9999999999842628,0.9999999999832152,2.0952128920725954e-12
gpt4o_mini,dd_6488,T1,3.7751345441294375e-11,1.981008798041578e-13,1.8974723160549265e-11,3.755324456149022e-11
gpt4o_mini,dd_6488,T3,9.736200303522575e-10,3.266131342767234e-13,4.869733217432671e-10,9.732934172179807e-10
gpt4o_mini,dd_6488,T5,1.3176514268339974e-10,2.543665647367256e-13,6.600975462406824e-11,1.3151077611866302e-10
gpt4o_mini,dd_6488,T6,2.1724399346034642e-10,1.4637785141171092e-12,1.0935388598723177e-10,2.157802149462293e-10
gpt4o_mini,dd_6826,T1,0.9999921107349498,0.999983298584887,0.9999877046599184,8.812150062764701e-06
gpt4o_mini,dd_6826,T3,0.9999921107349492,0.9999785550602311,0.9999853328975902,1.3555674718057631e-05
gpt4o_mini,dd_6826,T5,0.9999998874648162,0.9999898700118932,0.9999948787383547,1.0017452922950199e-05
gpt4o_mini,dd_6826,T6,0.1480471987460497,0.2689414121963536,0.20849430547120165,0.12089421345030388
gpt4o_mini,dd_6868,T1,5.043472052240674e-07,0.0003353500541060783,0.00016792720065565117,0.0003348457069008542
gpt4o_mini,dd_6868,T3,2.1444939768948766e-05,0.0009110514013396315,0.00046624817055429015,0.0008896064615706828
gpt4o_mini,dd_6868,T5,8.764249148165261e-08,0.00015843624682917564,7.926194466032865e-05,0.00015834860433769398
gpt4o_mini,dd_6868,T6,2.510999092662041e-08,9.931195247762579e-08,6.221097170212311e-08,7.420196155100538e-08
gpt4o_mini,dd_7687,T1,0.9999999999915765,0.9999999943972036,0.99999999719439,5.594372964878858e-09
gpt4o_mini,dd_7687,T3,0.9999999999978701,0.9999999979388463,0.9999999989683582,2.059023840317309e-09
gpt4o_mini,dd_7687,T5,0.9999999999998019,0.9999999997210531,0.9999999998604275,2.7874880181855133e-10
gpt4o_mini,dd_7687,T6,0.9999999973534264,0.9999999123575085,0.9999999548554674,8.499591785948724e-08
gpt4o_mini,dd_8580,T1,0.0011695103432922192,0.880797067382994,0.44098328886314314,0.8796275570397017
gpt4o_mini,dd_8580,T3,1.067703076714401e-06,0.0019267343288411687,0.0009639010159589416,0.0019256666257644543
gpt4o_mini,dd_8580,T5,1.6701415113829275e-05,0.060086654502660576,0.0300516779588872,0.06006995308754675
gpt4o_mini,dd_8580,T6,6.47594614762599e-07,0.0019267343283123923,0.0009636909614635775,0.0019260867336976296
gpt4o_mini,dd_9595,T1,0.9859363726919214,0.6791787063823986,0.83255753953716,0.3067576663095227
gpt4o_mini,dd_9595,T3,0.9999646437424756,0.9525741302938708,0.9762693870181732,0.04739051344860479
gpt4o_mini,dd_9595,T5,0.9626731118592914,0.904650540964206,0.9336618264117487,0.058022570895085335
gpt4o_mini,dd_9595,T6,0.22270012777990786,0.7772998565158051,0.4999999921478565,0.5545997287358972
gpt4o_mini,dd_9899,T1,0.9988304895184983,0.9980732656712218,0.9984518775948601,0.0007572238472765003
gpt4o_mini,dd_9899,T3,0.0373268838240462,0.999978555060231,0.5186527194421386,0.9626516712361848
gpt4o_mini,dd_9899,T5,0.9999989322969233,0.9999997617630155,0.9999993470299694,8.294660922558705e-07
gpt4o_mini,dd_9899,T6,0.00247262295887747,0.8519527964850292,0.42721270972195335,0.8494801735261517
gpt4o_mini,dd_9955,T1,0.002472622663224881,0.037326890259276234,0.019899756461250556,0.034854267596051355
gpt4o_mini,dd_9955,T3,0.010986943406366046,0.14804719974101413,0.07951707157369009,0.13706025633464808
gpt4o_mini,dd_9955,T5,0.010986941032422332,0.1824255230045991,0.09670623201851072,0.17143858197217676
gpt4o_mini,dd_9955,T6,3.535625752553907e-05,0.00012339452445694345,7.937539099124126e-05,8.803826693140439e-05
gpt4o_mini,mc_C_034,T1,0.9999999999998639,0.9999999999992164,0.9999999999995401,6.474820679613913e-13
gpt4o_mini,mc_C_034,T3,0.9999999999999174,0.9999999999991123,0.9999999999995148,8.051337374581635e-13
gpt4o_mini,mc_C_034,T5,0.9999999999999558,0.9999999999997755,0.9999999999998657,1.8030021919912542e-13
gpt4o_mini,mc_C_034,T6,0.9999999999998639,0.9999999999972653,0.9999999999985646,2.5985880114376414e-12
gpt4o_mini,mc_C_1095,T1,0.9999999999999558,0.9999999999996299,0.9999999999997928,3.2596148002994596e-13
gpt4o_mini,mc_C_1095,T3,0.9999999999999696,0.9999999999997118,0.9999999999998407,2.5779378631796135e-13
gpt4o_mini,mc_C_1095,T5,0.9999999999999558,0.9999999999972653,0.9999999999986106,2.6905144778766044e-12
gpt4o_mini,mc_C_1095,T6,0.9999999999981204,0.9999999999622486,0.9999999999801845,3.587175001484866e-11
gpt4o_mini,mc_C_1216,T1,0.9999999999999272,0.9999999999996299,0.9999999999997785,2.973177259946169e-13
gpt4o_mini,mc_C_1216,T3,0.9999999999999272,0.9999999999997455,0.9999999999998364,1.816324868286756e-13
gpt4o_mini,mc_C_1216,T5,0.9999999999999498,0.9999999999989939,0.9999999999994719,9.559020242022598e-13
gpt4o_mini,mc_C_1216,T6,0.9999999999998639,0.9999999999983413,0.9999999999991026,1.5225598559709397e-12
gpt4o_mini,mc_C_183,T1,0.9999999999999356,0.9999999999954912,0.9999999999977134,4.444444812179427e-12
gpt4o_mini,mc_C_183,T3,0.9999999999999272,0.9999999999985363,0.9999999999992317,1.3908874052503961e-12
gpt4o_mini,mc_C_183,T5,0.9999999999999174,0.9999999999989939,0.9999999999994557,9.234835118832052e-13
gpt4o_mini,mc_C_183,T6,0.9999999999997118,0.9999999999934397,0.9999999999965757,6.272093955317359e-12
gpt4o_mini,mc_C_291,T1,0.9999999999999762,0.9999999999997118,0.999999999999844,2.644551244657123e-13
gpt4o_mini,mc_C_291,T3,0.9999999999999731,0.9999999999997118,0.9999999999998425,2.6134649999676185e-13
gpt4o_mini,mc_C_291,T5,0.9999999999999356,0.9999999999996734,0.9999999999998045,2.62234678416462e-13
gpt4o_mini,mc_C_291,T6,0.9999999999998253,0.9999999999997118,0.9999999999997685,1.13464793116691e-13
gpt4o_mini,mc_C_467,T1,0.9999999999999791,0.99999999999886,0.9999999999994196,1.1191048088221578e-12
gpt4o_mini,mc_C_467,T3,0.9999999999999272,0.9999999999992164,0.9999999999995718,7.107647803650252e-13
gpt4o_mini,mc_C_467,T5,0.9999999999999656,0.9999999999997118,0.9999999999998387,2.537969834293108e-13
gpt4o_mini,mc_C_467,T6,0.9999999999999065,0.9999999995400946,0.9999999997700005,4.5981196628019916e-10
gpt4o_mini,mc_C_527,T1,0.9999999999999432,0.9999999999987081,0.9999999999993257,1.2350120925930241e-12
gpt4o_mini,mc_C_527,T3,0.9999999999999065,0.9999999999969011,0.9999999999984038,3.0053737276602988e-12
gpt4o_mini,mc_C_527,T5,0.9999999999999498,0.9999999999969011,0.9999999999984255,3.04867242562068e-12
gpt4o_mini,mc_C_527,T6,0.9999999999998639,0.9999999999622486,0.9999999999810563,3.7615244252720004e-11
gpt4o_mini,mc_C_675,T1,0.9999999999999356,0.9999999999993898,0.9999999999996627,5.45785638905727e-13
gpt4o_mini,mc_C_675,T3,0.9999999999999816,0.9999999999993898,0.9999999999996857,5.917488721252084e-13
gpt4o_mini,mc_C_675,T5,0.9999999999999272,0.9999999999993898,0.9999999999996585,5.373479439185758e-13
gpt4o_mini,mc_C_675,T6,0.9999999999993898,0.9999999999842628,0.9999999999918263,1.5127010755122683e-11
gpt4o_mini,mc_C_772,T1,0.9999999999998457,0.9999999999995806,0.9999999999997131,2.651212582804874e-13
gpt4o_mini,mc_C_772,T3,0.9999999999999656,0.9999999999994615,0.9999999999997136,5.040412531798211e-13
gpt4o_mini,mc_C_772,T5,0.9999999999999498,0.99999999999886,0.9999999999994049,1.0897949209720537e-12
gpt4o_mini,mc_C_772,T6,0.9999999999998799,0.9999999999954912,0.9999999999976855,4.388711616343244e-12
gpt4o_mini,mc_C_941,T1,0.9999999999999762,0.9999999999998253,0.9999999999999007,1.509903313490213e-13
gpt4o_mini,mc_C_941,T3,0.9999999999999656,0.9999999999985363,0.9999999999992509,1.4293011219024265e-12
gpt4o_mini,mc_C_941,T5,0.9999999999999656,0.9999999999997755,0.9999999999998705,1.900701818158268e-13
gpt4o_mini,mc_C_941,T6,0.9975273770402585,0.9999999999450722,0.9987636884926654,0.0024726229048136483
gpt4o_mini,mc_G_005,T1,0.9999999999572222,0.9999999994094697,0.999999999683346,5.477525100161529e-10
gpt4o_mini,mc_G_005,T3,0.9999999999915765,0.9999999997210531,0.9999999998563148,2.7052338147370847e-10
gpt4o_mini,mc_G_005,T5,0.9999999999995806,0.999999999979793,0.9999999999896868,1.9787504967894165e-11
gpt4o_mini,mc_G_005,T6,0.18242551656466616,0.9999921107349488,0.5912088136498075,0.8175665941702825
gpt4o_mini,mc_G_037,T1,0.9999999586006244,0.9999921107349488,0.9999960346677865,7.847865675647547e-06
gpt4o_mini,mc_G_037,T3,0.9947798743177698,0.9999546021442534,0.9973672382310116,0.005174727826483538
gpt4o_mini,mc_G_037,T5,0.9999999996418252,0.9999991684720096,0.9999995840569174,8.311698155294422e-07
gpt4o_mini,mc_G_037,T6,0.9999999634651793,0.9999938558278723,0.9999969096465258,6.10763730701791e-06
gpt4o_mini,mc_G_064,T1,1.2917800047777132e-12,3.7010116785782293e-13,8.309405863177681e-13,9.216788369198902e-13
gpt4o_mini,mc_G_064,T3,7.835041785041502e-13,1.201542573175256e-13,4.518292179108379e-13,6.633499211866245e-13
gpt4o_mini,mc_G_064,T5,2.413362771817756e-12,8.258073285545651e-14,1.2479717523366063e-12,2.3307820389622993e-12
gpt4o_mini,mc_G_064,T6,1.2917800047818923e-12,1.7482341282670086e-13,7.333017088042966e-13,1.1169565919551915e-12
gpt4o_mini,mc_G_086,T1,0.9999999999964886,0.9999999973534264,0.9999999986749575,2.6430622135364956e-09
gpt4o_mini,mc_G_086,T3,0.9999999999821676,0.9999999907625504,0.9999999953723591,9.219617180811213e-09
gpt4o_mini,mc_G_086,T5,0.9999999999991123,0.99999998813888,0.9999999940689961,1.186023224075683e-08
gpt4o_mini,mc_G_086,T6,0.9999999999450722,0.9999999123575085,0.9999999561512903,8.75875636463519e-08
gpt4o_mini,mc_G_112,T1,1.3007124774644802e-05,4.785094849135857e-06,8.896109811890329e-06,8.222029925508945e-06
gpt4o_mini,mc_G_112,T3,0.9999938558278726,0.9890130576453208,0.9945034567365967,0.01098079818255182
gpt4o_mini,mc_G_112,T5,2.2603252742000257e-06,0.00043055711787008086,0.00021640872157214044,0.00042829679259588085
gpt4o_mini,mc_G_112,T6,9.237449576626597e-09,4.36346223386127e-09,6.800455905243934e-09,4.873987342765327e-09
gpt4o_mini,mc_G_135,T1,0.9999999994788586,0.9999999979388463,0.9999999987088525,1.5400123398734422e-09
gpt4o_mini,mc_G_135,T3,0.9999999999915765,0.9999999979388463,0.9999999989652114,2.052730208035314e-09
gpt4o_mini,mc_G_135,T5,0.9999998874648162,0.9999993524053853,0.9999996199351007,5.350594308728418e-07
gpt4o_mini,mc_G_135,T6,0.9999921107349534,0.9999998555019682,0.9999959831184608,7.744767014816745e-06
gpt4o_mini,mc_G_156,T1,1.3888001859641008e-11,2.510999097538047e-08,1.2561939488620055e-08,2.509610297352083e-08
gpt4o_mini,mc_G_156,T3,1.08160147505032e-11,2.64657362691878e-09,1.3286948208346416e-09,2.635757612168277e-09
gpt4o_mini,mc_G_156,T5,2.8821389719269064e-13,1.493094536897388e-10,7.479883379346575e-11,1.490212397925461e-10
gpt4o_mini,mc_G_156,T6,2.1724400056655213e-10,4.363462258183404e-09,2.290353129374978e-09,4.146218257616852e-09
gpt4o_mini,mc_G_179,T1,8.260059303211165e-14,1.87960758069039e-12,9.811040868612508e-13,1.7970069876582784e-12
gpt4o_mini,mc_G_179,T3,8.260059303211165e-14,1.1399770016851107e-12,6.112887973586112e-13,1.057376408652999e-12
gpt4o_mini,mc_G_179,T5,1.0613732115416497e-13,1.6586731987899839e-12,8.824052599720744e-13,1.552535877635819e-12
gpt4o_mini,mc_G_179,T6,2.2448709557920665e-13,1.2918555114538322e-12,7.581713035165194e-13,1.0673684158746255e-12
gpt4o_mini,mc_G_186,T1,1.2501528648219753e-09,7.582560422041126e-10,1.004204453513044e-09,4.918968226178628e-10
gpt4o_mini,mc_G_186,T3,4.944450477469765e-09,4.1399375473399166e-08,2.3171912975434466e-08,3.64549249959294e-08
gpt4o_mini,mc_G_186,T5,4.058652124822308e-10,2.2159489281657977e-08,1.1282677247070104e-08,2.1753624069175745e-08
gpt4o_mini,mc_G_186,T6,2.6465736318947984e-09,4.944450477323978e-09,3.795512054609388e-09,2.29787684542918e-09
gpt4o_mini,mc_G_235,T1,0.999999999868235,0.9999999907625504,0.9999999953153926,9.105684539711945e-09
gpt4o_mini,mc_G_235,T3,0.9999999999991123,0.999999999782756,0.9999999998909341,2.1635626623606186e-10
gpt4o_mini,mc_G_235,T5,0.999999999996021,0.9999999979388463,0.9999999989674336,2.0571746528474932e-09
gpt4o_mini,mc_G_235,T6,0.9999999990263799,0.9994472214174446,0.9997236102219123,0.0005527776089353509
gpt4o_mini,mc_G_236,T1,0.9997965729390166,0.9999970976877993,0.9998968353134079,0.00020052474878273774
gpt4o_mini,mc_G_236,T3,0.22270013983215942,0.9706877720219464,0.596693955927053,0.747987632189787
gpt4o_mini,mc_G_236,T5,0.9992903296590092,0.9999952149051503,0.9996427722820798,0.0007048852461410959
gpt4o_mini,mc_G_236,T6,0.9999986290433449,0.999796572939106,0.9998976009912255,0.0002020561042389568
gpt4o_mini,mc_G_288,T1,0.9999999992417439,0.999964643742473,0.9999823214921084,3.535549927091708e-05
gpt4o_mini,mc_G_288,T3,0.9999999966017321,0.999999694097641,0.9999998453496866,3.025040911097676e-07
gpt4o_mini,mc_G_288,T5,0.9999999999771028,0.9999999907625504,0.9999999953698266,9.214552343372873e-09
gpt4o_mini,mc_G_288,T6,0.9999999827421723,0.9997965729390514,0.9998982778406118,0.00020340980312083534
gpt4o_mini,mc_G_302,T1,9.237449576617826e-09,5.905303995428827e-10,4.913989988080354e-09,8.646919177074943e-09
gpt4o_mini,mc_G_302,T3,1.4166087846314414e-09,1.7832472907763882e-11,7.172206287696026e-10,1.3987763117236776e-09
gpt4o_mini,mc_G_302,T5,1.1253518384301778e-07,5.211412485153805e-10,5.652816254576658e-08,1.120140425945024e-07
gpt4o_mini,mc_G_302,T6,7.194132978554048e-09,5.492788350627363e-11,3.624530431030161e-09,7.139205095047774e-09
gpt4o_mini,mc_G_365,T1,0.9999999999985363,0.9999999999515263,0.9999999999750313,4.700995148709808e-11
gpt4o_mini,mc_G_365,T3,0.999999999994891,0.9999999998506905,0.9999999999227908,1.4420042937501876e-10
gpt4o_mini,mc_G_365,T5,0.9999999999989939,0.9999999999925664,0.9999999999957802,6.427525178764881e-12
gpt4o_mini,mc_G_365,T6,0.3208213069716396,0.7772998518267117,0.5490605793991756,0.4564785448550721
gpt4o_mini,mc_G_373,T1,3.581747928997051e-10,1.463778514119713e-12,1.798192857069124e-10,3.567110143855854e-10
gpt4o_mini,mc_G_373,T3,4.847368706030929e-11,5.384940217737977e-13,2.4506090541041545e-11,4.793519303853549e-11
gpt4o_mini,mc_G_373,T5,6.224144622505213e-11,3.266131342777371e-13,3.128402967966493e-11,6.19148330907744e-11
gpt4o_mini,mc_G_373,T6,1.605228052599532e-09,3.098819138701235e-12,8.041634358691166e-10,1.6021292334608306e-09
gpt4o_mini,mc_G_385,T1,0.8807970898545906,0.9999038976006996,0.9403504937276451,0.11910680774610904
gpt4o_mini,mc_G_385,T3,0.9626731164832709,0.9980732656709725,0.9803731910771217,0.035400149187701624
gpt4o_mini,mc_G_385,T5,0.9770226293982047,0.9994472214174738,0.9882349254078393,0.022424592019269052
gpt4o_mini,mc_G_385,T6,0.9399133459708037,0.037326888093961286,0.4886201170323825,0.9025864578768423
gpt4o_mini,mc_G_397,T1,3.098854506333737e-12,2.1724400056655213e-10,1.1017142753644293e-10,2.141451460602184e-10
gpt4o_mini,mc_G_397,T3,6.10178574333986e-13,1.317650433207973e-10,6.618761094756564e-11,1.3115486474646332e-10
gpt4o_mini,mc_G_397,T5,3.098854506333737e-12,2.7894686560614446e-10,1.410228600562391e-10,2.758480110998107e-10
gpt4o_mini,mc_G_397,T6,6.56030785251005e-12,1.317650433207973e-10,6.916267558665368e-11,1.2520473546828725e-10
gpt4o_mini,mc_G_431,T1,0.9999999999978701,0.9999999999975866,0.9999999999977284,2.83550960489265e-13
gpt4o_mini,mc_G_431,T3,0.9999999999993898,0.9999999999987081,0.999999999999049,6.816769371198461e-13
gpt4o_mini,mc_G_431,T5,0.9999999999981204,0.9999999999934397,0.99999999999578,4.68070027181966e-12
gpt4o_mini,mc_G_431,T6,0.9999999970010391,0.999999999782756,0.9999999983918976,2.781716856858907e-09
gpt4o_mini,mc_G_453,T1,0.0007096703409974975,0.029312227853899947,0.015010949097448722,0.02860255751290245
gpt4o_mini,mc_G_453,T3,0.9626731120106006,0.9999977396747258,0.9813354258426632,0.037324627664125254
gpt4o_mini,mc_G_453,T5,2.1444939769285503e-05,1.6701415113641013e-05,1.9073177441463258e-05,4.743524655644489e-06
gpt4o_mini,mc_G_453,T6,2.7535689845069546e-05,8.315279903605311e-07,1.4183608917715039e-05,2.6704161854709015e-05
gpt4o_mini,mc_G_492,T1,0.9999999997210531,0.9999999586006244,0.9999999791608387,4.112042872872479e-08
gpt4o_mini,mc_G_492,T3,0.9999999999991123,0.999999998394772,0.9999999991969422,1.6043402162324583e-09
gpt4o_mini,mc_G_492,T5,0.9999832985848938,0.9999998874648162,0.999991593024855,1.658887992239677e-05
gpt4o_mini,mc_G_492,T6,0.9820137862031189,0.9999994956527948,0.9910066409279568,0.017985709449675924
gpt4o_mini,mc_G_572,T1,0.9999999998308102,0.9999998144608401,0.9999999071458252,1.8536997015150547e-07
gpt4o_mini,mc_G_572,T3,0.99999960721363,0.99999960721363,0.99999960721363,0.0
gpt4o_mini,mc_G_572,T5,0.9999999993308415,0.9999993524053853,0.9999996758681133,6.469254562047055e-07
gpt4o_mini,mc_G_572,T6,0.999999996149258,0.9990889485985088,0.9995444723738834,0.0009110475507492222
gpt4o_mini,mc_G_595,T1,0.9999999981810384,0.9999999804443193,0.9999999893126787,1.7736719093441877e-08
gpt4o_mini,mc_G_595,T3,0.9999999999515263,0.9999999973534264,0.9999999986524764,2.598099957396016e-09
gpt4o_mini,mc_G_595,T5,0.999999999683912,0.9999999928058669,0.9999999962448894,6.878045022418178e-09
gpt4o_mini,mc_G_595,T6,0.9999952149051505,0.9999962733608834,0.999995744133017,1.0584557328385813e-06
gpt4o_mini,mc_G_601,T1,0.9706877724632055,0.0015011820258964415,0.48609447724455096,0.969186590437309
gpt4o_mini,mc_G_601,T3,0.8175744820162865,9.61023992995802e-05,0.408835292207793,0.8174783796169869
gpt4o_mini,mc_G_601,T5,0.8175744772666226,0.03732688796254091,0.42745068261458175,0.7802475893040817
gpt4o_mini,mc_G_601,T6,0.5621765024261838,0.002472622958877402,0.2823245626925306,0.5597038794673064
gpt4o_mini,mc_H_035,T1,2.789468092086728e-10,2.4133627718205335e-12,1.4068008599024667e-10,2.765334464368523e-10
gpt4o_mini,mc_H_035,T3,4.599055376532463e-10,1.2917800047802509e-12,2.3059865882901328e-10,4.5861375764846607e-10
gpt4o_mini,mc_H_035,T5,2.172439934604816e-10,1.2917800047814553e-12,1.0926788673263152e-10,2.1595221345570013e-10
gpt4o_mini,mc_H_035,T6,7.582560422135578e-10,6.348800075657844e-09,3.553528058935701e-09,5.5905440334442866e-09
gpt4o_mini,mc_H_044,T1,0.0004305571176543843,0.000709670340982238,0.0005701137293183112,0.0002791132233278537
gpt4o_mini,mc_H_044,T3,8.315279903525763e-07,0.0040701377684247975,0.002035484648207575,0.004069306240434445
gpt4o_mini,mc_H_044,T5,0.006692851403843791,0.0015011820259445141,0.004097016714894153,0.005191669377899277
gpt4o_mini,mc_H_044,T6,0.0009110514005041814,0.017986211524063878,0.00944863146228403,0.017075160123559696
gpt4o_mini,mc_H_049,T1,0.999999694097641,0.9999977396747258,0.9999987168861835,1.9544229151735593e-06
gpt4o_mini,mc_H_049,T3,0.9999938558278725,0.9999993524053853,0.9999966041166288,5.4965775128090755e-06
gpt4o_mini,mc_H_049,T5,0.9999921107349494,0.9998415637531581,0.9999168372440538,0.00015054698179128856
gpt4o_mini,mc_H_049,T6,0.9990889485994723,0.9859363727507239,0.992512660675098,0.013152575848748405
gpt4o_mini,mc_H_060,T1,0.029312227867895894,0.9999982396568657,0.5146552337623809,0.9706860117889698
gpt4o_mini,mc_H_060,T3,0.26894142098037693,0.9999962733608835,0.6344688471706302,0.7310548523805065
gpt4o_mini,mc_H_060,T5,0.00407013776775082,0.9996646499458381,0.5018673938567945,0.9955945121780874
gpt4o_mini,mc_H_060,T6,0.0003353500541649597,0.9890130563507548,0.49467420320245986,0.9886777062965898
gpt4o_mini,mc_H_066,T1,9.056076988827977e-11,1.8795288165309496e-12,4.622014935240536e-11,8.868124107174883e-11
gpt4o_mini,mc_H_066,T3,1.0261879630631807e-10,2.1297851709480667e-12,5.2374290738633064e-11,1.0048901113537e-10
gpt4o_mini,mc_H_066,T5,3.3315445420498946e-11,8.878265478424054e-13,1.7101635984170676e-11,3.242761887265654e-11
gpt4o_mini,mc_H_066,T6,7.99195989226272e-11,6.101936677584846e-13,4.026489629519284e-11,7.930940525486871e-11
gpt4o_mini,mc_H_072,T1,1.6052279505629485e-09,5.602796449011294e-09,3.604012199787121e-09,3.997568498448345e-09
gpt4o_mini,mc_H_072,T3,2.7894686560614446e-10,7.194133067045527e-09,3.736539966325836e-09,6.915186201439383e-09
gpt4o_mini,mc_H_072,T5,0.09534945500709657,2.2603252741726365e-06,0.04767585766618537,0.0953471946818224
gpt4o_mini,mc_H_072,T6,3.331535047834677e-11,9.237449583032742e-09,4.635382466755544e-09,9.204134232554395e-09
gpt4o_mini,mc_H_073,T1,5.492784005411977e-11,5.043472052213005e-07,2.522010665306773e-07,5.042922773812464e-07
gpt4o_mini,mc_H_073,T3,5.492784005411977e-11,1.8553915992480796e-07,9.279704388243104e-08,1.8548423208475384e-07
gpt4o_mini,mc_H_073,T5,3.3982678893096363e-09,0.0052201256874438995,0.0026100645428558944,0.00522012228917601
gpt4o_mini,mc_H_073,T6,3.331535047834677e-11,3.0590235899907725e-07,1.529678371747778e-07,3.058690436485989e-07
