teacher,family_id,variant,order,pass_idx,p_x,n_answer,n_total
claude46,dd_0107,T1,1,0,0.0,10,10
claude46,dd_0107,T1,1,1,0.0,10,10
claude46,dd_0107,T1,2,0,0.0,10,10
claude46,dd_0107,T1,2,1,0.0,10,10
claude46,dd_0107,T2,1,0,0.0,10,10
claude46,dd_0107,T2,1,1,0.0,10,10
claude46,dd_0107,T2,2,0,0.0,10,10
claude46,dd_0107,T2,2,1,0.0,10,10
claude46,dd_0107,T3,1,0,0.0,10,10
claude46,dd_0107,T3,1,1,0.0,10,10
claude46,dd_0107,T3,2,0,0.0,10,10
claude46,dd_0107,T3,2,1,0.0,10,10
claude46,dd_0107,T4,1,0,0.0,10,10
claude46,dd_0107,T4,1,1,0.0,10,10
claude46,dd_0107,T4,2,0,0.0,10,10
claude46,dd_0107,T4,2,1,0.0,10,10
claude46,dd_0283,T1,1,0,0.0,10,10
claude46,dd_0283,T1,1,1,0.0,10,10
claude46,dd_0283,T1,2,0,0.0,10,10
claude46,dd_0283,T1,2,1,0.0,10,10
claude46,dd_0283,T2,1,0,0.0,10,10
claude46,dd_0283,T2,1,1,0.0,10,10
claude46,dd_0283,T2,2,0,0.0,10,10
claude46,dd_0283,T2,2,1,0.0,10,10
claude46,dd_0283,T3,1,0,0.0,10,10
claude46,dd_0283,T3,1,1,0.0,10,10
claude46,dd_0283,T3,2,0,0.0,10,10
claude46,dd_0283,T3,2,1,0.0,10,10
claude46,dd_0283,T4,1,0,0.0,10,10
claude46,dd_0283,T4,1,1,0.0,10,10
claude46,dd_0283,T4,2,0,0.0,10,10
claude46,dd_0283,T4,2,1,0.0,10,10
claude46,dd_11241,T1,1,0,0.0,10,10
claude46,dd_11241,T1,1,1,0.0,10,10
claude46,dd_11241,T1,2,0,0.0,10,10
claude46,dd_11241,T1,2,1,0.0,10,10
claude46,dd_11241,T2,1,0,0.0,10,10
claude46,dd_11241,T2,1,1,0.0,10,10
claude46,dd_11241,T2,2,0,0.0,10,10
claude46,dd_11241,T2,2,1,0.0,10,10
claude46,dd_11241,T3,1,0,0.0,10,10
claude46,dd_11241,T3,1,1,0.0,10,10
claude46,dd_11241,T3,2,0,0.0,10,10
claude46,dd_11241,T3,2,1,0.0,10,10
claude46,dd_11241,T4,1,0,0.0,10,10
claude46,dd_11241,T4,1,1,0.0,10,10
claude46,dd_11241,T4,2,0,0.0,10,10
claude46,dd_11241,T4,2,1,0.0,10,10
claude46,dd_13518,T1,1,0,0.0,10,10
claude46,dd_13518,T1,1,1,0.0,10,10
claude46,dd_13518,T1,2,0,0.0,10,10
claude46,dd_13518,T1,2,1,0.0,10,10
claude46,dd_13518,T2,1,0,0.0,10,10
claude46,dd_13518,T2,1,1,0.0,10,10
claude46,dd_13518,T2,2,0,0.0,10,10
claude46,dd_13518,T2,2,1,0.0,10,10
claude46,dd_13518,T3,1,0,0.0,10,10
claude46,dd_13518,T3,1,1,0.0,10,10
claude46,dd_13518,T3,2,0,0.0,10,10
claude46,dd_13518,T3,2,1,0.0,10,10
claude46,dd_13518,T4,1,0,0.0,10,10
claude46,dd_13518,T4,1,1,0.0,10,10
claude46,dd_13518,T4,2,0,0.0,10,10
claude46,dd_13518,T4,2,1,0.0,10,10
claude46,dd_14408,T1,1,0,1.0,10,10
claude46,dd_14408,T1,1,1,1.0,10,10
claude46,dd_14408,T1,2,0,1.0,10,10
claude46,dd_14408,T1,2,1,1.0,10,10
claude46,dd_14408,T2,1,0,1.0,10,10
claude46,dd_14408,T2,1,1,1.0,10,10
claude46,dd_14408,T2,2,0,1.0,10,10
claude46,dd_14408,T2,2,1,1.0,10,10
claude46,dd_14408,T3,1,0,1.0,10,10
claude46,dd_14408,T3,1,1,1.0,10,10
claude46,dd_14408,T3,2,0,1.0,10,10
claude46,dd_14408,T3,2,1,1.0,10,10
claude46,dd_14408,T4,1,0,1.0,10,10
claude46,dd_14408,T4,1,1,1.0,10,10
claude46,dd_14408,T4,2,0,1.0,10,10
claude46,dd_14408,T4,2,1,1.0,10,10
claude46,dd_14818,T1,1,0,1.0,10,10
claude46,dd_14818,T1,1,1,1.0,10,10
claude46,dd_14818,T1,2,0,1.0,10,10
claude46,dd_14818,T1,2,1,1.0,10,10
claude46,dd_14818,T2,1,0,1.0,10,10
claude46,dd_14818,T2,1,1,1.0,10,10
claude46,dd_14818,T2,2,0,1.0,10,10
claude46,dd_14818,T2,2,1,1.0,10,10
claude46,dd_14818,T3,1,0,1.0,10,10
claude46,dd_14818,T3,1,1,1.0,10,10
claude46,dd_14818,T3,2,0,1.0,10,10
claude46,dd_14818,T3,2,1,1.0,10,10
claude46,dd_14818,T4,1,0,1.0,10,10
claude46,dd_14818,T4,1,1,1.0,10,10
claude46,dd_14818,T4,2,0,1.0,10,10
claude46,dd_14818,T4,2,1,1.0,10,10
claude46,dd_15810,T1,1,0,1.0,10,10
claude46,dd_15810,T1,1,1,1.0,10,10
claude46,dd_15810,T1,2,0,1.0,10,10
claude46,dd_15810,T1,2,1,1.0,10,10
claude46,dd_15810,T2,1,0,1.0,10,10
claude46,dd_15810,T2,1,1,1.0,10,10
claude46,dd_15810,T2,2,0,1.0,10,10
claude46,dd_15810,T2,2,1,1.0,10,10
claude46,dd_15810,T3,1,0,1.0,10,10
claude46,dd_15810,T3,1,1,1.0,10,10
claude46,dd_15810,T3,2,0,1.0,10,10
claude46,dd_15810,T3,2,1,1.0,10,10
claude46,dd_15810,T4,1,0,1.0,10,10
claude46,dd_15810,T4,1,1,1.0,10,10
claude46,dd_15810,T4,2,0,1.0,10,10
claude46,dd_15810,T4,2,1,1.0,10,10
claude46,dd_17929,T1,1,0,0.0,10,10
claude46,dd_17929,T1,1,1,0.0,10,10
claude46,dd_17929,T1,2,0,1.0,10,10
claude46,dd_17929,T1,2,1,1.0,10,10
claude46,dd_17929,T2,1,0,0.0,10,10
claude46,dd_17929,T2,1,1,0.0,10,10
claude46,dd_17929,T2,2,0,1.0,10,10
claude46,dd_17929,T2,2,1,1.0,10,10
claude46,dd_17929,T3,1,0,1.0,10,10
claude46,dd_17929,T3,1,1,1.0,10,10
claude46,dd_17929,T3,2,0,1.0,10,10
claude46,dd_17929,T3,2,1,1.0,10,10
claude46,dd_17929,T4,1,0,0.0,10,10
claude46,dd_17929,T4,1,1,0.0,10,10
claude46,dd_17929,T4,2,0,1.0,10,10
claude46,dd_17929,T4,2,1,1.0,10,10
claude46,dd_1808,T1,1,0,1.0,10,10
claude46,dd_1808,T1,1,1,1.0,10,10
claude46,dd_1808,T1,2,0,1.0,10,10
claude46,dd_1808,T1,2,1,1.0,10,10
claude46,dd_1808,T2,1,0,1.0,10,10
claude46,dd_1808,T2,1,1,1.0,10,10
claude46,dd_1808,T2,2,0,1.0,10,10
claude46,dd_1808,T2,2,1,1.0,10,10
claude46,dd_1808,T3,1,0,1.0,10,10
claude46,dd_1808,T3,1,1,1.0,10,10
claude46,dd_1808,T3,2,0,1.0,10,10
claude46,dd_1808,T3,2,1,1.0,10,10
claude46,dd_1808,T4,1,0,1.0,10,10
claude46,dd_1808,T4,1,1,1.0,10,10
claude46,dd_1808,T4,2,0,1.0,10,10
claude46,dd_1808,T4,2,1,1.0,10,10
claude46,dd_1814,T1,1,0,0.0,10,10
claude46,dd_1814,T1,1,1,0.0,10,10
claude46,dd_1814,T1,2,0,0.0,10,10
claude46,dd_1814,T1,2,1,0.0,10,10
claude46,dd_1814,T2,1,0,0.0,10,10
claude46,dd_1814,T2,1,1,0.0,10,10
claude46,dd_1814,T2,2,0,0.0,10,10
claude46,dd_1814,T2,2,1,0.0,10,10
claude46,dd_1814,T3,1,0,0.0,10,10
claude46,dd_1814,T3,1,1,0.0,10,10
claude46,dd_1814,T3,2,0,0.0,10,10
claude46,dd_1814,T3,2,1,0.0,10,10
claude46,dd_1814,T4,1,0,0.0,10,10
claude46,dd_1814,T4,1,1,0.0,10,10
claude46,dd_1814,T4,2,0,0.0,10,10
claude46,dd_1814,T4,2,1,0.0,10,10
claude46,dd_18223,T1,1,0,1.0,10,10
claude46,dd_18223,T1,1,1,1.0,10,10
claude46,dd_18223,T1,2,0,0.9,10,10
claude46,dd_18223,T1,2,1,0.8,10,10
claude46,dd_18223,T2,1,0,1.0,10,10
claude46,dd_18223,T2,1,1,1.0,10,10
claude46,dd_18223,T2,2,0,1.0,10,10
claude46,dd_18223,T2,2,1,1.0,10,10
claude46,dd_18223,T3,1,0,1.0,10,10
claude46,dd_18223,T3,1,1,1.0,10,10
claude46,dd_18223,T3,2,0,0.0,10,10
claude46,dd_18223,T3,2,1,0.0,10,10
claude46,dd_18223,T4,1,0,1.0,10,10
claude46,dd_18223,T4,1,1,1.0,10,10
claude46,dd_18223,T4,2,0,1.0,10,10
claude46,dd_18223,T4,2,1,1.0,10,10
claude46,dd_18643,T1,1,0,1.0,10,10
claude46,dd_18643,T1,1,1,1.0,10,10
claude46,dd_18643,T1,2,0,1.0,10,10
claude46,dd_18643,T1,2,1,1.0,10,10
claude46,dd_18643,T2,1,0,1.0,10,10
claude46,dd_18643,T2,1,1,1.0,10,10
claude46,dd_18643,T2,2,0,1.0,10,10
claude46,dd_18643,T2,2,1,1.0,10,10
claude46,dd_18643,T3,1,0,1.0,10,10
claude46,dd_18643,T3,1,1,1.0,10,10
claude46,dd_18643,T3,2,0,1.0,10,10
claude46,dd_18643,T3,2,1,1.0,10,10
claude46,dd_18643,T4,1,0,1.0,10,10
claude46,dd_18643,T4,1,1,1.0,10,10
claude46,dd_18643,T4,2,0,1.0,10,10
claude46,dd_18643,T4,2,1,1.0,10,10
claude46,dd_18670,T1,1,0,0.3,10,10
claude46,dd_18670,T1,1,1,0.0,10,10
claude46,dd_18670,T1,2,0,1.0,10,10
claude46,dd_18670,T1,2,1,1.0,10,10
claude46,dd_18670,T2,1,0,0.0,10,10
claude46,dd_18670,T2,1,1,0.0,10,10
claude46,dd_18670,T2,2,0,1.0,10,10
claude46,dd_18670,T2,2,1,1.0,10,10
claude46,dd_18670,T3,1,0,1.0,10,10
claude46,dd_18670,T3,1,1,1.0,10,10
claude46,dd_18670,T3,2,0,1.0,10,10
claude46,dd_18670,T3,2,1,1.0,10,10
claude46,dd_18670,T4,1,0,1.0,10,10
claude46,dd_18670,T4,1,1,1.0,10,10
claude46,dd_18670,T4,2,0,1.0,10,10
claude46,dd_18670,T4,2,1,1.0,10,10
claude46,dd_2081,T1,1,0,1.0,10,10
claude46,dd_2081,T1,1,1,1.0,10,10
claude46,dd_2081,T1,2,0,1.0,10,10
claude46,dd_2081,T1,2,1,1.0,10,10
claude46,dd_2081,T2,1,0,1.0,10,10
claude46,dd_2081,T2,1,1,1.0,10,10
claude46,dd_2081,T2,2,0,1.0,10,10
claude46,dd_2081,T2,2,1,1.0,10,10
claude46,dd_2081,T3,1,0,1.0,10,10
claude46,dd_2081,T3,1,1,1.0,10,10
claude46,dd_2081,T3,2,0,1.0,10,10
claude46,dd_2081,T3,2,1,1.0,10,10
claude46,dd_2081,T4,1,0,1.0,10,10
claude46,dd_2081,T4,1,1,1.0,10,10
claude46,dd_2081,T4,2,0,1.0,10,10
claude46,dd_2081,T4,2,1,1.0,10,10
claude46,dd_21158,T1,1,0,1.0,10,10
claude46,dd_21158,T1,1,1,1.0,10,10
claude46,dd_21158,T1,2,0,1.0,10,10
claude46,dd_21158,T1,2,1,1.0,10,10
claude46,dd_21158,T2,1,0,1.0,10,10
claude46,dd_21158,T2,1,1,1.0,10,10
claude46,dd_21158,T2,2,0,1.0,10,10
claude46,dd_21158,T2,2,1,1.0,10,10
claude46,dd_21158,T3,1,0,1.0,10,10
claude46,dd_21158,T3,1,1,1.0,10,10
claude46,dd_21158,T3,2,0,1.0,10,10
claude46,dd_21158,T3,2,1,1.0,10,10
claude46,dd_21158,T4,1,0,1.0,10,10
claude46,dd_21158,T4,1,1,1.0,10,10
claude46,dd_21158,T4,2,0,1.0,10,10
claude46,dd_21158,T4,2,1,1.0,10,10
claude46,dd_21629,T1,1,0,1.0,10,10
claude46,dd_21629,T1,1,1,1.0,10,10
claude46,dd_21629,T1,2,0,1.0,10,10
claude46,dd_21629,T1,2,1,1.0,10,10
claude46,dd_21629,T2,1,0,1.0,10,10
claude46,dd_21629,T2,1,1,1.0,10,10
claude46,dd_21629,T2,2,0,1.0,10,10
claude46,dd_21629,T2,2,1,1.0,10,10
claude46,dd_21629,T3,1,0,1.0,10,10
claude46,dd_21629,T3,1,1,1.0,10,10
claude46,dd_21629,T3,2,0,1.0,10,10
claude46,dd_21629,T3,2,1,1.0,10,10
claude46,dd_21629,T4,1,0,1.0,10,10
claude46,dd_21629,T4,1,1,1.0,10,10
claude46,dd_21629,T4,2,0,1.0,10,10
claude46,dd_21629,T4,2,1,1.0,10,10
claude46,dd_21630,T1,1,0,0.0,10,10
claude46,dd_21630,T1,1,1,0.0,10,10
claude46,dd_21630,T1,2,0,0.0,10,10
claude46,dd_21630,T1,2,1,0.0,10,10
claude46,dd_21630,T2,1,0,0.0,10,10
claude46,dd_21630,T2,1,1,0.0,10,10
claude46,dd_21630,T2,2,0,0.0,10,10
claude46,dd_21630,T2,2,1,0.0,10,10
claude46,dd_21630,T3,1,0,0.0,10,10
claude46,dd_21630,T3,1,1,0.0,10,10
claude46,dd_21630,T3,2,0,0.0,10,10
claude46,dd_21630,T3,2,1,0.0,10,10
claude46,dd_21630,T4,1,0,0.0,10,10
claude46,dd_21630,T4,1,1,0.0,10,10
claude46,dd_21630,T4,2,0,0.0,10,10
claude46,dd_21630,T4,2,1,0.0,10,10
claude46,dd_22819,T1,1,0,0.0,10,10
claude46,dd_22819,T1,1,1,0.0,10,10
claude46,dd_22819,T1,2,0,0.0,10,10
claude46,dd_22819,T1,2,1,0.0,10,10
claude46,dd_22819,T2,1,0,0.0,10,10
claude46,dd_22819,T2,1,1,0.0,10,10
claude46,dd_22819,T2,2,0,0.0,10,10
claude46,dd_22819,T2,2,1,0.0,10,10
claude46,dd_22819,T3,1,0,0.0,10,10
claude46,dd_22819,T3,1,1,0.0,10,10
claude46,dd_22819,T3,2,0,0.0,10,10
claude46,dd_22819,T3,2,1,0.0,10,10
claude46,dd_22819,T4,1,0,0.0,10,10
claude46,dd_22819,T4,1,1,0.0,10,10
claude46,dd_22819,T4,2,0,0.0,10,10
claude46,dd_22819,T4,2,1,0.0,10,10
claude46,dd_23534,T1,1,0,1.0,10,10
claude46,dd_23534,T1,1,1,1.0,10,10
claude46,dd_23534,T1,2,0,1.0,10,10
claude46,dd_23534,T1,2,1,1.0,10,10
claude46,dd_23534,T2,1,0,1.0,10,10
claude46,dd_23534,T2,1,1,1.0,10,10
claude46,dd_23534,T2,2,0,1.0,10,10
claude46,dd_23534,T2,2,1,1.0,10,10
claude46,dd_23534,T3,1,0,1.0,10,10
claude46,dd_23534,T3,1,1,1.0,10,10
claude46,dd_23534,T3,2,0,1.0,10,10
claude46,dd_23534,T3,2,1,1.0,10,10
claude46,dd_23534,T4,1,0,1.0,10,10
claude46,dd_23534,T4,1,1,1.0,10,10
claude46,dd_23534,T4,2,0,1.0,10,10
claude46,dd_23534,T4,2,1,1.0,10,10
claude46,dd_24260,T1,1,0,1.0,10,10
claude46,dd_24260,T1,1,1,1.0,10,10
claude46,dd_24260,T1,2,0,0.3,10,10
claude46,dd_24260,T1,2,1,0.2,10,10
claude46,dd_24260,T2,1,0,1.0,10,10
claude46,dd_24260,T2,1,1,1.0,10,10
claude46,dd_24260,T2,2,0,0.8,10,10
claude46,dd_24260,T2,2,1,0.8,10,10
claude46,dd_24260,T3,1,0,1.0,10,10
claude46,dd_24260,T3,1,1,1.0,10,10
claude46,dd_24260,T3,2,0,1.0,10,10
claude46,dd_24260,T3,2,1,1.0,10,10
claude46,dd_24260,T4,1,0,1.0,10,10
claude46,dd_24260,T4,1,1,1.0,10,10
claude46,dd_24260,T4,2,0,1.0,10,10
claude46,dd_24260,T4,2,1,1.0,10,10
claude46,dd_24405,T1,1,0,0.0,10,10
claude46,dd_24405,T1,1,1,0.0,10,10
claude46,dd_24405,T1,2,0,0.0,10,10
claude46,dd_24405,T1,2,1,0.0,10,10
claude46,dd_24405,T2,1,0,0.0,10,10
claude46,dd_24405,T2,1,1,0.0,10,10
claude46,dd_24405,T2,2,0,0.0,10,10
claude46,dd_24405,T2,2,1,0.0,10,10
claude46,dd_24405,T3,1,0,0.0,10,10
claude46,dd_24405,T3,1,1,0.0,10,10
claude46,dd_24405,T3,2,0,0.0,10,10
claude46,dd_24405,T3,2,1,0.0,10,10
claude46,dd_24405,T4,1,0,0.0,10,10
claude46,dd_24405,T4,1,1,0.0,10,10
claude46,dd_24405,T4,2,0,0.0,10,10
claude46,dd_24405,T4,2,1,0.0,10,10
claude46,dd_24975,T1,1,0,1.0,10,10
claude46,dd_24975,T1,1,1,1.0,10,10
claude46,dd_24975,T1,2,0,1.0,10,10
claude46,dd_24975,T1,2,1,1.0,10,10
claude46,dd_24975,T2,1,0,1.0,10,10
claude46,dd_24975,T2,1,1,1.0,10,10
claude46,dd_24975,T2,2,0,1.0,10,10
claude46,dd_24975,T2,2,1,1.0,10,10
claude46,dd_24975,T3,1,0,1.0,10,10
claude46,dd_24975,T3,1,1,1.0,10,10
claude46,dd_24975,T3,2,0,1.0,10,10
claude46,dd_24975,T3,2,1,1.0,10,10
claude46,dd_24975,T4,1,0,1.0,10,10
claude46,dd_24975,T4,1,1,1.0,10,10
claude46,dd_24975,T4,2,0,1.0,10,10
claude46,dd_24975,T4,2,1,1.0,10,10
claude46,dd_25137,T1,1,0,1.0,10,10
claude46,dd_25137,T1,1,1,1.0,10,10
claude46,dd_25137,T1,2,0,1.0,10,10
claude46,dd_25137,T1,2,1,1.0,10,10
claude46,dd_25137,T2,1,0,1.0,10,10
claude46,dd_25137,T2,1,1,1.0,10,10
claude46,dd_25137,T2,2,0,1.0,10,10
claude46,dd_25137,T2,2,1,1.0,10,10
claude46,dd_25137,T3,1,0,1.0,10,10
claude46,dd_25137,T3,1,1,1.0,10,10
claude46,dd_25137,T3,2,0,1.0,10,10
claude46,dd_25137,T3,2,1,1.0,10,10
claude46,dd_25137,T4,1,0,1.0,10,10
claude46,dd_25137,T4,1,1,1.0,10,10
claude46,dd_25137,T4,2,0,1.0,10,10
claude46,dd_25137,T4,2,1,1.0,10,10
claude46,dd_25302,T1,1,0,0.0,10,10
claude46,dd_25302,T1,1,1,0.0,10,10
claude46,dd_25302,T1,2,0,0.0,10,10
claude46,dd_25302,T1,2,1,0.0,10,10
claude46,dd_25302,T2,1,0,0.0,10,10
claude46,dd_25302,T2,1,1,0.0,10,10
claude46,dd_25302,T2,2,0,0.0,10,10
claude46,dd_25302,T2,2,1,0.0,10,10
claude46,dd_25302,T3,1,0,0.0,10,10
claude46,dd_25302,T3,1,1,0.0,10,10
claude46,dd_25302,T3,2,0,0.0,10,10
claude46,dd_25302,T3,2,1,0.0,10,10
claude46,dd_25302,T4,1,0,0.0,10,10
claude46,dd_25302,T4,1,1,0.0,10,10
claude46,dd_25302,T4,2,0,0.0,10,10
claude46,dd_25302,T4,2,1,0.0,10,10
claude46,dd_25868,T1,1,0,1.0,10,10
claude46,dd_25868,T1,1,1,1.0,10,10
claude46,dd_25868,T1,2,0,1.0,10,10
claude46,dd_25868,T1,2,1,1.0,10,10
claude46,dd_25868,T2,1,0,1.0,10,10
claude46,dd_25868,T2,1,1,1.0,10,10
claude46,dd_25868,T2,2,0,1.0,10,10
claude46,dd_25868,T2,2,1,1.0,10,10
claude46,dd_25868,T3,1,0,1.0,10,10
claude46,dd_25868,T3,1,1,1.0,10,10
claude46,dd_25868,T3,2,0,1.0,10,10
claude46,dd_25868,T3,2,1,1.0,10,10
claude46,dd_25868,T4,1,0,1.0,10,10
claude46,dd_25868,T4,1,1,1.0,10,10
claude46,dd_25868,T4,2,0,1.0,10,10
claude46,dd_25868,T4,2,1,1.0,10,10
claude46,dd_26178,T1,1,0,0.0,10,10
claude46,dd_26178,T1,1,1,0.0,10,10
claude46,dd_26178,T1,2,0,0.0,10,10
claude46,dd_26178,T1,2,1,0.0,10,10
claude46,dd_26178,T2,1,0,0.0,10,10
claude46,dd_26178,T2,1,1,0.0,10,10
claude46,dd_26178,T2,2,0,0.0,10,10
claude46,dd_26178,T2,2,1,0.0,10,10
claude46,dd_26178,T3,1,0,0.0,10,10
claude46,dd_26178,T3,1,1,0.0,10,10
claude46,dd_26178,T3,2,0,0.0,10,10
claude46,dd_26178,T3,2,1,0.0,10,10
claude46,dd_26178,T4,1,0,0.0,10,10
claude46,dd_26178,T4,1,1,0.0,10,10
claude46,dd_26178,T4,2,0,0.0,10,10
claude46,dd_26178,T4,2,1,0.0,10,10
claude46,dd_26321,T1,1,0,1.0,10,10
claude46,dd_26321,T1,1,1,1.0,10,10
claude46,dd_26321,T1,2,0,1.0,10,10
claude46,dd_26321,T1,2,1,1.0,10,10
claude46,dd_26321,T2,1,0,1.0,10,10
claude46,dd_26321,T2,1,1,1.0,10,10
claude46,dd_26321,T2,2,0,1.0,10,10
claude46,dd_26321,T2,2,1,1.0,10,10
claude46,dd_26321,T3,1,0,1.0,10,10
claude46,dd_26321,T3,1,1,1.0,10,10
claude46,dd_26321,T3,2,0,1.0,10,10
claude46,dd_26321,T3,2,1,1.0,10,10
claude46,dd_26321,T4,1,0,1.0,10,10
claude46,dd_26321,T4,1,1,1.0,10,10
claude46,dd_26321,T4,2,0,1.0,10,10
claude46,dd_26321,T4,2,1,1.0,10,10
claude46,dd_27524,T1,1,0,0.0,10,10
claude46,dd_27524,T1,1,1,0.0,10,10
claude46,dd_27524,T1,2,0,0.0,10,10
claude46,dd_27524,T1,2,1,0.0,10,10
claude46,dd_27524,T2,1,0,0.0,10,10
claude46,dd_27524,T2,1,1,0.0,10,10
claude46,dd_27524,T2,2,0,0.0,10,10
claude46,dd_27524,T2,2,1,0.0,10,10
claude46,dd_27524,T3,1,0,0.0,10,10
claude46,dd_27524,T3,1,1,0.0,10,10
claude46,dd_27524,T3,2,0,0.0,10,10
claude46,dd_27524,T3,2,1,0.0,10,10
claude46,dd_27524,T4,1,0,0.0,10,10
claude46,dd_27524,T4,1,1,0.0,10,10
claude46,dd_27524,T4,2,0,0.0,10,10
claude46,dd_27524,T4,2,1,0.0,10,10
claude46,dd_27558,T1,1,0,0.0,10,10
claude46,dd_27558,T1,1,1,0.0,10,10
claude46,dd_27558,T1,2,0,0.0,10,10
claude46,dd_27558,T1,2,1,0.0,10,10
claude46,dd_27558,T2,1,0,0.0,10,10
claude46,dd_27558,T2,1,1,0.0,10,10
claude46,dd_27558,T2,2,0,0.0,10,10
claude46,dd_27558,T2,2,1,0.0,10,10
claude46,dd_27558,T3,1,0,0.0,10,10
claude46,dd_27558,T3,1,1,0.0,10,10
claude46,dd_27558,T3,2,0,0.0,10,10
claude46,dd_27558,T3,2,1,0.0,10,10
claude46,dd_27558,T4,1,0,0.0,10,10
claude46,dd_27558,T4,1,1,0.0,10,10
claude46,dd_27558,T4,2,0,0.0,10,10
claude46,dd_27558,T4,2,1,0.0,10,10
claude46,dd_28814,T1,1,0,0.0,10,10
claude46,dd_28814,T1,1,1,0.0,10,10
claude46,dd_28814,T1,2,0,0.0,10,10
claude46,dd_28814,T1,2,1,0.0,10,10
claude46,dd_28814,T2,1,0,0.0,10,10
claude46,dd_28814,T2,1,1,0.0,10,10
claude46,dd_28814,T2,2,0,0.0,10,10
claude46,dd_28814,T2,2,1,0.0,10,10
claude46,dd_28814,T3,1,0,0.0,10,10
claude46,dd_28814,T3,1,1,0.0,10,10
claude46,dd_28814,T3,2,0,0.0,10,10
claude46,dd_28814,T3,2,1,0.0,10,10
claude46,dd_28814,T4,1,0,0.0,10,10
claude46,dd_28814,T4,1,1,0.0,10,10
claude46,dd_28814,T4,2,0,0.0,10,10
claude46,dd_28814,T4,2,1,0.0,10,10
claude46,dd_29454,T1,1,0,0.0,10,10
claude46,dd_29454,T1,1,1,0.0,10,10
claude46,dd_29454,T1,2,0,0.0,10,10
claude46,dd_29454,T1,2,1,0.0,10,10
claude46,dd_29454,T2,1,0,0.0,10,10
claude46,dd_29454,T2,1,1,0.0,10,10
claude46,dd_29454,T2,2,0,0.0,10,10
claude46,dd_29454,T2,2,1,0.0,10,10
claude46,dd_29454,T3,1,0,,0,10
claude46,dd_29454,T3,1,1,,0,10
claude46,dd_29454,T3,2,0,,0,10
claude46,dd_29454,T3,2,1,,0,10
claude46,dd_29454,T4,1,0,0.0,10,10
claude46,dd_29454,T4,1,1,0.0,10,10
claude46,dd_29454,T4,2,0,0.0,10,10
claude46,dd_29454,T4,2,1,0.0,10,10
claude46,dd_29978,T1,1,0,1.0,10,10
claude46,dd_29978,T1,1,1,1.0,10,10
claude46,dd_29978,T1,2,0,1.0,10,10
claude46,dd_29978,T1,2,1,1.0,10,10
claude46,dd_29978,T2,1,0,0.0,10,10
claude46,dd_29978,T2,1,1,0.0,10,10
claude46,dd_29978,T2,2,0,1.0,10,10
claude46,dd_29978,T2,2,1,1.0,10,10
claude46,dd_29978,T3,1,0,1.0,10,10
claude46,dd_29978,T3,1,1,1.0,10,10
claude46,dd_29978,T3,2,0,0.0,10,10
claude46,dd_29978,T3,2,1,0.0,10,10
claude46,dd_29978,T4,1,0,1.0,10,10
claude46,dd_29978,T4,1,1,1.0,10,10
claude46,dd_29978,T4,2,0,1.0,10,10
claude46,dd_29978,T4,2,1,1.0,10,10
claude46,dd_30131,T1,1,0,0.0,10,10
claude46,dd_30131,T1,1,1,0.0,10,10
claude46,dd_30131,T1,2,0,0.0,10,10
claude46,dd_30131,T1,2,1,0.0,10,10
claude46,dd_30131,T2,1,0,0.0,10,10
claude46,dd_30131,T2,1,1,0.0,10,10
claude46,dd_30131,T2,2,0,0.0,10,10
claude46,dd_30131,T2,2,1,0.0,10,10
claude46,dd_30131,T3,1,0,0.0,10,10
claude46,dd_30131,T3,1,1,0.0,10,10
claude46,dd_30131,T3,2,0,0.0,10,10
claude46,dd_30131,T3,2,1,0.0,10,10
claude46,dd_30131,T4,1,0,0.0,10,10
claude46,dd_30131,T4,1,1,0.0,10,10
claude46,dd_30131,T4,2,0,0.0,10,10
claude46,dd_30131,T4,2,1,0.0,10,10
claude46,dd_30899,T1,1,0,1.0,10,10
claude46,dd_30899,T1,1,1,1.0,10,10
claude46,dd_30899,T1,2,0,1.0,10,10
claude46,dd_30899,T1,2,1,1.0,10,10
claude46,dd_30899,T2,1,0,1.0,10,10
claude46,dd_30899,T2,1,1,1.0,10,10
claude46,dd_30899,T2,2,0,1.0,10,10
claude46,dd_30899,T2,2,1,1.0,10,10
claude46,dd_30899,T3,1,0,1.0,10,10
claude46,dd_30899,T3,1,1,1.0,10,10
claude46,dd_30899,T3,2,0,1.0,10,10
claude46,dd_30899,T3,2,1,1.0,10,10
claude46,dd_30899,T4,1,0,1.0,10,10
claude46,dd_30899,T4,1,1,1.0,10,10
claude46,dd_30899,T4,2,0,1.0,10,10
claude46,dd_30899,T4,2,1,1.0,10,10
claude46,dd_31129,T1,1,0,0.0,10,10
claude46,dd_31129,T1,1,1,0.0,10,10
claude46,dd_31129,T1,2,0,0.0,10,10
claude46,dd_31129,T1,2,1,0.0,10,10
claude46,dd_31129,T2,1,0,0.0,10,10
claude46,dd_31129,T2,1,1,0.0,10,10
claude46,dd_31129,T2,2,0,0.0,10,10
claude46,dd_31129,T2,2,1,0.0,10,10
claude46,dd_31129,T3,1,0,0.0,10,10
claude46,dd_31129,T3,1,1,0.0,10,10
claude46,dd_31129,T3,2,0,0.0,10,10
claude46,dd_31129,T3,2,1,0.0,10,10
claude46,dd_31129,T4,1,0,0.0,10,10
claude46,dd_31129,T4,1,1,0.0,10,10
claude46,dd_31129,T4,2,0,0.0,10,10
claude46,dd_31129,T4,2,1,0.0,10,10
claude46,dd_32872,T1,1,0,0.0,10,10
claude46,dd_32872,T1,1,1,0.0,10,10
claude46,dd_32872,T1,2,0,0.0,10,10
claude46,dd_32872,T1,2,1,0.0,10,10
claude46,dd_32872,T2,1,0,0.0,10,10
claude46,dd_32872,T2,1,1,0.0,10,10
claude46,dd_32872,T2,2,0,0.0,10,10
claude46,dd_32872,T2,2,1,0.0,10,10
claude46,dd_32872,T3,1,0,0.0,10,10
claude46,dd_32872,T3,1,1,0.0,10,10
claude46,dd_32872,T3,2,0,0.0,10,10
claude46,dd_32872,T3,2,1,0.0,10,10
claude46,dd_32872,T4,1,0,0.0,10,10
claude46,dd_32872,T4,1,1,0.0,10,10
claude46,dd_32872,T4,2,0,0.0,10,10
claude46,dd_32872,T4,2,1,0.0,10,10
claude46,dd_33618,T1,1,0,1.0,10,10
claude46,dd_33618,T1,1,1,1.0,10,10
claude46,dd_33618,T1,2,0,1.0,10,10
claude46,dd_33618,T1,2,1,1.0,10,10
claude46,dd_33618,T2,1,0,1.0,10,10
claude46,dd_33618,T2,1,1,1.0,10,10
claude46,dd_33618,T2,2,0,1.0,10,10
claude46,dd_33618,T2,2,1,1.0,10,10
claude46,dd_33618,T3,1,0,0.0,10,10
claude46,dd_33618,T3,1,1,0.0,10,10
claude46,dd_33618,T3,2,0,0.0,10,10
claude46,dd_33618,T3,2,1,0.0,10,10
claude46,dd_33618,T4,1,0,1.0,10,10
claude46,dd_33618,T4,1,1,1.0,10,10
claude46,dd_33618,T4,2,0,1.0,10,10
claude46,dd_33618,T4,2,1,1.0,10,10
claude46,dd_34148,T1,1,0,0.0,10,10
claude46,dd_34148,T1,1,1,0.0,10,10
claude46,dd_34148,T1,2,0,0.0,10,10
claude46,dd_34148,T1,2,1,0.0,10,10
claude46,dd_34148,T2,1,0,0.0,10,10
claude46,dd_34148,T2,1,1,0.0,10,10
claude46,dd_34148,T2,2,0,0.0,10,10
claude46,dd_34148,T2,2,1,0.0,10,10
claude46,dd_34148,T3,1,0,0.0,10,10
claude46,dd_34148,T3,1,1,0.0,10,10
claude46,dd_34148,T3,2,0,0.0,10,10
claude46,dd_34148,T3,2,1,0.0,10,10
claude46,dd_34148,T4,1,0,0.0,10,10
claude46,dd_34148,T4,1,1,0.0,10,10
claude46,dd_34148,T4,2,0,0.0,10,10
claude46,dd_34148,T4,2,1,0.0,10,10
claude46,dd_34460,T1,1,0,0.0,10,10
claude46,dd_34460,T1,1,1,0.0,10,10
claude46,dd_34460,T1,2,0,0.0,10,10
claude46,dd_34460,T1,2,1,0.0,10,10
claude46,dd_34460,T2,1,0,0.0,10,10
claude46,dd_34460,T2,1,1,0.0,10,10
claude46,dd_34460,T2,2,0,0.0,10,10
claude46,dd_34460,T2,2,1,0.0,10,10
claude46,dd_34460,T3,1,0,0.0,10,10
claude46,dd_34460,T3,1,1,0.0,10,10
claude46,dd_34460,T3,2,0,0.0,10,10
claude46,dd_34460,T3,2,1,0.0,10,10
claude46,dd_34460,T4,1,0,0.0,10,10
claude46,dd_34460,T4,1,1,0.0,10,10
claude46,dd_34460,T4,2,0,0.0,10,10
claude46,dd_34460,T4,2,1,0.0,10,10
claude46,dd_35732,T1,1,0,0.0,10,10
claude46,dd_35732,T1,1,1,0.0,10,10
claude46,dd_35732,T1,2,0,0.0,10,10
claude46,dd_35732,T1,2,1,0.0,10,10
claude46,dd_35732,T2,1,0,0.0,10,10
claude46,dd_35732,T2,1,1,0.0,10,10
claude46,dd_35732,T2,2,0,0.0,10,10
claude46,dd_35732,T2,2,1,0.0,10,10
claude46,dd_35732,T3,1,0,0.0,10,10
claude46,dd_35732,T3,1,1,0.0,10,10
claude46,dd_35732,T3,2,0,0.0,10,10
claude46,dd_35732,T3,2,1,0.0,10,10
claude46,dd_35732,T4,1,0,0.0,10,10
claude46,dd_35732,T4,1,1,0.0,10,10
claude46,dd_35732,T4,2,0,0.0,10,10
claude46,dd_35732,T4,2,1,0.0,10,10
claude46,dd_36819,T1,1,0,0.0,10,10
claude46,dd_36819,T1,1,1,0.0,10,10
claude46,dd_36819,T1,2,0,0.0,10,10
claude46,dd_36819,T1,2,1,0.0,10,10
claude46,dd_36819,T2,1,0,0.0,10,10
claude46,dd_36819,T2,1,1,0.0,10,10
claude46,dd_36819,T2,2,0,0.0,10,10
claude46,dd_36819,T2,2,1,0.0,10,10
claude46,dd_36819,T3,1,0,0.0,10,10
claude46,dd_36819,T3,1,1,0.0,10,10
claude46,dd_36819,T3,2,0,0.0,10,10
claude46,dd_36819,T3,2,1,0.0,10,10
claude46,dd_36819,T4,1,0,0.0,10,10
claude46,dd_36819,T4,1,1,0.0,10,10
claude46,dd_36819,T4,2,0,0.0,10,10
claude46,dd_36819,T4,2,1,0.0,10,10
claude46,dd_37249,T1,1,0,1.0,10,10
claude46,dd_37249,T1,1,1,1.0,10,10
claude46,dd_37249,T1,2,0,1.0,10,10
claude46,dd_37249,T1,2,1,1.0,10,10
claude46,dd_37249,T2,1,0,1.0,10,10
claude46,dd_37249,T2,1,1,1.0,10,10
claude46,dd_37249,T2,2,0,1.0,10,10
claude46,dd_37249,T2,2,1,1.0,10,10
claude46,dd_37249,T3,1,0,1.0,10,10
claude46,dd_37249,T3,1,1,1.0,10,10
claude46,dd_37249,T3,2,0,1.0,10,10
claude46,dd_37249,T3,2,1,1.0,10,10
claude46,dd_37249,T4,1,0,1.0,10,10
claude46,dd_37249,T4,1,1,1.0,10,10
claude46,dd_37249,T4,2,0,1.0,10,10
claude46,dd_37249,T4,2,1,1.0,10,10
claude46,dd_37490,T1,1,0,1.0,10,10
claude46,dd_37490,T1,1,1,1.0,10,10
claude46,dd_37490,T1,2,0,1.0,10,10
claude46,dd_37490,T1,2,1,1.0,10,10
claude46,dd_37490,T2,1,0,1.0,10,10
claude46,dd_37490,T2,1,1,1.0,10,10
claude46,dd_37490,T2,2,0,1.0,10,10
claude46,dd_37490,T2,2,1,1.0,10,10
claude46,dd_37490,T3,1,0,1.0,10,10
claude46,dd_37490,T3,1,1,1.0,10,10
claude46,dd_37490,T3,2,0,1.0,10,10
claude46,dd_37490,T3,2,1,1.0,10,10
claude46,dd_37490,T4,1,0,1.0,10,10
claude46,dd_37490,T4,1,1,1.0,10,10
claude46,dd_37490,T4,2,0,1.0,10,10
claude46,dd_37490,T4,2,1,1.0,10,10
claude46,dd_38533,T1,1,0,0.0,10,10
claude46,dd_38533,T1,1,1,0.0,10,10
claude46,dd_38533,T1,2,0,0.0,10,10
claude46,dd_38533,T1,2,1,0.0,10,10
claude46,dd_38533,T2,1,0,0.0,10,10
claude46,dd_38533,T2,1,1,0.0,10,10
claude46,dd_38533,T2,2,0,0.0,10,10
claude46,dd_38533,T2,2,1,0.0,10,10
claude46,dd_38533,T3,1,0,0.0,10,10
claude46,dd_38533,T3,1,1,0.0,10,10
claude46,dd_38533,T3,2,0,0.0,10,10
claude46,dd_38533,T3,2,1,0.0,10,10
claude46,dd_38533,T4,1,0,0.0,10,10
claude46,dd_38533,T4,1,1,0.0,10,10
claude46,dd_38533,T4,2,0,0.0,10,10
claude46,dd_38533,T4,2,1,0.0,10,10
claude46,dd_39199,T1,1,0,1.0,10,10
claude46,dd_39199,T1,1,1,1.0,10,10
claude46,dd_39199,T1,2,0,1.0,10,10
claude46,dd_39199,T1,2,1,1.0,10,10
claude46,dd_39199,T2,1,0,0.7,10,10
claude46,dd_39199,T2,1,1,0.8,10,10
claude46,dd_39199,T2,2,0,1.0,10,10
claude46,dd_39199,T2,2,1,1.0,10,10
claude46,dd_39199,T3,1,0,1.0,10,10
claude46,dd_39199,T3,1,1,1.0,10,10
claude46,dd_39199,T3,2,0,1.0,10,10
claude46,dd_39199,T3,2,1,1.0,10,10
claude46,dd_39199,T4,1,0,1.0,10,10
claude46,dd_39199,T4,1,1,1.0,10,10
claude46,dd_39199,T4,2,0,1.0,10,10
claude46,dd_39199,T4,2,1,1.0,10,10
claude46,dd_42860,T1,1,0,0.0,10,10
claude46,dd_42860,T1,1,1,0.0,10,10
claude46,dd_42860,T1,2,0,0.0,10,10
claude46,dd_42860,T1,2,1,0.0,10,10
claude46,dd_42860,T2,1,0,0.0,10,10
claude46,dd_42860,T2,1,1,0.0,10,10
claude46,dd_42860,T2,2,0,0.0,10,10
claude46,dd_42860,T2,2,1,0.0,10,10
claude46,dd_42860,T3,1,0,0.0,10,10
claude46,dd_42860,T3,1,1,0.0,10,10
claude46,dd_42860,T3,2,0,0.0,10,10
claude46,dd_42860,T3,2,1,0.0,10,10
claude46,dd_42860,T4,1,0,0.0,10,10
claude46,dd_42860,T4,1,1,0.0,10,10
claude46,dd_42860,T4,2,0,0.0,10,10
claude46,dd_42860,T4,2,1,0.0,10,10
claude46,dd_44063,T1,1,0,1.0,10,10
claude46,dd_44063,T1,1,1,1.0,10,10
claude46,dd_44063,T1,2,0,1.0,10,10
claude46,dd_44063,T1,2,1,1.0,10,10
claude46,dd_44063,T2,1,0,1.0,10,10
claude46,dd_44063,T2,1,1,1.0,10,10
claude46,dd_44063,T2,2,0,1.0,10,10
claude46,dd_44063,T2,2,1,1.0,10,10
claude46,dd_44063,T3,1,0,1.0,10,10
claude46,dd_44063,T3,1,1,1.0,10,10
claude46,dd_44063,T3,2,0,1.0,10,10
claude46,dd_44063,T3,2,1,1.0,10,10
claude46,dd_44063,T4,1,0,1.0,10,10
claude46,dd_44063,T4,1,1,1.0,10,10
claude46,dd_44063,T4,2,0,1.0,10,10
claude46,dd_44063,T4,2,1,1.0,10,10
claude46,dd_44380,T1,1,0,1.0,10,10
claude46,dd_44380,T1,1,1,1.0,10,10
claude46,dd_44380,T1,2,0,1.0,10,10
claude46,dd_44380,T1,2,1,1.0,10,10
claude46,dd_44380,T2,1,0,1.0,10,10
claude46,dd_44380,T2,1,1,1.0,10,10
claude46,dd_44380,T2,2,0,1.0,10,10
claude46,dd_44380,T2,2,1,1.0,10,10
claude46,dd_44380,T3,1,0,1.0,10,10
claude46,dd_44380,T3,1,1,1.0,10,10
claude46,dd_44380,T3,2,0,1.0,10,10
claude46,dd_44380,T3,2,1,1.0,10,10
claude46,dd_44380,T4,1,0,1.0,10,10
claude46,dd_44380,T4,1,1,1.0,10,10
claude46,dd_44380,T4,2,0,1.0,10,10
claude46,dd_44380,T4,2,1,1.0,10,10
claude46,dd_45938,T1,1,0,0.0,10,10
claude46,dd_45938,T1,1,1,0.0,10,10
claude46,dd_45938,T1,2,0,0.0,10,10
claude46,dd_45938,T1,2,1,0.0,10,10
claude46,dd_45938,T2,1,0,0.0,10,10
claude46,dd_45938,T2,1,1,0.0,10,10
claude46,dd_45938,T2,2,0,0.0,10,10
claude46,dd_45938,T2,2,1,0.0,10,10
claude46,dd_45938,T3,1,0,0.0,10,10
claude46,dd_45938,T3,1,1,0.0,10,10
claude46,dd_45938,T3,2,0,0.0,10,10
claude46,dd_45938,T3,2,1,0.0,10,10
claude46,dd_45938,T4,1,0,0.0,10,10
claude46,dd_45938,T4,1,1,0.0,10,10
claude46,dd_45938,T4,2,0,0.0,10,10
claude46,dd_45938,T4,2,1,0.0,10,10
claude46,dd_46859,T1,1,0,0.0,10,10
claude46,dd_46859,T1,1,1,0.0,10,10
claude46,dd_46859,T1,2,0,0.0,10,10
claude46,dd_46859,T1,2,1,0.0,10,10
claude46,dd_46859,T2,1,0,0.0,10,10
claude46,dd_46859,T2,1,1,0.0,10,10
claude46,dd_46859,T2,2,0,0.0,10,10
claude46,dd_46859,T2,2,1,0.0,10,10
claude46,dd_46859,T3,1,0,0.0,10,10
claude46,dd_46859,T3,1,1,0.0,10,10
claude46,dd_46859,T3,2,0,0.0,10,10
claude46,dd_46859,T3,2,1,0.0,10,10
claude46,dd_46859,T4,1,0,0.0,10,10
claude46,dd_46859,T4,1,1,0.0,10,10
claude46,dd_46859,T4,2,0,0.0,10,10
claude46,dd_46859,T4,2,1,0.0,10,10
claude46,dd_47886,T1,1,0,0.0,10,10
claude46,dd_47886,T1,1,1,0.0,10,10
claude46,dd_47886,T1,2,0,0.0,10,10
claude46,dd_47886,T1,2,1,0.0,10,10
claude46,dd_47886,T2,1,0,0.2,10,10
claude46,dd_47886,T2,1,1,0.4,10,10
claude46,dd_47886,T2,2,0,0.0,10,10
claude46,dd_47886,T2,2,1,0.0,10,10
claude46,dd_47886,T3,1,0,0.0,10,10
claude46,dd_47886,T3,1,1,0.0,10,10
claude46,dd_47886,T3,2,0,0.0,10,10
claude46,dd_47886,T3,2,1,0.0,10,10
claude46,dd_47886,T4,1,0,1.0,10,10
claude46,dd_47886,T4,1,1,1.0,10,10
claude46,dd_47886,T4,2,0,0.0,10,10
claude46,dd_47886,T4,2,1,0.0,10,10
claude46,dd_5570,T1,1,0,1.0,10,10
claude46,dd_5570,T1,1,1,1.0,10,10
claude46,dd_5570,T1,2,0,1.0,10,10
claude46,dd_5570,T1,2,1,1.0,10,10
claude46,dd_5570,T2,1,0,1.0,10,10
claude46,dd_5570,T2,1,1,1.0,10,10
claude46,dd_5570,T2,2,0,1.0,10,10
claude46,dd_5570,T2,2,1,1.0,10,10
claude46,dd_5570,T3,1,0,1.0,10,10
claude46,dd_5570,T3,1,1,1.0,10,10
claude46,dd_5570,T3,2,0,1.0,10,10
claude46,dd_5570,T3,2,1,1.0,10,10
claude46,dd_5570,T4,1,0,1.0,10,10
claude46,dd_5570,T4,1,1,1.0,10,10
claude46,dd_5570,T4,2,0,1.0,10,10
claude46,dd_5570,T4,2,1,1.0,10,10
claude46,dd_6488,T1,1,0,0.0,10,10
claude46,dd_6488,T1,1,1,0.0,10,10
claude46,dd_6488,T1,2,0,0.0,10,10
claude46,dd_6488,T1,2,1,0.0,10,10
claude46,dd_6488,T2,1,0,0.0,10,10
claude46,dd_6488,T2,1,1,0.0,10,10
claude46,dd_6488,T2,2,0,0.0,10,10
claude46,dd_6488,T2,2,1,0.0,10,10
claude46,dd_6488,T3,1,0,0.0,10,10
claude46,dd_6488,T3,1,1,0.0,10,10
claude46,dd_6488,T3,2,0,0.0,10,10
claude46,dd_6488,T3,2,1,0.0,10,10
claude46,dd_6488,T4,1,0,0.0,10,10
claude46,dd_6488,T4,1,1,0.0,10,10
claude46,dd_6488,T4,2,0,0.0,10,10
claude46,dd_6488,T4,2,1,0.0,10,10
claude46,dd_6826,T1,1,0,1.0,10,10
claude46,dd_6826,T1,1,1,1.0,10,10
claude46,dd_6826,T1,2,0,1.0,10,10
claude46,dd_6826,T1,2,1,1.0,10,10
claude46,dd_6826,T2,1,0,1.0,10,10
claude46,dd_6826,T2,1,1,1.0,10,10
claude46,dd_6826,T2,2,0,1.0,10,10
claude46,dd_6826,T2,2,1,1.0,10,10
claude46,dd_6826,T3,1,0,1.0,10,10
claude46,dd_6826,T3,1,1,1.0,10,10
claude46,dd_6826,T3,2,0,1.0,10,10
claude46,dd_6826,T3,2,1,1.0,10,10
claude46,dd_6826,T4,1,0,1.0,10,10
claude46,dd_6826,T4,1,1,1.0,10,10
claude46,dd_6826,T4,2,0,1.0,10,10
claude46,dd_6826,T4,2,1,1.0,10,10
claude46,dd_6868,T1,1,0,0.0,10,10
claude46,dd_6868,T1,1,1,0.0,10,10
claude46,dd_6868,T1,2,0,0.0,10,10
claude46,dd_6868,T1,2,1,0.0,10,10
claude46,dd_6868,T2,1,0,0.0,10,10
claude46,dd_6868,T2,1,1,0.0,10,10
claude46,dd_6868,T2,2,0,0.0,10,10
claude46,dd_6868,T2,2,1,0.0,10,10
claude46,dd_6868,T3,1,0,0.0,10,10
claude46,dd_6868,T3,1,1,0.0,10,10
claude46,dd_6868,T3,2,0,0.0,10,10
claude46,dd_6868,T3,2,1,0.2,10,10
claude46,dd_6868,T4,1,0,0.0,10,10
claude46,dd_6868,T4,1,1,0.0,10,10
claude46,dd_6868,T4,2,0,0.0,10,10
claude46,dd_6868,T4,2,1,0.0,10,10
claude46,dd_7687,T1,1,0,1.0,10,10
claude46,dd_7687,T1,1,1,1.0,10,10
claude46,dd_7687,T1,2,0,1.0,10,10
claude46,dd_7687,T1,2,1,1.0,10,10
claude46,dd_7687,T2,1,0,1.0,10,10
claude46,dd_7687,T2,1,1,1.0,10,10
claude46,dd_7687,T2,2,0,1.0,10,10
claude46,dd_7687,T2,2,1,1.0,10,10
claude46,dd_7687,T3,1,0,1.0,10,10
claude46,dd_7687,T3,1,1,1.0,10,10
claude46,dd_7687,T3,2,0,1.0,10,10
claude46,dd_7687,T3,2,1,1.0,10,10
claude46,dd_7687,T4,1,0,1.0,10,10
claude46,dd_7687,T4,1,1,1.0,10,10
claude46,dd_7687,T4,2,0,1.0,10,10
claude46,dd_7687,T4,2,1,1.0,10,10
claude46,dd_8580,T1,1,0,0.0,10,10
claude46,dd_8580,T1,1,1,0.0,10,10
claude46,dd_8580,T1,2,0,0.0,10,10
claude46,dd_8580,T1,2,1,0.0,10,10
claude46,dd_8580,T2,1,0,0.0,10,10
claude46,dd_8580,T2,1,1,0.0,10,10
claude46,dd_8580,T2,2,0,0.0,10,10
claude46,dd_8580,T2,2,1,0.0,10,10
claude46,dd_8580,T3,1,0,0.0,10,10
claude46,dd_8580,T3,1,1,0.0,10,10
claude46,dd_8580,T3,2,0,0.0,10,10
claude46,dd_8580,T3,2,1,0.0,10,10
claude46,dd_8580,T4,1,0,0.0,10,10
claude46,dd_8580,T4,1,1,0.0,10,10
claude46,dd_8580,T4,2,0,0.0,10,10
claude46,dd_8580,T4,2,1,0.0,10,10
claude46,dd_9595,T1,1,0,1.0,10,10
claude46,dd_9595,T1,1,1,1.0,10,10
claude46,dd_9595,T1,2,0,1.0,10,10
claude46,dd_9595,T1,2,1,1.0,10,10
claude46,dd_9595,T2,1,0,1.0,10,10
claude46,dd_9595,T2,1,1,1.0,10,10
claude46,dd_9595,T2,2,0,1.0,10,10
claude46,dd_9595,T2,2,1,1.0,10,10
claude46,dd_9595,T3,1,0,1.0,10,10
claude46,dd_9595,T3,1,1,1.0,10,10
claude46,dd_9595,T3,2,0,1.0,10,10
claude46,dd_9595,T3,2,1,1.0,10,10
claude46,dd_9595,T4,1,0,1.0,10,10
claude46,dd_9595,T4,1,1,1.0,10,10
claude46,dd_9595,T4,2,0,1.0,10,10
claude46,dd_9595,T4,2,1,1.0,10,10
claude46,dd_9899,T1,1,0,1.0,10,10
claude46,dd_9899,T1,1,1,1.0,10,10
claude46,dd_9899,T1,2,0,1.0,10,10
claude46,dd_9899,T1,2,1,1.0,10,10
claude46,dd_9899,T2,1,0,1.0,10,10
claude46,dd_9899,T2,1,1,1.0,10,10
claude46,dd_9899,T2,2,0,1.0,10,10
claude46,dd_9899,T2,2,1,1.0,10,10
claude46,dd_9899,T3,1,0,1.0,10,10
claude46,dd_9899,T3,1,1,1.0,10,10
claude46,dd_9899,T3,2,0,1.0,10,10
claude46,dd_9899,T3,2,1,1.0,10,10
claude46,dd_9899,T4,1,0,1.0,10,10
claude46,dd_9899,T4,1,1,1.0,10,10
claude46,dd_9899,T4,2,0,1.0,10,10
claude46,dd_9899,T4,2,1,1.0,10,10
claude46,dd_9955,T1,1,0,1.0,10,10
claude46,dd_9955,T1,1,1,1.0,10,10
claude46,dd_9955,T1,2,0,1.0,10,10
claude46,dd_9955,T1,2,1,1.0,10,10
claude46,dd_9955,T2,1,0,0.0,10,10
claude46,dd_9955,T2,1,1,0.0,10,10
claude46,dd_9955,T2,2,0,0.0,10,10
claude46,dd_9955,T2,2,1,0.0,10,10
claude46,dd_9955,T3,1,0,1.0,10,10
claude46,dd_9955,T3,1,1,1.0,10,10
claude46,dd_9955,T3,2,0,1.0,10,10
claude46,dd_9955,T3,2,1,1.0,10,10
claude46,dd_9955,T4,1,0,0.0,10,10
claude46,dd_9955,T4,1,1,0.0,10,10
claude46,dd_9955,T4,2,0,0.0,10,10
claude46,dd_9955,T4,2,1,0.0,10,10
claude46,mc_C_034,T1,1,0,1.0,10,10
claude46,mc_C_034,T1,1,1,1.0,10,10
claude46,mc_C_034,T1,2,0,1.0,10,10
claude46,mc_C_034,T1,2,1,1.0,10,10
claude46,mc_C_034,T2,1,0,1.0,10,10
claude46,mc_C_034,T2,1,1,1.0,10,10
claude46,mc_C_034,T2,2,0,1.0,10,10
claude46,mc_C_034,T2,2,1,1.0,10,10
claude46,mc_C_034,T3,1,0,1.0,10,10
claude46,mc_C_034,T3,1,1,1.0,10,10
claude46,mc_C_034,T3,2,0,1.0,10,10
claude46,mc_C_034,T3,2,1,1.0,10,10
claude46,mc_C_034,T4,1,0,1.0,10,10
claude46,mc_C_034,T4,1,1,1.0,10,10
claude46,mc_C_034,T4,2,0,1.0,10,10
claude46,mc_C_034,T4,2,1,1.0,10,10
claude46,mc_C_1095,T1,1,0,1.0,10,10
claude46,mc_C_1095,T1,1,1,1.0,10,10
claude46,mc_C_1095,T1,2,0,1.0,10,10
claude46,mc_C_1095,T1,2,1,1.0,10,10
claude46,mc_C_1095,T2,1,0,1.0,10,10
claude46,mc_C_1095,T2,1,1,1.0,10,10
claude46,mc_C_1095,T2,2,0,1.0,10,10
claude46,mc_C_1095,T2,2,1,1.0,10,10
claude46,mc_C_1095,T3,1,0,1.0,10,10
claude46,mc_C_1095,T3,1,1,1.0,10,10
claude46,mc_C_1095,T3,2,0,1.0,10,10
claude46,mc_C_1095,T3,2,1,1.0,10,10
claude46,mc_C_1095,T4,1,0,1.0,10,10
claude46,mc_C_1095,T4,1,1,1.0,10,10
claude46,mc_C_1095,T4,2,0,1.0,10,10
claude46,mc_C_1095,T4,2,1,1.0,10,10
claude46,mc_C_1216,T1,1,0,1.0,10,10
claude46,mc_C_1216,T1,1,1,1.0,10,10
claude46,mc_C_1216,T1,2,0,1.0,10,10
claude46,mc_C_1216,T1,2,1,1.0,10,10
claude46,mc_C_1216,T2,1,0,1.0,10,10
claude46,mc_C_1216,T2,1,1,1.0,10,10
claude46,mc_C_1216,T2,2,0,1.0,10,10
claude46,mc_C_1216,T2,2,1,1.0,10,10
claude46,mc_C_1216,T3,1,0,1.0,10,10
claude46,mc_C_1216,T3,1,1,1.0,10,10
claude46,mc_C_1216,T3,2,0,1.0,10,10
claude46,mc_C_1216,T3,2,1,1.0,10,10
claude46,mc_C_1216,T4,1,0,1.0,10,10
claude46,mc_C_1216,T4,1,1,1.0,10,10
claude46,mc_C_1216,T4,2,0,1.0,10,10
claude46,mc_C_1216,T4,2,1,1.0,10,10
claude46,mc_C_183,T1,1,0,1.0,10,10
claude46,mc_C_183,T1,1,1,1.0,10,10
claude46,mc_C_183,T1,2,0,1.0,10,10
claude46,mc_C_183,T1,2,1,1.0,10,10
claude46,mc_C_183,T2,1,0,1.0,10,10
claude46,mc_C_183,T2,1,1,1.0,10,10
claude46,mc_C_183,T2,2,0,1.0,10,10
claude46,mc_C_183,T2,2,1,1.0,10,10
claude46,mc_C_183,T3,1,0,1.0,10,10
claude46,mc_C_183,T3,1,1,1.0,10,10
claude46,mc_C_183,T3,2,0,1.0,10,10
claude46,mc_C_183,T3,2,1,1.0,10,10
claude46,mc_C_183,T4,1,0,1.0,10,10
claude46,mc_C_183,T4,1,1,1.0,10,10
claude46,mc_C_183,T4,2,0,1.0,10,10
claude46,mc_C_183,T4,2,1,1.0,10,10
claude46,mc_C_291,T1,1,0,1.0,10,10
claude46,mc_C_291,T1,1,1,1.0,10,10
claude46,mc_C_291,T1,2,0,1.0,10,10
claude46,mc_C_291,T1,2,1,1.0,10,10
claude46,mc_C_291,T2,1,0,1.0,10,10
claude46,mc_C_291,T2,1,1,1.0,10,10
claude46,mc_C_291,T2,2,0,1.0,10,10
claude46,mc_C_291,T2,2,1,1.0,10,10
claude46,mc_C_291,T3,1,0,1.0,10,10
claude46,mc_C_291,T3,1,1,1.0,10,10
claude46,mc_C_291,T3,2,0,1.0,10,10
claude46,mc_C_291,T3,2,1,1.0,10,10
claude46,mc_C_291,T4,1,0,1.0,10,10
claude46,mc_C_291,T4,1,1,1.0,10,10
claude46,mc_C_291,T4,2,0,1.0,10,10
claude46,mc_C_291,T4,2,1,1.0,10,10
claude46,mc_C_467,T1,1,0,1.0,10,10
claude46,mc_C_467,T1,1,1,1.0,10,10
claude46,mc_C_467,T1,2,0,1.0,10,10
claude46,mc_C_467,T1,2,1,1.0,10,10
claude46,mc_C_467,T2,1,0,1.0,10,10
claude46,mc_C_467,T2,1,1,1.0,10,10
claude46,mc_C_467,T2,2,0,1.0,10,10
claude46,mc_C_467,T2,2,1,1.0,10,10
claude46,mc_C_467,T3,1,0,1.0,10,10
claude46,mc_C_467,T3,1,1,1.0,10,10
claude46,mc_C_467,T3,2,0,1.0,10,10
claude46,mc_C_467,T3,2,1,1.0,10,10
claude46,mc_C_467,T4,1,0,1.0,10,10
claude46,mc_C_467,T4,1,1,1.0,10,10
claude46,mc_C_467,T4,2,0,1.0,10,10
claude46,mc_C_467,T4,2,1,1.0,10,10
claude46,mc_C_527,T1,1,0,1.0,10,10
claude46,mc_C_527,T1,1,1,1.0,10,10
claude46,mc_C_527,T1,2,0,1.0,10,10
claude46,mc_C_527,T1,2,1,1.0,10,10
claude46,mc_C_527,T2,1,0,1.0,10,10
claude46,mc_C_527,T2,1,1,1.0,10,10
claude46,mc_C_527,T2,2,0,1.0,10,10
claude46,mc_C_527,T2,2,1,1.0,10,10
claude46,mc_C_527,T3,1,0,1.0,10,10
claude46,mc_C_527,T3,1,1,1.0,10,10
claude46,mc_C_527,T3,2,0,1.0,10,10
claude46,mc_C_527,T3,2,1,1.0,10,10
claude46,mc_C_527,T4,1,0,1.0,10,10
claude46,mc_C_527,T4,1,1,1.0,10,10
claude46,mc_C_527,T4,2,0,1.0,10,10
claude46,mc_C_527,T4,2,1,1.0,10,10
claude46,mc_C_675,T1,1,0,1.0,10,10
claude46,mc_C_675,T1,1,1,1.0,10,10
claude46,mc_C_675,T1,2,0,1.0,10,10
claude46,mc_C_675,T1,2,1,1.0,10,10
claude46,mc_C_675,T2,1,0,1.0,10,10
claude46,mc_C_675,T2,1,1,1.0,10,10
claude46,mc_C_675,T2,2,0,1.0,10,10
claude46,mc_C_675,T2,2,1,1.0,10,10
claude46,mc_C_675,T3,1,0,1.0,10,10
claude46,mc_C_675,T3,1,1,1.0,10,10
claude46,mc_C_675,T3,2,0,1.0,10,10
claude46,mc_C_675,T3,2,1,1.0,10,10
claude46,mc_C_675,T4,1,0,1.0,10,10
claude46,mc_C_675,T4,1,1,1.0,10,10
claude46,mc_C_675,T4,2,0,1.0,10,10
claude46,mc_C_675,T4,2,1,1.0,10,10
claude46,mc_C_772,T1,1,0,1.0,10,10
claude46,mc_C_772,T1,1,1,1.0,10,10
claude46,mc_C_772,T1,2,0,1.0,10,10
claude46,mc_C_772,T1,2,1,1.0,10,10
claude46,mc_C_772,T2,1,0,1.0,10,10
claude46,mc_C_772,T2,1,1,1.0,10,10
claude46,mc_C_772,T2,2,0,1.0,10,10
claude46,mc_C_772,T2,2,1,1.0,10,10
claude46,mc_C_772,T3,1,0,1.0,10,10
claude46,mc_C_772,T3,1,1,1.0,10,10
claude46,mc_C_772,T3,2,0,1.0,10,10
claude46,mc_C_772,T3,2,1,1.0,10,10
claude46,mc_C_772,T4,1,0,1.0,10,10
claude46,mc_C_772,T4,1,1,1.0,10,10
claude46,mc_C_772,T4,2,0,1.0,10,10
claude46,mc_C_772,T4,2,1,1.0,10,10
claude46,mc_C_941,T1,1,0,1.0,10,10
claude46,mc_C_941,T1,1,1,1.0,10,10
claude46,mc_C_941,T1,2,0,1.0,10,10
claude46,mc_C_941,T1,2,1,1.0,10,10
claude46,mc_C_941,T2,1,0,1.0,10,10
claude46,mc_C_941,T2,1,1,1.0,10,10
claude46,mc_C_941,T2,2,0,1.0,10,10
claude46,mc_C_941,T2,2,1,1.0,10,10
claude46,mc_C_941,T3,1,0,1.0,10,10
claude46,mc_C_941,T3,1,1,1.0,10,10
claude46,mc_C_941,T3,2,0,1.0,10,10
claude46,mc_C_941,T3,2,1,1.0,10,10
claude46,mc_C_941,T4,1,0,1.0,10,10
claude46,mc_C_941,T4,1,1,1.0,10,10
claude46,mc_C_941,T4,2,0,1.0,10,10
claude46,mc_C_941,T4,2,1,1.0,10,10
claude46,mc_G_005,T1,1,0,1.0,10,10
claude46,mc_G_005,T1,1,1,1.0,10,10
claude46,mc_G_005,T1,2,0,1.0,10,10
claude46,mc_G_005,T1,2,1,1.0,10,10
claude46,mc_G_005,T2,1,0,1.0,10,10
claude46,mc_G_005,T2,1,1,1.0,10,10
claude46,mc_G_005,T2,2,0,1.0,10,10
claude46,mc_G_005,T2,2,1,1.0,10,10
claude46,mc_G_005,T3,1,0,1.0,10,10
claude46,mc_G_005,T3,1,1,1.0,10,10
claude46,mc_G_005,T3,2,0,1.0,10,10
claude46,mc_G_005,T3,2,1,1.0,10,10
claude46,mc_G_005,T4,1,0,1.0,10,10
claude46,mc_G_005,T4,1,1,1.0,10,10
claude46,mc_G_005,T4,2,0,1.0,10,10
claude46,mc_G_005,T4,2,1,1.0,10,10
claude46,mc_G_037,T1,1,0,1.0,10,10
claude46,mc_G_037,T1,1,1,1.0,10,10
claude46,mc_G_037,T1,2,0,1.0,10,10
claude46,mc_G_037,T1,2,1,1.0,10,10
claude46,mc_G_037,T2,1,0,1.0,10,10
claude46,mc_G_037,T2,1,1,1.0,10,10
claude46,mc_G_037,T2,2,0,1.0,10,10
claude46,mc_G_037,T2,2,1,1.0,10,10
claude46,mc_G_037,T3,1,0,1.0,10,10
claude46,mc_G_037,T3,1,1,1.0,10,10
claude46,mc_G_037,T3,2,0,1.0,10,10
claude46,mc_G_037,T3,2,1,1.0,10,10
claude46,mc_G_037,T4,1,0,1.0,10,10
claude46,mc_G_037,T4,1,1,1.0,10,10
claude46,mc_G_037,T4,2,0,1.0,10,10
claude46,mc_G_037,T4,2,1,1.0,10,10
claude46,mc_G_064,T1,1,0,0.0,10,10
claude46,mc_G_064,T1,1,1,0.0,10,10
claude46,mc_G_064,T1,2,0,0.0,10,10
claude46,mc_G_064,T1,2,1,0.0,10,10
claude46,mc_G_064,T2,1,0,0.0,10,10
claude46,mc_G_064,T2,1,1,0.0,10,10
claude46,mc_G_064,T2,2,0,0.0,10,10
claude46,mc_G_064,T2,2,1,0.0,10,10
claude46,mc_G_064,T3,1,0,0.0,10,10
claude46,mc_G_064,T3,1,1,0.0,10,10
claude46,mc_G_064,T3,2,0,0.0,10,10
claude46,mc_G_064,T3,2,1,0.0,10,10
claude46,mc_G_064,T4,1,0,0.0,10,10
claude46,mc_G_064,T4,1,1,0.0,10,10
claude46,mc_G_064,T4,2,0,0.0,10,10
claude46,mc_G_064,T4,2,1,0.0,10,10
claude46,mc_G_086,T1,1,0,1.0,10,10
claude46,mc_G_086,T1,1,1,1.0,10,10
claude46,mc_G_086,T1,2,0,1.0,10,10
claude46,mc_G_086,T1,2,1,1.0,10,10
claude46,mc_G_086,T2,1,0,1.0,10,10
claude46,mc_G_086,T2,1,1,1.0,10,10
claude46,mc_G_086,T2,2,0,1.0,10,10
claude46,mc_G_086,T2,2,1,1.0,10,10
claude46,mc_G_086,T3,1,0,1.0,10,10
claude46,mc_G_086,T3,1,1,1.0,10,10
claude46,mc_G_086,T3,2,0,1.0,10,10
claude46,mc_G_086,T3,2,1,1.0,10,10
claude46,mc_G_086,T4,1,0,1.0,10,10
claude46,mc_G_086,T4,1,1,1.0,10,10
claude46,mc_G_086,T4,2,0,1.0,10,10
claude46,mc_G_086,T4,2,1,1.0,10,10
claude46,mc_G_112,T1,1,0,0.4,10,10
claude46,mc_G_112,T1,1,1,0.3,10,10
claude46,mc_G_112,T1,2,0,1.0,10,10
claude46,mc_G_112,T1,2,1,1.0,10,10
claude46,mc_G_112,T2,1,0,0.0,10,10
claude46,mc_G_112,T2,1,1,0.0,10,10
claude46,mc_G_112,T2,2,0,0.0,10,10
claude46,mc_G_112,T2,2,1,0.0,10,10
claude46,mc_G_112,T3,1,0,1.0,10,10
claude46,mc_G_112,T3,1,1,1.0,10,10
claude46,mc_G_112,T3,2,0,1.0,10,10
claude46,mc_G_112,T3,2,1,1.0,10,10
claude46,mc_G_112,T4,1,0,0.0,10,10
claude46,mc_G_112,T4,1,1,0.0,10,10
claude46,mc_G_112,T4,2,0,0.0,10,10
claude46,mc_G_112,T4,2,1,0.0,10,10
claude46,mc_G_135,T1,1,0,1.0,10,10
claude46,mc_G_135,T1,1,1,1.0,10,10
claude46,mc_G_135,T1,2,0,1.0,10,10
claude46,mc_G_135,T1,2,1,1.0,10,10
claude46,mc_G_135,T2,1,0,1.0,10,10
claude46,mc_G_135,T2,1,1,1.0,10,10
claude46,mc_G_135,T2,2,0,1.0,10,10
claude46,mc_G_135,T2,2,1,1.0,10,10
claude46,mc_G_135,T3,1,0,1.0,10,10
claude46,mc_G_135,T3,1,1,1.0,10,10
claude46,mc_G_135,T3,2,0,1.0,10,10
claude46,mc_G_135,T3,2,1,1.0,10,10
claude46,mc_G_135,T4,1,0,1.0,10,10
claude46,mc_G_135,T4,1,1,1.0,10,10
claude46,mc_G_135,T4,2,0,1.0,10,10
claude46,mc_G_135,T4,2,1,1.0,10,10
claude46,mc_G_156,T1,1,0,1.0,10,10
claude46,mc_G_156,T1,1,1,1.0,10,10
claude46,mc_G_156,T1,2,0,1.0,10,10
claude46,mc_G_156,T1,2,1,1.0,10,10
claude46,mc_G_156,T2,1,0,1.0,10,10
claude46,mc_G_156,T2,1,1,1.0,10,10
claude46,mc_G_156,T2,2,0,1.0,10,10
claude46,mc_G_156,T2,2,1,1.0,10,10
claude46,mc_G_156,T3,1,0,1.0,10,10
claude46,mc_G_156,T3,1,1,1.0,10,10
claude46,mc_G_156,T3,2,0,1.0,10,10
claude46,mc_G_156,T3,2,1,1.0,10,10
claude46,mc_G_156,T4,1,0,1.0,10,10
claude46,mc_G_156,T4,1,1,1.0,10,10
claude46,mc_G_156,T4,2,0,1.0,10,10
claude46,mc_G_156,T4,2,1,1.0,10,10
claude46,mc_G_179,T1,1,0,1.0,10,10
claude46,mc_G_179,T1,1,1,1.0,10,10
claude46,mc_G_179,T1,2,0,1.0,10,10
claude46,mc_G_179,T1,2,1,1.0,10,10
claude46,mc_G_179,T2,1,0,1.0,10,10
claude46,mc_G_179,T2,1,1,1.0,10,10
claude46,mc_G_179,T2,2,0,1.0,10,10
claude46,mc_G_179,T2,2,1,1.0,10,10
claude46,mc_G_179,T3,1,0,1.0,10,10
claude46,mc_G_179,T3,1,1,1.0,10,10
claude46,mc_G_179,T3,2,0,1.0,10,10
claude46,mc_G_179,T3,2,1,1.0,10,10
claude46,mc_G_179,T4,1,0,1.0,10,10
claude46,mc_G_179,T4,1,1,1.0,10,10
claude46,mc_G_179,T4,2,0,1.0,10,10
claude46,mc_G_179,T4,2,1,1.0,10,10
claude46,mc_G_186,T1,1,0,0.0,10,10
claude46,mc_G_186,T1,1,1,0.0,10,10
claude46,mc_G_186,T1,2,0,0.0,10,10
claude46,mc_G_186,T1,2,1,0.0,10,10
claude46,mc_G_186,T2,1,0,0.0,10,10
claude46,mc_G_186,T2,1,1,0.0,10,10
claude46,mc_G_186,T2,2,0,0.0,10,10
claude46,mc_G_186,T2,2,1,0.0,10,10
claude46,mc_G_186,T3,1,0,0.0,10,10
claude46,mc_G_186,T3,1,1,0.0,10,10
claude46,mc_G_186,T3,2,0,0.0,10,10
claude46,mc_G_186,T3,2,1,0.0,10,10
claude46,mc_G_186,T4,1,0,0.0,10,10
claude46,mc_G_186,T4,1,1,0.0,10,10
claude46,mc_G_186,T4,2,0,0.0,10,10
claude46,mc_G_186,T4,2,1,0.0,10,10
claude46,mc_G_235,T1,1,0,1.0,10,10
claude46,mc_G_235,T1,1,1,1.0,10,10
claude46,mc_G_235,T1,2,0,1.0,10,10
claude46,mc_G_235,T1,2,1,1.0,10,10
claude46,mc_G_235,T2,1,0,1.0,10,10
claude46,mc_G_235,T2,1,1,1.0,10,10
claude46,mc_G_235,T2,2,0,1.0,10,10
claude46,mc_G_235,T2,2,1,1.0,10,10
claude46,mc_G_235,T3,1,0,1.0,10,10
claude46,mc_G_235,T3,1,1,1.0,10,10
claude46,mc_G_235,T3,2,0,1.0,10,10
claude46,mc_G_235,T3,2,1,1.0,10,10
claude46,mc_G_235,T4,1,0,1.0,10,10
claude46,mc_G_235,T4,1,1,1.0,10,10
claude46,mc_G_235,T4,2,0,1.0,10,10
claude46,mc_G_235,T4,2,1,1.0,10,10
claude46,mc_G_236,T1,1,0,0.0,10,10
claude46,mc_G_236,T1,1,1,0.0,10,10
claude46,mc_G_236,T1,2,0,0.0,10,10
claude46,mc_G_236,T1,2,1,0.0,10,10
claude46,mc_G_236,T2,1,0,0.0,10,10
claude46,mc_G_236,T2,1,1,0.0,10,10
claude46,mc_G_236,T2,2,0,0.0,10,10
claude46,mc_G_236,T2,2,1,0.0,10,10
claude46,mc_G_236,T3,1,0,0.0,10,10
claude46,mc_G_236,T3,1,1,0.0,10,10
claude46,mc_G_236,T3,2,0,0.0,10,10
claude46,mc_G_236,T3,2,1,0.0,10,10
claude46,mc_G_236,T4,1,0,0.0,10,10
claude46,mc_G_236,T4,1,1,0.0,10,10
claude46,mc_G_236,T4,2,0,0.0,10,10
claude46,mc_G_236,T4,2,1,0.0,10,10
claude46,mc_G_288,T1,1,0,1.0,10,10
claude46,mc_G_288,T1,1,1,1.0,10,10
claude46,mc_G_288,T1,2,0,1.0,10,10
claude46,mc_G_288,T1,2,1,1.0,10,10
claude46,mc_G_288,T2,1,0,1.0,10,10
claude46,mc_G_288,T2,1,1,1.0,10,10
claude46,mc_G_288,T2,2,0,1.0,10,10
claude46,mc_G_288,T2,2,1,1.0,10,10
claude46,mc_G_288,T3,1,0,1.0,10,10
claude46,mc_G_288,T3,1,1,1.0,10,10
claude46,mc_G_288,T3,2,0,1.0,10,10
claude46,mc_G_288,T3,2,1,1.0,10,10
claude46,mc_G_288,T4,1,0,1.0,10,10
claude46,mc_G_288,T4,1,1,1.0,10,10
claude46,mc_G_288,T4,2,0,1.0,10,10
claude46,mc_G_288,T4,2,1,1.0,10,10
claude46,mc_G_302,T1,1,0,1.0,10,10
claude46,mc_G_302,T1,1,1,1.0,10,10
claude46,mc_G_302,T1,2,0,1.0,10,10
claude46,mc_G_302,T1,2,1,1.0,10,10
claude46,mc_G_302,T2,1,0,1.0,10,10
claude46,mc_G_302,T2,1,1,1.0,10,10
claude46,mc_G_302,T2,2,0,1.0,10,10
claude46,mc_G_302,T2,2,1,1.0,10,10
claude46,mc_G_302,T3,1,0,1.0,10,10
claude46,mc_G_302,T3,1,1,1.0,10,10
claude46,mc_G_302,T3,2,0,1.0,10,10
claude46,mc_G_302,T3,2,1,1.0,10,10
claude46,mc_G_302,T4,1,0,1.0,10,10
claude46,mc_G_302,T4,1,1,1.0,10,10
claude46,mc_G_302,T4,2,0,0.9,10,10
claude46,mc_G_302,T4,2,1,0.8,10,10
claude46,mc_G_365,T1,1,0,1.0,10,10
claude46,mc_G_365,T1,1,1,1.0,10,10
claude46,mc_G_365,T1,2,0,1.0,10,10
claude46,mc_G_365,T1,2,1,1.0,10,10
claude46,mc_G_365,T2,1,0,1.0,10,10
claude46,mc_G_365,T2,1,1,1.0,10,10
claude46,mc_G_365,T2,2,0,1.0,10,10
claude46,mc_G_365,T2,2,1,1.0,10,10
claude46,mc_G_365,T3,1,0,1.0,10,10
claude46,mc_G_365,T3,1,1,1.0,10,10
claude46,mc_G_365,T3,2,0,1.0,10,10
claude46,mc_G_365,T3,2,1,1.0,10,10
claude46,mc_G_365,T4,1,0,1.0,10,10
claude46,mc_G_365,T4,1,1,1.0,10,10
claude46,mc_G_365,T4,2,0,1.0,10,10
claude46,mc_G_365,T4,2,1,1.0,10,10
claude46,mc_G_373,T1,1,0,0.0,10,10
claude46,mc_G_373,T1,1,1,0.0,10,10
claude46,mc_G_373,T1,2,0,0.0,10,10
claude46,mc_G_373,T1,2,1,0.0,10,10
claude46,mc_G_373,T2,1,0,0.0,10,10
claude46,mc_G_373,T2,1,1,0.0,10,10
claude46,mc_G_373,T2,2,0,0.0,10,10
claude46,mc_G_373,T2,2,1,0.0,10,10
claude46,mc_G_373,T3,1,0,0.0,10,10
claude46,mc_G_373,T3,1,1,0.0,10,10
claude46,mc_G_373,T3,2,0,0.0,10,10
claude46,mc_G_373,T3,2,1,0.0,10,10
claude46,mc_G_373,T4,1,0,0.0,10,10
claude46,mc_G_373,T4,1,1,0.0,10,10
claude46,mc_G_373,T4,2,0,0.0,10,10
claude46,mc_G_373,T4,2,1,0.0,10,10
claude46,mc_G_385,T1,1,0,1.0,10,10
claude46,mc_G_385,T1,1,1,1.0,10,10
claude46,mc_G_385,T1,2,0,1.0,10,10
claude46,mc_G_385,T1,2,1,1.0,10,10
claude46,mc_G_385,T2,1,0,1.0,10,10
claude46,mc_G_385,T2,1,1,1.0,10,10
claude46,mc_G_385,T2,2,0,1.0,10,10
claude46,mc_G_385,T2,2,1,1.0,10,10
claude46,mc_G_385,T3,1,0,1.0,10,10
claude46,mc_G_385,T3,1,1,1.0,10,10
claude46,mc_G_385,T3,2,0,1.0,10,10
claude46,mc_G_385,T3,2,1,1.0,10,10
claude46,mc_G_385,T4,1,0,1.0,10,10
claude46,mc_G_385,T4,1,1,1.0,10,10
claude46,mc_G_385,T4,2,0,1.0,10,10
claude46,mc_G_385,T4,2,1,1.0,10,10
claude46,mc_G_397,T1,1,0,1.0,10,10
claude46,mc_G_397,T1,1,1,1.0,10,10
claude46,mc_G_397,T1,2,0,1.0,10,10
claude46,mc_G_397,T1,2,1,1.0,10,10
claude46,mc_G_397,T2,1,0,1.0,10,10
claude46,mc_G_397,T2,1,1,1.0,10,10
claude46,mc_G_397,T2,2,0,1.0,10,10
claude46,mc_G_397,T2,2,1,1.0,10,10
claude46,mc_G_397,T3,1,0,1.0,10,10
claude46,mc_G_397,T3,1,1,1.0,10,10
claude46,mc_G_397,T3,2,0,1.0,10,10
claude46,mc_G_397,T3,2,1,1.0,10,10
claude46,mc_G_397,T4,1,0,1.0,10,10
claude46,mc_G_397,T4,1,1,1.0,10,10
claude46,mc_G_397,T4,2,0,1.0,10,10
claude46,mc_G_397,T4,2,1,1.0,10,10
claude46,mc_G_431,T1,1,0,1.0,10,10
claude46,mc_G_431,T1,1,1,1.0,10,10
claude46,mc_G_431,T1,2,0,1.0,10,10
claude46,mc_G_431,T1,2,1,1.0,10,10
claude46,mc_G_431,T2,1,0,1.0,10,10
claude46,mc_G_431,T2,1,1,1.0,10,10
claude46,mc_G_431,T2,2,0,1.0,10,10
claude46,mc_G_431,T2,2,1,1.0,10,10
claude46,mc_G_431,T3,1,0,1.0,10,10
claude46,mc_G_431,T3,1,1,1.0,10,10
claude46,mc_G_431,T3,2,0,1.0,10,10
claude46,mc_G_431,T3,2,1,1.0,10,10
claude46,mc_G_431,T4,1,0,1.0,10,10
claude46,mc_G_431,T4,1,1,1.0,10,10
claude46,mc_G_431,T4,2,0,1.0,10,10
claude46,mc_G_431,T4,2,1,1.0,10,10
claude46,mc_G_453,T1,1,0,1.0,10,10
claude46,mc_G_453,T1,1,1,1.0,10,10
claude46,mc_G_453,T1,2,0,1.0,10,10
claude46,mc_G_453,T1,2,1,1.0,10,10
claude46,mc_G_453,T2,1,0,1.0,10,10
claude46,mc_G_453,T2,1,1,1.0,10,10
claude46,mc_G_453,T2,2,0,1.0,10,10
claude46,mc_G_453,T2,2,1,1.0,10,10
claude46,mc_G_453,T3,1,0,1.0,10,10
claude46,mc_G_453,T3,1,1,1.0,10,10
claude46,mc_G_453,T3,2,0,1.0,10,10
claude46,mc_G_453,T3,2,1,1.0,10,10
claude46,mc_G_453,T4,1,0,1.0,10,10
claude46,mc_G_453,T4,1,1,1.0,10,10
claude46,mc_G_453,T4,2,0,1.0,10,10
claude46,mc_G_453,T4,2,1,1.0,10,10
claude46,mc_G_492,T1,1,0,1.0,10,10
claude46,mc_G_492,T1,1,1,1.0,10,10
claude46,mc_G_492,T1,2,0,1.0,10,10
claude46,mc_G_492,T1,2,1,1.0,10,10
claude46,mc_G_492,T2,1,0,1.0,10,10
claude46,mc_G_492,T2,1,1,1.0,10,10
claude46,mc_G_492,T2,2,0,1.0,10,10
claude46,mc_G_492,T2,2,1,1.0,10,10
claude46,mc_G_492,T3,1,0,1.0,10,10
claude46,mc_G_492,T3,1,1,1.0,10,10
claude46,mc_G_492,T3,2,0,1.0,10,10
claude46,mc_G_492,T3,2,1,1.0,10,10
claude46,mc_G_492,T4,1,0,1.0,10,10
claude46,mc_G_492,T4,1,1,1.0,10,10
claude46,mc_G_492,T4,2,0,1.0,10,10
claude46,mc_G_492,T4,2,1,1.0,10,10
claude46,mc_G_572,T1,1,0,1.0,10,10
claude46,mc_G_572,T1,1,1,1.0,10,10
claude46,mc_G_572,T1,2,0,1.0,10,10
claude46,mc_G_572,T1,2,1,1.0,10,10
claude46,mc_G_572,T2,1,0,1.0,10,10
claude46,mc_G_572,T2,1,1,1.0,10,10
claude46,mc_G_572,T2,2,0,1.0,10,10
claude46,mc_G_572,T2,2,1,1.0,10,10
claude46,mc_G_572,T3,1,0,1.0,10,10
claude46,mc_G_572,T3,1,1,1.0,10,10
claude46,mc_G_572,T3,2,0,1.0,10,10
claude46,mc_G_572,T3,2,1,1.0,10,10
claude46,mc_G_572,T4,1,0,1.0,10,10
claude46,mc_G_572,T4,1,1,1.0,10,10
claude46,mc_G_572,T4,2,0,1.0,10,10
claude46,mc_G_572,T4,2,1,1.0,10,10
claude46,mc_G_595,T1,1,0,1.0,10,10
claude46,mc_G_595,T1,1,1,1.0,10,10
claude46,mc_G_595,T1,2,0,1.0,10,10
claude46,mc_G_595,T1,2,1,1.0,10,10
claude46,mc_G_595,T2,1,0,1.0,10,10
claude46,mc_G_595,T2,1,1,1.0,10,10
claude46,mc_G_595,T2,2,0,1.0,10,10
claude46,mc_G_595,T2,2,1,1.0,10,10
claude46,mc_G_595,T3,1,0,1.0,10,10
claude46,mc_G_595,T3,1,1,1.0,10,10
claude46,mc_G_595,T3,2,0,1.0,10,10
claude46,mc_G_595,T3,2,1,1.0,10,10
claude46,mc_G_595,T4,1,0,1.0,10,10
claude46,mc_G_595,T4,1,1,1.0,10,10
claude46,mc_G_595,T4,2,0,1.0,10,10
claude46,mc_G_595,T4,2,1,1.0,10,10
claude46,mc_G_601,T1,1,0,0.0,10,10
claude46,mc_G_601,T1,1,1,0.0,10,10
claude46,mc_G_601,T1,2,0,0.0,10,10
claude46,mc_G_601,T1,2,1,0.0,10,10
claude46,mc_G_601,T2,1,0,0.0,10,10
claude46,mc_G_601,T2,1,1,0.0,10,10
claude46,mc_G_601,T2,2,0,0.0,10,10
claude46,mc_G_601,T2,2,1,0.0,10,10
claude46,mc_G_601,T3,1,0,0.0,10,10
claude46,mc_G_601,T3,1,1,0.0,10,10
claude46,mc_G_601,T3,2,0,0.0,10,10
claude46,mc_G_601,T3,2,1,0.0,10,10
claude46,mc_G_601,T4,1,0,0.0,10,10
claude46,mc_G_601,T4,1,1,0.0,10,10
claude46,mc_G_601,T4,2,0,0.0,10,10
claude46,mc_G_601,T4,2,1,0.0,10,10
claude46,mc_H_035,T1,1,0,0.0,10,10
claude46,mc_H_035,T1,1,1,0.0,10,10
claude46,mc_H_035,T1,2,0,0.0,10,10
claude46,mc_H_035,T1,2,1,0.0,10,10
claude46,mc_H_035,T2,1,0,0.0,10,10
claude46,mc_H_035,T2,1,1,0.0,10,10
claude46,mc_H_035,T2,2,0,0.0,10,10
claude46,mc_H_035,T2,2,1,0.0,10,10
claude46,mc_H_035,T3,1,0,0.0,10,10
claude46,mc_H_035,T3,1,1,0.0,10,10
claude46,mc_H_035,T3,2,0,0.0,10,10
claude46,mc_H_035,T3,2,1,0.0,10,10
claude46,mc_H_035,T4,1,0,0.0,10,10
claude46,mc_H_035,T4,1,1,0.0,10,10
claude46,mc_H_035,T4,2,0,0.0,10,10
claude46,mc_H_035,T4,2,1,0.0,10,10
claude46,mc_H_044,T1,1,0,1.0,10,10
claude46,mc_H_044,T1,1,1,1.0,10,10
claude46,mc_H_044,T1,2,0,1.0,10,10
claude46,mc_H_044,T1,2,1,1.0,10,10
claude46,mc_H_044,T2,1,0,1.0,10,10
claude46,mc_H_044,T2,1,1,1.0,10,10
claude46,mc_H_044,T2,2,0,1.0,10,10
claude46,mc_H_044,T2,2,1,1.0,10,10
claude46,mc_H_044,T3,1,0,1.0,10,10
claude46,mc_H_044,T3,1,1,1.0,10,10
claude46,mc_H_044,T3,2,0,1.0,10,10
claude46,mc_H_044,T3,2,1,1.0,10,10
claude46,mc_H_044,T4,1,0,1.0,10,10
claude46,mc_H_044,T4,1,1,1.0,10,10
claude46,mc_H_044,T4,2,0,1.0,10,10
claude46,mc_H_044,T4,2,1,1.0,10,10
claude46,mc_H_049,T1,1,0,0.0,10,10
claude46,mc_H_049,T1,1,1,0.0,10,10
claude46,mc_H_049,T1,2,0,0.0,10,10
claude46,mc_H_049,T1,2,1,0.0,10,10
claude46,mc_H_049,T2,1,0,0.0,10,10
claude46,mc_H_049,T2,1,1,0.0,10,10
claude46,mc_H_049,T2,2,0,0.0,10,10
claude46,mc_H_049,T2,2,1,0.0,10,10
claude46,mc_H_049,T3,1,0,0.0,10,10
claude46,mc_H_049,T3,1,1,0.0,10,10
claude46,mc_H_049,T3,2,0,0.0,10,10
claude46,mc_H_049,T3,2,1,0.0,10,10
claude46,mc_H_049,T4,1,0,1.0,10,10
claude46,mc_H_049,T4,1,1,1.0,10,10
claude46,mc_H_049,T4,2,0,1.0,10,10
claude46,mc_H_049,T4,2,1,1.0,10,10
claude46,mc_H_060,T1,1,0,1.0,10,10
claude46,mc_H_060,T1,1,1,1.0,10,10
claude46,mc_H_060,T1,2,0,1.0,10,10
claude46,mc_H_060,T1,2,1,1.0,10,10
claude46,mc_H_060,T2,1,0,1.0,10,10
claude46,mc_H_060,T2,1,1,1.0,10,10
claude46,mc_H_060,T2,2,0,1.0,10,10
claude46,mc_H_060,T2,2,1,1.0,10,10
claude46,mc_H_060,T3,1,0,1.0,10,10
claude46,mc_H_060,T3,1,1,1.0,10,10
claude46,mc_H_060,T3,2,0,1.0,10,10
claude46,mc_H_060,T3,2,1,1.0,10,10
claude46,mc_H_060,T4,1,0,1.0,10,10
claude46,mc_H_060,T4,1,1,1.0,10,10
claude46,mc_H_060,T4,2,0,1.0,10,10
claude46,mc_H_060,T4,2,1,1.0,10,10
claude46,mc_H_066,T1,1,0,0.0,10,10
claude46,mc_H_066,T1,1,1,0.0,10,10
claude46,mc_H_066,T1,2,0,0.0,10,10
claude46,mc_H_066,T1,2,1,0.0,10,10
claude46,mc_H_066,T2,1,0,0.0,10,10
claude46,mc_H_066,T2,1,1,0.0,10,10
claude46,mc_H_066,T2,2,0,0.0,10,10
claude46,mc_H_066,T2,2,1,0.0,10,10
claude46,mc_H_066,T3,1,0,0.0,10,10
claude46,mc_H_066,T3,1,1,0.0,10,10
claude46,mc_H_066,T3,2,0,0.0,10,10
claude46,mc_H_066,T3,2,1,0.0,10,10
claude46,mc_H_066,T4,1,0,0.0,10,10
claude46,mc_H_066,T4,1,1,0.0,10,10
claude46,mc_H_066,T4,2,0,0.0,10,10
claude46,mc_H_066,T4,2,1,0.0,10,10
claude46,mc_H_072,T1,1,0,1.0,10,10
claude46,mc_H_072,T1,1,1,1.0,10,10
claude46,mc_H_072,T1,2,0,1.0,10,10
claude46,mc_H_072,T1,2,1,1.0,10,10
claude46,mc_H_072,T2,1,0,1.0,10,10
claude46,mc_H_072,T2,1,1,1.0,10,10
claude46,mc_H_072,T2,2,0,1.0,10,10
claude46,mc_H_072,T2,2,1,1.0,10,10
claude46,mc_H_072,T3,1,0,1.0,10,10
claude46,mc_H_072,T3,1,1,1.0,10,10
claude46,mc_H_072,T3,2,0,1.0,10,10
claude46,mc_H_072,T3,2,1,1.0,10,10
claude46,mc_H_072,T4,1,0,1.0,10,10
claude46,mc_H_072,T4,1,1,1.0,10,10
claude46,mc_H_072,T4,2,0,1.0,10,10
claude46,mc_H_072,T4,2,1,1.0,10,10
claude46,mc_H_073,T1,1,0,0.0,10,10
claude46,mc_H_073,T1,1,1,0.0,10,10
claude46,mc_H_073,T1,2,0,0.0,10,10
claude46,mc_H_073,T1,2,1,0.0,10,10
claude46,mc_H_073,T2,1,0,1.0,10,10
claude46,mc_H_073,T2,1,1,1.0,10,10
claude46,mc_H_073,T2,2,0,1.0,10,10
claude46,mc_H_073,T2,2,1,1.0,10,10
claude46,mc_H_073,T3,1,0,0.2,10,10
claude46,mc_H_073,T3,1,1,0.1,10,10
claude46,mc_H_073,T3,2,0,1.0,10,10
claude46,mc_H_073,T3,2,1,1.0,10,10
claude46,mc_H_073,T4,1,0,0.0,10,10
claude46,mc_H_073,T4,1,1,0.0,10,10
claude46,mc_H_073,T4,2,0,0.9,10,10
claude46,mc_H_073,T4,2,1,0.9,10,10
claude_haiku45,dd_0107,T1,1,0,0.0,10,10
claude_haiku45,dd_0107,T1,1,1,0.0,10,10
claude_haiku45,dd_0107,T1,2,0,0.0,10,10
claude_haiku45,dd_0107,T1,2,1,0.0,10,10
claude_haiku45,dd_0107,T2,1,0,0.0,10,10
claude_haiku45,dd_0107,T2,1,1,0.0,10,10
claude_haiku45,dd_0107,T2,2,0,0.0,10,10
claude_haiku45,dd_0107,T2,2,1,0.0,10,10
claude_haiku45,dd_0107,T3,1,0,0.0,10,10
claude_haiku45,dd_0107,T3,1,1,0.0,10,10
claude_haiku45,dd_0107,T3,2,0,0.0,10,10
claude_haiku45,dd_0107,T3,2,1,0.0,10,10
claude_haiku45,dd_0107,T4,1,0,0.0,10,10
claude_haiku45,dd_0107,T4,1,1,0.0,10,10
claude_haiku45,dd_0107,T4,2,0,0.0,10,10
claude_haiku45,dd_0107,T4,2,1,0.0,10,10
claude_haiku45,dd_0283,T1,1,0,0.0,10,10
claude_haiku45,dd_0283,T1,1,1,0.0,10,10
claude_haiku45,dd_0283,T1,2,0,0.0,10,10
claude_haiku45,dd_0283,T1,2,1,0.0,10,10
claude_haiku45,dd_0283,T2,1,0,0.0,10,10
claude_haiku45,dd_0283,T2,1,1,0.0,10,10
claude_haiku45,dd_0283,T2,2,0,0.0,10,10
claude_haiku45,dd_0283,T2,2,1,0.0,10,10
claude_haiku45,dd_0283,T3,1,0,0.0,10,10
claude_haiku45,dd_0283,T3,1,1,0.0,10,10
claude_haiku45,dd_0283,T3,2,0,0.0,10,10
claude_haiku45,dd_0283,T3,2,1,0.0,10,10
claude_haiku45,dd_0283,T4,1,0,0.0,10,10
claude_haiku45,dd_0283,T4,1,1,0.0,10,10
claude_haiku45,dd_0283,T4,2,0,0.0,10,10
claude_haiku45,dd_0283,T4,2,1,0.0,10,10
claude_haiku45,dd_11241,T1,1,0,0.0,10,10
claude_haiku45,dd_11241,T1,1,1,0.0,10,10
claude_haiku45,dd_11241,T1,2,0,0.0,10,10
claude_haiku45,dd_11241,T1,2,1,0.0,10,10
claude_haiku45,dd_11241,T2,1,0,0.1,10,10
claude_haiku45,dd_11241,T2,1,1,0.0,10,10
claude_haiku45,dd_11241,T2,2,0,0.0,10,10
claude_haiku45,dd_11241,T2,2,1,0.0,10,10
claude_haiku45,dd_11241,T3,1,0,0.0,10,10
claude_haiku45,dd_11241,T3,1,1,0.0,10,10
claude_haiku45,dd_11241,T3,2,0,0.0,10,10
claude_haiku45,dd_11241,T3,2,1,0.0,10,10
claude_haiku45,dd_11241,T4,1,0,0.0,10,10
claude_haiku45,dd_11241,T4,1,1,0.0,10,10
claude_haiku45,dd_11241,T4,2,0,0.0,10,10
claude_haiku45,dd_11241,T4,2,1,0.0,10,10
claude_haiku45,dd_13518,T1,1,0,0.0,10,10
claude_haiku45,dd_13518,T1,1,1,0.0,10,10
claude_haiku45,dd_13518,T1,2,0,0.0,10,10
claude_haiku45,dd_13518,T1,2,1,0.0,10,10
claude_haiku45,dd_13518,T2,1,0,0.0,10,10
claude_haiku45,dd_13518,T2,1,1,0.0,10,10
claude_haiku45,dd_13518,T2,2,0,0.0,10,10
claude_haiku45,dd_13518,T2,2,1,0.0,10,10
claude_haiku45,dd_13518,T3,1,0,0.0,10,10
claude_haiku45,dd_13518,T3,1,1,0.0,10,10
claude_haiku45,dd_13518,T3,2,0,0.0,10,10
claude_haiku45,dd_13518,T3,2,1,0.0,10,10
claude_haiku45,dd_13518,T4,1,0,0.0,10,10
claude_haiku45,dd_13518,T4,1,1,0.0,10,10
claude_haiku45,dd_13518,T4,2,0,0.0,10,10
claude_haiku45,dd_13518,T4,2,1,0.0,10,10
claude_haiku45,dd_14408,T1,1,0,1.0,10,10
claude_haiku45,dd_14408,T1,1,1,1.0,10,10
claude_haiku45,dd_14408,T1,2,0,1.0,10,10
claude_haiku45,dd_14408,T1,2,1,1.0,10,10
claude_haiku45,dd_14408,T2,1,0,1.0,10,10
claude_haiku45,dd_14408,T2,1,1,1.0,10,10
claude_haiku45,dd_14408,T2,2,0,1.0,10,10
claude_haiku45,dd_14408,T2,2,1,1.0,10,10
claude_haiku45,dd_14408,T3,1,0,1.0,10,10
claude_haiku45,dd_14408,T3,1,1,1.0,10,10
claude_haiku45,dd_14408,T3,2,0,1.0,10,10
claude_haiku45,dd_14408,T3,2,1,1.0,10,10
claude_haiku45,dd_14408,T4,1,0,1.0,10,10
claude_haiku45,dd_14408,T4,1,1,1.0,10,10
claude_haiku45,dd_14408,T4,2,0,1.0,10,10
claude_haiku45,dd_14408,T4,2,1,1.0,10,10
claude_haiku45,dd_14818,T1,1,0,1.0,10,10
claude_haiku45,dd_14818,T1,1,1,1.0,10,10
claude_haiku45,dd_14818,T1,2,0,0.0,10,10
claude_haiku45,dd_14818,T1,2,1,0.0,10,10
claude_haiku45,dd_14818,T2,1,0,1.0,10,10
claude_haiku45,dd_14818,T2,1,1,1.0,10,10
claude_haiku45,dd_14818,T2,2,0,1.0,10,10
claude_haiku45,dd_14818,T2,2,1,1.0,10,10
claude_haiku45,dd_14818,T3,1,0,1.0,10,10
claude_haiku45,dd_14818,T3,1,1,1.0,10,10
claude_haiku45,dd_14818,T3,2,0,0.0,10,10
claude_haiku45,dd_14818,T3,2,1,0.0,10,10
claude_haiku45,dd_14818,T4,1,0,1.0,10,10
claude_haiku45,dd_14818,T4,1,1,1.0,10,10
claude_haiku45,dd_14818,T4,2,0,0.0,10,10
claude_haiku45,dd_14818,T4,2,1,0.0,10,10
claude_haiku45,dd_15810,T1,1,0,0.9,10,10
claude_haiku45,dd_15810,T1,1,1,1.0,10,10
claude_haiku45,dd_15810,T1,2,0,1.0,10,10
claude_haiku45,dd_15810,T1,2,1,1.0,10,10
claude_haiku45,dd_15810,T2,1,0,1.0,10,10
claude_haiku45,dd_15810,T2,1,1,1.0,10,10
claude_haiku45,dd_15810,T2,2,0,1.0,10,10
claude_haiku45,dd_15810,T2,2,1,1.0,10,10
claude_haiku45,dd_15810,T3,1,0,1.0,10,10
claude_haiku45,dd_15810,T3,1,1,1.0,10,10
claude_haiku45,dd_15810,T3,2,0,1.0,10,10
claude_haiku45,dd_15810,T3,2,1,1.0,10,10
claude_haiku45,dd_15810,T4,1,0,1.0,10,10
claude_haiku45,dd_15810,T4,1,1,1.0,10,10
claude_haiku45,dd_15810,T4,2,0,1.0,10,10
claude_haiku45,dd_15810,T4,2,1,1.0,10,10
claude_haiku45,dd_17929,T1,1,0,0.0,10,10
claude_haiku45,dd_17929,T1,1,1,0.0,10,10
claude_haiku45,dd_17929,T1,2,0,0.0,10,10
claude_haiku45,dd_17929,T1,2,1,0.0,10,10
claude_haiku45,dd_17929,T2,1,0,0.0,10,10
claude_haiku45,dd_17929,T2,1,1,0.0,10,10
claude_haiku45,dd_17929,T2,2,0,0.0,10,10
claude_haiku45,dd_17929,T2,2,1,0.0,10,10
claude_haiku45,dd_17929,T3,1,0,0.0,10,10
claude_haiku45,dd_17929,T3,1,1,0.0,10,10
claude_haiku45,dd_17929,T3,2,0,0.0,10,10
claude_haiku45,dd_17929,T3,2,1,0.0,10,10
claude_haiku45,dd_17929,T4,1,0,0.0,10,10
claude_haiku45,dd_17929,T4,1,1,0.0,10,10
claude_haiku45,dd_17929,T4,2,0,0.0,10,10
claude_haiku45,dd_17929,T4,2,1,0.0,10,10
claude_haiku45,dd_1808,T1,1,0,1.0,10,10
claude_haiku45,dd_1808,T1,1,1,1.0,10,10
claude_haiku45,dd_1808,T1,2,0,1.0,10,10
claude_haiku45,dd_1808,T1,2,1,1.0,10,10
claude_haiku45,dd_1808,T2,1,0,1.0,10,10
claude_haiku45,dd_1808,T2,1,1,1.0,10,10
claude_haiku45,dd_1808,T2,2,0,1.0,10,10
claude_haiku45,dd_1808,T2,2,1,1.0,10,10
claude_haiku45,dd_1808,T3,1,0,1.0,10,10
claude_haiku45,dd_1808,T3,1,1,1.0,10,10
claude_haiku45,dd_1808,T3,2,0,1.0,10,10
claude_haiku45,dd_1808,T3,2,1,1.0,10,10
claude_haiku45,dd_1808,T4,1,0,1.0,10,10
claude_haiku45,dd_1808,T4,1,1,1.0,10,10
claude_haiku45,dd_1808,T4,2,0,1.0,10,10
claude_haiku45,dd_1808,T4,2,1,1.0,10,10
claude_haiku45,dd_1814,T1,1,0,0.0,10,10
claude_haiku45,dd_1814,T1,1,1,0.0,10,10
claude_haiku45,dd_1814,T1,2,0,0.0,10,10
claude_haiku45,dd_1814,T1,2,1,0.0,10,10
claude_haiku45,dd_1814,T2,1,0,0.0,10,10
claude_haiku45,dd_1814,T2,1,1,0.0,10,10
claude_haiku45,dd_1814,T2,2,0,0.0,10,10
claude_haiku45,dd_1814,T2,2,1,0.0,10,10
claude_haiku45,dd_1814,T3,1,0,0.0,10,10
claude_haiku45,dd_1814,T3,1,1,0.0,10,10
claude_haiku45,dd_1814,T3,2,0,0.0,10,10
claude_haiku45,dd_1814,T3,2,1,0.0,10,10
claude_haiku45,dd_1814,T4,1,0,0.0,10,10
claude_haiku45,dd_1814,T4,1,1,0.0,10,10
claude_haiku45,dd_1814,T4,2,0,0.0,10,10
claude_haiku45,dd_1814,T4,2,1,0.0,10,10
claude_haiku45,dd_18223,T1,1,0,0.0,10,10
claude_haiku45,dd_18223,T1,1,1,0.0,10,10
claude_haiku45,dd_18223,T1,2,0,0.0,10,10
claude_haiku45,dd_18223,T1,2,1,0.0,10,10
claude_haiku45,dd_18223,T2,1,0,0.0,10,10
claude_haiku45,dd_18223,T2,1,1,0.0,10,10
claude_haiku45,dd_18223,T2,2,0,0.0,10,10
claude_haiku45,dd_18223,T2,2,1,0.0,10,10
claude_haiku45,dd_18223,T3,1,0,0.0,10,10
claude_haiku45,dd_18223,T3,1,1,0.0,10,10
claude_haiku45,dd_18223,T3,2,0,0.0,10,10
claude_haiku45,dd_18223,T3,2,1,0.0,10,10
claude_haiku45,dd_18223,T4,1,0,0.0,10,10
claude_haiku45,dd_18223,T4,1,1,0.0,10,10
claude_haiku45,dd_18223,T4,2,0,0.0,10,10
claude_haiku45,dd_18223,T4,2,1,0.0,10,10
claude_haiku45,dd_18643,T1,1,0,1.0,10,10
claude_haiku45,dd_18643,T1,1,1,1.0,10,10
claude_haiku45,dd_18643,T1,2,0,1.0,10,10
claude_haiku45,dd_18643,T1,2,1,1.0,10,10
claude_haiku45,dd_18643,T2,1,0,1.0,10,10
claude_haiku45,dd_18643,T2,1,1,1.0,10,10
claude_haiku45,dd_18643,T2,2,0,1.0,10,10
claude_haiku45,dd_18643,T2,2,1,1.0,10,10
claude_haiku45,dd_18643,T3,1,0,1.0,10,10
claude_haiku45,dd_18643,T3,1,1,1.0,10,10
claude_haiku45,dd_18643,T3,2,0,1.0,10,10
claude_haiku45,dd_18643,T3,2,1,1.0,10,10
claude_haiku45,dd_18643,T4,1,0,1.0,10,10
claude_haiku45,dd_18643,T4,1,1,1.0,10,10
claude_haiku45,dd_18643,T4,2,0,1.0,10,10
claude_haiku45,dd_18643,T4,2,1,1.0,10,10
claude_haiku45,dd_18670,T1,1,0,1.0,10,10
claude_haiku45,dd_18670,T1,1,1,1.0,10,10
claude_haiku45,dd_18670,T1,2,0,1.0,10,10
claude_haiku45,dd_18670,T1,2,1,1.0,10,10
claude_haiku45,dd_18670,T2,1,0,1.0,10,10
claude_haiku45,dd_18670,T2,1,1,1.0,10,10
claude_haiku45,dd_18670,T2,2,0,1.0,10,10
claude_haiku45,dd_18670,T2,2,1,1.0,10,10
claude_haiku45,dd_18670,T3,1,0,1.0,10,10
claude_haiku45,dd_18670,T3,1,1,1.0,10,10
claude_haiku45,dd_18670,T3,2,0,1.0,10,10
claude_haiku45,dd_18670,T3,2,1,1.0,10,10
claude_haiku45,dd_18670,T4,1,0,1.0,10,10
claude_haiku45,dd_18670,T4,1,1,1.0,10,10
claude_haiku45,dd_18670,T4,2,0,1.0,10,10
claude_haiku45,dd_18670,T4,2,1,1.0,10,10
claude_haiku45,dd_2081,T1,1,0,1.0,10,10
claude_haiku45,dd_2081,T1,1,1,1.0,10,10
claude_haiku45,dd_2081,T1,2,0,1.0,10,10
claude_haiku45,dd_2081,T1,2,1,1.0,10,10
claude_haiku45,dd_2081,T2,1,0,1.0,10,10
claude_haiku45,dd_2081,T2,1,1,1.0,10,10
claude_haiku45,dd_2081,T2,2,0,1.0,10,10
claude_haiku45,dd_2081,T2,2,1,1.0,9,10
claude_haiku45,dd_2081,T3,1,0,1.0,4,10
claude_haiku45,dd_2081,T3,1,1,1.0,5,10
claude_haiku45,dd_2081,T3,2,0,1.0,10,10
claude_haiku45,dd_2081,T3,2,1,1.0,10,10
claude_haiku45,dd_2081,T4,1,0,1.0,10,10
claude_haiku45,dd_2081,T4,1,1,1.0,10,10
claude_haiku45,dd_2081,T4,2,0,1.0,10,10
claude_haiku45,dd_2081,T4,2,1,1.0,10,10
claude_haiku45,dd_21158,T1,1,0,1.0,10,10
claude_haiku45,dd_21158,T1,1,1,1.0,10,10
claude_haiku45,dd_21158,T1,2,0,1.0,10,10
claude_haiku45,dd_21158,T1,2,1,1.0,10,10
claude_haiku45,dd_21158,T2,1,0,1.0,10,10
claude_haiku45,dd_21158,T2,1,1,1.0,10,10
claude_haiku45,dd_21158,T2,2,0,1.0,10,10
claude_haiku45,dd_21158,T2,2,1,1.0,10,10
claude_haiku45,dd_21158,T3,1,0,1.0,10,10
claude_haiku45,dd_21158,T3,1,1,1.0,10,10
claude_haiku45,dd_21158,T3,2,0,1.0,10,10
claude_haiku45,dd_21158,T3,2,1,1.0,10,10
claude_haiku45,dd_21158,T4,1,0,1.0,10,10
claude_haiku45,dd_21158,T4,1,1,1.0,10,10
claude_haiku45,dd_21158,T4,2,0,1.0,10,10
claude_haiku45,dd_21158,T4,2,1,1.0,10,10
claude_haiku45,dd_21629,T1,1,0,1.0,10,10
claude_haiku45,dd_21629,T1,1,1,1.0,10,10
claude_haiku45,dd_21629,T1,2,0,1.0,10,10
claude_haiku45,dd_21629,T1,2,1,1.0,10,10
claude_haiku45,dd_21629,T2,1,0,1.0,10,10
claude_haiku45,dd_21629,T2,1,1,1.0,10,10
claude_haiku45,dd_21629,T2,2,0,1.0,10,10
claude_haiku45,dd_21629,T2,2,1,1.0,10,10
claude_haiku45,dd_21629,T3,1,0,1.0,10,10
claude_haiku45,dd_21629,T3,1,1,1.0,10,10
claude_haiku45,dd_21629,T3,2,0,1.0,10,10
claude_haiku45,dd_21629,T3,2,1,1.0,10,10
claude_haiku45,dd_21629,T4,1,0,1.0,10,10
claude_haiku45,dd_21629,T4,1,1,1.0,10,10
claude_haiku45,dd_21629,T4,2,0,1.0,10,10
claude_haiku45,dd_21629,T4,2,1,1.0,10,10
claude_haiku45,dd_21630,T1,1,0,0.0,10,10
claude_haiku45,dd_21630,T1,1,1,0.0,10,10
claude_haiku45,dd_21630,T1,2,0,0.0,10,10
claude_haiku45,dd_21630,T1,2,1,0.0,10,10
claude_haiku45,dd_21630,T2,1,0,0.0,10,10
claude_haiku45,dd_21630,T2,1,1,0.0,10,10
claude_haiku45,dd_21630,T2,2,0,0.0,10,10
claude_haiku45,dd_21630,T2,2,1,0.0,10,10
claude_haiku45,dd_21630,T3,1,0,0.0,10,10
claude_haiku45,dd_21630,T3,1,1,0.0,10,10
claude_haiku45,dd_21630,T3,2,0,0.0,10,10
claude_haiku45,dd_21630,T3,2,1,0.0,10,10
claude_haiku45,dd_21630,T4,1,0,0.0,10,10
claude_haiku45,dd_21630,T4,1,1,0.0,10,10
claude_haiku45,dd_21630,T4,2,0,0.0,10,10
claude_haiku45,dd_21630,T4,2,1,0.0,10,10
claude_haiku45,dd_22819,T1,1,0,0.0,10,10
claude_haiku45,dd_22819,T1,1,1,0.0,10,10
claude_haiku45,dd_22819,T1,2,0,0.0,10,10
claude_haiku45,dd_22819,T1,2,1,0.0,10,10
claude_haiku45,dd_22819,T2,1,0,0.0,10,10
claude_haiku45,dd_22819,T2,1,1,0.0,10,10
claude_haiku45,dd_22819,T2,2,0,0.0,10,10
claude_haiku45,dd_22819,T2,2,1,0.0,10,10
claude_haiku45,dd_22819,T3,1,0,0.0,10,10
claude_haiku45,dd_22819,T3,1,1,0.0,10,10
claude_haiku45,dd_22819,T3,2,0,0.0,10,10
claude_haiku45,dd_22819,T3,2,1,0.0,10,10
claude_haiku45,dd_22819,T4,1,0,0.0,10,10
claude_haiku45,dd_22819,T4,1,1,0.0,10,10
claude_haiku45,dd_22819,T4,2,0,0.0,10,10
claude_haiku45,dd_22819,T4,2,1,0.0,10,10
claude_haiku45,dd_23534,T1,1,0,1.0,10,10
claude_haiku45,dd_23534,T1,1,1,1.0,9,10
claude_haiku45,dd_23534,T1,2,0,0.0,2,10
claude_haiku45,dd_23534,T1,2,1,1.0,1,10
claude_haiku45,dd_23534,T2,1,0,1.0,10,10
claude_haiku45,dd_23534,T2,1,1,1.0,9,10
claude_haiku45,dd_23534,T2,2,0,0.6,5,10
claude_haiku45,dd_23534,T2,2,1,0.16666666666666666,6,10
claude_haiku45,dd_23534,T3,1,0,1.0,10,10
claude_haiku45,dd_23534,T3,1,1,1.0,10,10
claude_haiku45,dd_23534,T3,2,0,0.0,8,10
claude_haiku45,dd_23534,T3,2,1,0.0,6,10
claude_haiku45,dd_23534,T4,1,0,1.0,10,10
claude_haiku45,dd_23534,T4,1,1,1.0,10,10
claude_haiku45,dd_23534,T4,2,0,0.6666666666666666,6,10
claude_haiku45,dd_23534,T4,2,1,0.5,6,10
claude_haiku45,dd_24260,T1,1,0,0.0,10,10
claude_haiku45,dd_24260,T1,1,1,0.0,10,10
claude_haiku45,dd_24260,T1,2,0,0.0,10,10
claude_haiku45,dd_24260,T1,2,1,0.0,10,10
claude_haiku45,dd_24260,T2,1,0,0.0,10,10
claude_haiku45,dd_24260,T2,1,1,0.0,10,10
claude_haiku45,dd_24260,T2,2,0,0.0,10,10
claude_haiku45,dd_24260,T2,2,1,0.0,10,10
claude_haiku45,dd_24260,T3,1,0,0.0,10,10
claude_haiku45,dd_24260,T3,1,1,0.0,10,10
claude_haiku45,dd_24260,T3,2,0,0.0,10,10
claude_haiku45,dd_24260,T3,2,1,0.0,10,10
claude_haiku45,dd_24260,T4,1,0,0.0,10,10
claude_haiku45,dd_24260,T4,1,1,0.0,10,10
claude_haiku45,dd_24260,T4,2,0,0.0,10,10
claude_haiku45,dd_24260,T4,2,1,0.0,10,10
claude_haiku45,dd_24405,T1,1,0,0.0,10,10
claude_haiku45,dd_24405,T1,1,1,0.0,10,10
claude_haiku45,dd_24405,T1,2,0,0.0,10,10
claude_haiku45,dd_24405,T1,2,1,0.0,10,10
claude_haiku45,dd_24405,T2,1,0,0.0,10,10
claude_haiku45,dd_24405,T2,1,1,0.0,10,10
claude_haiku45,dd_24405,T2,2,0,0.0,10,10
claude_haiku45,dd_24405,T2,2,1,0.0,10,10
claude_haiku45,dd_24405,T3,1,0,0.0,10,10
claude_haiku45,dd_24405,T3,1,1,0.0,10,10
claude_haiku45,dd_24405,T3,2,0,0.0,10,10
claude_haiku45,dd_24405,T3,2,1,0.0,10,10
claude_haiku45,dd_24405,T4,1,0,0.0,10,10
claude_haiku45,dd_24405,T4,1,1,0.0,10,10
claude_haiku45,dd_24405,T4,2,0,0.0,10,10
claude_haiku45,dd_24405,T4,2,1,0.0,10,10
claude_haiku45,dd_24975,T1,1,0,1.0,10,10
claude_haiku45,dd_24975,T1,1,1,1.0,10,10
claude_haiku45,dd_24975,T1,2,0,1.0,10,10
claude_haiku45,dd_24975,T1,2,1,1.0,10,10
claude_haiku45,dd_24975,T2,1,0,1.0,10,10
claude_haiku45,dd_24975,T2,1,1,1.0,10,10
claude_haiku45,dd_24975,T2,2,0,1.0,10,10
claude_haiku45,dd_24975,T2,2,1,1.0,10,10
claude_haiku45,dd_24975,T3,1,0,1.0,10,10
claude_haiku45,dd_24975,T3,1,1,1.0,10,10
claude_haiku45,dd_24975,T3,2,0,1.0,10,10
claude_haiku45,dd_24975,T3,2,1,1.0,10,10
claude_haiku45,dd_24975,T4,1,0,1.0,10,10
claude_haiku45,dd_24975,T4,1,1,1.0,10,10
claude_haiku45,dd_24975,T4,2,0,1.0,10,10
claude_haiku45,dd_24975,T4,2,1,1.0,10,10
claude_haiku45,dd_25137,T1,1,0,1.0,10,10
claude_haiku45,dd_25137,T1,1,1,1.0,10,10
claude_haiku45,dd_25137,T1,2,0,1.0,10,10
claude_haiku45,dd_25137,T1,2,1,1.0,10,10
claude_haiku45,dd_25137,T2,1,0,1.0,10,10
claude_haiku45,dd_25137,T2,1,1,1.0,10,10
claude_haiku45,dd_25137,T2,2,0,1.0,10,10
claude_haiku45,dd_25137,T2,2,1,1.0,10,10
claude_haiku45,dd_25137,T3,1,0,1.0,10,10
claude_haiku45,dd_25137,T3,1,1,1.0,10,10
claude_haiku45,dd_25137,T3,2,0,1.0,10,10
claude_haiku45,dd_25137,T3,2,1,1.0,10,10
claude_haiku45,dd_25137,T4,1,0,1.0,10,10
claude_haiku45,dd_25137,T4,1,1,1.0,10,10
claude_haiku45,dd_25137,T4,2,0,1.0,10,10
claude_haiku45,dd_25137,T4,2,1,1.0,10,10
claude_haiku45,dd_25302,T1,1,0,0.0,10,10
claude_haiku45,dd_25302,T1,1,1,0.0,10,10
claude_haiku45,dd_25302,T1,2,0,0.0,10,10
claude_haiku45,dd_25302,T1,2,1,0.0,10,10
claude_haiku45,dd_25302,T2,1,0,0.0,10,10
claude_haiku45,dd_25302,T2,1,1,0.0,10,10
claude_haiku45,dd_25302,T2,2,0,0.0,10,10
claude_haiku45,dd_25302,T2,2,1,0.0,10,10
claude_haiku45,dd_25302,T3,1,0,0.0,10,10
claude_haiku45,dd_25302,T3,1,1,0.0,10,10
claude_haiku45,dd_25302,T3,2,0,0.0,10,10
claude_haiku45,dd_25302,T3,2,1,0.0,10,10
claude_haiku45,dd_25302,T4,1,0,0.0,10,10
claude_haiku45,dd_25302,T4,1,1,0.0,10,10
claude_haiku45,dd_25302,T4,2,0,0.0,10,10
claude_haiku45,dd_25302,T4,2,1,0.0,10,10
claude_haiku45,dd_25868,T1,1,0,1.0,10,10
claude_haiku45,dd_25868,T1,1,1,1.0,10,10
claude_haiku45,dd_25868,T1,2,0,1.0,10,10
claude_haiku45,dd_25868,T1,2,1,1.0,10,10
claude_haiku45,dd_25868,T2,1,0,0.4,10,10
claude_haiku45,dd_25868,T2,1,1,0.2,10,10
claude_haiku45,dd_25868,T2,2,0,0.9,10,10
claude_haiku45,dd_25868,T2,2,1,1.0,10,10
claude_haiku45,dd_25868,T3,1,0,1.0,10,10
claude_haiku45,dd_25868,T3,1,1,1.0,10,10
claude_haiku45,dd_25868,T3,2,0,1.0,10,10
claude_haiku45,dd_25868,T3,2,1,1.0,10,10
claude_haiku45,dd_25868,T4,1,0,0.9,10,10
claude_haiku45,dd_25868,T4,1,1,0.7,10,10
claude_haiku45,dd_25868,T4,2,0,1.0,10,10
claude_haiku45,dd_25868,T4,2,1,1.0,10,10
claude_haiku45,dd_26178,T1,1,0,0.0,10,10
claude_haiku45,dd_26178,T1,1,1,0.0,10,10
claude_haiku45,dd_26178,T1,2,0,0.0,10,10
claude_haiku45,dd_26178,T1,2,1,0.0,10,10
claude_haiku45,dd_26178,T2,1,0,0.0,10,10
claude_haiku45,dd_26178,T2,1,1,0.0,10,10
claude_haiku45,dd_26178,T2,2,0,0.0,10,10
claude_haiku45,dd_26178,T2,2,1,0.0,10,10
claude_haiku45,dd_26178,T3,1,0,0.0,10,10
claude_haiku45,dd_26178,T3,1,1,0.0,10,10
claude_haiku45,dd_26178,T3,2,0,0.0,10,10
claude_haiku45,dd_26178,T3,2,1,0.0,10,10
claude_haiku45,dd_26178,T4,1,0,0.0,10,10
claude_haiku45,dd_26178,T4,1,1,0.0,10,10
claude_haiku45,dd_26178,T4,2,0,0.0,10,10
claude_haiku45,dd_26178,T4,2,1,0.0,10,10
claude_haiku45,dd_26321,T1,1,0,1.0,10,10
claude_haiku45,dd_26321,T1,1,1,1.0,10,10
claude_haiku45,dd_26321,T1,2,0,1.0,10,10
claude_haiku45,dd_26321,T1,2,1,1.0,10,10
claude_haiku45,dd_26321,T2,1,0,1.0,10,10
claude_haiku45,dd_26321,T2,1,1,1.0,10,10
claude_haiku45,dd_26321,T2,2,0,1.0,10,10
claude_haiku45,dd_26321,T2,2,1,1.0,10,10
claude_haiku45,dd_26321,T3,1,0,1.0,10,10
claude_haiku45,dd_26321,T3,1,1,1.0,10,10
claude_haiku45,dd_26321,T3,2,0,1.0,10,10
claude_haiku45,dd_26321,T3,2,1,1.0,10,10
claude_haiku45,dd_26321,T4,1,0,1.0,10,10
claude_haiku45,dd_26321,T4,1,1,1.0,10,10
claude_haiku45,dd_26321,T4,2,0,1.0,10,10
claude_haiku45,dd_26321,T4,2,1,1.0,10,10
claude_haiku45,dd_27524,T1,1,0,0.0,10,10
claude_haiku45,dd_27524,T1,1,1,0.0,10,10
claude_haiku45,dd_27524,T1,2,0,0.0,10,10
claude_haiku45,dd_27524,T1,2,1,0.0,10,10
claude_haiku45,dd_27524,T2,1,0,0.0,10,10
claude_haiku45,dd_27524,T2,1,1,0.0,10,10
claude_haiku45,dd_27524,T2,2,0,0.0,10,10
claude_haiku45,dd_27524,T2,2,1,0.0,10,10
claude_haiku45,dd_27524,T3,1,0,0.0,10,10
claude_haiku45,dd_27524,T3,1,1,0.0,10,10
claude_haiku45,dd_27524,T3,2,0,0.0,10,10
claude_haiku45,dd_27524,T3,2,1,0.0,10,10
claude_haiku45,dd_27524,T4,1,0,0.0,10,10
claude_haiku45,dd_27524,T4,1,1,0.0,10,10
claude_haiku45,dd_27524,T4,2,0,0.0,10,10
claude_haiku45,dd_27524,T4,2,1,0.0,10,10
claude_haiku45,dd_27558,T1,1,0,0.0,10,10
claude_haiku45,dd_27558,T1,1,1,0.0,10,10
claude_haiku45,dd_27558,T1,2,0,0.0,10,10
claude_haiku45,dd_27558,T1,2,1,0.0,10,10
claude_haiku45,dd_27558,T2,1,0,0.0,10,10
claude_haiku45,dd_27558,T2,1,1,0.0,10,10
claude_haiku45,dd_27558,T2,2,0,0.0,10,10
claude_haiku45,dd_27558,T2,2,1,0.0,10,10
claude_haiku45,dd_27558,T3,1,0,0.0,10,10
claude_haiku45,dd_27558,T3,1,1,0.0,10,10
claude_haiku45,dd_27558,T3,2,0,0.0,10,10
claude_haiku45,dd_27558,T3,2,1,0.0,10,10
claude_haiku45,dd_27558,T4,1,0,0.0,10,10
claude_haiku45,dd_27558,T4,1,1,0.0,10,10
claude_haiku45,dd_27558,T4,2,0,0.0,10,10
claude_haiku45,dd_27558,T4,2,1,0.0,10,10
claude_haiku45,dd_28814,T1,1,0,0.0,10,10
claude_haiku45,dd_28814,T1,1,1,0.0,10,10
claude_haiku45,dd_28814,T1,2,0,0.0,10,10
claude_haiku45,dd_28814,T1,2,1,0.0,10,10
claude_haiku45,dd_28814,T2,1,0,0.0,10,10
claude_haiku45,dd_28814,T2,1,1,0.0,10,10
claude_haiku45,dd_28814,T2,2,0,0.0,10,10
claude_haiku45,dd_28814,T2,2,1,0.0,10,10
claude_haiku45,dd_28814,T3,1,0,0.0,10,10
claude_haiku45,dd_28814,T3,1,1,0.0,10,10
claude_haiku45,dd_28814,T3,2,0,0.0,10,10
claude_haiku45,dd_28814,T3,2,1,0.0,10,10
claude_haiku45,dd_28814,T4,1,0,0.0,10,10
claude_haiku45,dd_28814,T4,1,1,0.0,10,10
claude_haiku45,dd_28814,T4,2,0,0.0,10,10
claude_haiku45,dd_28814,T4,2,1,0.0,10,10
claude_haiku45,dd_29454,T1,1,0,,0,10
claude_haiku45,dd_29454,T1,1,1,,0,10
claude_haiku45,dd_29454,T1,2,0,,0,10
claude_haiku45,dd_29454,T1,2,1,,0,10
claude_haiku45,dd_29454,T2,1,0,,0,10
claude_haiku45,dd_29454,T2,1,1,,0,10
claude_haiku45,dd_29454,T2,2,0,0.0,1,10
claude_haiku45,dd_29454,T2,2,1,0.0,1,10
claude_haiku45,dd_29454,T3,1,0,,0,10
claude_haiku45,dd_29454,T3,1,1,,0,10
claude_haiku45,dd_29454,T3,2,0,,0,10
claude_haiku45,dd_29454,T3,2,1,,0,10
claude_haiku45,dd_29454,T4,1,0,,0,10
claude_haiku45,dd_29454,T4,1,1,,0,10
claude_haiku45,dd_29454,T4,2,0,,0,10
claude_haiku45,dd_29454,T4,2,1,,0,10
claude_haiku45,dd_29978,T1,1,0,1.0,10,10
claude_haiku45,dd_29978,T1,1,1,1.0,10,10
claude_haiku45,dd_29978,T1,2,0,1.0,10,10
claude_haiku45,dd_29978,T1,2,1,1.0,10,10
claude_haiku45,dd_29978,T2,1,0,1.0,10,10
claude_haiku45,dd_29978,T2,1,1,1.0,10,10
claude_haiku45,dd_29978,T2,2,0,1.0,10,10
claude_haiku45,dd_29978,T2,2,1,1.0,10,10
claude_haiku45,dd_29978,T3,1,0,1.0,10,10
claude_haiku45,dd_29978,T3,1,1,1.0,10,10
claude_haiku45,dd_29978,T3,2,0,1.0,10,10
claude_haiku45,dd_29978,T3,2,1,1.0,10,10
claude_haiku45,dd_29978,T4,1,0,1.0,10,10
claude_haiku45,dd_29978,T4,1,1,1.0,10,10
claude_haiku45,dd_29978,T4,2,0,1.0,10,10
claude_haiku45,dd_29978,T4,2,1,1.0,10,10
claude_haiku45,dd_30131,T1,1,0,0.0,10,10
claude_haiku45,dd_30131,T1,1,1,0.0,10,10
claude_haiku45,dd_30131,T1,2,0,0.0,10,10
claude_haiku45,dd_30131,T1,2,1,0.0,10,10
claude_haiku45,dd_30131,T2,1,0,0.0,10,10
claude_haiku45,dd_30131,T2,1,1,0.0,10,10
claude_haiku45,dd_30131,T2,2,0,0.0,10,10
claude_haiku45,dd_30131,T2,2,1,0.0,10,10
claude_haiku45,dd_30131,T3,1,0,0.0,10,10
claude_haiku45,dd_30131,T3,1,1,0.0,10,10
claude_haiku45,dd_30131,T3,2,0,0.0,10,10
claude_haiku45,dd_30131,T3,2,1,0.0,10,10
claude_haiku45,dd_30131,T4,1,0,0.0,10,10
claude_haiku45,dd_30131,T4,1,1,0.0,10,10
claude_haiku45,dd_30131,T4,2,0,0.0,10,10
claude_haiku45,dd_30131,T4,2,1,0.0,10,10
claude_haiku45,dd_30899,T1,1,0,1.0,10,10
claude_haiku45,dd_30899,T1,1,1,1.0,10,10
claude_haiku45,dd_30899,T1,2,0,1.0,10,10
claude_haiku45,dd_30899,T1,2,1,1.0,10,10
claude_haiku45,dd_30899,T2,1,0,1.0,10,10
claude_haiku45,dd_30899,T2,1,1,1.0,10,10
claude_haiku45,dd_30899,T2,2,0,1.0,10,10
claude_haiku45,dd_30899,T2,2,1,1.0,10,10
claude_haiku45,dd_30899,T3,1,0,1.0,10,10
claude_haiku45,dd_30899,T3,1,1,1.0,10,10
claude_haiku45,dd_30899,T3,2,0,1.0,10,10
claude_haiku45,dd_30899,T3,2,1,1.0,10,10
claude_haiku45,dd_30899,T4,1,0,1.0,10,10
claude_haiku45,dd_30899,T4,1,1,1.0,10,10
claude_haiku45,dd_30899,T4,2,0,1.0,10,10
claude_haiku45,dd_30899,T4,2,1,1.0,10,10
claude_haiku45,dd_31129,T1,1,0,0.0,10,10
claude_haiku45,dd_31129,T1,1,1,0.0,10,10
claude_haiku45,dd_31129,T1,2,0,0.0,10,10
claude_haiku45,dd_31129,T1,2,1,0.0,10,10
claude_haiku45,dd_31129,T2,1,0,0.0,10,10
claude_haiku45,dd_31129,T2,1,1,0.0,10,10
claude_haiku45,dd_31129,T2,2,0,0.0,10,10
claude_haiku45,dd_31129,T2,2,1,0.0,10,10
claude_haiku45,dd_31129,T3,1,0,0.0,10,10
claude_haiku45,dd_31129,T3,1,1,0.0,10,10
claude_haiku45,dd_31129,T3,2,0,0.0,10,10
claude_haiku45,dd_31129,T3,2,1,0.0,10,10
claude_haiku45,dd_31129,T4,1,0,0.0,10,10
claude_haiku45,dd_31129,T4,1,1,0.0,10,10
claude_haiku45,dd_31129,T4,2,0,0.0,10,10
claude_haiku45,dd_31129,T4,2,1,0.0,10,10
claude_haiku45,dd_32872,T1,1,0,0.0,10,10
claude_haiku45,dd_32872,T1,1,1,0.0,10,10
claude_haiku45,dd_32872,T1,2,0,0.0,10,10
claude_haiku45,dd_32872,T1,2,1,0.0,10,10
claude_haiku45,dd_32872,T2,1,0,0.0,10,10
claude_haiku45,dd_32872,T2,1,1,0.0,10,10
claude_haiku45,dd_32872,T2,2,0,0.0,10,10
claude_haiku45,dd_32872,T2,2,1,0.0,10,10
claude_haiku45,dd_32872,T3,1,0,0.0,10,10
claude_haiku45,dd_32872,T3,1,1,0.0,10,10
claude_haiku45,dd_32872,T3,2,0,0.0,10,10
claude_haiku45,dd_32872,T3,2,1,0.0,10,10
claude_haiku45,dd_32872,T4,1,0,0.0,10,10
claude_haiku45,dd_32872,T4,1,1,0.0,10,10
claude_haiku45,dd_32872,T4,2,0,0.0,10,10
claude_haiku45,dd_32872,T4,2,1,0.0,10,10
claude_haiku45,dd_33618,T1,1,0,1.0,10,10
claude_haiku45,dd_33618,T1,1,1,1.0,10,10
claude_haiku45,dd_33618,T1,2,0,0.0,10,10
claude_haiku45,dd_33618,T1,2,1,0.0,10,10
claude_haiku45,dd_33618,T2,1,0,1.0,10,10
claude_haiku45,dd_33618,T2,1,1,1.0,10,10
claude_haiku45,dd_33618,T2,2,0,0.0,10,10
claude_haiku45,dd_33618,T2,2,1,0.0,10,10
claude_haiku45,dd_33618,T3,1,0,1.0,10,10
claude_haiku45,dd_33618,T3,1,1,0.8,10,10
claude_haiku45,dd_33618,T3,2,0,0.0,10,10
claude_haiku45,dd_33618,T3,2,1,0.0,10,10
claude_haiku45,dd_33618,T4,1,0,0.9,10,10
claude_haiku45,dd_33618,T4,1,1,0.9,10,10
claude_haiku45,dd_33618,T4,2,0,0.0,10,10
claude_haiku45,dd_33618,T4,2,1,0.0,10,10
claude_haiku45,dd_34148,T1,1,0,0.9,10,10
claude_haiku45,dd_34148,T1,1,1,1.0,10,10
claude_haiku45,dd_34148,T1,2,0,0.3,10,10
claude_haiku45,dd_34148,T1,2,1,0.0,10,10
claude_haiku45,dd_34148,T2,1,0,0.1,10,10
claude_haiku45,dd_34148,T2,1,1,0.0,10,10
claude_haiku45,dd_34148,T2,2,0,0.0,10,10
claude_haiku45,dd_34148,T2,2,1,0.0,10,10
claude_haiku45,dd_34148,T3,1,0,0.0,10,10
claude_haiku45,dd_34148,T3,1,1,0.0,10,10
claude_haiku45,dd_34148,T3,2,0,0.0,10,10
claude_haiku45,dd_34148,T3,2,1,0.0,10,10
claude_haiku45,dd_34148,T4,1,0,0.9,10,10
claude_haiku45,dd_34148,T4,1,1,0.9,10,10
claude_haiku45,dd_34148,T4,2,0,0.9,10,10
claude_haiku45,dd_34148,T4,2,1,0.8,10,10
claude_haiku45,dd_34460,T1,1,0,0.0,10,10
claude_haiku45,dd_34460,T1,1,1,0.0,10,10
claude_haiku45,dd_34460,T1,2,0,0.0,10,10
claude_haiku45,dd_34460,T1,2,1,0.0,10,10
claude_haiku45,dd_34460,T2,1,0,0.0,10,10
claude_haiku45,dd_34460,T2,1,1,0.0,10,10
claude_haiku45,dd_34460,T2,2,0,0.0,10,10
claude_haiku45,dd_34460,T2,2,1,0.0,10,10
claude_haiku45,dd_34460,T3,1,0,0.0,10,10
claude_haiku45,dd_34460,T3,1,1,0.0,10,10
claude_haiku45,dd_34460,T3,2,0,0.0,10,10
claude_haiku45,dd_34460,T3,2,1,0.0,10,10
claude_haiku45,dd_34460,T4,1,0,0.0,10,10
claude_haiku45,dd_34460,T4,1,1,0.0,10,10
claude_haiku45,dd_34460,T4,2,0,0.0,10,10
claude_haiku45,dd_34460,T4,2,1,0.0,10,10
claude_haiku45,dd_35732,T1,1,0,0.0,10,10
claude_haiku45,dd_35732,T1,1,1,0.0,10,10
claude_haiku45,dd_35732,T1,2,0,0.0,10,10
claude_haiku45,dd_35732,T1,2,1,0.0,10,10
claude_haiku45,dd_35732,T2,1,0,0.0,10,10
claude_haiku45,dd_35732,T2,1,1,0.0,10,10
claude_haiku45,dd_35732,T2,2,0,0.0,10,10
claude_haiku45,dd_35732,T2,2,1,0.0,10,10
claude_haiku45,dd_35732,T3,1,0,0.0,10,10
claude_haiku45,dd_35732,T3,1,1,0.0,10,10
claude_haiku45,dd_35732,T3,2,0,0.0,10,10
claude_haiku45,dd_35732,T3,2,1,0.0,10,10
claude_haiku45,dd_35732,T4,1,0,0.0,10,10
claude_haiku45,dd_35732,T4,1,1,0.0,10,10
claude_haiku45,dd_35732,T4,2,0,0.0,10,10
claude_haiku45,dd_35732,T4,2,1,0.0,10,10
claude_haiku45,dd_36819,T1,1,0,0.0,10,10
claude_haiku45,dd_36819,T1,1,1,0.0,10,10
claude_haiku45,dd_36819,T1,2,0,0.0,10,10
claude_haiku45,dd_36819,T1,2,1,0.0,10,10
claude_haiku45,dd_36819,T2,1,0,0.0,10,10
claude_haiku45,dd_36819,T2,1,1,0.0,10,10
claude_haiku45,dd_36819,T2,2,0,0.0,10,10
claude_haiku45,dd_36819,T2,2,1,0.0,10,10
claude_haiku45,dd_36819,T3,1,0,0.0,10,10
claude_haiku45,dd_36819,T3,1,1,0.0,10,10
claude_haiku45,dd_36819,T3,2,0,0.0,10,10
claude_haiku45,dd_36819,T3,2,1,0.0,10,10
claude_haiku45,dd_36819,T4,1,0,0.0,10,10
claude_haiku45,dd_36819,T4,1,1,0.0,10,10
claude_haiku45,dd_36819,T4,2,0,0.0,10,10
claude_haiku45,dd_36819,T4,2,1,0.0,10,10
claude_haiku45,dd_37249,T1,1,0,1.0,10,10
claude_haiku45,dd_37249,T1,1,1,1.0,10,10
claude_haiku45,dd_37249,T1,2,0,1.0,10,10
claude_haiku45,dd_37249,T1,2,1,1.0,10,10
claude_haiku45,dd_37249,T2,1,0,1.0,10,10
claude_haiku45,dd_37249,T2,1,1,1.0,10,10
claude_haiku45,dd_37249,T2,2,0,1.0,10,10
claude_haiku45,dd_37249,T2,2,1,1.0,10,10
claude_haiku45,dd_37249,T3,1,0,1.0,10,10
claude_haiku45,dd_37249,T3,1,1,1.0,10,10
claude_haiku45,dd_37249,T3,2,0,1.0,10,10
claude_haiku45,dd_37249,T3,2,1,1.0,10,10
claude_haiku45,dd_37249,T4,1,0,0.9,10,10
claude_haiku45,dd_37249,T4,1,1,0.9,10,10
claude_haiku45,dd_37249,T4,2,0,1.0,10,10
claude_haiku45,dd_37249,T4,2,1,1.0,10,10
claude_haiku45,dd_37490,T1,1,0,1.0,10,10
claude_haiku45,dd_37490,T1,1,1,1.0,10,10
claude_haiku45,dd_37490,T1,2,0,1.0,10,10
claude_haiku45,dd_37490,T1,2,1,1.0,10,10
claude_haiku45,dd_37490,T2,1,0,1.0,10,10
claude_haiku45,dd_37490,T2,1,1,1.0,10,10
claude_haiku45,dd_37490,T2,2,0,1.0,10,10
claude_haiku45,dd_37490,T2,2,1,1.0,10,10
claude_haiku45,dd_37490,T3,1,0,1.0,10,10
claude_haiku45,dd_37490,T3,1,1,1.0,10,10
claude_haiku45,dd_37490,T3,2,0,1.0,10,10
claude_haiku45,dd_37490,T3,2,1,1.0,10,10
claude_haiku45,dd_37490,T4,1,0,1.0,10,10
claude_haiku45,dd_37490,T4,1,1,1.0,10,10
claude_haiku45,dd_37490,T4,2,0,1.0,10,10
claude_haiku45,dd_37490,T4,2,1,1.0,10,10
claude_haiku45,dd_38533,T1,1,0,0.0,10,10
claude_haiku45,dd_38533,T1,1,1,0.0,10,10
claude_haiku45,dd_38533,T1,2,0,0.0,10,10
claude_haiku45,dd_38533,T1,2,1,0.0,10,10
claude_haiku45,dd_38533,T2,1,0,0.0,10,10
claude_haiku45,dd_38533,T2,1,1,0.0,10,10
claude_haiku45,dd_38533,T2,2,0,0.0,10,10
claude_haiku45,dd_38533,T2,2,1,0.0,10,10
claude_haiku45,dd_38533,T3,1,0,0.0,10,10
claude_haiku45,dd_38533,T3,1,1,0.0,10,10
claude_haiku45,dd_38533,T3,2,0,0.0,10,10
claude_haiku45,dd_38533,T3,2,1,0.0,10,10
claude_haiku45,dd_38533,T4,1,0,0.0,10,10
claude_haiku45,dd_38533,T4,1,1,0.0,10,10
claude_haiku45,dd_38533,T4,2,0,0.0,10,10
claude_haiku45,dd_38533,T4,2,1,0.0,10,10
claude_haiku45,dd_39199,T1,1,0,1.0,10,10
claude_haiku45,dd_39199,T1,1,1,1.0,10,10
claude_haiku45,dd_39199,T1,2,0,1.0,10,10
claude_haiku45,dd_39199,T1,2,1,1.0,10,10
claude_haiku45,dd_39199,T2,1,0,1.0,10,10
claude_haiku45,dd_39199,T2,1,1,1.0,10,10
claude_haiku45,dd_39199,T2,2,0,1.0,10,10
claude_haiku45,dd_39199,T2,2,1,1.0,10,10
claude_haiku45,dd_39199,T3,1,0,1.0,10,10
claude_haiku45,dd_39199,T3,1,1,1.0,10,10
claude_haiku45,dd_39199,T3,2,0,1.0,10,10
claude_haiku45,dd_39199,T3,2,1,1.0,10,10
claude_haiku45,dd_39199,T4,1,0,1.0,10,10
claude_haiku45,dd_39199,T4,1,1,1.0,10,10
claude_haiku45,dd_39199,T4,2,0,1.0,10,10
claude_haiku45,dd_39199,T4,2,1,1.0,10,10
claude_haiku45,dd_42860,T1,1,0,0.0,10,10
claude_haiku45,dd_42860,T1,1,1,0.0,10,10
claude_haiku45,dd_42860,T1,2,0,0.0,10,10
claude_haiku45,dd_42860,T1,2,1,0.0,10,10
claude_haiku45,dd_42860,T2,1,0,0.0,10,10
claude_haiku45,dd_42860,T2,1,1,0.0,10,10
claude_haiku45,dd_42860,T2,2,0,0.0,10,10
claude_haiku45,dd_42860,T2,2,1,0.0,10,10
claude_haiku45,dd_42860,T3,1,0,0.0,10,10
claude_haiku45,dd_42860,T3,1,1,0.0,10,10
claude_haiku45,dd_42860,T3,2,0,0.0,10,10
claude_haiku45,dd_42860,T3,2,1,0.0,10,10
claude_haiku45,dd_42860,T4,1,0,0.0,10,10
claude_haiku45,dd_42860,T4,1,1,0.0,10,10
claude_haiku45,dd_42860,T4,2,0,0.0,10,10
claude_haiku45,dd_42860,T4,2,1,0.0,10,10
claude_haiku45,dd_44063,T1,1,0,1.0,10,10
claude_haiku45,dd_44063,T1,1,1,1.0,10,10
claude_haiku45,dd_44063,T1,2,0,1.0,10,10
claude_haiku45,dd_44063,T1,2,1,0.7,10,10
claude_haiku45,dd_44063,T2,1,0,0.0,10,10
claude_haiku45,dd_44063,T2,1,1,0.0,10,10
claude_haiku45,dd_44063,T2,2,0,0.0,10,10
claude_haiku45,dd_44063,T2,2,1,0.0,10,10
claude_haiku45,dd_44063,T3,1,0,1.0,10,10
claude_haiku45,dd_44063,T3,1,1,1.0,9,10
claude_haiku45,dd_44063,T3,2,0,0.0,3,10
claude_haiku45,dd_44063,T3,2,1,0.0,1,10
claude_haiku45,dd_44063,T4,1,0,1.0,10,10
claude_haiku45,dd_44063,T4,1,1,1.0,10,10
claude_haiku45,dd_44063,T4,2,0,0.3,10,10
claude_haiku45,dd_44063,T4,2,1,0.5,10,10
claude_haiku45,dd_44380,T1,1,0,1.0,10,10
claude_haiku45,dd_44380,T1,1,1,1.0,10,10
claude_haiku45,dd_44380,T1,2,0,1.0,10,10
claude_haiku45,dd_44380,T1,2,1,1.0,10,10
claude_haiku45,dd_44380,T2,1,0,1.0,10,10
claude_haiku45,dd_44380,T2,1,1,1.0,10,10
claude_haiku45,dd_44380,T2,2,0,1.0,10,10
claude_haiku45,dd_44380,T2,2,1,1.0,10,10
claude_haiku45,dd_44380,T3,1,0,1.0,10,10
claude_haiku45,dd_44380,T3,1,1,1.0,10,10
claude_haiku45,dd_44380,T3,2,0,1.0,10,10
claude_haiku45,dd_44380,T3,2,1,1.0,10,10
claude_haiku45,dd_44380,T4,1,0,1.0,10,10
claude_haiku45,dd_44380,T4,1,1,1.0,10,10
claude_haiku45,dd_44380,T4,2,0,1.0,10,10
claude_haiku45,dd_44380,T4,2,1,1.0,10,10
claude_haiku45,dd_45938,T1,1,0,0.0,10,10
claude_haiku45,dd_45938,T1,1,1,0.0,10,10
claude_haiku45,dd_45938,T1,2,0,0.0,10,10
claude_haiku45,dd_45938,T1,2,1,0.0,10,10
claude_haiku45,dd_45938,T2,1,0,0.0,10,10
claude_haiku45,dd_45938,T2,1,1,0.0,10,10
claude_haiku45,dd_45938,T2,2,0,0.0,10,10
claude_haiku45,dd_45938,T2,2,1,0.0,10,10
claude_haiku45,dd_45938,T3,1,0,0.0,10,10
claude_haiku45,dd_45938,T3,1,1,0.0,10,10
claude_haiku45,dd_45938,T3,2,0,0.0,10,10
claude_haiku45,dd_45938,T3,2,1,0.0,10,10
claude_haiku45,dd_45938,T4,1,0,0.0,10,10
claude_haiku45,dd_45938,T4,1,1,0.0,10,10
claude_haiku45,dd_45938,T4,2,0,0.0,10,10
claude_haiku45,dd_45938,T4,2,1,0.0,10,10
claude_haiku45,dd_46859,T1,1,0,0.0,10,10
claude_haiku45,dd_46859,T1,1,1,0.0,10,10
claude_haiku45,dd_46859,T1,2,0,0.0,10,10
claude_haiku45,dd_46859,T1,2,1,0.0,10,10
claude_haiku45,dd_46859,T2,1,0,0.0,10,10
claude_haiku45,dd_46859,T2,1,1,0.0,10,10
claude_haiku45,dd_46859,T2,2,0,0.0,10,10
claude_haiku45,dd_46859,T2,2,1,0.0,10,10
claude_haiku45,dd_46859,T3,1,0,0.0,10,10
claude_haiku45,dd_46859,T3,1,1,0.0,10,10
claude_haiku45,dd_46859,T3,2,0,0.0,10,10
claude_haiku45,dd_46859,T3,2,1,0.0,10,10
claude_haiku45,dd_46859,T4,1,0,0.0,10,10
claude_haiku45,dd_46859,T4,1,1,0.0,10,10
claude_haiku45,dd_46859,T4,2,0,0.0,10,10
claude_haiku45,dd_46859,T4,2,1,0.0,10,10
claude_haiku45,dd_47886,T1,1,0,0.5,10,10
claude_haiku45,dd_47886,T1,1,1,1.0,10,10
claude_haiku45,dd_47886,T1,2,0,1.0,10,10
claude_haiku45,dd_47886,T1,2,1,1.0,10,10
claude_haiku45,dd_47886,T2,1,0,1.0,10,10
claude_haiku45,dd_47886,T2,1,1,1.0,10,10
claude_haiku45,dd_47886,T2,2,0,1.0,10,10
claude_haiku45,dd_47886,T2,2,1,1.0,10,10
claude_haiku45,dd_47886,T3,1,0,1.0,10,10
claude_haiku45,dd_47886,T3,1,1,0.9,10,10
claude_haiku45,dd_47886,T3,2,0,1.0,10,10
claude_haiku45,dd_47886,T3,2,1,1.0,10,10
claude_haiku45,dd_47886,T4,1,0,0.8,10,10
claude_haiku45,dd_47886,T4,1,1,0.9,10,10
claude_haiku45,dd_47886,T4,2,0,1.0,10,10
claude_haiku45,dd_47886,T4,2,1,1.0,10,10
claude_haiku45,dd_5570,T1,1,0,1.0,10,10
claude_haiku45,dd_5570,T1,1,1,1.0,10,10
claude_haiku45,dd_5570,T1,2,0,1.0,10,10
claude_haiku45,dd_5570,T1,2,1,1.0,10,10
claude_haiku45,dd_5570,T2,1,0,1.0,10,10
claude_haiku45,dd_5570,T2,1,1,1.0,10,10
claude_haiku45,dd_5570,T2,2,0,1.0,10,10
claude_haiku45,dd_5570,T2,2,1,1.0,10,10
claude_haiku45,dd_5570,T3,1,0,1.0,10,10
claude_haiku45,dd_5570,T3,1,1,1.0,10,10
claude_haiku45,dd_5570,T3,2,0,1.0,10,10
claude_haiku45,dd_5570,T3,2,1,1.0,10,10
claude_haiku45,dd_5570,T4,1,0,1.0,10,10
claude_haiku45,dd_5570,T4,1,1,1.0,10,10
claude_haiku45,dd_5570,T4,2,0,1.0,10,10
claude_haiku45,dd_5570,T4,2,1,1.0,10,10
claude_haiku45,dd_6488,T1,1,0,0.0,10,10
claude_haiku45,dd_6488,T1,1,1,0.0,10,10
claude_haiku45,dd_6488,T1,2,0,0.0,10,10
claude_haiku45,dd_6488,T1,2,1,0.0,10,10
claude_haiku45,dd_6488,T2,1,0,0.0,10,10
claude_haiku45,dd_6488,T2,1,1,0.0,10,10
claude_haiku45,dd_6488,T2,2,0,0.0,10,10
claude_haiku45,dd_6488,T2,2,1,0.0,10,10
claude_haiku45,dd_6488,T3,1,0,0.0,10,10
claude_haiku45,dd_6488,T3,1,1,0.0,10,10
claude_haiku45,dd_6488,T3,2,0,0.0,10,10
claude_haiku45,dd_6488,T3,2,1,0.0,10,10
claude_haiku45,dd_6488,T4,1,0,0.0,10,10
claude_haiku45,dd_6488,T4,1,1,0.0,10,10
claude_haiku45,dd_6488,T4,2,0,0.0,10,10
claude_haiku45,dd_6488,T4,2,1,0.0,10,10
claude_haiku45,dd_6826,T1,1,0,1.0,10,10
claude_haiku45,dd_6826,T1,1,1,1.0,10,10
claude_haiku45,dd_6826,T1,2,0,1.0,10,10
claude_haiku45,dd_6826,T1,2,1,1.0,10,10
claude_haiku45,dd_6826,T2,1,0,1.0,10,10
claude_haiku45,dd_6826,T2,1,1,1.0,10,10
claude_haiku45,dd_6826,T2,2,0,1.0,10,10
claude_haiku45,dd_6826,T2,2,1,1.0,10,10
claude_haiku45,dd_6826,T3,1,0,1.0,10,10
claude_haiku45,dd_6826,T3,1,1,1.0,10,10
claude_haiku45,dd_6826,T3,2,0,1.0,10,10
claude_haiku45,dd_6826,T3,2,1,1.0,10,10
claude_haiku45,dd_6826,T4,1,0,1.0,10,10
claude_haiku45,dd_6826,T4,1,1,1.0,10,10
claude_haiku45,dd_6826,T4,2,0,1.0,10,10
claude_haiku45,dd_6826,T4,2,1,1.0,10,10
claude_haiku45,dd_6868,T1,1,0,0.0,10,10
claude_haiku45,dd_6868,T1,1,1,0.0,10,10
claude_haiku45,dd_6868,T1,2,0,0.0,10,10
claude_haiku45,dd_6868,T1,2,1,0.0,10,10
claude_haiku45,dd_6868,T2,1,0,0.0,10,10
claude_haiku45,dd_6868,T2,1,1,0.0,10,10
claude_haiku45,dd_6868,T2,2,0,0.0,10,10
claude_haiku45,dd_6868,T2,2,1,0.0,10,10
claude_haiku45,dd_6868,T3,1,0,0.0,10,10
claude_haiku45,dd_6868,T3,1,1,0.0,10,10
claude_haiku45,dd_6868,T3,2,0,0.0,10,10
claude_haiku45,dd_6868,T3,2,1,0.0,10,10
claude_haiku45,dd_6868,T4,1,0,0.0,10,10
claude_haiku45,dd_6868,T4,1,1,0.0,10,10
claude_haiku45,dd_6868,T4,2,0,0.0,10,10
claude_haiku45,dd_6868,T4,2,1,0.0,10,10
claude_haiku45,dd_7687,T1,1,0,1.0,10,10
claude_haiku45,dd_7687,T1,1,1,1.0,10,10
claude_haiku45,dd_7687,T1,2,0,1.0,10,10
claude_haiku45,dd_7687,T1,2,1,1.0,10,10
claude_haiku45,dd_7687,T2,1,0,1.0,10,10
claude_haiku45,dd_7687,T2,1,1,1.0,10,10
claude_haiku45,dd_7687,T2,2,0,1.0,10,10
claude_haiku45,dd_7687,T2,2,1,1.0,10,10
claude_haiku45,dd_7687,T3,1,0,1.0,10,10
claude_haiku45,dd_7687,T3,1,1,1.0,10,10
claude_haiku45,dd_7687,T3,2,0,1.0,10,10
claude_haiku45,dd_7687,T3,2,1,1.0,10,10
claude_haiku45,dd_7687,T4,1,0,1.0,10,10
claude_haiku45,dd_7687,T4,1,1,1.0,10,10
claude_haiku45,dd_7687,T4,2,0,1.0,10,10
claude_haiku45,dd_7687,T4,2,1,1.0,10,10
claude_haiku45,dd_8580,T1,1,0,1.0,10,10
claude_haiku45,dd_8580,T1,1,1,1.0,10,10
claude_haiku45,dd_8580,T1,2,0,1.0,10,10
claude_haiku45,dd_8580,T1,2,1,1.0,10,10
claude_haiku45,dd_8580,T2,1,0,1.0,10,10
claude_haiku45,dd_8580,T2,1,1,1.0,10,10
claude_haiku45,dd_8580,T2,2,0,0.9,10,10
claude_haiku45,dd_8580,T2,2,1,0.8,10,10
claude_haiku45,dd_8580,T3,1,0,0.8,10,10
claude_haiku45,dd_8580,T3,1,1,1.0,10,10
claude_haiku45,dd_8580,T3,2,0,0.0,10,10
claude_haiku45,dd_8580,T3,2,1,0.0,10,10
claude_haiku45,dd_8580,T4,1,0,0.1,10,10
claude_haiku45,dd_8580,T4,1,1,0.2,10,10
claude_haiku45,dd_8580,T4,2,0,0.1,10,10
claude_haiku45,dd_8580,T4,2,1,0.1,10,10
claude_haiku45,dd_9595,T1,1,0,1.0,10,10
claude_haiku45,dd_9595,T1,1,1,1.0,10,10
claude_haiku45,dd_9595,T1,2,0,1.0,10,10
claude_haiku45,dd_9595,T1,2,1,1.0,10,10
claude_haiku45,dd_9595,T2,1,0,1.0,10,10
claude_haiku45,dd_9595,T2,1,1,1.0,10,10
claude_haiku45,dd_9595,T2,2,0,1.0,10,10
claude_haiku45,dd_9595,T2,2,1,1.0,10,10
claude_haiku45,dd_9595,T3,1,0,1.0,10,10
claude_haiku45,dd_9595,T3,1,1,1.0,10,10
claude_haiku45,dd_9595,T3,2,0,1.0,10,10
claude_haiku45,dd_9595,T3,2,1,1.0,10,10
claude_haiku45,dd_9595,T4,1,0,1.0,10,10
claude_haiku45,dd_9595,T4,1,1,1.0,10,10
claude_haiku45,dd_9595,T4,2,0,1.0,10,10
claude_haiku45,dd_9595,T4,2,1,1.0,10,10
claude_haiku45,dd_9899,T1,1,0,1.0,10,10
claude_haiku45,dd_9899,T1,1,1,1.0,10,10
claude_haiku45,dd_9899,T1,2,0,1.0,10,10
claude_haiku45,dd_9899,T1,2,1,1.0,10,10
claude_haiku45,dd_9899,T2,1,0,1.0,10,10
claude_haiku45,dd_9899,T2,1,1,1.0,10,10
claude_haiku45,dd_9899,T2,2,0,1.0,10,10
claude_haiku45,dd_9899,T2,2,1,1.0,10,10
claude_haiku45,dd_9899,T3,1,0,1.0,10,10
claude_haiku45,dd_9899,T3,1,1,1.0,10,10
claude_haiku45,dd_9899,T3,2,0,1.0,10,10
claude_haiku45,dd_9899,T3,2,1,1.0,10,10
claude_haiku45,dd_9899,T4,1,0,1.0,10,10
claude_haiku45,dd_9899,T4,1,1,1.0,10,10
claude_haiku45,dd_9899,T4,2,0,1.0,10,10
claude_haiku45,dd_9899,T4,2,1,1.0,10,10
claude_haiku45,dd_9955,T1,1,0,1.0,10,10
claude_haiku45,dd_9955,T1,1,1,1.0,10,10
claude_haiku45,dd_9955,T1,2,0,0.0,10,10
claude_haiku45,dd_9955,T1,2,1,0.0,10,10
claude_haiku45,dd_9955,T2,1,0,0.0,10,10
claude_haiku45,dd_9955,T2,1,1,0.0,10,10
claude_haiku45,dd_9955,T2,2,0,0.0,10,10
claude_haiku45,dd_9955,T2,2,1,0.0,10,10
claude_haiku45,dd_9955,T3,1,0,1.0,10,10
claude_haiku45,dd_9955,T3,1,1,1.0,10,10
claude_haiku45,dd_9955,T3,2,0,0.5,10,10
claude_haiku45,dd_9955,T3,2,1,0.4,10,10
claude_haiku45,dd_9955,T4,1,0,0.0,10,10
claude_haiku45,dd_9955,T4,1,1,0.0,10,10
claude_haiku45,dd_9955,T4,2,0,0.0,10,10
claude_haiku45,dd_9955,T4,2,1,0.0,10,10
claude_haiku45,mc_C_034,T1,1,0,1.0,10,10
claude_haiku45,mc_C_034,T1,1,1,1.0,10,10
claude_haiku45,mc_C_034,T1,2,0,1.0,10,10
claude_haiku45,mc_C_034,T1,2,1,1.0,10,10
claude_haiku45,mc_C_034,T2,1,0,1.0,10,10
claude_haiku45,mc_C_034,T2,1,1,1.0,10,10
claude_haiku45,mc_C_034,T2,2,0,1.0,10,10
claude_haiku45,mc_C_034,T2,2,1,1.0,10,10
claude_haiku45,mc_C_034,T3,1,0,1.0,10,10
claude_haiku45,mc_C_034,T3,1,1,1.0,10,10
claude_haiku45,mc_C_034,T3,2,0,1.0,10,10
claude_haiku45,mc_C_034,T3,2,1,1.0,10,10
claude_haiku45,mc_C_034,T4,1,0,1.0,10,10
claude_haiku45,mc_C_034,T4,1,1,1.0,10,10
claude_haiku45,mc_C_034,T4,2,0,1.0,10,10
claude_haiku45,mc_C_034,T4,2,1,1.0,10,10
claude_haiku45,mc_C_1095,T1,1,0,1.0,10,10
claude_haiku45,mc_C_1095,T1,1,1,1.0,10,10
claude_haiku45,mc_C_1095,T1,2,0,1.0,10,10
claude_haiku45,mc_C_1095,T1,2,1,1.0,10,10
claude_haiku45,mc_C_1095,T2,1,0,1.0,10,10
claude_haiku45,mc_C_1095,T2,1,1,1.0,10,10
claude_haiku45,mc_C_1095,T2,2,0,1.0,10,10
claude_haiku45,mc_C_1095,T2,2,1,1.0,10,10
claude_haiku45,mc_C_1095,T3,1,0,1.0,10,10
claude_haiku45,mc_C_1095,T3,1,1,1.0,10,10
claude_haiku45,mc_C_1095,T3,2,0,1.0,10,10
claude_haiku45,mc_C_1095,T3,2,1,1.0,10,10
claude_haiku45,mc_C_1095,T4,1,0,1.0,10,10
claude_haiku45,mc_C_1095,T4,1,1,1.0,10,10
claude_haiku45,mc_C_1095,T4,2,0,1.0,10,10
claude_haiku45,mc_C_1095,T4,2,1,1.0,10,10
claude_haiku45,mc_C_1216,T1,1,0,1.0,10,10
claude_haiku45,mc_C_1216,T1,1,1,1.0,10,10
claude_haiku45,mc_C_1216,T1,2,0,1.0,10,10
claude_haiku45,mc_C_1216,T1,2,1,1.0,10,10
claude_haiku45,mc_C_1216,T2,1,0,1.0,10,10
claude_haiku45,mc_C_1216,T2,1,1,1.0,10,10
claude_haiku45,mc_C_1216,T2,2,0,1.0,10,10
claude_haiku45,mc_C_1216,T2,2,1,1.0,10,10
claude_haiku45,mc_C_1216,T3,1,0,1.0,10,10
claude_haiku45,mc_C_1216,T3,1,1,1.0,10,10
claude_haiku45,mc_C_1216,T3,2,0,1.0,10,10
claude_haiku45,mc_C_1216,T3,2,1,1.0,10,10
claude_haiku45,mc_C_1216,T4,1,0,1.0,10,10
claude_haiku45,mc_C_1216,T4,1,1,1.0,10,10
claude_haiku45,mc_C_1216,T4,2,0,1.0,10,10
claude_haiku45,mc_C_1216,T4,2,1,1.0,10,10
claude_haiku45,mc_C_183,T1,1,0,1.0,10,10
claude_haiku45,mc_C_183,T1,1,1,1.0,10,10
claude_haiku45,mc_C_183,T1,2,0,1.0,10,10
claude_haiku45,mc_C_183,T1,2,1,1.0,10,10
claude_haiku45,mc_C_183,T2,1,0,1.0,10,10
claude_haiku45,mc_C_183,T2,1,1,1.0,10,10
claude_haiku45,mc_C_183,T2,2,0,1.0,10,10
claude_haiku45,mc_C_183,T2,2,1,1.0,10,10
claude_haiku45,mc_C_183,T3,1,0,1.0,10,10
claude_haiku45,mc_C_183,T3,1,1,1.0,10,10
claude_haiku45,mc_C_183,T3,2,0,1.0,10,10
claude_haiku45,mc_C_183,T3,2,1,1.0,10,10
claude_haiku45,mc_C_183,T4,1,0,1.0,10,10
claude_haiku45,mc_C_183,T4,1,1,1.0,10,10
claude_haiku45,mc_C_183,T4,2,0,1.0,10,10
claude_haiku45,mc_C_183,T4,2,1,1.0,10,10
claude_haiku45,mc_C_291,T1,1,0,1.0,10,10
claude_haiku45,mc_C_291,T1,1,1,1.0,10,10
claude_haiku45,mc_C_291,T1,2,0,1.0,10,10
claude_haiku45,mc_C_291,T1,2,1,1.0,10,10
claude_haiku45,mc_C_291,T2,1,0,1.0,10,10
claude_haiku45,mc_C_291,T2,1,1,1.0,10,10
claude_haiku45,mc_C_291,T2,2,0,1.0,10,10
claude_haiku45,mc_C_291,T2,2,1,1.0,10,10
claude_haiku45,mc_C_291,T3,1,0,1.0,10,10
claude_haiku45,mc_C_291,T3,1,1,1.0,10,10
claude_haiku45,mc_C_291,T3,2,0,1.0,10,10
claude_haiku45,mc_C_291,T3,2,1,1.0,10,10
claude_haiku45,mc_C_291,T4,1,0,1.0,10,10
claude_haiku45,mc_C_291,T4,1,1,1.0,10,10
claude_haiku45,mc_C_291,T4,2,0,1.0,10,10
claude_haiku45,mc_C_291,T4,2,1,1.0,10,10
claude_haiku45,mc_C_467,T1,1,0,1.0,10,10
claude_haiku45,mc_C_467,T1,1,1,1.0,10,10
claude_haiku45,mc_C_467,T1,2,0,1.0,10,10
claude_haiku45,mc_C_467,T1,2,1,1.0,10,10
claude_haiku45,mc_C_467,T2,1,0,1.0,10,10
claude_haiku45,mc_C_467,T2,1,1,1.0,10,10
claude_haiku45,mc_C_467,T2,2,0,1.0,10,10
claude_haiku45,mc_C_467,T2,2,1,1.0,10,10
claude_haiku45,mc_C_467,T3,1,0,1.0,10,10
claude_haiku45,mc_C_467,T3,1,1,1.0,10,10
claude_haiku45,mc_C_467,T3,2,0,1.0,10,10
claude_haiku45,mc_C_467,T3,2,1,1.0,10,10
claude_haiku45,mc_C_467,T4,1,0,1.0,10,10
claude_haiku45,mc_C_467,T4,1,1,1.0,10,10
claude_haiku45,mc_C_467,T4,2,0,1.0,10,10
claude_haiku45,mc_C_467,T4,2,1,1.0,10,10
claude_haiku45,mc_C_527,T1,1,0,1.0,10,10
claude_haiku45,mc_C_527,T1,1,1,1.0,10,10
claude_haiku45,mc_C_527,T1,2,0,1.0,10,10
claude_haiku45,mc_C_527,T1,2,1,1.0,10,10
claude_haiku45,mc_C_527,T2,1,0,1.0,10,10
claude_haiku45,mc_C_527,T2,1,1,1.0,10,10
claude_haiku45,mc_C_527,T2,2,0,1.0,10,10
claude_haiku45,mc_C_527,T2,2,1,1.0,10,10
claude_haiku45,mc_C_527,T3,1,0,1.0,10,10
claude_haiku45,mc_C_527,T3,1,1,1.0,10,10
claude_haiku45,mc_C_527,T3,2,0,1.0,10,10
claude_haiku45,mc_C_527,T3,2,1,1.0,10,10
claude_haiku45,mc_C_527,T4,1,0,1.0,10,10
claude_haiku45,mc_C_527,T4,1,1,1.0,10,10
claude_haiku45,mc_C_527,T4,2,0,1.0,10,10
claude_haiku45,mc_C_527,T4,2,1,1.0,10,10
claude_haiku45,mc_C_675,T1,1,0,1.0,10,10
claude_haiku45,mc_C_675,T1,1,1,1.0,10,10
claude_haiku45,mc_C_675,T1,2,0,1.0,10,10
claude_haiku45,mc_C_675,T1,2,1,1.0,10,10
claude_haiku45,mc_C_675,T2,1,0,1.0,10,10
claude_haiku45,mc_C_675,T2,1,1,1.0,10,10
claude_haiku45,mc_C_675,T2,2,0,1.0,10,10
claude_haiku45,mc_C_675,T2,2,1,1.0,10,10
claude_haiku45,mc_C_675,T3,1,0,1.0,10,10
claude_haiku45,mc_C_675,T3,1,1,1.0,10,10
claude_haiku45,mc_C_675,T3,2,0,1.0,10,10
claude_haiku45,mc_C_675,T3,2,1,1.0,10,10
claude_haiku45,mc_C_675,T4,1,0,1.0,10,10
claude_haiku45,mc_C_675,T4,1,1,1.0,10,10
claude_haiku45,mc_C_675,T4,2,0,1.0,10,10
claude_haiku45,mc_C_675,T4,2,1,1.0,10,10
claude_haiku45,mc_C_772,T1,1,0,1.0,10,10
claude_haiku45,mc_C_772,T1,1,1,1.0,10,10
claude_haiku45,mc_C_772,T1,2,0,1.0,10,10
claude_haiku45,mc_C_772,T1,2,1,1.0,10,10
claude_haiku45,mc_C_772,T2,1,0,1.0,10,10
claude_haiku45,mc_C_772,T2,1,1,1.0,10,10
claude_haiku45,mc_C_772,T2,2,0,1.0,10,10
claude_haiku45,mc_C_772,T2,2,1,1.0,10,10
claude_haiku45,mc_C_772,T3,1,0,1.0,10,10
claude_haiku45,mc_C_772,T3,1,1,1.0,10,10
claude_haiku45,mc_C_772,T3,2,0,1.0,10,10
claude_haiku45,mc_C_772,T3,2,1,1.0,10,10
claude_haiku45,mc_C_772,T4,1,0,1.0,10,10
claude_haiku45,mc_C_772,T4,1,1,1.0,10,10
claude_haiku45,mc_C_772,T4,2,0,1.0,10,10
claude_haiku45,mc_C_772,T4,2,1,1.0,10,10
claude_haiku45,mc_C_941,T1,1,0,1.0,10,10
claude_haiku45,mc_C_941,T1,1,1,1.0,10,10
claude_haiku45,mc_C_941,T1,2,0,1.0,10,10
claude_haiku45,mc_C_941,T1,2,1,1.0,10,10
claude_haiku45,mc_C_941,T2,1,0,1.0,10,10
claude_haiku45,mc_C_941,T2,1,1,1.0,10,10
claude_haiku45,mc_C_941,T2,2,0,1.0,10,10
claude_haiku45,mc_C_941,T2,2,1,1.0,10,10
claude_haiku45,mc_C_941,T3,1,0,1.0,10,10
claude_haiku45,mc_C_941,T3,1,1,1.0,10,10
claude_haiku45,mc_C_941,T3,2,0,1.0,10,10
claude_haiku45,mc_C_941,T3,2,1,1.0,10,10
claude_haiku45,mc_C_941,T4,1,0,1.0,10,10
claude_haiku45,mc_C_941,T4,1,1,1.0,10,10
claude_haiku45,mc_C_941,T4,2,0,1.0,10,10
claude_haiku45,mc_C_941,T4,2,1,1.0,10,10
claude_haiku45,mc_G_005,T1,1,0,1.0,10,10
claude_haiku45,mc_G_005,T1,1,1,1.0,10,10
claude_haiku45,mc_G_005,T1,2,0,1.0,10,10
claude_haiku45,mc_G_005,T1,2,1,1.0,10,10
claude_haiku45,mc_G_005,T2,1,0,1.0,10,10
claude_haiku45,mc_G_005,T2,1,1,1.0,10,10
claude_haiku45,mc_G_005,T2,2,0,1.0,10,10
claude_haiku45,mc_G_005,T2,2,1,1.0,10,10
claude_haiku45,mc_G_005,T3,1,0,1.0,10,10
claude_haiku45,mc_G_005,T3,1,1,1.0,10,10
claude_haiku45,mc_G_005,T3,2,0,1.0,10,10
claude_haiku45,mc_G_005,T3,2,1,1.0,10,10
claude_haiku45,mc_G_005,T4,1,0,1.0,10,10
claude_haiku45,mc_G_005,T4,1,1,1.0,10,10
claude_haiku45,mc_G_005,T4,2,0,1.0,10,10
claude_haiku45,mc_G_005,T4,2,1,1.0,10,10
claude_haiku45,mc_G_037,T1,1,0,1.0,10,10
claude_haiku45,mc_G_037,T1,1,1,1.0,10,10
claude_haiku45,mc_G_037,T1,2,0,1.0,10,10
claude_haiku45,mc_G_037,T1,2,1,1.0,10,10
claude_haiku45,mc_G_037,T2,1,0,1.0,10,10
claude_haiku45,mc_G_037,T2,1,1,1.0,10,10
claude_haiku45,mc_G_037,T2,2,0,1.0,10,10
claude_haiku45,mc_G_037,T2,2,1,1.0,10,10
claude_haiku45,mc_G_037,T3,1,0,1.0,10,10
claude_haiku45,mc_G_037,T3,1,1,1.0,10,10
claude_haiku45,mc_G_037,T3,2,0,1.0,10,10
claude_haiku45,mc_G_037,T3,2,1,1.0,10,10
claude_haiku45,mc_G_037,T4,1,0,1.0,10,10
claude_haiku45,mc_G_037,T4,1,1,1.0,10,10
claude_haiku45,mc_G_037,T4,2,0,1.0,10,10
claude_haiku45,mc_G_037,T4,2,1,1.0,10,10
claude_haiku45,mc_G_064,T1,1,0,0.0,10,10
claude_haiku45,mc_G_064,T1,1,1,0.0,10,10
claude_haiku45,mc_G_064,T1,2,0,0.0,10,10
claude_haiku45,mc_G_064,T1,2,1,0.0,10,10
claude_haiku45,mc_G_064,T2,1,0,0.0,10,10
claude_haiku45,mc_G_064,T2,1,1,0.0,10,10
claude_haiku45,mc_G_064,T2,2,0,0.0,10,10
claude_haiku45,mc_G_064,T2,2,1,0.0,10,10
claude_haiku45,mc_G_064,T3,1,0,0.0,10,10
claude_haiku45,mc_G_064,T3,1,1,0.0,10,10
claude_haiku45,mc_G_064,T3,2,0,0.0,10,10
claude_haiku45,mc_G_064,T3,2,1,0.0,10,10
claude_haiku45,mc_G_064,T4,1,0,0.0,10,10
claude_haiku45,mc_G_064,T4,1,1,0.0,10,10
claude_haiku45,mc_G_064,T4,2,0,0.0,10,10
claude_haiku45,mc_G_064,T4,2,1,0.0,10,10
claude_haiku45,mc_G_086,T1,1,0,1.0,10,10
claude_haiku45,mc_G_086,T1,1,1,1.0,10,10
claude_haiku45,mc_G_086,T1,2,0,1.0,10,10
claude_haiku45,mc_G_086,T1,2,1,1.0,10,10
claude_haiku45,mc_G_086,T2,1,0,1.0,10,10
claude_haiku45,mc_G_086,T2,1,1,1.0,10,10
claude_haiku45,mc_G_086,T2,2,0,1.0,10,10
claude_haiku45,mc_G_086,T2,2,1,1.0,10,10
claude_haiku45,mc_G_086,T3,1,0,1.0,10,10
claude_haiku45,mc_G_086,T3,1,1,1.0,10,10
claude_haiku45,mc_G_086,T3,2,0,1.0,10,10
claude_haiku45,mc_G_086,T3,2,1,1.0,10,10
claude_haiku45,mc_G_086,T4,1,0,1.0,10,10
claude_haiku45,mc_G_086,T4,1,1,1.0,10,10
claude_haiku45,mc_G_086,T4,2,0,1.0,10,10
claude_haiku45,mc_G_086,T4,2,1,1.0,10,10
claude_haiku45,mc_G_112,T1,1,0,1.0,10,10
claude_haiku45,mc_G_112,T1,1,1,1.0,10,10
claude_haiku45,mc_G_112,T1,2,0,1.0,10,10
claude_haiku45,mc_G_112,T1,2,1,1.0,10,10
claude_haiku45,mc_G_112,T2,1,0,1.0,10,10
claude_haiku45,mc_G_112,T2,1,1,1.0,10,10
claude_haiku45,mc_G_112,T2,2,0,1.0,10,10
claude_haiku45,mc_G_112,T2,2,1,1.0,10,10
claude_haiku45,mc_G_112,T3,1,0,1.0,10,10
claude_haiku45,mc_G_112,T3,1,1,1.0,10,10
claude_haiku45,mc_G_112,T3,2,0,1.0,10,10
claude_haiku45,mc_G_112,T3,2,1,1.0,10,10
claude_haiku45,mc_G_112,T4,1,0,1.0,10,10
claude_haiku45,mc_G_112,T4,1,1,1.0,10,10
claude_haiku45,mc_G_112,T4,2,0,1.0,10,10
claude_haiku45,mc_G_112,T4,2,1,1.0,10,10
claude_haiku45,mc_G_135,T1,1,0,1.0,10,10
claude_haiku45,mc_G_135,T1,1,1,1.0,10,10
claude_haiku45,mc_G_135,T1,2,0,0.0,10,10
claude_haiku45,mc_G_135,T1,2,1,0.0,10,10
claude_haiku45,mc_G_135,T2,1,0,1.0,10,10
claude_haiku45,mc_G_135,T2,1,1,1.0,10,10
claude_haiku45,mc_G_135,T2,2,0,0.0,10,10
claude_haiku45,mc_G_135,T2,2,1,0.0,10,10
claude_haiku45,mc_G_135,T3,1,0,1.0,10,10
claude_haiku45,mc_G_135,T3,1,1,1.0,10,10
claude_haiku45,mc_G_135,T3,2,0,0.0,10,10
claude_haiku45,mc_G_135,T3,2,1,0.0,10,10
claude_haiku45,mc_G_135,T4,1,0,1.0,10,10
claude_haiku45,mc_G_135,T4,1,1,1.0,10,10
claude_haiku45,mc_G_135,T4,2,0,1.0,10,10
claude_haiku45,mc_G_135,T4,2,1,0.9,10,10
claude_haiku45,mc_G_156,T1,1,0,1.0,10,10
claude_haiku45,mc_G_156,T1,1,1,1.0,10,10
claude_haiku45,mc_G_156,T1,2,0,1.0,10,10
claude_haiku45,mc_G_156,T1,2,1,1.0,10,10
claude_haiku45,mc_G_156,T2,1,0,1.0,10,10
claude_haiku45,mc_G_156,T2,1,1,1.0,10,10
claude_haiku45,mc_G_156,T2,2,0,1.0,10,10
claude_haiku45,mc_G_156,T2,2,1,1.0,10,10
claude_haiku45,mc_G_156,T3,1,0,1.0,10,10
claude_haiku45,mc_G_156,T3,1,1,1.0,10,10
claude_haiku45,mc_G_156,T3,2,0,1.0,10,10
claude_haiku45,mc_G_156,T3,2,1,1.0,10,10
claude_haiku45,mc_G_156,T4,1,0,1.0,10,10
claude_haiku45,mc_G_156,T4,1,1,1.0,10,10
claude_haiku45,mc_G_156,T4,2,0,1.0,10,10
claude_haiku45,mc_G_156,T4,2,1,1.0,10,10
claude_haiku45,mc_G_179,T1,1,0,1.0,10,10
claude_haiku45,mc_G_179,T1,1,1,1.0,10,10
claude_haiku45,mc_G_179,T1,2,0,1.0,10,10
claude_haiku45,mc_G_179,T1,2,1,1.0,10,10
claude_haiku45,mc_G_179,T2,1,0,1.0,10,10
claude_haiku45,mc_G_179,T2,1,1,1.0,10,10
claude_haiku45,mc_G_179,T2,2,0,1.0,10,10
claude_haiku45,mc_G_179,T2,2,1,1.0,10,10
claude_haiku45,mc_G_179,T3,1,0,1.0,10,10
claude_haiku45,mc_G_179,T3,1,1,1.0,10,10
claude_haiku45,mc_G_179,T3,2,0,1.0,10,10
claude_haiku45,mc_G_179,T3,2,1,1.0,10,10
claude_haiku45,mc_G_179,T4,1,0,1.0,10,10
claude_haiku45,mc_G_179,T4,1,1,1.0,10,10
claude_haiku45,mc_G_179,T4,2,0,1.0,10,10
claude_haiku45,mc_G_179,T4,2,1,1.0,10,10
claude_haiku45,mc_G_186,T1,1,0,0.0,10,10
claude_haiku45,mc_G_186,T1,1,1,0.0,10,10
claude_haiku45,mc_G_186,T1,2,0,0.0,10,10
claude_haiku45,mc_G_186,T1,2,1,0.0,10,10
claude_haiku45,mc_G_186,T2,1,0,0.0,10,10
claude_haiku45,mc_G_186,T2,1,1,0.0,10,10
claude_haiku45,mc_G_186,T2,2,0,0.0,10,10
claude_haiku45,mc_G_186,T2,2,1,0.0,10,10
claude_haiku45,mc_G_186,T3,1,0,0.0,10,10
claude_haiku45,mc_G_186,T3,1,1,0.0,10,10
claude_haiku45,mc_G_186,T3,2,0,0.0,10,10
claude_haiku45,mc_G_186,T3,2,1,0.0,10,10
claude_haiku45,mc_G_186,T4,1,0,0.0,10,10
claude_haiku45,mc_G_186,T4,1,1,0.0,10,10
claude_haiku45,mc_G_186,T4,2,0,0.0,10,10
claude_haiku45,mc_G_186,T4,2,1,0.0,10,10
claude_haiku45,mc_G_235,T1,1,0,1.0,10,10
claude_haiku45,mc_G_235,T1,1,1,1.0,10,10
claude_haiku45,mc_G_235,T1,2,0,1.0,10,10
claude_haiku45,mc_G_235,T1,2,1,1.0,10,10
claude_haiku45,mc_G_235,T2,1,0,1.0,10,10
claude_haiku45,mc_G_235,T2,1,1,1.0,10,10
claude_haiku45,mc_G_235,T2,2,0,1.0,10,10
claude_haiku45,mc_G_235,T2,2,1,1.0,10,10
claude_haiku45,mc_G_235,T3,1,0,1.0,10,10
claude_haiku45,mc_G_235,T3,1,1,1.0,10,10
claude_haiku45,mc_G_235,T3,2,0,1.0,10,10
claude_haiku45,mc_G_235,T3,2,1,1.0,10,10
claude_haiku45,mc_G_235,T4,1,0,1.0,10,10
claude_haiku45,mc_G_235,T4,1,1,1.0,10,10
claude_haiku45,mc_G_235,T4,2,0,1.0,10,10
claude_haiku45,mc_G_235,T4,2,1,1.0,10,10
claude_haiku45,mc_G_236,T1,1,0,0.0,10,10
claude_haiku45,mc_G_236,T1,1,1,0.0,10,10
claude_haiku45,mc_G_236,T1,2,0,0.0,10,10
claude_haiku45,mc_G_236,T1,2,1,0.0,10,10
claude_haiku45,mc_G_236,T2,1,0,0.0,10,10
claude_haiku45,mc_G_236,T2,1,1,0.0,10,10
claude_haiku45,mc_G_236,T2,2,0,0.0,10,10
claude_haiku45,mc_G_236,T2,2,1,0.0,10,10
claude_haiku45,mc_G_236,T3,1,0,0.0,10,10
claude_haiku45,mc_G_236,T3,1,1,0.0,10,10
claude_haiku45,mc_G_236,T3,2,0,0.0,10,10
claude_haiku45,mc_G_236,T3,2,1,0.0,10,10
claude_haiku45,mc_G_236,T4,1,0,0.0,10,10
claude_haiku45,mc_G_236,T4,1,1,0.0,10,10
claude_haiku45,mc_G_236,T4,2,0,0.0,10,10
claude_haiku45,mc_G_236,T4,2,1,0.0,10,10
claude_haiku45,mc_G_288,T1,1,0,1.0,10,10
claude_haiku45,mc_G_288,T1,1,1,1.0,10,10
claude_haiku45,mc_G_288,T1,2,0,1.0,10,10
claude_haiku45,mc_G_288,T1,2,1,1.0,10,10
claude_haiku45,mc_G_288,T2,1,0,1.0,10,10
claude_haiku45,mc_G_288,T2,1,1,1.0,10,10
claude_haiku45,mc_G_288,T2,2,0,1.0,10,10
claude_haiku45,mc_G_288,T2,2,1,1.0,10,10
claude_haiku45,mc_G_288,T3,1,0,1.0,10,10
claude_haiku45,mc_G_288,T3,1,1,1.0,10,10
claude_haiku45,mc_G_288,T3,2,0,1.0,10,10
claude_haiku45,mc_G_288,T3,2,1,1.0,10,10
claude_haiku45,mc_G_288,T4,1,0,1.0,10,10
claude_haiku45,mc_G_288,T4,1,1,1.0,10,10
claude_haiku45,mc_G_288,T4,2,0,1.0,10,10
claude_haiku45,mc_G_288,T4,2,1,1.0,10,10
claude_haiku45,mc_G_302,T1,1,0,0.0,10,10
claude_haiku45,mc_G_302,T1,1,1,0.0,10,10
claude_haiku45,mc_G_302,T1,2,0,0.0,10,10
claude_haiku45,mc_G_302,T1,2,1,0.0,10,10
claude_haiku45,mc_G_302,T2,1,0,0.0,10,10
claude_haiku45,mc_G_302,T2,1,1,0.0,10,10
claude_haiku45,mc_G_302,T2,2,0,0.0,10,10
claude_haiku45,mc_G_302,T2,2,1,0.0,10,10
claude_haiku45,mc_G_302,T3,1,0,0.9,10,10
claude_haiku45,mc_G_302,T3,1,1,0.9,10,10
claude_haiku45,mc_G_302,T3,2,0,0.9,10,10
claude_haiku45,mc_G_302,T3,2,1,0.7,10,10
claude_haiku45,mc_G_302,T4,1,0,0.0,10,10
claude_haiku45,mc_G_302,T4,1,1,0.0,10,10
claude_haiku45,mc_G_302,T4,2,0,0.0,10,10
claude_haiku45,mc_G_302,T4,2,1,0.0,10,10
claude_haiku45,mc_G_365,T1,1,0,1.0,10,10
claude_haiku45,mc_G_365,T1,1,1,1.0,10,10
claude_haiku45,mc_G_365,T1,2,0,1.0,10,10
claude_haiku45,mc_G_365,T1,2,1,1.0,10,10
claude_haiku45,mc_G_365,T2,1,0,1.0,10,10
claude_haiku45,mc_G_365,T2,1,1,1.0,10,10
claude_haiku45,mc_G_365,T2,2,0,1.0,10,10
claude_haiku45,mc_G_365,T2,2,1,1.0,10,10
claude_haiku45,mc_G_365,T3,1,0,1.0,10,10
claude_haiku45,mc_G_365,T3,1,1,1.0,10,10
claude_haiku45,mc_G_365,T3,2,0,1.0,10,10
claude_haiku45,mc_G_365,T3,2,1,1.0,10,10
claude_haiku45,mc_G_365,T4,1,0,1.0,10,10
claude_haiku45,mc_G_365,T4,1,1,1.0,10,10
claude_haiku45,mc_G_365,T4,2,0,1.0,10,10
claude_haiku45,mc_G_365,T4,2,1,1.0,10,10
claude_haiku45,mc_G_373,T1,1,0,0.0,10,10
claude_haiku45,mc_G_373,T1,1,1,0.0,10,10
claude_haiku45,mc_G_373,T1,2,0,0.0,10,10
claude_haiku45,mc_G_373,T1,2,1,0.0,10,10
claude_haiku45,mc_G_373,T2,1,0,0.0,10,10
claude_haiku45,mc_G_373,T2,1,1,0.0,10,10
claude_haiku45,mc_G_373,T2,2,0,0.0,10,10
claude_haiku45,mc_G_373,T2,2,1,0.0,10,10
claude_haiku45,mc_G_373,T3,1,0,0.0,10,10
claude_haiku45,mc_G_373,T3,1,1,0.0,10,10
claude_haiku45,mc_G_373,T3,2,0,0.0,10,10
claude_haiku45,mc_G_373,T3,2,1,0.0,10,10
claude_haiku45,mc_G_373,T4,1,0,0.0,10,10
claude_haiku45,mc_G_373,T4,1,1,0.0,10,10
claude_haiku45,mc_G_373,T4,2,0,0.0,10,10
claude_haiku45,mc_G_373,T4,2,1,0.0,10,10
claude_haiku45,mc_G_385,T1,1,0,1.0,10,10
claude_haiku45,mc_G_385,T1,1,1,1.0,10,10
claude_haiku45,mc_G_385,T1,2,0,1.0,10,10
claude_haiku45,mc_G_385,T1,2,1,1.0,10,10
claude_haiku45,mc_G_385,T2,1,0,1.0,10,10
claude_haiku45,mc_G_385,T2,1,1,1.0,10,10
claude_haiku45,mc_G_385,T2,2,0,1.0,10,10
claude_haiku45,mc_G_385,T2,2,1,1.0,10,10
claude_haiku45,mc_G_385,T3,1,0,1.0,10,10
claude_haiku45,mc_G_385,T3,1,1,1.0,10,10
claude_haiku45,mc_G_385,T3,2,0,1.0,10,10
claude_haiku45,mc_G_385,T3,2,1,1.0,10,10
claude_haiku45,mc_G_385,T4,1,0,1.0,10,10
claude_haiku45,mc_G_385,T4,1,1,1.0,10,10
claude_haiku45,mc_G_385,T4,2,0,1.0,10,10
claude_haiku45,mc_G_385,T4,2,1,1.0,10,10
claude_haiku45,mc_G_397,T1,1,0,1.0,10,10
claude_haiku45,mc_G_397,T1,1,1,1.0,10,10
claude_haiku45,mc_G_397,T1,2,0,1.0,10,10
claude_haiku45,mc_G_397,T1,2,1,1.0,10,10
claude_haiku45,mc_G_397,T2,1,0,1.0,10,10
claude_haiku45,mc_G_397,T2,1,1,1.0,10,10
claude_haiku45,mc_G_397,T2,2,0,1.0,10,10
claude_haiku45,mc_G_397,T2,2,1,1.0,10,10
claude_haiku45,mc_G_397,T3,1,0,1.0,10,10
claude_haiku45,mc_G_397,T3,1,1,1.0,10,10
claude_haiku45,mc_G_397,T3,2,0,1.0,10,10
claude_haiku45,mc_G_397,T3,2,1,1.0,10,10
claude_haiku45,mc_G_397,T4,1,0,1.0,10,10
claude_haiku45,mc_G_397,T4,1,1,1.0,10,10
claude_haiku45,mc_G_397,T4,2,0,1.0,10,10
claude_haiku45,mc_G_397,T4,2,1,1.0,10,10
claude_haiku45,mc_G_431,T1,1,0,1.0,10,10
claude_haiku45,mc_G_431,T1,1,1,1.0,10,10
claude_haiku45,mc_G_431,T1,2,0,1.0,10,10
claude_haiku45,mc_G_431,T1,2,1,1.0,10,10
claude_haiku45,mc_G_431,T2,1,0,1.0,10,10
claude_haiku45,mc_G_431,T2,1,1,1.0,10,10
claude_haiku45,mc_G_431,T2,2,0,1.0,10,10
claude_haiku45,mc_G_431,T2,2,1,1.0,10,10
claude_haiku45,mc_G_431,T3,1,0,1.0,10,10
claude_haiku45,mc_G_431,T3,1,1,1.0,10,10
claude_haiku45,mc_G_431,T3,2,0,1.0,10,10
claude_haiku45,mc_G_431,T3,2,1,1.0,10,10
claude_haiku45,mc_G_431,T4,1,0,1.0,10,10
claude_haiku45,mc_G_431,T4,1,1,1.0,10,10
claude_haiku45,mc_G_431,T4,2,0,1.0,10,10
claude_haiku45,mc_G_431,T4,2,1,1.0,10,10
claude_haiku45,mc_G_453,T1,1,0,1.0,10,10
claude_haiku45,mc_G_453,T1,1,1,1.0,10,10
claude_haiku45,mc_G_453,T1,2,0,1.0,10,10
claude_haiku45,mc_G_453,T1,2,1,1.0,10,10
claude_haiku45,mc_G_453,T2,1,0,1.0,10,10
claude_haiku45,mc_G_453,T2,1,1,1.0,10,10
claude_haiku45,mc_G_453,T2,2,0,1.0,10,10
claude_haiku45,mc_G_453,T2,2,1,1.0,10,10
claude_haiku45,mc_G_453,T3,1,0,1.0,10,10
claude_haiku45,mc_G_453,T3,1,1,1.0,10,10
claude_haiku45,mc_G_453,T3,2,0,1.0,10,10
claude_haiku45,mc_G_453,T3,2,1,1.0,10,10
claude_haiku45,mc_G_453,T4,1,0,1.0,10,10
claude_haiku45,mc_G_453,T4,1,1,1.0,10,10
claude_haiku45,mc_G_453,T4,2,0,1.0,10,10
claude_haiku45,mc_G_453,T4,2,1,1.0,10,10
claude_haiku45,mc_G_492,T1,1,0,1.0,10,10
claude_haiku45,mc_G_492,T1,1,1,1.0,10,10
claude_haiku45,mc_G_492,T1,2,0,1.0,10,10
claude_haiku45,mc_G_492,T1,2,1,1.0,10,10
claude_haiku45,mc_G_492,T2,1,0,1.0,10,10
claude_haiku45,mc_G_492,T2,1,1,1.0,10,10
claude_haiku45,mc_G_492,T2,2,0,1.0,10,10
claude_haiku45,mc_G_492,T2,2,1,1.0,10,10
claude_haiku45,mc_G_492,T3,1,0,1.0,10,10
claude_haiku45,mc_G_492,T3,1,1,1.0,10,10
claude_haiku45,mc_G_492,T3,2,0,1.0,10,10
claude_haiku45,mc_G_492,T3,2,1,1.0,10,10
claude_haiku45,mc_G_492,T4,1,0,1.0,10,10
claude_haiku45,mc_G_492,T4,1,1,1.0,10,10
claude_haiku45,mc_G_492,T4,2,0,1.0,10,10
claude_haiku45,mc_G_492,T4,2,1,1.0,10,10
claude_haiku45,mc_G_572,T1,1,0,1.0,10,10
claude_haiku45,mc_G_572,T1,1,1,1.0,10,10
claude_haiku45,mc_G_572,T1,2,0,1.0,10,10
claude_haiku45,mc_G_572,T1,2,1,1.0,10,10
claude_haiku45,mc_G_572,T2,1,0,1.0,10,10
claude_haiku45,mc_G_572,T2,1,1,1.0,10,10
claude_haiku45,mc_G_572,T2,2,0,1.0,10,10
claude_haiku45,mc_G_572,T2,2,1,1.0,10,10
claude_haiku45,mc_G_572,T3,1,0,1.0,10,10
claude_haiku45,mc_G_572,T3,1,1,1.0,10,10
claude_haiku45,mc_G_572,T3,2,0,1.0,10,10
claude_haiku45,mc_G_572,T3,2,1,1.0,10,10
claude_haiku45,mc_G_572,T4,1,0,1.0,10,10
claude_haiku45,mc_G_572,T4,1,1,1.0,10,10
claude_haiku45,mc_G_572,T4,2,0,1.0,10,10
claude_haiku45,mc_G_572,T4,2,1,1.0,10,10
claude_haiku45,mc_G_595,T1,1,0,1.0,10,10
claude_haiku45,mc_G_595,T1,1,1,1.0,10,10
claude_haiku45,mc_G_595,T1,2,0,1.0,10,10
claude_haiku45,mc_G_595,T1,2,1,1.0,10,10
claude_haiku45,mc_G_595,T2,1,0,1.0,10,10
claude_haiku45,mc_G_595,T2,1,1,1.0,10,10
claude_haiku45,mc_G_595,T2,2,0,1.0,10,10
claude_haiku45,mc_G_595,T2,2,1,1.0,10,10
claude_haiku45,mc_G_595,T3,1,0,1.0,10,10
claude_haiku45,mc_G_595,T3,1,1,1.0,10,10
claude_haiku45,mc_G_595,T3,2,0,1.0,10,10
claude_haiku45,mc_G_595,T3,2,1,1.0,10,10
claude_haiku45,mc_G_595,T4,1,0,1.0,10,10
claude_haiku45,mc_G_595,T4,1,1,1.0,10,10
claude_haiku45,mc_G_595,T4,2,0,1.0,10,10
claude_haiku45,mc_G_595,T4,2,1,1.0,10,10
claude_haiku45,mc_G_601,T1,1,0,0.75,8,10
claude_haiku45,mc_G_601,T1,1,1,0.375,8,10
claude_haiku45,mc_G_601,T1,2,0,1.0,10,10
claude_haiku45,mc_G_601,T1,2,1,1.0,10,10
claude_haiku45,mc_G_601,T2,1,0,0.0,10,10
claude_haiku45,mc_G_601,T2,1,1,0.0,10,10
claude_haiku45,mc_G_601,T2,2,0,1.0,10,10
claude_haiku45,mc_G_601,T2,2,1,1.0,10,10
claude_haiku45,mc_G_601,T3,1,0,0.8571428571428571,7,10
claude_haiku45,mc_G_601,T3,1,1,1.0,7,10
claude_haiku45,mc_G_601,T3,2,0,1.0,10,10
claude_haiku45,mc_G_601,T3,2,1,1.0,10,10
claude_haiku45,mc_G_601,T4,1,0,0.0,9,10
claude_haiku45,mc_G_601,T4,1,1,0.0,10,10
claude_haiku45,mc_G_601,T4,2,0,1.0,9,10
claude_haiku45,mc_G_601,T4,2,1,1.0,9,10
claude_haiku45,mc_H_035,T1,1,0,0.0,10,10
claude_haiku45,mc_H_035,T1,1,1,0.0,10,10
claude_haiku45,mc_H_035,T1,2,0,0.0,10,10
claude_haiku45,mc_H_035,T1,2,1,0.0,10,10
claude_haiku45,mc_H_035,T2,1,0,0.0,10,10
claude_haiku45,mc_H_035,T2,1,1,0.0,10,10
claude_haiku45,mc_H_035,T2,2,0,0.0,10,10
claude_haiku45,mc_H_035,T2,2,1,0.0,10,10
claude_haiku45,mc_H_035,T3,1,0,0.0,10,10
claude_haiku45,mc_H_035,T3,1,1,0.0,10,10
claude_haiku45,mc_H_035,T3,2,0,0.0,10,10
claude_haiku45,mc_H_035,T3,2,1,0.0,10,10
claude_haiku45,mc_H_035,T4,1,0,0.0,10,10
claude_haiku45,mc_H_035,T4,1,1,0.0,10,10
claude_haiku45,mc_H_035,T4,2,0,0.0,10,10
claude_haiku45,mc_H_035,T4,2,1,0.0,10,10
claude_haiku45,mc_H_044,T1,1,0,0.0,10,10
claude_haiku45,mc_H_044,T1,1,1,0.0,10,10
claude_haiku45,mc_H_044,T1,2,0,0.0,10,10
claude_haiku45,mc_H_044,T1,2,1,0.0,10,10
claude_haiku45,mc_H_044,T2,1,0,0.0,10,10
claude_haiku45,mc_H_044,T2,1,1,0.0,10,10
claude_haiku45,mc_H_044,T2,2,0,0.0,10,10
claude_haiku45,mc_H_044,T2,2,1,0.0,10,10
claude_haiku45,mc_H_044,T3,1,0,0.0,10,10
claude_haiku45,mc_H_044,T3,1,1,0.0,10,10
claude_haiku45,mc_H_044,T3,2,0,0.0,10,10
claude_haiku45,mc_H_044,T3,2,1,0.0,10,10
claude_haiku45,mc_H_044,T4,1,0,0.0,10,10
claude_haiku45,mc_H_044,T4,1,1,0.0,10,10
claude_haiku45,mc_H_044,T4,2,0,0.0,10,10
claude_haiku45,mc_H_044,T4,2,1,0.0,10,10
claude_haiku45,mc_H_049,T1,1,0,0.0,10,10
claude_haiku45,mc_H_049,T1,1,1,0.0,10,10
claude_haiku45,mc_H_049,T1,2,0,0.0,10,10
claude_haiku45,mc_H_049,T1,2,1,0.0,10,10
claude_haiku45,mc_H_049,T2,1,0,0.0,10,10
claude_haiku45,mc_H_049,T2,1,1,0.0,10,10
claude_haiku45,mc_H_049,T2,2,0,0.0,10,10
claude_haiku45,mc_H_049,T2,2,1,0.0,10,10
claude_haiku45,mc_H_049,T3,1,0,0.0,10,10
claude_haiku45,mc_H_049,T3,1,1,0.0,10,10
claude_haiku45,mc_H_049,T3,2,0,0.0,10,10
claude_haiku45,mc_H_049,T3,2,1,0.0,10,10
claude_haiku45,mc_H_049,T4,1,0,0.0,10,10
claude_haiku45,mc_H_049,T4,1,1,0.0,10,10
claude_haiku45,mc_H_049,T4,2,0,0.0,10,10
claude_haiku45,mc_H_049,T4,2,1,0.0,10,10
claude_haiku45,mc_H_060,T1,1,0,1.0,10,10
claude_haiku45,mc_H_060,T1,1,1,1.0,10,10
claude_haiku45,mc_H_060,T1,2,0,1.0,10,10
claude_haiku45,mc_H_060,T1,2,1,1.0,10,10
claude_haiku45,mc_H_060,T2,1,0,1.0,10,10
claude_haiku45,mc_H_060,T2,1,1,1.0,10,10
claude_haiku45,mc_H_060,T2,2,0,1.0,10,10
claude_haiku45,mc_H_060,T2,2,1,1.0,10,10
claude_haiku45,mc_H_060,T3,1,0,1.0,10,10
claude_haiku45,mc_H_060,T3,1,1,1.0,10,10
claude_haiku45,mc_H_060,T3,2,0,1.0,10,10
claude_haiku45,mc_H_060,T3,2,1,1.0,10,10
claude_haiku45,mc_H_060,T4,1,0,1.0,10,10
claude_haiku45,mc_H_060,T4,1,1,1.0,10,10
claude_haiku45,mc_H_060,T4,2,0,1.0,10,10
claude_haiku45,mc_H_060,T4,2,1,1.0,10,10
claude_haiku45,mc_H_066,T1,1,0,0.0,10,10
claude_haiku45,mc_H_066,T1,1,1,0.0,10,10
claude_haiku45,mc_H_066,T1,2,0,0.0,10,10
claude_haiku45,mc_H_066,T1,2,1,0.0,10,10
claude_haiku45,mc_H_066,T2,1,0,0.0,10,10
claude_haiku45,mc_H_066,T2,1,1,0.0,10,10
claude_haiku45,mc_H_066,T2,2,0,0.0,10,10
claude_haiku45,mc_H_066,T2,2,1,0.0,10,10
claude_haiku45,mc_H_066,T3,1,0,0.0,10,10
claude_haiku45,mc_H_066,T3,1,1,0.0,10,10
claude_haiku45,mc_H_066,T3,2,0,0.0,10,10
claude_haiku45,mc_H_066,T3,2,1,0.0,10,10
claude_haiku45,mc_H_066,T4,1,0,0.0,10,10
claude_haiku45,mc_H_066,T4,1,1,0.0,10,10
claude_haiku45,mc_H_066,T4,2,0,0.0,10,10
claude_haiku45,mc_H_066,T4,2,1,0.0,10,10
claude_haiku45,mc_H_072,T1,1,0,1.0,10,10
claude_haiku45,mc_H_072,T1,1,1,1.0,10,10
claude_haiku45,mc_H_072,T1,2,0,1.0,10,10
claude_haiku45,mc_H_072,T1,2,1,1.0,10,10
claude_haiku45,mc_H_072,T2,1,0,1.0,10,10
claude_haiku45,mc_H_072,T2,1,1,1.0,10,10
claude_haiku45,mc_H_072,T2,2,0,1.0,10,10
claude_haiku45,mc_H_072,T2,2,1,1.0,10,10
claude_haiku45,mc_H_072,T3,1,0,1.0,10,10
claude_haiku45,mc_H_072,T3,1,1,1.0,10,10
claude_haiku45,mc_H_072,T3,2,0,1.0,10,10
claude_haiku45,mc_H_072,T3,2,1,1.0,10,10
claude_haiku45,mc_H_072,T4,1,0,1.0,10,10
claude_haiku45,mc_H_072,T4,1,1,1.0,10,10
claude_haiku45,mc_H_072,T4,2,0,1.0,10,10
claude_haiku45,mc_H_072,T4,2,1,1.0,10,10
claude_haiku45,mc_H_073,T1,1,0,1.0,10,10
claude_haiku45,mc_H_073,T1,1,1,1.0,10,10
claude_haiku45,mc_H_073,T1,2,0,1.0,10,10
claude_haiku45,mc_H_073,T1,2,1,1.0,10,10
claude_haiku45,mc_H_073,T2,1,0,1.0,10,10
claude_haiku45,mc_H_073,T2,1,1,1.0,10,10
claude_haiku45,mc_H_073,T2,2,0,1.0,10,10
claude_haiku45,mc_H_073,T2,2,1,1.0,10,10
claude_haiku45,mc_H_073,T3,1,0,1.0,10,10
claude_haiku45,mc_H_073,T3,1,1,1.0,10,10
claude_haiku45,mc_H_073,T3,2,0,1.0,10,10
claude_haiku45,mc_H_073,T3,2,1,1.0,10,10
claude_haiku45,mc_H_073,T4,1,0,1.0,10,10
claude_haiku45,mc_H_073,T4,1,1,1.0,10,10
claude_haiku45,mc_H_073,T4,2,0,1.0,10,10
claude_haiku45,mc_H_073,T4,2,1,1.0,10,10
deepseek_v4,dd_0107,T1,1,0,0.5871767742970986,1,1
deepseek_v4,dd_0107,T1,2,0,0.8828664703933914,1,1
deepseek_v4,dd_0107,T2,1,0,0.16671594021282618,1,1
deepseek_v4,dd_0107,T2,2,0,0.8246043310687425,1,1
deepseek_v4,dd_0107,T3,1,0,0.11791252010106953,1,1
deepseek_v4,dd_0107,T3,2,0,0.6919447487724828,1,1
deepseek_v4,dd_0107,T4,1,0,0.20335813019476645,1,1
deepseek_v4,dd_0107,T4,2,0,0.8188403614270956,1,1
deepseek_v4,dd_0283,T1,1,0,7.83447557812642e-07,1,1
deepseek_v4,dd_0283,T1,2,0,0.0002805177982771336,1,1
deepseek_v4,dd_0283,T2,1,0,2.2212829022099573e-06,1,1
deepseek_v4,dd_0283,T2,2,0,6.44465421155643e-05,1,1
deepseek_v4,dd_0283,T3,1,0,7.719772020593485e-07,1,1
deepseek_v4,dd_0283,T3,2,0,3.694183647908204e-05,1,1
deepseek_v4,dd_0283,T4,1,0,2.9204270517284725e-06,1,1
deepseek_v4,dd_0283,T4,2,0,0.00010259208984499502,1,1
deepseek_v4,dd_11241,T1,1,0,0.005008605349505669,1,1
deepseek_v4,dd_11241,T1,2,0,0.13141252754778887,1,1
deepseek_v4,dd_11241,T2,1,0,0.0005862548891101339,1,1
deepseek_v4,dd_11241,T2,2,0,0.031818286479383014,1,1
deepseek_v4,dd_11241,T3,1,0,0.0008317262281525367,1,1
deepseek_v4,dd_11241,T3,2,0,0.028300184470008954,1,1
deepseek_v4,dd_11241,T4,1,0,0.0009945629340033697,1,1
deepseek_v4,dd_11241,T4,2,0,0.07465321324541313,1,1
deepseek_v4,dd_13518,T1,1,0,3.396584788736233e-06,1,1
deepseek_v4,dd_13518,T1,2,0,2.3075768518786744e-05,1,1
deepseek_v4,dd_13518,T2,1,0,2.1580712938296388e-06,1,1
deepseek_v4,dd_13518,T2,2,0,2.2667380246010773e-05,1,1
deepseek_v4,dd_13518,T3,1,0,2.894209322100971e-06,1,1
deepseek_v4,dd_13518,T3,2,0,5.9237856572825294e-06,1,1
deepseek_v4,dd_13518,T4,1,0,7.541313600391009e-06,1,1
deepseek_v4,dd_13518,T4,2,0,0.00021749300601812765,1,1
deepseek_v4,dd_14408,T1,1,0,0.9903456521739777,1,1
deepseek_v4,dd_14408,T1,2,0,0.9989571333695099,1,1
deepseek_v4,dd_14408,T2,1,0,0.9067895901770746,1,1
deepseek_v4,dd_14408,T2,2,0,0.9964027073695497,1,1
deepseek_v4,dd_14408,T3,1,0,0.9851482669130763,1,1
deepseek_v4,dd_14408,T3,2,0,0.9984254729438579,1,1
deepseek_v4,dd_14408,T4,1,0,0.838489732172488,1,1
deepseek_v4,dd_14408,T4,2,0,0.9934747653463707,1,1
deepseek_v4,dd_14818,T1,1,0,0.9491534307690803,1,1
deepseek_v4,dd_14818,T1,2,0,0.9949853827581691,1,1
deepseek_v4,dd_14818,T2,1,0,0.929649011193801,1,1
deepseek_v4,dd_14818,T2,2,0,0.996686593036636,1,1
deepseek_v4,dd_14818,T3,1,0,0.7971999568947047,1,1
deepseek_v4,dd_14818,T3,2,0,0.9779266038087501,1,1
deepseek_v4,dd_14818,T4,1,0,0.9329164994684094,1,1
deepseek_v4,dd_14818,T4,2,0,0.9958924730302877,1,1
deepseek_v4,dd_15810,T1,1,0,0.43025021991905854,1,1
deepseek_v4,dd_15810,T1,2,0,0.8320592251604617,1,1
deepseek_v4,dd_15810,T2,1,0,0.48055294759539935,1,1
deepseek_v4,dd_15810,T2,2,0,0.604155359651488,1,1
deepseek_v4,dd_15810,T3,1,0,0.19625995972095606,1,1
deepseek_v4,dd_15810,T3,2,0,0.7632997991950584,1,1
deepseek_v4,dd_15810,T4,1,0,0.5360681469977501,1,1
deepseek_v4,dd_15810,T4,2,0,0.7062624688696821,1,1
deepseek_v4,dd_17929,T1,1,0,0.06550156138438996,1,1
deepseek_v4,dd_17929,T1,2,0,0.02177304435658099,1,1
deepseek_v4,dd_17929,T2,1,0,0.0321067518827836,1,1
deepseek_v4,dd_17929,T2,2,0,0.03312199805959261,1,1
deepseek_v4,dd_17929,T3,1,0,0.3131177719965326,1,1
deepseek_v4,dd_17929,T3,2,0,0.2932083666159738,1,1
deepseek_v4,dd_17929,T4,1,0,0.29124775208732695,1,1
deepseek_v4,dd_17929,T4,2,0,0.2027124646216388,1,1
deepseek_v4,dd_1808,T1,1,0,0.9032278726477396,1,1
deepseek_v4,dd_1808,T1,2,0,0.98323382451433,1,1
deepseek_v4,dd_1808,T2,1,0,0.824897649212483,1,1
deepseek_v4,dd_1808,T2,2,0,0.9851910177491169,1,1
deepseek_v4,dd_1808,T3,1,0,0.8308248030953943,1,1
deepseek_v4,dd_1808,T3,2,0,0.9870814197036646,1,1
deepseek_v4,dd_1808,T4,1,0,0.8584216708733549,1,1
deepseek_v4,dd_1808,T4,2,0,0.9791157072231512,1,1
deepseek_v4,dd_1814,T1,1,0,0.012989131085892777,1,1
deepseek_v4,dd_1814,T1,2,0,0.06152065564521782,1,1
deepseek_v4,dd_1814,T2,1,0,0.011922346359006478,1,1
deepseek_v4,dd_1814,T2,2,0,0.040333065873969697,1,1
deepseek_v4,dd_1814,T3,1,0,0.00038305049236378474,1,1
deepseek_v4,dd_1814,T3,2,0,0.004099156754626793,1,1
deepseek_v4,dd_1814,T4,1,0,0.006250968589612527,1,1
deepseek_v4,dd_1814,T4,2,0,0.029676058685416614,1,1
deepseek_v4,dd_18223,T1,1,0,0.1411588231545158,1,1
deepseek_v4,dd_18223,T1,2,0,0.8320288322180869,1,1
deepseek_v4,dd_18223,T2,1,0,0.16765259679809663,1,1
deepseek_v4,dd_18223,T2,2,0,0.8623937595654405,1,1
deepseek_v4,dd_18223,T3,1,0,0.3600239446461414,1,1
deepseek_v4,dd_18223,T3,2,0,0.6332251281566197,1,1
deepseek_v4,dd_18223,T4,1,0,0.22873879219986343,1,1
deepseek_v4,dd_18223,T4,2,0,0.9084076858865651,1,1
deepseek_v4,dd_18643,T1,1,0,0.9999959828740353,1,1
deepseek_v4,dd_18643,T1,2,0,0.9999988405639654,1,1
deepseek_v4,dd_18643,T2,1,0,0.9999970698544202,1,1
deepseek_v4,dd_18643,T2,2,0,0.9999988351866919,1,1
deepseek_v4,dd_18643,T3,1,0,0.9999842144594638,1,1
deepseek_v4,dd_18643,T3,2,0,0.9999977202046906,1,1
deepseek_v4,dd_18643,T4,1,0,0.9999128067762866,1,1
deepseek_v4,dd_18643,T4,2,0,0.9999977025644434,1,1
deepseek_v4,dd_18670,T1,1,0,0.9932258388234172,1,1
deepseek_v4,dd_18670,T1,2,0,0.9990782369052772,1,1
deepseek_v4,dd_18670,T2,1,0,0.9803541826097998,1,1
deepseek_v4,dd_18670,T2,2,0,0.9899317304873682,1,1
deepseek_v4,dd_18670,T3,1,0,0.9952233051395364,1,1
deepseek_v4,dd_18670,T3,2,0,0.9997154449215985,1,1
deepseek_v4,dd_18670,T4,1,0,0.9947462493954844,1,1
deepseek_v4,dd_18670,T4,2,0,0.9990488236908408,1,1
deepseek_v4,dd_2081,T1,1,0,0.6930876567364006,1,1
deepseek_v4,dd_2081,T1,2,0,0.9913882919384901,1,1
deepseek_v4,dd_2081,T2,1,0,0.7087278502355957,1,1
deepseek_v4,dd_2081,T2,2,0,0.9928628577496001,1,1
deepseek_v4,dd_2081,T3,1,0,0.9027148494701631,1,1
deepseek_v4,dd_2081,T3,2,0,0.9986655910037825,1,1
deepseek_v4,dd_2081,T4,1,0,0.840848458518824,1,1
deepseek_v4,dd_2081,T4,2,0,0.9966374406370919,1,1
deepseek_v4,dd_21158,T1,1,0,0.9825188333847874,1,1
deepseek_v4,dd_21158,T1,2,0,0.992976096514483,1,1
deepseek_v4,dd_21158,T2,1,0,0.9654317379128763,1,1
deepseek_v4,dd_21158,T2,2,0,0.9857709763569058,1,1
deepseek_v4,dd_21158,T3,1,0,0.9164131283519923,1,1
deepseek_v4,dd_21158,T3,2,0,0.9877120503419001,1,1
deepseek_v4,dd_21158,T4,1,0,0.9626885973393281,1,1
deepseek_v4,dd_21158,T4,2,0,0.9899976148134768,1,1
deepseek_v4,dd_21629,T1,1,0,0.6007145886968643,1,1
deepseek_v4,dd_21629,T1,2,0,0.5447711280073068,1,1
deepseek_v4,dd_21629,T2,1,0,0.3040420770073333,1,1
deepseek_v4,dd_21629,T2,2,0,0.8841170959378054,1,1
deepseek_v4,dd_21629,T3,1,0,0.9344788311410566,1,1
deepseek_v4,dd_21629,T3,2,0,0.9871435639484739,1,1
deepseek_v4,dd_21629,T4,1,0,0.06819442898112406,1,1
deepseek_v4,dd_21629,T4,2,0,0.5207619343525866,1,1
deepseek_v4,dd_21630,T1,1,0,0.05016933890097245,1,1
deepseek_v4,dd_21630,T1,2,0,0.8904074276340622,1,1
deepseek_v4,dd_21630,T2,1,0,0.007183081420704181,1,1
deepseek_v4,dd_21630,T2,2,0,0.5719636699462148,1,1
deepseek_v4,dd_21630,T3,1,0,0.0025125628800620166,1,1
deepseek_v4,dd_21630,T3,2,0,0.696762483143783,1,1
deepseek_v4,dd_21630,T4,1,0,0.030810956516074375,1,1
deepseek_v4,dd_21630,T4,2,0,0.8843065092706588,1,1
deepseek_v4,dd_22819,T1,1,0,0.0004040659554304081,1,1
deepseek_v4,dd_22819,T1,2,0,0.001793571994008912,1,1
deepseek_v4,dd_22819,T2,1,0,0.0003498724492595188,1,1
deepseek_v4,dd_22819,T2,2,0,0.0074716125839539805,1,1
deepseek_v4,dd_22819,T3,1,0,0.0011940930020469711,1,1
deepseek_v4,dd_22819,T3,2,0,0.010808371788223565,1,1
deepseek_v4,dd_22819,T4,1,0,0.00023963491926015055,1,1
deepseek_v4,dd_22819,T4,2,0,0.0012483891900147706,1,1
deepseek_v4,dd_23534,T1,1,0,0.7548839339095901,1,1
deepseek_v4,dd_23534,T1,2,0,0.742018102109723,1,1
deepseek_v4,dd_23534,T2,1,0,0.7211897680035165,1,1
deepseek_v4,dd_23534,T2,2,0,0.9059573276015613,1,1
deepseek_v4,dd_23534,T3,1,0,0.7575625593170686,1,1
deepseek_v4,dd_23534,T3,2,0,0.47208829763546944,1,1
deepseek_v4,dd_23534,T4,1,0,0.6935816244030711,1,1
deepseek_v4,dd_23534,T4,2,0,0.9153436247215032,1,1
deepseek_v4,dd_24260,T1,1,0,0.0773488365338361,1,1
deepseek_v4,dd_24260,T1,2,0,0.22331022889442484,1,1
deepseek_v4,dd_24260,T2,1,0,0.22142695912292334,1,1
deepseek_v4,dd_24260,T2,2,0,0.3778517935997066,1,1
deepseek_v4,dd_24260,T3,1,0,0.029804515405366244,1,1
deepseek_v4,dd_24260,T3,2,0,0.255135546762317,1,1
deepseek_v4,dd_24260,T4,1,0,0.08802852520005229,1,1
deepseek_v4,dd_24260,T4,2,0,0.42534599882474905,1,1
deepseek_v4,dd_24405,T1,1,0,5.984627689508752e-06,1,1
deepseek_v4,dd_24405,T1,2,0,0.0003779916045859477,1,1
deepseek_v4,dd_24405,T2,1,0,4.044431688935635e-06,1,1
deepseek_v4,dd_24405,T2,2,0,4.298957313097165e-05,1,1
deepseek_v4,dd_24405,T3,1,0,6.2667021254995e-07,1,1
deepseek_v4,dd_24405,T3,2,0,0.0002481041716663382,1,1
deepseek_v4,dd_24405,T4,1,0,9.983442249431977e-06,1,1
deepseek_v4,dd_24405,T4,2,0,0.0001258570228876367,1,1
deepseek_v4,dd_24975,T1,1,0,0.00809586253473469,1,1
deepseek_v4,dd_24975,T1,2,0,0.19403828636768775,1,1
deepseek_v4,dd_24975,T2,1,0,0.019239438883886347,1,1
deepseek_v4,dd_24975,T2,2,0,0.5034312662725852,1,1
deepseek_v4,dd_24975,T3,1,0,0.06839929219940435,1,1
deepseek_v4,dd_24975,T3,2,0,0.9030373084756509,1,1
deepseek_v4,dd_24975,T4,1,0,0.0042393667625130315,1,1
deepseek_v4,dd_24975,T4,2,0,0.027482018156457795,1,1
deepseek_v4,dd_25137,T1,1,0,0.9986138947071472,1,1
deepseek_v4,dd_25137,T1,2,0,0.9999047301231767,1,1
deepseek_v4,dd_25137,T2,1,0,0.9570858924497125,1,1
deepseek_v4,dd_25137,T2,2,0,0.9996994201428392,1,1
deepseek_v4,dd_25137,T3,1,0,0.9997357382448102,1,1
deepseek_v4,dd_25137,T3,2,0,0.9999624873132036,1,1
deepseek_v4,dd_25137,T4,1,0,0.9987748946874115,1,1
deepseek_v4,dd_25137,T4,2,0,0.9999022659983703,1,1
deepseek_v4,dd_25302,T1,1,0,5.7940479323097405e-05,1,1
deepseek_v4,dd_25302,T1,2,0,0.00044273436677295805,1,1
deepseek_v4,dd_25302,T2,1,0,0.00013392816265819343,1,1
deepseek_v4,dd_25302,T2,2,0,0.00798871195356172,1,1
deepseek_v4,dd_25302,T3,1,0,6.102281842277595e-06,1,1
deepseek_v4,dd_25302,T3,2,0,0.0017548984864345935,1,1
deepseek_v4,dd_25302,T4,1,0,3.710871176000919e-05,1,1
deepseek_v4,dd_25302,T4,2,0,0.002115453218469187,1,1
deepseek_v4,dd_25868,T1,1,0,0.5819445161713975,1,1
deepseek_v4,dd_25868,T1,2,0,0.5634427081405273,1,1
deepseek_v4,dd_25868,T2,1,0,0.5034798938112548,1,1
deepseek_v4,dd_25868,T2,2,0,0.5495839583561904,1,1
deepseek_v4,dd_25868,T3,1,0,0.2561568824955548,1,1
deepseek_v4,dd_25868,T3,2,0,0.27244098979465686,1,1
deepseek_v4,dd_25868,T4,1,0,0.3683382364044473,1,1
deepseek_v4,dd_25868,T4,2,0,0.7310263302603387,1,1
deepseek_v4,dd_26178,T1,1,0,0.0012477731626910733,1,1
deepseek_v4,dd_26178,T1,2,0,0.09362424628728445,1,1
deepseek_v4,dd_26178,T2,1,0,0.00031841633582345376,1,1
deepseek_v4,dd_26178,T2,2,0,0.02238489816065926,1,1
deepseek_v4,dd_26178,T3,1,0,0.000945865737617967,1,1
deepseek_v4,dd_26178,T3,2,0,0.4472952517676712,1,1
deepseek_v4,dd_26178,T4,1,0,0.0006349990590093314,1,1
deepseek_v4,dd_26178,T4,2,0,0.1280158444370437,1,1
deepseek_v4,dd_26321,T1,1,0,0.9979350771433637,1,1
deepseek_v4,dd_26321,T1,2,0,0.9992830942969643,1,1
deepseek_v4,dd_26321,T2,1,0,0.9884871849127245,1,1
deepseek_v4,dd_26321,T2,2,0,0.9973181722101693,1,1
deepseek_v4,dd_26321,T3,1,0,0.9988858592768289,1,1
deepseek_v4,dd_26321,T3,2,0,0.999227130463518,1,1
deepseek_v4,dd_26321,T4,1,0,0.9799743854028025,1,1
deepseek_v4,dd_26321,T4,2,0,0.9985800841213988,1,1
deepseek_v4,dd_27524,T1,1,0,1.517795243226707e-05,1,1
deepseek_v4,dd_27524,T1,2,0,0.00013452164047434532,1,1
deepseek_v4,dd_27524,T2,1,0,2.1887724653166634e-05,1,1
deepseek_v4,dd_27524,T2,2,0,0.00013017722336609093,1,1
deepseek_v4,dd_27524,T3,1,0,1.0293933635929221e-05,1,1
deepseek_v4,dd_27524,T3,2,0,0.00024079597126778452,1,1
deepseek_v4,dd_27524,T4,1,0,3.1951269403180394e-05,1,1
deepseek_v4,dd_27524,T4,2,0,0.00018312190963868928,1,1
deepseek_v4,dd_27558,T1,1,0,0.027914522480777016,1,1
deepseek_v4,dd_27558,T1,2,0,0.3776643921256719,1,1
deepseek_v4,dd_27558,T2,1,0,0.001959891249098142,1,1
deepseek_v4,dd_27558,T2,2,0,0.16517239746365744,1,1
deepseek_v4,dd_27558,T3,1,0,0.15855721680637547,1,1
deepseek_v4,dd_27558,T3,2,0,0.6804350209783718,1,1
deepseek_v4,dd_27558,T4,1,0,0.016800857062611765,1,1
deepseek_v4,dd_27558,T4,2,0,0.3647015292872535,1,1
deepseek_v4,dd_28814,T1,1,0,0.012383833097528238,1,1
deepseek_v4,dd_28814,T1,2,0,0.11588565534627206,1,1
deepseek_v4,dd_28814,T2,1,0,0.004620296583923168,1,1
deepseek_v4,dd_28814,T2,2,0,0.027730955725143912,1,1
deepseek_v4,dd_28814,T3,1,0,0.03914144473586614,1,1
deepseek_v4,dd_28814,T3,2,0,0.06657463709276991,1,1
deepseek_v4,dd_28814,T4,1,0,0.006548746053888866,1,1
deepseek_v4,dd_28814,T4,2,0,0.017156178617191875,1,1
deepseek_v4,dd_29454,T1,1,0,0.5588226842573506,1,1
deepseek_v4,dd_29454,T1,2,0,0.5163058657430759,1,1
deepseek_v4,dd_29454,T2,1,0,0.5697974796093068,1,1
deepseek_v4,dd_29454,T2,2,0,0.6464610994706521,1,1
deepseek_v4,dd_29454,T3,1,0,0.945202737143505,1,1
deepseek_v4,dd_29454,T3,2,0,0.9566118837671652,1,1
deepseek_v4,dd_29454,T4,1,0,0.6866098030856793,1,1
deepseek_v4,dd_29454,T4,2,0,0.9183498984702768,1,1
deepseek_v4,dd_29978,T1,1,0,0.043829929768306006,1,1
deepseek_v4,dd_29978,T1,2,0,0.16578558981559258,1,1
deepseek_v4,dd_29978,T2,1,0,0.01579428436922025,1,1
deepseek_v4,dd_29978,T2,2,0,0.03925767127920875,1,1
deepseek_v4,dd_29978,T3,1,0,0.15218918503862167,1,1
deepseek_v4,dd_29978,T3,2,0,0.5029086771878922,1,1
deepseek_v4,dd_29978,T4,1,0,0.014382708603857786,1,1
deepseek_v4,dd_29978,T4,2,0,0.04359807555599874,1,1
deepseek_v4,dd_30131,T1,1,0,1.5477299655484726e-05,1,1
deepseek_v4,dd_30131,T1,2,0,0.012985144179973152,1,1
deepseek_v4,dd_30131,T2,1,0,3.717016465750365e-05,1,1
deepseek_v4,dd_30131,T2,2,0,0.021682800582555773,1,1
deepseek_v4,dd_30131,T3,1,0,6.762025047140765e-05,1,1
deepseek_v4,dd_30131,T3,2,0,0.007656188079490862,1,1
deepseek_v4,dd_30131,T4,1,0,1.8581137080553387e-05,1,1
deepseek_v4,dd_30131,T4,2,0,0.023748302090521367,1,1
deepseek_v4,dd_30899,T1,1,0,0.9961818108133856,1,1
deepseek_v4,dd_30899,T1,2,0,0.9999224566534709,1,1
deepseek_v4,dd_30899,T2,1,0,0.9971339324114706,1,1
deepseek_v4,dd_30899,T2,2,0,0.9990526243727631,1,1
deepseek_v4,dd_30899,T3,1,0,0.9993738374986187,1,1
deepseek_v4,dd_30899,T3,2,0,0.9999861777750234,1,1
deepseek_v4,dd_30899,T4,1,0,0.9919397917420945,1,1
deepseek_v4,dd_30899,T4,2,0,0.7311867502968515,1,1
deepseek_v4,dd_31129,T1,1,0,1.2631035501103886e-05,1,1
deepseek_v4,dd_31129,T1,2,0,3.486200739176703e-05,1,1
deepseek_v4,dd_31129,T2,1,0,2.34107366917918e-05,1,1
deepseek_v4,dd_31129,T2,2,0,0.00018438697477884735,1,1
deepseek_v4,dd_31129,T3,1,0,5.398958794976099e-06,1,1
deepseek_v4,dd_31129,T3,2,0,3.111299808818277e-05,1,1
deepseek_v4,dd_31129,T4,1,0,1.716344443588469e-05,1,1
deepseek_v4,dd_31129,T4,2,0,4.963216609254209e-05,1,1
deepseek_v4,dd_32872,T1,1,0,0.013257635930353779,1,1
deepseek_v4,dd_32872,T1,2,0,0.8184280617693244,1,1
deepseek_v4,dd_32872,T2,1,0,0.02705618186975099,1,1
deepseek_v4,dd_32872,T2,2,0,0.7607659477012861,1,1
deepseek_v4,dd_32872,T3,1,0,0.0778582196958261,1,1
deepseek_v4,dd_32872,T3,2,0,0.875601769432551,1,1
deepseek_v4,dd_32872,T4,1,0,0.014834722023008317,1,1
deepseek_v4,dd_32872,T4,2,0,0.900504851532939,1,1
deepseek_v4,dd_33618,T1,1,0,0.001211666763293357,1,1
deepseek_v4,dd_33618,T1,2,0,0.02591259635973659,1,1
deepseek_v4,dd_33618,T2,1,0,0.0033222692892481004,1,1
deepseek_v4,dd_33618,T2,2,0,0.080035831783667,1,1
deepseek_v4,dd_33618,T3,1,0,4.471889370165013e-05,1,1
deepseek_v4,dd_33618,T3,2,0,0.0007084757778038381,1,1
deepseek_v4,dd_33618,T4,1,0,0.0007758239850549002,1,1
deepseek_v4,dd_33618,T4,2,0,0.04653112624664407,1,1
deepseek_v4,dd_34148,T1,1,0,0.04562072471230144,1,1
deepseek_v4,dd_34148,T1,2,0,0.7938373665495256,1,1
deepseek_v4,dd_34148,T2,1,0,0.03483276549810128,1,1
deepseek_v4,dd_34148,T2,2,0,0.5960015076538063,1,1
deepseek_v4,dd_34148,T3,1,0,0.07082398369112337,1,1
deepseek_v4,dd_34148,T3,2,0,0.9185336357932168,1,1
deepseek_v4,dd_34148,T4,1,0,0.0338270768996411,1,1
deepseek_v4,dd_34148,T4,2,0,0.7594777524634123,1,1
deepseek_v4,dd_34460,T1,1,0,2.6029164588477126e-06,1,1
deepseek_v4,dd_34460,T1,2,0,0.00011250742721457288,1,1
deepseek_v4,dd_34460,T2,1,0,5.1752645692703856e-06,1,1
deepseek_v4,dd_34460,T2,2,0,1.662342450832232e-05,1,1
deepseek_v4,dd_34460,T3,1,0,1.3062843765909746e-05,1,1
deepseek_v4,dd_34460,T3,2,0,0.0005288206194733302,1,1
deepseek_v4,dd_34460,T4,1,0,1.8050673401663225e-06,1,1
deepseek_v4,dd_34460,T4,2,0,0.00026960670394933424,1,1
deepseek_v4,dd_35732,T1,1,0,4.238010128676386e-06,1,1
deepseek_v4,dd_35732,T1,2,0,7.354216531404722e-05,1,1
deepseek_v4,dd_35732,T2,1,0,2.3253363501106655e-05,1,1
deepseek_v4,dd_35732,T2,2,0,6.574987995355815e-05,1,1
deepseek_v4,dd_35732,T3,1,0,7.600649512082876e-06,1,1
deepseek_v4,dd_35732,T3,2,0,7.850126416400232e-05,1,1
deepseek_v4,dd_35732,T4,1,0,1.4869463917815722e-05,1,1
deepseek_v4,dd_35732,T4,2,0,0.00011344950195497904,1,1
deepseek_v4,dd_36819,T1,1,0,0.23347893735594397,1,1
deepseek_v4,dd_36819,T1,2,0,0.34474842509753734,1,1
deepseek_v4,dd_36819,T2,1,0,0.13960380607839934,1,1
deepseek_v4,dd_36819,T2,2,0,0.16677237139017256,1,1
deepseek_v4,dd_36819,T3,1,0,0.024132570198495996,1,1
deepseek_v4,dd_36819,T3,2,0,0.18030448101281796,1,1
deepseek_v4,dd_36819,T4,1,0,0.72916056953903,1,1
deepseek_v4,dd_36819,T4,2,0,0.6094297562503982,1,1
deepseek_v4,dd_37249,T1,1,0,0.9653288516247435,1,1
deepseek_v4,dd_37249,T1,2,0,0.9990998893714129,1,1
deepseek_v4,dd_37249,T2,1,0,0.9275757638259226,1,1
deepseek_v4,dd_37249,T2,2,0,0.9971998607379927,1,1
deepseek_v4,dd_37249,T3,1,0,0.8959832579461402,1,1
deepseek_v4,dd_37249,T3,2,0,0.9988830665530367,1,1
deepseek_v4,dd_37249,T4,1,0,0.9707500049116168,1,1
deepseek_v4,dd_37249,T4,2,0,0.9988572193803034,1,1
deepseek_v4,dd_37490,T1,1,0,0.9997394399496811,1,1
deepseek_v4,dd_37490,T1,2,0,0.9999876003576657,1,1
deepseek_v4,dd_37490,T2,1,0,0.9999244301283963,1,1
deepseek_v4,dd_37490,T2,2,0,0.9999969958883766,1,1
deepseek_v4,dd_37490,T3,1,0,0.9999187547297943,1,1
deepseek_v4,dd_37490,T3,2,0,0.9999972546908995,1,1
deepseek_v4,dd_37490,T4,1,0,0.9999936182915006,1,1
deepseek_v4,dd_37490,T4,2,0,0.9999950625285767,1,1
deepseek_v4,dd_38533,T1,1,0,0.04448296697343922,1,1
deepseek_v4,dd_38533,T1,2,0,0.03008241447359286,1,1
deepseek_v4,dd_38533,T2,1,0,0.0341229305623159,1,1
deepseek_v4,dd_38533,T2,2,0,0.2531672504132932,1,1
deepseek_v4,dd_38533,T3,1,0,0.03304853106885791,1,1
deepseek_v4,dd_38533,T3,2,0,0.08708499160440801,1,1
deepseek_v4,dd_38533,T4,1,0,0.07853934017942087,1,1
deepseek_v4,dd_38533,T4,2,0,0.2655671139526882,1,1
deepseek_v4,dd_39199,T1,1,0,0.9680545497204216,1,1
deepseek_v4,dd_39199,T1,2,0,0.9987277400466538,1,1
deepseek_v4,dd_39199,T2,1,0,0.9690238965580622,1,1
deepseek_v4,dd_39199,T2,2,0,0.9993776136267669,1,1
deepseek_v4,dd_39199,T3,1,0,0.9306608801169164,1,1
deepseek_v4,dd_39199,T3,2,0,0.9996427263901934,1,1
deepseek_v4,dd_39199,T4,1,0,0.9734347481475739,1,1
deepseek_v4,dd_39199,T4,2,0,0.9999079548142408,1,1
deepseek_v4,dd_42860,T1,1,0,6.56143210647303e-05,1,1
deepseek_v4,dd_42860,T1,2,0,0.05073199913328558,1,1
deepseek_v4,dd_42860,T2,1,0,1.7311995627612402e-05,1,1
deepseek_v4,dd_42860,T2,2,0,0.0069688482478327905,1,1
deepseek_v4,dd_42860,T3,1,0,2.120437846109933e-05,1,1
deepseek_v4,dd_42860,T3,2,0,0.047436907545520504,1,1
deepseek_v4,dd_42860,T4,1,0,4.112507019361933e-05,1,1
deepseek_v4,dd_42860,T4,2,0,0.01092254383535186,1,1
deepseek_v4,dd_44063,T1,1,0,0.7277525557076727,1,1
deepseek_v4,dd_44063,T1,2,0,0.9029273623673401,1,1
deepseek_v4,dd_44063,T2,1,0,0.6014298893990752,1,1
deepseek_v4,dd_44063,T2,2,0,0.8667412797530509,1,1
deepseek_v4,dd_44063,T3,1,0,0.556950303807346,1,1
deepseek_v4,dd_44063,T3,2,0,0.9664102489419749,1,1
deepseek_v4,dd_44063,T4,1,0,0.7751144517873105,1,1
deepseek_v4,dd_44063,T4,2,0,0.9238884600616842,1,1
deepseek_v4,dd_44380,T1,1,0,0.9904494976735896,1,1
deepseek_v4,dd_44380,T1,2,0,0.9944307251578428,1,1
deepseek_v4,dd_44380,T2,1,0,0.9959950544537015,1,1
deepseek_v4,dd_44380,T2,2,0,0.9913496755913792,1,1
deepseek_v4,dd_44380,T3,1,0,0.9744192909754573,1,1
deepseek_v4,dd_44380,T3,2,0,0.9968577904450366,1,1
deepseek_v4,dd_44380,T4,1,0,0.895063159179649,1,1
deepseek_v4,dd_44380,T4,2,0,0.9015210946523131,1,1
deepseek_v4,dd_45938,T1,1,0,1.433397920018198e-06,1,1
deepseek_v4,dd_45938,T1,2,0,5.6852150385178665e-06,1,1
deepseek_v4,dd_45938,T2,1,0,2.4635828094254602e-06,1,1
deepseek_v4,dd_45938,T2,2,0,3.542195751130528e-05,1,1
deepseek_v4,dd_45938,T3,1,0,3.7649848829083195e-06,1,1
deepseek_v4,dd_45938,T3,2,0,8.743080925146346e-06,1,1
deepseek_v4,dd_45938,T4,1,0,7.649969955351745e-07,1,1
deepseek_v4,dd_45938,T4,2,0,7.878240146869465e-06,1,1
deepseek_v4,dd_46859,T1,1,0,5.9558127877977175e-06,1,1
deepseek_v4,dd_46859,T1,2,0,1.0018845901022994e-05,1,1
deepseek_v4,dd_46859,T2,1,0,2.7337295282527306e-06,1,1
deepseek_v4,dd_46859,T2,2,0,1.3506914770006937e-05,1,1
deepseek_v4,dd_46859,T3,1,0,4.406641874465135e-06,1,1
deepseek_v4,dd_46859,T3,2,0,1.7588191358414898e-05,1,1
deepseek_v4,dd_46859,T4,1,0,3.0839849430552995e-06,1,1
deepseek_v4,dd_46859,T4,2,0,2.077565032509264e-05,1,1
deepseek_v4,dd_47886,T1,1,0,0.031071282587922154,1,1
deepseek_v4,dd_47886,T1,2,0,0.3502998265043724,1,1
deepseek_v4,dd_47886,T2,1,0,0.047309161470823875,1,1
deepseek_v4,dd_47886,T2,2,0,0.45151827816779977,1,1
deepseek_v4,dd_47886,T3,1,0,0.05235847287768089,1,1
deepseek_v4,dd_47886,T3,2,0,0.29111469766943016,1,1
deepseek_v4,dd_47886,T4,1,0,0.032424782615305195,1,1
deepseek_v4,dd_47886,T4,2,0,0.543090474673442,1,1
deepseek_v4,dd_5570,T1,1,0,0.9999775902862972,1,1
deepseek_v4,dd_5570,T1,2,0,0.9999916489216798,1,1
deepseek_v4,dd_5570,T2,1,0,0.9996792028330018,1,1
deepseek_v4,dd_5570,T2,2,0,0.9999855793287513,1,1
deepseek_v4,dd_5570,T3,1,0,0.9997179794715918,1,1
deepseek_v4,dd_5570,T3,2,0,0.999970458067402,1,1
deepseek_v4,dd_5570,T4,1,0,0.9994290969673353,1,1
deepseek_v4,dd_5570,T4,2,0,0.9999016866505872,1,1
deepseek_v4,dd_6488,T1,1,0,0.0002797129525847093,1,1
deepseek_v4,dd_6488,T1,2,0,0.00014842440400160433,1,1
deepseek_v4,dd_6488,T2,1,0,2.582439842244485e-05,1,1
deepseek_v4,dd_6488,T2,2,0,0.0014502408054482634,1,1
deepseek_v4,dd_6488,T3,1,0,7.891983166708521e-05,1,1
deepseek_v4,dd_6488,T3,2,0,0.00011105645897550017,1,1
deepseek_v4,dd_6488,T4,1,0,0.00044261380167120946,1,1
deepseek_v4,dd_6488,T4,2,0,0.00041833534331959203,1,1
deepseek_v4,dd_6826,T1,1,0,0.9349393141662605,1,1
deepseek_v4,dd_6826,T1,2,0,0.9972807872839262,1,1
deepseek_v4,dd_6826,T2,1,0,0.9319301939282343,1,1
deepseek_v4,dd_6826,T2,2,0,0.9681120695960921,1,1
deepseek_v4,dd_6826,T3,1,0,0.848835690884913,1,1
deepseek_v4,dd_6826,T3,2,0,0.9800386694690666,1,1
deepseek_v4,dd_6826,T4,1,0,0.9250603561922854,1,1
deepseek_v4,dd_6826,T4,2,0,0.9924815396408108,1,1
deepseek_v4,dd_6868,T1,1,0,0.5219023622047232,1,1
deepseek_v4,dd_6868,T1,2,0,0.8284660695887066,1,1
deepseek_v4,dd_6868,T2,1,0,0.42853978130076487,1,1
deepseek_v4,dd_6868,T2,2,0,0.7111269485715193,1,1
deepseek_v4,dd_6868,T3,1,0,0.26309764045381095,1,1
deepseek_v4,dd_6868,T3,2,0,0.8133449831985405,1,1
deepseek_v4,dd_6868,T4,1,0,0.8001112262153639,1,1
deepseek_v4,dd_6868,T4,2,0,0.9164370944420013,1,1
deepseek_v4,dd_7687,T1,1,0,0.999987030500396,1,1
deepseek_v4,dd_7687,T1,2,0,0.9999820293264212,1,1
deepseek_v4,dd_7687,T2,1,0,0.999946758351462,1,1
deepseek_v4,dd_7687,T2,2,0,0.9998844486128509,1,1
deepseek_v4,dd_7687,T3,1,0,0.9999932918202185,1,1
deepseek_v4,dd_7687,T3,2,0,0.9999948563399508,1,1
deepseek_v4,dd_7687,T4,1,0,0.9999652409807996,1,1
deepseek_v4,dd_7687,T4,2,0,0.999914813991971,1,1
deepseek_v4,dd_8580,T1,1,0,0.011067733611766953,1,1
deepseek_v4,dd_8580,T1,2,0,0.11733725041563188,1,1
deepseek_v4,dd_8580,T2,1,0,0.036765146102981906,1,1
deepseek_v4,dd_8580,T2,2,0,0.26839351748352175,1,1
deepseek_v4,dd_8580,T3,1,0,0.0012044266212250436,1,1
deepseek_v4,dd_8580,T3,2,0,0.008448534683831634,1,1
deepseek_v4,dd_8580,T4,1,0,0.028297982161142238,1,1
deepseek_v4,dd_8580,T4,2,0,0.336360844254713,1,1
deepseek_v4,dd_9595,T1,1,0,0.6798325200356349,1,1
deepseek_v4,dd_9595,T1,2,0,0.45688681286805133,1,1
deepseek_v4,dd_9595,T2,1,0,0.6256427228537654,1,1
deepseek_v4,dd_9595,T2,2,0,0.43633586240063577,1,1
deepseek_v4,dd_9595,T3,1,0,0.9031408106407742,1,1
deepseek_v4,dd_9595,T3,2,0,0.6121059017726919,1,1
deepseek_v4,dd_9595,T4,1,0,0.5772068079971984,1,1
deepseek_v4,dd_9595,T4,2,0,0.7426047757467726,1,1
deepseek_v4,dd_9899,T1,1,0,0.835061011753997,1,1
deepseek_v4,dd_9899,T1,2,0,0.9180700078548625,1,1
deepseek_v4,dd_9899,T2,1,0,0.7237680666347109,1,1
deepseek_v4,dd_9899,T2,2,0,0.6045147496672456,1,1
deepseek_v4,dd_9899,T3,1,0,0.3037794029702155,1,1
deepseek_v4,dd_9899,T3,2,0,0.22603865323463435,1,1
deepseek_v4,dd_9899,T4,1,0,0.7595509049620871,1,1
deepseek_v4,dd_9899,T4,2,0,0.8233617035662522,1,1
deepseek_v4,dd_9955,T1,1,0,0.02625188557221326,1,1
deepseek_v4,dd_9955,T1,2,0,0.6249831286530453,1,1
deepseek_v4,dd_9955,T2,1,0,0.018470338746266256,1,1
deepseek_v4,dd_9955,T2,2,0,0.5785095555820702,1,1
deepseek_v4,dd_9955,T3,1,0,0.22987945707276547,1,1
deepseek_v4,dd_9955,T3,2,0,0.9110462522190271,1,1
deepseek_v4,dd_9955,T4,1,0,0.005317409927595863,1,1
deepseek_v4,dd_9955,T4,2,0,0.42016457593440615,1,1
deepseek_v4,mc_C_034,T1,1,0,0.9999958375751302,1,1
deepseek_v4,mc_C_034,T1,2,0,0.999994701323984,1,1
deepseek_v4,mc_C_034,T2,1,0,0.999988182805151,1,1
deepseek_v4,mc_C_034,T2,2,0,0.9999995563566432,1,1
deepseek_v4,mc_C_034,T3,1,0,0.9999984269840357,1,1
deepseek_v4,mc_C_034,T3,2,0,0.999999221389522,1,1
deepseek_v4,mc_C_034,T4,1,0,0.9999917995864759,1,1
deepseek_v4,mc_C_034,T4,2,0,0.9999957939807951,1,1
deepseek_v4,mc_C_1095,T1,1,0,0.9999993515634132,1,1
deepseek_v4,mc_C_1095,T1,2,0,0.9999993920844682,1,1
deepseek_v4,mc_C_1095,T2,1,0,0.9999996887980673,1,1
deepseek_v4,mc_C_1095,T2,2,0,0.9999988960841023,1,1
deepseek_v4,mc_C_1095,T3,1,0,0.9999999325345235,1,1
deepseek_v4,mc_C_1095,T3,2,0,0.999999593128705,1,1
deepseek_v4,mc_C_1095,T4,1,0,0.9999997521692765,1,1
deepseek_v4,mc_C_1095,T4,2,0,0.9999988330472996,1,1
deepseek_v4,mc_C_1216,T1,1,0,0.9999976878370764,1,1
deepseek_v4,mc_C_1216,T1,2,0,0.9999985117837751,1,1
deepseek_v4,mc_C_1216,T2,1,0,0.9999971140987357,1,1
deepseek_v4,mc_C_1216,T2,2,0,0.9999990800161561,1,1
deepseek_v4,mc_C_1216,T3,1,0,0.9999997396933736,1,1
deepseek_v4,mc_C_1216,T3,2,0,0.9999994793255288,1,1
deepseek_v4,mc_C_1216,T4,1,0,0.9999978833454939,1,1
deepseek_v4,mc_C_1216,T4,2,0,0.9999956511095706,1,1
deepseek_v4,mc_C_183,T1,1,0,0.9999972046546756,1,1
deepseek_v4,mc_C_183,T1,2,0,0.999971781369225,1,1
deepseek_v4,mc_C_183,T2,1,0,0.9999930615486194,1,1
deepseek_v4,mc_C_183,T2,2,0,0.9999959395825478,1,1
deepseek_v4,mc_C_183,T3,1,0,0.999999126660623,1,1
deepseek_v4,mc_C_183,T3,2,0,0.999997479932567,1,1
deepseek_v4,mc_C_183,T4,1,0,0.9999955162070943,1,1
deepseek_v4,mc_C_183,T4,2,0,0.9999762679099441,1,1
deepseek_v4,mc_C_291,T1,1,0,0.9999986661439784,1,1
deepseek_v4,mc_C_291,T1,2,0,0.9999993892974953,1,1
deepseek_v4,mc_C_291,T2,1,0,0.999999733410677,1,1
deepseek_v4,mc_C_291,T2,2,0,0.9999994205084438,1,1
deepseek_v4,mc_C_291,T3,1,0,0.9999999006194349,1,1
deepseek_v4,mc_C_291,T3,2,0,0.9999993874317182,1,1
deepseek_v4,mc_C_291,T4,1,0,0.9999979220847611,1,1
deepseek_v4,mc_C_291,T4,2,0,0.999999580142649,1,1
deepseek_v4,mc_C_467,T1,1,0,0.9987345320872497,1,1
deepseek_v4,mc_C_467,T1,2,0,0.9999857058511247,1,1
deepseek_v4,mc_C_467,T2,1,0,0.9993606346057705,1,1
deepseek_v4,mc_C_467,T2,2,0,0.9999927191024472,1,1
deepseek_v4,mc_C_467,T3,1,0,0.9994604321449266,1,1
deepseek_v4,mc_C_467,T3,2,0,0.9999922137303765,1,1
deepseek_v4,mc_C_467,T4,1,0,0.9999568054316933,1,1
deepseek_v4,mc_C_467,T4,2,0,0.9999983175273204,1,1
deepseek_v4,mc_C_527,T1,1,0,0.9999995397088564,1,1
deepseek_v4,mc_C_527,T1,2,0,0.9999976369753883,1,1
deepseek_v4,mc_C_527,T2,1,0,0.9999996889354401,1,1
deepseek_v4,mc_C_527,T2,2,0,0.999999663992589,1,1
deepseek_v4,mc_C_527,T3,1,0,0.9999998177987196,1,1
deepseek_v4,mc_C_527,T3,2,0,0.9999992321771651,1,1
deepseek_v4,mc_C_527,T4,1,0,0.9999993820126833,1,1
deepseek_v4,mc_C_527,T4,2,0,0.9999986965524901,1,1
deepseek_v4,mc_C_675,T1,1,0,0.9999982870535746,1,1
deepseek_v4,mc_C_675,T1,2,0,0.9999981127423124,1,1
deepseek_v4,mc_C_675,T2,1,0,0.9999911698127767,1,1
deepseek_v4,mc_C_675,T2,2,0,0.9999984033928145,1,1
deepseek_v4,mc_C_675,T3,1,0,0.9999992611718062,1,1
deepseek_v4,mc_C_675,T3,2,0,0.9999994202558687,1,1
deepseek_v4,mc_C_675,T4,1,0,0.9999948814714992,1,1
deepseek_v4,mc_C_675,T4,2,0,0.999988162780521,1,1
deepseek_v4,mc_C_772,T1,1,0,0.9999971979228706,1,1
deepseek_v4,mc_C_772,T1,2,0,0.9999958422224375,1,1
deepseek_v4,mc_C_772,T2,1,0,0.9999921742010178,1,1
deepseek_v4,mc_C_772,T2,2,0,0.9999989615901087,1,1
deepseek_v4,mc_C_772,T3,1,0,0.9999962594014757,1,1
deepseek_v4,mc_C_772,T3,2,0,0.9999963307814755,1,1
deepseek_v4,mc_C_772,T4,1,0,0.9999903625860092,1,1
deepseek_v4,mc_C_772,T4,2,0,0.9999969727957283,1,1
deepseek_v4,mc_C_941,T1,1,0,0.9999983348686023,1,1
deepseek_v4,mc_C_941,T1,2,0,0.999998316079049,1,1
deepseek_v4,mc_C_941,T2,1,0,0.9999905978578689,1,1
deepseek_v4,mc_C_941,T2,2,0,0.9999992091562,1,1
deepseek_v4,mc_C_941,T3,1,0,0.9999980777686704,1,1
deepseek_v4,mc_C_941,T3,2,0,0.9999996220711105,1,1
deepseek_v4,mc_C_941,T4,1,0,0.9999569631613976,1,1
deepseek_v4,mc_C_941,T4,2,0,0.9999984663635297,1,1
deepseek_v4,mc_G_005,T1,1,0,0.9873652533237822,1,1
deepseek_v4,mc_G_005,T1,2,0,0.9997483193402533,1,1
deepseek_v4,mc_G_005,T2,1,0,0.9901197904674699,1,1
deepseek_v4,mc_G_005,T2,2,0,0.9982712018957243,1,1
deepseek_v4,mc_G_005,T3,1,0,0.9987076840405276,1,1
deepseek_v4,mc_G_005,T3,2,0,0.9995462645483506,1,1
deepseek_v4,mc_G_005,T4,1,0,0.9800676048295363,1,1
deepseek_v4,mc_G_005,T4,2,0,0.9993320550470773,1,1
deepseek_v4,mc_G_037,T1,1,0,0.99729072038393,1,1
deepseek_v4,mc_G_037,T1,2,0,0.9893657275879619,1,1
deepseek_v4,mc_G_037,T2,1,0,0.9935401683762102,1,1
deepseek_v4,mc_G_037,T2,2,0,0.9959349313330335,1,1
deepseek_v4,mc_G_037,T3,1,0,0.9912328002971836,1,1
deepseek_v4,mc_G_037,T3,2,0,0.9927890889133949,1,1
deepseek_v4,mc_G_037,T4,1,0,0.9403057501372174,1,1
deepseek_v4,mc_G_037,T4,2,0,0.9748481118996185,1,1
deepseek_v4,mc_G_064,T1,1,0,4.515562642465558e-07,1,1
deepseek_v4,mc_G_064,T1,2,0,1.7841329618092515e-06,1,1
deepseek_v4,mc_G_064,T2,1,0,2.023573801190329e-06,1,1
deepseek_v4,mc_G_064,T2,2,0,2.862089093623672e-05,1,1
deepseek_v4,mc_G_064,T3,1,0,2.5209977519762186e-07,1,1
deepseek_v4,mc_G_064,T3,2,0,6.436260620049049e-07,1,1
deepseek_v4,mc_G_064,T4,1,0,1.0163275955282599e-06,1,1
deepseek_v4,mc_G_064,T4,2,0,4.04603166472196e-06,1,1
deepseek_v4,mc_G_086,T1,1,0,0.9999063547529597,1,1
deepseek_v4,mc_G_086,T1,2,0,0.9999594499094256,1,1
deepseek_v4,mc_G_086,T2,1,0,0.9999384684055999,1,1
deepseek_v4,mc_G_086,T2,2,0,0.9998818653844255,1,1
deepseek_v4,mc_G_086,T3,1,0,0.9997617067960759,1,1
deepseek_v4,mc_G_086,T3,2,0,0.9999764688840164,1,1
deepseek_v4,mc_G_086,T4,1,0,0.9981681655974977,1,1
deepseek_v4,mc_G_086,T4,2,0,0.9982222838502806,1,1
deepseek_v4,mc_G_112,T1,1,0,0.003162696669814921,1,1
deepseek_v4,mc_G_112,T1,2,0,0.19896488391481684,1,1
deepseek_v4,mc_G_112,T2,1,0,0.30625220754178,1,1
deepseek_v4,mc_G_112,T2,2,0,0.787180625299309,1,1
deepseek_v4,mc_G_112,T3,1,0,0.1768020248206586,1,1
deepseek_v4,mc_G_112,T3,2,0,0.863787522451039,1,1
deepseek_v4,mc_G_112,T4,1,0,0.013721964351527208,1,1
deepseek_v4,mc_G_112,T4,2,0,0.31090601620274433,1,1
deepseek_v4,mc_G_135,T1,1,0,0.9988433435661858,1,1
deepseek_v4,mc_G_135,T1,2,0,0.9986693959424224,1,1
deepseek_v4,mc_G_135,T2,1,0,0.9978038041943916,1,1
deepseek_v4,mc_G_135,T2,2,0,0.9997218841730293,1,1
deepseek_v4,mc_G_135,T3,1,0,0.9968001287960097,1,1
deepseek_v4,mc_G_135,T3,2,0,0.9990600023725873,1,1
deepseek_v4,mc_G_135,T4,1,0,0.9946189633873374,1,1
deepseek_v4,mc_G_135,T4,2,0,0.9987992210667385,1,1
deepseek_v4,mc_G_156,T1,1,0,0.9878314112030451,1,1
deepseek_v4,mc_G_156,T1,2,0,0.9998361487002425,1,1
deepseek_v4,mc_G_156,T2,1,0,0.9928610312917072,1,1
deepseek_v4,mc_G_156,T2,2,0,0.9995893277681167,1,1
deepseek_v4,mc_G_156,T3,1,0,0.9982391540571394,1,1
deepseek_v4,mc_G_156,T3,2,0,0.9997874509063571,1,1
deepseek_v4,mc_G_156,T4,1,0,0.9950204619766011,1,1
deepseek_v4,mc_G_156,T4,2,0,0.9990788919034908,1,1
deepseek_v4,mc_G_179,T1,1,0,0.9999986494481903,1,1
deepseek_v4,mc_G_179,T1,2,0,0.9999984694967894,1,1
deepseek_v4,mc_G_179,T2,1,0,0.9999977910114684,1,1
deepseek_v4,mc_G_179,T2,2,0,0.9999992946600772,1,1
deepseek_v4,mc_G_179,T3,1,0,0.9999992449689186,1,1
deepseek_v4,mc_G_179,T3,2,0,0.9999997349938775,1,1
deepseek_v4,mc_G_179,T4,1,0,0.9999924516810941,1,1
deepseek_v4,mc_G_179,T4,2,0,0.9999992624411994,1,1
deepseek_v4,mc_G_186,T1,1,0,0.07139394591166832,1,1
deepseek_v4,mc_G_186,T1,2,0,0.31614488051822026,1,1
deepseek_v4,mc_G_186,T2,1,0,0.09540047026209418,1,1
deepseek_v4,mc_G_186,T2,2,0,0.6495074243289813,1,1
deepseek_v4,mc_G_186,T3,1,0,0.1910156458715393,1,1
deepseek_v4,mc_G_186,T3,2,0,0.5707659623840734,1,1
deepseek_v4,mc_G_186,T4,1,0,0.09875188471615436,1,1
deepseek_v4,mc_G_186,T4,2,0,0.6675956286889642,1,1
deepseek_v4,mc_G_235,T1,1,0,0.9979706909001634,1,1
deepseek_v4,mc_G_235,T1,2,0,0.9992823134251675,1,1
deepseek_v4,mc_G_235,T2,1,0,0.9954119063348272,1,1
deepseek_v4,mc_G_235,T2,2,0,0.9985865923653688,1,1
deepseek_v4,mc_G_235,T3,1,0,0.9958311698514533,1,1
deepseek_v4,mc_G_235,T3,2,0,0.9991572069172512,1,1
deepseek_v4,mc_G_235,T4,1,0,0.9261895814117956,1,1
deepseek_v4,mc_G_235,T4,2,0,0.9875199717231805,1,1
deepseek_v4,mc_G_236,T1,1,0,0.004083735526820119,1,1
deepseek_v4,mc_G_236,T1,2,0,0.0741759398464387,1,1
deepseek_v4,mc_G_236,T2,1,0,0.0014858115297105585,1,1
deepseek_v4,mc_G_236,T2,2,0,0.08139744492409356,1,1
deepseek_v4,mc_G_236,T3,1,0,0.009083169449627415,1,1
deepseek_v4,mc_G_236,T3,2,0,0.03593642765170859,1,1
deepseek_v4,mc_G_236,T4,1,0,0.013317752161847217,1,1
deepseek_v4,mc_G_236,T4,2,0,0.22449679230399736,1,1
deepseek_v4,mc_G_288,T1,1,0,0.9183198702428513,1,1
deepseek_v4,mc_G_288,T1,2,0,0.7741895243766415,1,1
deepseek_v4,mc_G_288,T2,1,0,0.9563165927715792,1,1
deepseek_v4,mc_G_288,T2,2,0,0.8904420556776298,1,1
deepseek_v4,mc_G_288,T3,1,0,0.8998685117672758,1,1
deepseek_v4,mc_G_288,T3,2,0,0.7469189376333921,1,1
deepseek_v4,mc_G_288,T4,1,0,0.859325607808423,1,1
deepseek_v4,mc_G_288,T4,2,0,0.6844832147742486,1,1
deepseek_v4,mc_G_302,T1,1,0,0.08302782438689887,1,1
deepseek_v4,mc_G_302,T1,2,0,0.461407329721975,1,1
deepseek_v4,mc_G_302,T2,1,0,0.19582614863328404,1,1
deepseek_v4,mc_G_302,T2,2,0,0.8064552022586209,1,1
deepseek_v4,mc_G_302,T3,1,0,0.7987815776914308,1,1
deepseek_v4,mc_G_302,T3,2,0,0.9314603180066315,1,1
deepseek_v4,mc_G_302,T4,1,0,0.08440529830566787,1,1
deepseek_v4,mc_G_302,T4,2,0,0.8757583459505238,1,1
deepseek_v4,mc_G_365,T1,1,0,0.9905469033728052,1,1
deepseek_v4,mc_G_365,T1,2,0,0.9955546339837181,1,1
deepseek_v4,mc_G_365,T2,1,0,0.9793158544738904,1,1
deepseek_v4,mc_G_365,T2,2,0,0.9971609876995752,1,1
deepseek_v4,mc_G_365,T3,1,0,0.9848165975457106,1,1
deepseek_v4,mc_G_365,T3,2,0,0.9980558603479397,1,1
deepseek_v4,mc_G_365,T4,1,0,0.8962517301948982,1,1
deepseek_v4,mc_G_365,T4,2,0,0.9947303767377398,1,1
deepseek_v4,mc_G_373,T1,1,0,4.258234809222185e-06,1,1
deepseek_v4,mc_G_373,T1,2,0,0.0003539788890245663,1,1
deepseek_v4,mc_G_373,T2,1,0,9.484147142566619e-06,1,1
deepseek_v4,mc_G_373,T2,2,0,0.00032261976781494255,1,1
deepseek_v4,mc_G_373,T3,1,0,4.837043696132591e-06,1,1
deepseek_v4,mc_G_373,T3,2,0,0.00031841702538697294,1,1
deepseek_v4,mc_G_373,T4,1,0,2.07668716897467e-05,1,1
deepseek_v4,mc_G_373,T4,2,0,0.0005498852692225666,1,1
deepseek_v4,mc_G_385,T1,1,0,0.5825726818139616,1,1
deepseek_v4,mc_G_385,T1,2,0,0.8729260904756503,1,1
deepseek_v4,mc_G_385,T2,1,0,0.4367224535391395,1,1
deepseek_v4,mc_G_385,T2,2,0,0.8389732260144157,1,1
deepseek_v4,mc_G_385,T3,1,0,0.8808627383686771,1,1
deepseek_v4,mc_G_385,T3,2,0,0.9526173647597294,1,1
deepseek_v4,mc_G_385,T4,1,0,0.06921441309635919,1,1
deepseek_v4,mc_G_385,T4,2,0,0.5091151625064577,1,1
deepseek_v4,mc_G_397,T1,1,0,0.9996380668702918,1,1
deepseek_v4,mc_G_397,T1,2,0,0.9999760196012901,1,1
deepseek_v4,mc_G_397,T2,1,0,0.9997775660965582,1,1
deepseek_v4,mc_G_397,T2,2,0,0.9999799326572328,1,1
deepseek_v4,mc_G_397,T3,1,0,0.9996722289532871,1,1
deepseek_v4,mc_G_397,T3,2,0,0.9998525830540714,1,1
deepseek_v4,mc_G_397,T4,1,0,0.998912600385239,1,1
deepseek_v4,mc_G_397,T4,2,0,0.9999284173409033,1,1
deepseek_v4,mc_G_431,T1,1,0,0.9995961018722175,1,1
deepseek_v4,mc_G_431,T1,2,0,0.9998301071507564,1,1
deepseek_v4,mc_G_431,T2,1,0,0.9995974525932286,1,1
deepseek_v4,mc_G_431,T2,2,0,0.9999404549404555,1,1
deepseek_v4,mc_G_431,T3,1,0,0.999964871524448,1,1
deepseek_v4,mc_G_431,T3,2,0,0.9999809137553132,1,1
deepseek_v4,mc_G_431,T4,1,0,0.9456199161429358,1,1
deepseek_v4,mc_G_431,T4,2,0,0.9746065136658275,1,1
deepseek_v4,mc_G_453,T1,1,0,0.5779234683517956,1,1
deepseek_v4,mc_G_453,T1,2,0,0.9773423526130717,1,1
deepseek_v4,mc_G_453,T2,1,0,0.9440959764872987,1,1
deepseek_v4,mc_G_453,T2,2,0,0.9851220655732638,1,1
deepseek_v4,mc_G_453,T3,1,0,0.9959084831308299,1,1
deepseek_v4,mc_G_453,T3,2,0,0.9992632383791366,1,1
deepseek_v4,mc_G_453,T4,1,0,0.07922311294647152,1,1
deepseek_v4,mc_G_453,T4,2,0,0.4116789583047421,1,1
deepseek_v4,mc_G_492,T1,1,0,0.9517002388712144,1,1
deepseek_v4,mc_G_492,T1,2,0,0.9958115266229917,1,1
deepseek_v4,mc_G_492,T2,1,0,0.9472121184785519,1,1
deepseek_v4,mc_G_492,T2,2,0,0.9939280455811688,1,1
deepseek_v4,mc_G_492,T3,1,0,0.8402533405055136,1,1
deepseek_v4,mc_G_492,T3,2,0,0.9922549045619624,1,1
deepseek_v4,mc_G_492,T4,1,0,0.7186715074665854,1,1
deepseek_v4,mc_G_492,T4,2,0,0.9812847901916113,1,1
deepseek_v4,mc_G_572,T1,1,0,0.8358036404901662,1,1
deepseek_v4,mc_G_572,T1,2,0,0.9377003918346256,1,1
deepseek_v4,mc_G_572,T2,1,0,0.8067889944036393,1,1
deepseek_v4,mc_G_572,T2,2,0,0.9246470310349894,1,1
deepseek_v4,mc_G_572,T3,1,0,0.9514527455392755,1,1
deepseek_v4,mc_G_572,T3,2,0,0.9769516164444499,1,1
deepseek_v4,mc_G_572,T4,1,0,0.7929913838491551,1,1
deepseek_v4,mc_G_572,T4,2,0,0.934031070025223,1,1
deepseek_v4,mc_G_595,T1,1,0,0.32598598825615716,1,1
deepseek_v4,mc_G_595,T1,2,0,0.947804252738619,1,1
deepseek_v4,mc_G_595,T2,1,0,0.4518064346093615,1,1
deepseek_v4,mc_G_595,T2,2,0,0.9496425520007229,1,1
deepseek_v4,mc_G_595,T3,1,0,0.2937905700005412,1,1
deepseek_v4,mc_G_595,T3,2,0,0.970931592281701,1,1
deepseek_v4,mc_G_595,T4,1,0,0.14092312653114986,1,1
deepseek_v4,mc_G_595,T4,2,0,0.8822688798111215,1,1
deepseek_v4,mc_G_601,T1,1,0,0.0016027640746459411,1,1
deepseek_v4,mc_G_601,T1,2,0,0.03971805602397273,1,1
deepseek_v4,mc_G_601,T2,1,0,0.0029351029837849296,1,1
deepseek_v4,mc_G_601,T2,2,0,0.06550948657414088,1,1
deepseek_v4,mc_G_601,T3,1,0,0.06198967834283008,1,1
deepseek_v4,mc_G_601,T3,2,0,0.640329308138236,1,1
deepseek_v4,mc_G_601,T4,1,0,0.0016100506035104148,1,1
deepseek_v4,mc_G_601,T4,2,0,0.041075288967402035,1,1
deepseek_v4,mc_H_035,T1,1,0,4.097594975133684e-05,1,1
deepseek_v4,mc_H_035,T1,2,0,0.0002098439071644629,1,1
deepseek_v4,mc_H_035,T2,1,0,3.6289043539584865e-05,1,1
deepseek_v4,mc_H_035,T2,2,0,0.0005608626431695772,1,1
deepseek_v4,mc_H_035,T3,1,0,9.99650666508849e-05,1,1
deepseek_v4,mc_H_035,T3,2,0,0.00023616968685199184,1,1
deepseek_v4,mc_H_035,T4,1,0,1.7079911408995343e-05,1,1
deepseek_v4,mc_H_035,T4,2,0,6.131467019365001e-05,1,1
deepseek_v4,mc_H_044,T1,1,0,0.028453423800345965,1,1
deepseek_v4,mc_H_044,T1,2,0,0.2717553116885271,1,1
deepseek_v4,mc_H_044,T2,1,0,0.08328784133200554,1,1
deepseek_v4,mc_H_044,T2,2,0,0.5389727889691793,1,1
deepseek_v4,mc_H_044,T3,1,0,0.024419724808889293,1,1
deepseek_v4,mc_H_044,T3,2,0,0.46589053042812667,1,1
deepseek_v4,mc_H_044,T4,1,0,0.1227707108235958,1,1
deepseek_v4,mc_H_044,T4,2,0,0.8896154006738268,1,1
deepseek_v4,mc_H_049,T1,1,0,0.8489633891918418,1,1
deepseek_v4,mc_H_049,T1,2,0,0.9900150923672673,1,1
deepseek_v4,mc_H_049,T2,1,0,0.8664559493980053,1,1
deepseek_v4,mc_H_049,T2,2,0,0.9943971737642414,1,1
deepseek_v4,mc_H_049,T3,1,0,0.39768345014552337,1,1
deepseek_v4,mc_H_049,T3,2,0,0.984272645665244,1,1
deepseek_v4,mc_H_049,T4,1,0,0.9233437442965897,1,1
deepseek_v4,mc_H_049,T4,2,0,0.999188203085192,1,1
deepseek_v4,mc_H_060,T1,1,0,0.7490205205886177,1,1
deepseek_v4,mc_H_060,T1,2,0,0.9839149559157444,1,1
deepseek_v4,mc_H_060,T2,1,0,0.5642101192770749,1,1
deepseek_v4,mc_H_060,T2,2,0,0.8826892326373493,1,1
deepseek_v4,mc_H_060,T3,1,0,0.9291770258350018,1,1
deepseek_v4,mc_H_060,T3,2,0,0.9765349916466541,1,1
deepseek_v4,mc_H_060,T4,1,0,0.4195030257920966,1,1
deepseek_v4,mc_H_060,T4,2,0,0.8414473802359487,1,1
deepseek_v4,mc_H_066,T1,1,0,1.0095621686215034e-05,1,1
deepseek_v4,mc_H_066,T1,2,0,0.0004957636766552246,1,1
deepseek_v4,mc_H_066,T2,1,0,2.439567440286367e-05,1,1
deepseek_v4,mc_H_066,T2,2,0,0.0018244418522171256,1,1
deepseek_v4,mc_H_066,T3,1,0,5.570849690214314e-06,1,1
deepseek_v4,mc_H_066,T3,2,0,0.00036289014830466184,1,1
deepseek_v4,mc_H_066,T4,1,0,4.3974924291833666e-05,1,1
deepseek_v4,mc_H_066,T4,2,0,0.0014394508806740208,1,1
deepseek_v4,mc_H_072,T1,1,0,0.929541401137863,1,1
deepseek_v4,mc_H_072,T1,2,0,0.9868092459065773,1,1
deepseek_v4,mc_H_072,T2,1,0,0.9511631342961314,1,1
deepseek_v4,mc_H_072,T2,2,0,0.974491463399518,1,1
deepseek_v4,mc_H_072,T3,1,0,0.9714180619490074,1,1
deepseek_v4,mc_H_072,T3,2,0,0.9995088000223126,1,1
deepseek_v4,mc_H_072,T4,1,0,0.895884728897034,1,1
deepseek_v4,mc_H_072,T4,2,0,0.9276054835481577,1,1
deepseek_v4,mc_H_073,T1,1,0,0.9161593001477653,1,1
deepseek_v4,mc_H_073,T1,2,0,0.8387174413408883,1,1
deepseek_v4,mc_H_073,T2,1,0,0.9371479117449996,1,1
deepseek_v4,mc_H_073,T2,2,0,0.9675696535696383,1,1
deepseek_v4,mc_H_073,T3,1,0,0.9423036045866646,1,1
deepseek_v4,mc_H_073,T3,2,0,0.9363241388284808,1,1
deepseek_v4,mc_H_073,T4,1,0,0.5675743506665638,1,1
deepseek_v4,mc_H_073,T4,2,0,0.9159364735522878,1,1
gpt41,dd_0107,T1,1,0,1.7508676899854667e-16,1,1
gpt41,dd_0107,T1,2,0,6.914400106935407e-13,1,1
gpt41,dd_0107,T2,1,0,2.9783262686202183e-16,1,1
gpt41,dd_0107,T2,2,0,2.9613682107800633e-15,1,1
gpt41,dd_0107,T3,1,0,1.553983417281935e-17,1,1
gpt41,dd_0107,T3,2,0,1.34243682411294e-16,1,1
gpt41,dd_0107,T4,1,0,3.83458426279789e-11,1,1
gpt41,dd_0107,T4,2,0,2.4720696610398338e-08,1,1
gpt41,dd_0283,T1,1,0,0.0,1,1
gpt41,dd_0283,T1,2,0,2.0110039618916165e-17,1,1
gpt41,dd_0283,T2,1,0,3.6832822369820595e-19,1,1
gpt41,dd_0283,T2,2,0,3.042551829487468e-17,1,1
gpt41,dd_0283,T3,1,0,0.0,1,1
gpt41,dd_0283,T3,2,0,3.999358930492297e-17,1,1
gpt41,dd_0283,T4,1,0,0.0,1,1
gpt41,dd_0283,T4,2,0,1.3742717959786177e-16,1,1
gpt41,dd_11241,T1,1,0,1.969729287760046e-12,1,1
gpt41,dd_11241,T1,2,0,3.317565427378392e-13,1,1
gpt41,dd_11241,T2,1,0,1.1947012043613211e-12,1,1
gpt41,dd_11241,T2,2,0,6.625567462149518e-11,1,1
gpt41,dd_11241,T3,1,0,4.6323592794767677e-14,1,1
gpt41,dd_11241,T3,2,0,1.0940169625169212e-13,1,1
gpt41,dd_11241,T4,1,0,2.7661080660633806e-14,1,1
gpt41,dd_11241,T4,2,0,1.271752812105021e-12,1,1
gpt41,dd_13518,T1,1,0,1.1983033410885269e-18,1,1
gpt41,dd_13518,T1,2,0,1.6285606385945298e-17,1,1
gpt41,dd_13518,T2,1,0,1.6378864716351235e-18,1,1
gpt41,dd_13518,T2,2,0,1.8064461965456924e-16,1,1
gpt41,dd_13518,T3,1,0,0.0,1,1
gpt41,dd_13518,T3,2,0,3.4280325221702783e-16,1,1
gpt41,dd_13518,T4,1,0,0.0,1,1
gpt41,dd_13518,T4,2,0,6.542514560196939e-17,1,1
gpt41,dd_14408,T1,1,0,0.9999999999999991,1,1
gpt41,dd_14408,T1,2,0,1.0,1,1
gpt41,dd_14408,T2,1,0,0.9999999999999938,1,1
gpt41,dd_14408,T2,2,0,1.0,1,1
gpt41,dd_14408,T3,1,0,0.9999999999999998,1,1
gpt41,dd_14408,T3,2,0,1.0,1,1
gpt41,dd_14408,T4,1,0,0.9999999999999718,1,1
gpt41,dd_14408,T4,2,0,0.9999999999999998,1,1
gpt41,dd_14818,T1,1,0,0.9999999999999953,1,1
gpt41,dd_14818,T1,2,0,1.0,1,1
gpt41,dd_14818,T2,1,0,1.0,1,1
gpt41,dd_14818,T2,2,0,1.0,1,1
gpt41,dd_14818,T3,1,0,0.9999999999994267,1,1
gpt41,dd_14818,T3,2,0,1.0,1,1
gpt41,dd_14818,T4,1,0,0.9999999999999998,1,1
gpt41,dd_14818,T4,2,0,1.0,1,1
gpt41,dd_15810,T1,1,0,0.9999999994276383,1,1
gpt41,dd_15810,T1,2,0,1.0,1,1
gpt41,dd_15810,T2,1,0,0.9999452402066803,1,1
gpt41,dd_15810,T2,2,0,0.999999999999988,1,1
gpt41,dd_15810,T3,1,0,1.4868296715995965e-12,1,1
gpt41,dd_15810,T3,2,0,0.9999997503297867,1,1
gpt41,dd_15810,T4,1,0,0.9999999999999467,1,1
gpt41,dd_15810,T4,2,0,1.0,1,1
gpt41,dd_17929,T1,1,0,0.980280871725403,1,1
gpt41,dd_17929,T1,2,0,0.6477981794244573,1,1
gpt41,dd_17929,T2,1,0,0.00021318749509912063,1,1
gpt41,dd_17929,T2,2,0,0.2200070845654621,1,1
gpt41,dd_17929,T3,1,0,0.5467381713918932,1,1
gpt41,dd_17929,T3,2,0,0.10818894909526805,1,1
gpt41,dd_17929,T4,1,0,0.7217432382983123,1,1
gpt41,dd_17929,T4,2,0,0.0024343817574513445,1,1
gpt41,dd_1808,T1,1,0,0.9999999999995806,1,1
gpt41,dd_1808,T1,2,0,0.9999999999763758,1,1
gpt41,dd_1808,T2,1,0,0.9999999999981497,1,1
gpt41,dd_1808,T2,2,0,0.9999999999999414,1,1
gpt41,dd_1808,T3,1,0,0.9999979419504921,1,1
gpt41,dd_1808,T3,2,0,0.9999929281018933,1,1
gpt41,dd_1808,T4,1,0,0.9999999984441597,1,1
gpt41,dd_1808,T4,2,0,0.9999999999999978,1,1
gpt41,dd_1814,T1,1,0,3.712170577605493e-19,1,1
gpt41,dd_1814,T1,2,0,7.456093920166603e-18,1,1
gpt41,dd_1814,T2,1,0,3.5624619323477814e-20,1,1
gpt41,dd_1814,T2,2,0,5.672297133591065e-18,1,1
gpt41,dd_1814,T3,1,0,7.616879465708384e-19,1,1
gpt41,dd_1814,T3,2,0,6.085486499700471e-18,1,1
gpt41,dd_1814,T4,1,0,0.0,1,1
gpt41,dd_1814,T4,2,0,4.14122553462287e-19,1,1
gpt41,dd_18223,T1,1,0,2.601616003428285e-06,1,1
gpt41,dd_18223,T1,2,0,8.152020648012209e-09,1,1
gpt41,dd_18223,T2,1,0,0.0073458273317690065,1,1
gpt41,dd_18223,T2,2,0,6.302759957193594e-05,1,1
gpt41,dd_18223,T3,1,0,2.447680483034707e-09,1,1
gpt41,dd_18223,T3,2,0,1.5893910091989732e-10,1,1
gpt41,dd_18223,T4,1,0,3.050776400984854e-12,1,1
gpt41,dd_18223,T4,2,0,1.8767017261023063e-09,1,1
gpt41,dd_18643,T1,1,0,1.0,1,1
gpt41,dd_18643,T1,2,0,1.0,1,1
gpt41,dd_18643,T2,1,0,1.0,1,1
gpt41,dd_18643,T2,2,0,1.0,1,1
gpt41,dd_18643,T3,1,0,1.0,1,1
gpt41,dd_18643,T3,2,0,1.0,1,1
gpt41,dd_18643,T4,1,0,1.0,1,1
gpt41,dd_18643,T4,2,0,1.0,1,1
gpt41,dd_18670,T1,1,0,0.9999962146746276,1,1
gpt41,dd_18670,T1,2,0,0.9999998362622821,1,1
gpt41,dd_18670,T2,1,0,0.9999999976276268,1,1
gpt41,dd_18670,T2,2,0,0.9999999998254396,1,1
gpt41,dd_18670,T3,1,0,0.9999830355762862,1,1
gpt41,dd_18670,T3,2,0,0.9907319856095003,1,1
gpt41,dd_18670,T4,1,0,0.9999999999337443,1,1
gpt41,dd_18670,T4,2,0,1.0,1,1
gpt41,dd_2081,T1,1,0,0.9999999995877433,1,1
gpt41,dd_2081,T1,2,0,0.9999999999899969,1,1
gpt41,dd_2081,T2,1,0,0.9999999997030626,1,1
gpt41,dd_2081,T2,2,0,0.9999999999778071,1,1
gpt41,dd_2081,T3,1,0,0.9999999885038083,1,1
gpt41,dd_2081,T3,2,0,0.9999999994788586,1,1
gpt41,dd_2081,T4,1,0,0.9999999999939329,1,1
gpt41,dd_2081,T4,2,0,1.0,1,1
gpt41,dd_21158,T1,1,0,1.0,1,1
gpt41,dd_21158,T1,2,0,1.0,1,1
gpt41,dd_21158,T2,1,0,1.0,1,1
gpt41,dd_21158,T2,2,0,1.0,1,1
gpt41,dd_21158,T3,1,0,0.9999999999999996,1,1
gpt41,dd_21158,T3,2,0,1.0,1,1
gpt41,dd_21158,T4,1,0,0.9999999999999998,1,1
gpt41,dd_21158,T4,2,0,1.0,1,1
gpt41,dd_21629,T1,1,0,0.9999999999999942,1,1
gpt41,dd_21629,T1,2,0,1.0,1,1
gpt41,dd_21629,T2,1,0,0.9999999999998306,1,1
gpt41,dd_21629,T2,2,0,1.0,1,1
gpt41,dd_21629,T3,1,0,1.0,1,1
gpt41,dd_21629,T3,2,0,1.0,1,1
gpt41,dd_21629,T4,1,0,0.999999999999998,1,1
gpt41,dd_21629,T4,2,0,1.0,1,1
gpt41,dd_21630,T1,1,0,0.0,1,1
gpt41,dd_21630,T1,2,0,3.025228082774529e-16,1,1
gpt41,dd_21630,T2,1,0,8.23581039069546e-19,1,1
gpt41,dd_21630,T2,2,0,6.341222548788255e-17,1,1
gpt41,dd_21630,T3,1,0,0.0,1,1
gpt41,dd_21630,T3,2,0,2.248158615198697e-16,1,1
gpt41,dd_21630,T4,1,0,1.9561764299128697e-19,1,1
gpt41,dd_21630,T4,2,0,5.596109257905228e-17,1,1
gpt41,dd_22819,T1,1,0,8.108125985491795e-19,1,1
gpt41,dd_22819,T1,2,0,4.712396458674904e-17,1,1
gpt41,dd_22819,T2,1,0,2.4410818005152096e-14,1,1
gpt41,dd_22819,T2,2,0,3.8104748042668653e-14,1,1
gpt41,dd_22819,T3,1,0,1.4290165607155142e-16,1,1
gpt41,dd_22819,T3,2,0,6.05083682644788e-17,1,1
gpt41,dd_22819,T4,1,0,0.0,1,1
gpt41,dd_22819,T4,2,0,5.1755550058018675e-17,1,1
gpt41,dd_23534,T1,1,0,1.1317959786053109e-08,1,1
gpt41,dd_23534,T1,2,0,2.730584896949274e-09,1,1
gpt41,dd_23534,T2,1,0,3.596840092673588e-08,1,1
gpt41,dd_23534,T2,2,0,2.28629069644969e-08,1,1
gpt41,dd_23534,T3,1,0,1.6822645551783017e-09,1,1
gpt41,dd_23534,T3,2,0,2.50046303741603e-10,1,1
gpt41,dd_23534,T4,1,0,6.972792777291703e-09,1,1
gpt41,dd_23534,T4,2,0,9.87463884883256e-07,1,1
gpt41,dd_24260,T1,1,0,0.00016093079439673198,1,1
gpt41,dd_24260,T1,2,0,3.7266391165016485e-06,1,1
gpt41,dd_24260,T2,1,0,0.1520322539579279,1,1
gpt41,dd_24260,T2,2,0,0.9983256004396157,1,1
gpt41,dd_24260,T3,1,0,5.422217425675876e-06,1,1
gpt41,dd_24260,T3,2,0,0.164516459103227,1,1
gpt41,dd_24260,T4,1,0,3.7853253705659488e-06,1,1
gpt41,dd_24260,T4,2,0,0.0017274585451961112,1,1
gpt41,dd_24405,T1,1,0,0.0,1,1
gpt41,dd_24405,T1,2,0,1.0432951115322649e-17,1,1
gpt41,dd_24405,T2,1,0,0.0,1,1
gpt41,dd_24405,T2,2,0,1.2127906032604994e-16,1,1
gpt41,dd_24405,T3,1,0,0.0,1,1
gpt41,dd_24405,T3,2,0,1.2984017446359746e-17,1,1
gpt41,dd_24405,T4,1,0,0.0,1,1
gpt41,dd_24405,T4,2,0,3.090465049058122e-17,1,1
gpt41,dd_24975,T1,1,0,0.9999999995679587,1,1
gpt41,dd_24975,T1,2,0,0.9999999999948104,1,1
gpt41,dd_24975,T2,1,0,0.9999999999932316,1,1
gpt41,dd_24975,T2,2,0,0.9999999999999998,1,1
gpt41,dd_24975,T3,1,0,0.9999999999985363,1,1
gpt41,dd_24975,T3,2,0,0.9999999999999998,1,1
gpt41,dd_24975,T4,1,0,0.9999999999973905,1,1
gpt41,dd_24975,T4,2,0,0.9999999999999989,1,1
gpt41,dd_25137,T1,1,0,1.0,1,1
gpt41,dd_25137,T1,2,0,1.0,1,1
gpt41,dd_25137,T2,1,0,1.0,1,1
gpt41,dd_25137,T2,2,0,1.0,1,1
gpt41,dd_25137,T3,1,0,1.0,1,1
gpt41,dd_25137,T3,2,0,1.0,1,1
gpt41,dd_25137,T4,1,0,1.0,1,1
gpt41,dd_25137,T4,2,0,1.0,1,1
gpt41,dd_25302,T1,1,0,0.0,1,1
gpt41,dd_25302,T1,2,0,2.658552160097096e-18,1,1
gpt41,dd_25302,T2,1,0,0.0,1,1
gpt41,dd_25302,T2,2,0,9.499310090272655e-18,1,1
gpt41,dd_25302,T3,1,0,0.0,1,1
gpt41,dd_25302,T3,2,0,5.328630023454881e-18,1,1
gpt41,dd_25302,T4,1,0,0.0,1,1
gpt41,dd_25302,T4,2,0,0.0,1,1
gpt41,dd_25868,T1,1,0,0.9999999434137637,1,1
gpt41,dd_25868,T1,2,0,0.9999263140474818,1,1
gpt41,dd_25868,T2,1,0,0.9780517489336626,1,1
gpt41,dd_25868,T2,2,0,0.9990452681199294,1,1
gpt41,dd_25868,T3,1,0,0.9997584336046516,1,1
gpt41,dd_25868,T3,2,0,0.5234203450527947,1,1
gpt41,dd_25868,T4,1,0,0.9991440994399512,1,1
gpt41,dd_25868,T4,2,0,0.9697854089416402,1,1
gpt41,dd_26178,T1,1,0,7.802166058179252e-15,1,1
gpt41,dd_26178,T1,2,0,1.765653922188039e-12,1,1
gpt41,dd_26178,T2,1,0,1.0234214686210176e-15,1,1
gpt41,dd_26178,T2,2,0,6.421720181593592e-11,1,1
gpt41,dd_26178,T3,1,0,1.1176086870893849e-14,1,1
gpt41,dd_26178,T3,2,0,2.8944960587606644e-11,1,1
gpt41,dd_26178,T4,1,0,7.891778969786726e-17,1,1
gpt41,dd_26178,T4,2,0,3.2475345742468482e-12,1,1
gpt41,dd_26321,T1,1,0,0.9999999937496289,1,1
gpt41,dd_26321,T1,2,0,0.9999861540010672,1,1
gpt41,dd_26321,T2,1,0,0.9999999999915765,1,1
gpt41,dd_26321,T2,2,0,0.9999999999999993,1,1
gpt41,dd_26321,T3,1,0,0.9999999999213194,1,1
gpt41,dd_26321,T3,2,0,0.9999999985154067,1,1
gpt41,dd_26321,T4,1,0,0.9999999996127207,1,1
gpt41,dd_26321,T4,2,0,0.9999999974348528,1,1
gpt41,dd_27524,T1,1,0,3.2000910639554963e-19,1,1
gpt41,dd_27524,T1,2,0,3.929085391128439e-18,1,1
gpt41,dd_27524,T2,1,0,0.0,1,1
gpt41,dd_27524,T2,2,0,2.995381435534699e-17,1,1
gpt41,dd_27524,T3,1,0,0.0,1,1
gpt41,dd_27524,T3,2,0,2.5969668656394893e-18,1,1
gpt41,dd_27524,T4,1,0,0.0,1,1
gpt41,dd_27524,T4,2,0,2.7273258333397437e-17,1,1
gpt41,dd_27558,T1,1,0,2.543665647376144e-13,1,1
gpt41,dd_27558,T1,2,0,0.040845713085460214,1,1
gpt41,dd_27558,T2,1,0,1.182914382203027e-13,1,1
gpt41,dd_27558,T2,2,0,1.0738182313134149e-07,1,1
gpt41,dd_27558,T3,1,0,0.1710612278059975,1,1
gpt41,dd_27558,T3,2,0,0.9999949062964513,1,1
gpt41,dd_27558,T4,1,0,5.4157766829162507e-14,1,1
gpt41,dd_27558,T4,2,0,9.972937572992154e-06,1,1
gpt41,dd_28814,T1,1,0,1.0129988100496031e-05,1,1
gpt41,dd_28814,T1,2,0,5.093707201879436e-06,1,1
gpt41,dd_28814,T2,1,0,5.9551412051655e-06,1,1
gpt41,dd_28814,T2,2,0,1.2878957719574733e-06,1,1
gpt41,dd_28814,T3,1,0,5.982128223767062e-15,1,1
gpt41,dd_28814,T3,2,0,1.5188921325142033e-13,1,1
gpt41,dd_28814,T4,1,0,6.786733888966749e-07,1,1
gpt41,dd_28814,T4,2,0,0.0012448435573184785,1,1
gpt41,dd_29454,T1,1,0,2.0145694734243717e-05,1,1
gpt41,dd_29454,T1,2,0,1.2098660619383578e-06,1,1
gpt41,dd_29454,T2,1,0,0.9994115910697172,1,1
gpt41,dd_29454,T2,2,0,0.15203224162217424,1,1
gpt41,dd_29454,T3,1,0,,0,1
gpt41,dd_29454,T3,2,0,,0,1
gpt41,dd_29454,T4,1,0,0.0004044815854371226,1,1
gpt41,dd_29454,T4,2,0,0.001367025600521606,1,1
gpt41,dd_29978,T1,1,0,1.4068617124461447e-16,1,1
gpt41,dd_29978,T1,2,0,5.058683183025209e-13,1,1
gpt41,dd_29978,T2,1,0,4.550963163791546e-15,1,1
gpt41,dd_29978,T2,2,0,1.0336190678947545e-14,1,1
gpt41,dd_29978,T3,1,0,1.6033121461435647e-17,1,1
gpt41,dd_29978,T3,2,0,3.706586928785829e-16,1,1
gpt41,dd_29978,T4,1,0,4.1176461360576e-18,1,1
gpt41,dd_29978,T4,2,0,3.496688234790373e-14,1,1
gpt41,dd_30131,T1,1,0,0.0,1,1
gpt41,dd_30131,T1,2,0,5.864672148586655e-17,1,1
gpt41,dd_30131,T2,1,0,0.0,1,1
gpt41,dd_30131,T2,2,0,4.3582542722097263e-17,1,1
gpt41,dd_30131,T3,1,0,0.0,1,1
gpt41,dd_30131,T3,2,0,4.910429870159112e-16,1,1
gpt41,dd_30131,T4,1,0,0.0,1,1
gpt41,dd_30131,T4,2,0,4.3334391507742866e-16,1,1
gpt41,dd_30899,T1,1,0,0.9999999999999982,1,1
gpt41,dd_30899,T1,2,0,1.0,1,1
gpt41,dd_30899,T2,1,0,0.9999999999999993,1,1
gpt41,dd_30899,T2,2,0,1.0,1,1
gpt41,dd_30899,T3,1,0,0.9999999999999998,1,1
gpt41,dd_30899,T3,2,0,1.0,1,1
gpt41,dd_30899,T4,1,0,1.0,1,1
gpt41,dd_30899,T4,2,0,1.0,1,1
gpt41,dd_31129,T1,1,0,0.0,1,1
gpt41,dd_31129,T1,2,0,1.2782718913957227e-17,1,1
gpt41,dd_31129,T2,1,0,0.0,1,1
gpt41,dd_31129,T2,2,0,9.279258809039864e-18,1,1
gpt41,dd_31129,T3,1,0,0.0,1,1
gpt41,dd_31129,T3,2,0,3.059974779365245e-18,1,1
gpt41,dd_31129,T4,1,0,0.0,1,1
gpt41,dd_31129,T4,2,0,4.0222609660513574e-18,1,1
gpt41,dd_32872,T1,1,0,0.06754669694533684,1,1
gpt41,dd_32872,T1,2,0,3.480810789272948e-05,1,1
gpt41,dd_32872,T2,1,0,5.6586236278174365e-08,1,1
gpt41,dd_32872,T2,2,0,1.516607495820232e-10,1,1
gpt41,dd_32872,T3,1,0,1.1465199327712904e-13,1,1
gpt41,dd_32872,T3,2,0,1.0003110712971402e-11,1,1
gpt41,dd_32872,T4,1,0,1.0467401685009554e-08,1,1
gpt41,dd_32872,T4,2,0,0.00912563620120429,1,1
gpt41,dd_33618,T1,1,0,3.7412854922925667e-19,1,1
gpt41,dd_33618,T1,2,0,5.362345083133448e-15,1,1
gpt41,dd_33618,T2,1,0,2.474315754354501e-15,1,1
gpt41,dd_33618,T2,2,0,3.336563222453009e-14,1,1
gpt41,dd_33618,T3,1,0,0.0,1,1
gpt41,dd_33618,T3,2,0,1.1240085912584753e-15,1,1
gpt41,dd_33618,T4,1,0,0.0,1,1
gpt41,dd_33618,T4,2,0,1.007554789412235e-15,1,1
gpt41,dd_34148,T1,1,0,1.043918278317001e-13,1,1
gpt41,dd_34148,T1,2,0,1.5960881478540268e-08,1,1
gpt41,dd_34148,T2,1,0,4.651878497242567e-12,1,1
gpt41,dd_34148,T2,2,0,0.00010229988619927399,1,1
gpt41,dd_34148,T3,1,0,2.260325274022055e-06,1,1
gpt41,dd_34148,T3,2,0,0.00041731584881217964,1,1
gpt41,dd_34148,T4,1,0,0.09401017765109002,1,1
gpt41,dd_34148,T4,2,0,0.9996259044440041,1,1
gpt41,dd_34460,T1,1,0,0.0,1,1
gpt41,dd_34460,T1,2,0,3.083974459009087e-18,1,1
gpt41,dd_34460,T2,1,0,0.0,1,1
gpt41,dd_34460,T2,2,0,2.8971258921762576e-18,1,1
gpt41,dd_34460,T3,1,0,0.0,1,1
gpt41,dd_34460,T3,2,0,1.8744618050240602e-17,1,1
gpt41,dd_34460,T4,1,0,0.0,1,1
gpt41,dd_34460,T4,2,0,3.5774729593693675e-18,1,1
gpt41,dd_35732,T1,1,0,0.0,1,1
gpt41,dd_35732,T1,2,0,6.441082273569894e-17,1,1
gpt41,dd_35732,T2,1,0,2.959600422683026e-19,1,1
gpt41,dd_35732,T2,2,0,5.0163199184835786e-17,1,1
gpt41,dd_35732,T3,1,0,1.3558131633849304e-15,1,1
gpt41,dd_35732,T3,2,0,1.4743784157252722e-16,1,1
gpt41,dd_35732,T4,1,0,2.721597907725514e-18,1,1
gpt41,dd_35732,T4,2,0,4.176198549843421e-15,1,1
gpt41,dd_36819,T1,1,0,2.6323231068422587e-19,1,1
gpt41,dd_36819,T1,2,0,2.0438927675843304e-13,1,1
gpt41,dd_36819,T2,1,0,1.3578555772592712e-18,1,1
gpt41,dd_36819,T2,2,0,5.532564188258157e-15,1,1
gpt41,dd_36819,T3,1,0,1.0514777765070165e-17,1,1
gpt41,dd_36819,T3,2,0,1.9011164177825995e-14,1,1
gpt41,dd_36819,T4,1,0,1.074152172743298e-18,1,1
gpt41,dd_36819,T4,2,0,7.47624909944984e-13,1,1
gpt41,dd_37249,T1,1,0,0.20689406134750976,1,1
gpt41,dd_37249,T1,2,0,0.014957088316848782,1,1
gpt41,dd_37249,T2,1,0,0.015424551661283243,1,1
gpt41,dd_37249,T2,2,0,3.024195352915804e-05,1,1
gpt41,dd_37249,T3,1,0,0.9304582625004881,1,1
gpt41,dd_37249,T3,2,0,0.0550052860750158,1,1
gpt41,dd_37249,T4,1,0,0.7248702740358078,1,1
gpt41,dd_37249,T4,2,0,0.005384937032715639,1,1
gpt41,dd_37490,T1,1,0,1.0,1,1
gpt41,dd_37490,T1,2,0,1.0,1,1
gpt41,dd_37490,T2,1,0,1.0,1,1
gpt41,dd_37490,T2,2,0,1.0,1,1
gpt41,dd_37490,T3,1,0,1.0,1,1
gpt41,dd_37490,T3,2,0,1.0,1,1
gpt41,dd_37490,T4,1,0,1.0,1,1
gpt41,dd_37490,T4,2,0,1.0,1,1
gpt41,dd_38533,T1,1,0,2.7273258333397437e-17,1,1
gpt41,dd_38533,T1,2,0,3.0988191387122068e-12,1,1
gpt41,dd_38533,T2,1,0,3.055372128649758e-15,1,1
gpt41,dd_38533,T2,2,0,4.105268365019109e-12,1,1
gpt41,dd_38533,T3,1,0,1.1417091510025455e-15,1,1
gpt41,dd_38533,T3,2,0,1.2972231349377035e-10,1,1
gpt41,dd_38533,T4,1,0,8.049833394739708e-15,1,1
gpt41,dd_38533,T4,2,0,0.01168726041898094,1,1
gpt41,dd_39199,T1,1,0,0.9999999999998019,1,1
gpt41,dd_39199,T1,2,0,0.9999999999999931,1,1
gpt41,dd_39199,T2,1,0,0.9999999999939329,1,1
gpt41,dd_39199,T2,2,0,0.9999999999999585,1,1
gpt41,dd_39199,T3,1,0,0.9999999999999187,1,1
gpt41,dd_39199,T3,2,0,0.9999999999999967,1,1
gpt41,dd_39199,T4,1,0,0.9999999999997333,1,1
gpt41,dd_39199,T4,2,0,1.0,1,1
gpt41,dd_42860,T1,1,0,1.7139084315419996e-15,1,1
gpt41,dd_42860,T1,2,0,3.2154946697648723e-13,1,1
gpt41,dd_42860,T2,1,0,1.8454009683489128e-17,1,1
gpt41,dd_42860,T2,2,0,3.0252280827745296e-16,1,1
gpt41,dd_42860,T3,1,0,4.44554021564913e-15,1,1
gpt41,dd_42860,T3,2,0,2.0438927675843317e-13,1,1
gpt41,dd_42860,T4,1,0,1.933963609942442e-17,1,1
gpt41,dd_42860,T4,2,0,2.1208486218568375e-14,1,1
gpt41,dd_44063,T1,1,0,0.9999871945202635,1,1
gpt41,dd_44063,T1,2,0,0.6442250994112685,1,1
gpt41,dd_44063,T2,1,0,0.9999999998334332,1,1
gpt41,dd_44063,T2,2,0,0.9999999931353103,1,1
gpt41,dd_44063,T3,1,0,0.9998058868266754,1,1
gpt41,dd_44063,T3,2,0,0.7057850278370112,1,1
gpt41,dd_44063,T4,1,0,0.999999999838558,1,1
gpt41,dd_44063,T4,2,0,0.9999999999997791,1,1
gpt41,dd_44380,T1,1,0,1.0,1,1
gpt41,dd_44380,T1,2,0,1.0,1,1
gpt41,dd_44380,T2,1,0,1.0,1,1
gpt41,dd_44380,T2,2,0,1.0,1,1
gpt41,dd_44380,T3,1,0,1.0,1,1
gpt41,dd_44380,T3,2,0,1.0,1,1
gpt41,dd_44380,T4,1,0,1.0,1,1
gpt41,dd_44380,T4,2,0,1.0,1,1
gpt41,dd_45938,T1,1,0,0.0,1,1
gpt41,dd_45938,T1,2,0,1.641333597989621e-17,1,1
gpt41,dd_45938,T2,1,0,0.0,1,1
gpt41,dd_45938,T2,2,0,2.617335129208622e-18,1,1
gpt41,dd_45938,T3,1,0,0.0,1,1
gpt41,dd_45938,T3,2,0,2.5821802001285795e-17,1,1
gpt41,dd_45938,T4,1,0,0.0,1,1
gpt41,dd_45938,T4,2,0,5.1244934129890574e-18,1,1
gpt41,dd_46859,T1,1,0,0.0,1,1
gpt41,dd_46859,T1,2,0,1.889163391170638e-17,1,1
gpt41,dd_46859,T2,1,0,0.0,1,1
gpt41,dd_46859,T2,2,0,3.92908539112844e-18,1,1
gpt41,dd_46859,T3,1,0,0.0,1,1
gpt41,dd_46859,T3,2,0,4.417589449454407e-18,1,1
gpt41,dd_46859,T4,1,0,0.0,1,1
gpt41,dd_46859,T4,2,0,1.6934351192325742e-17,1,1
gpt41,dd_47886,T1,1,0,0.9898303414930248,1,1
gpt41,dd_47886,T1,2,0,0.9999999999937401,1,1
gpt41,dd_47886,T2,1,0,0.9999974784274037,1,1
gpt41,dd_47886,T2,2,0,0.9999999999995606,1,1
gpt41,dd_47886,T3,1,0,0.9999999915892065,1,1
gpt41,dd_47886,T3,2,0,0.9999999999999949,1,1
gpt41,dd_47886,T4,1,0,0.9999599363048711,1,1
gpt41,dd_47886,T4,2,0,0.9999349718120772,1,1
gpt41,dd_5570,T1,1,0,1.0,1,1
gpt41,dd_5570,T1,2,0,0.9999999999999993,1,1
gpt41,dd_5570,T2,1,0,1.0,1,1
gpt41,dd_5570,T2,2,0,1.0,1,1
gpt41,dd_5570,T3,1,0,1.0,1,1
gpt41,dd_5570,T3,2,0,1.0,1,1
gpt41,dd_5570,T4,1,0,1.0,1,1
gpt41,dd_5570,T4,2,0,1.0,1,1
gpt41,dd_6488,T1,1,0,4.658886145103373e-15,1,1
gpt41,dd_6488,T1,2,0,6.663508288627745e-12,1,1
gpt41,dd_6488,T2,1,0,2.7819479810073783e-15,1,1
gpt41,dd_6488,T2,2,0,8.049833394739728e-15,1,1
gpt41,dd_6488,T3,1,0,1.8902918004415778e-13,1,1
gpt41,dd_6488,T3,2,0,1.297223134937671e-10,1,1
gpt41,dd_6488,T4,1,0,4.4898365677037677e-14,1,1
gpt41,dd_6488,T4,2,0,5.507605118511997e-06,1,1
gpt41,dd_6826,T1,1,0,0.9999999999993505,1,1
gpt41,dd_6826,T1,2,0,0.9999999999999984,1,1
gpt41,dd_6826,T2,1,0,0.9999999999442071,1,1
gpt41,dd_6826,T2,2,0,1.0,1,1
gpt41,dd_6826,T3,1,0,0.9999999999999958,1,1
gpt41,dd_6826,T3,2,0,0.9999999999999998,1,1
gpt41,dd_6826,T4,1,0,0.9999999999917071,1,1
gpt41,dd_6826,T4,2,0,1.0,1,1
gpt41,dd_6868,T1,1,0,0.0,1,1
gpt41,dd_6868,T1,2,0,5.219263024712748e-13,1,1
gpt41,dd_6868,T2,1,0,0.0,1,1
gpt41,dd_6868,T2,2,0,3.6305114108969535e-11,1,1
gpt41,dd_6868,T3,1,0,2.69635643977664e-15,1,1
gpt41,dd_6868,T3,2,0,1.6009005296013556e-14,1,1
gpt41,dd_6868,T4,1,0,0.0,1,1
gpt41,dd_6868,T4,2,0,1.8426252147235195e-14,1,1
gpt41,dd_7687,T1,1,0,1.0,1,1
gpt41,dd_7687,T1,2,0,1.0,1,1
gpt41,dd_7687,T2,1,0,1.0,1,1
gpt41,dd_7687,T2,2,0,1.0,1,1
gpt41,dd_7687,T3,1,0,1.0,1,1
gpt41,dd_7687,T3,2,0,1.0,1,1
gpt41,dd_7687,T4,1,0,1.0,1,1
gpt41,dd_7687,T4,2,0,1.0,1,1
gpt41,dd_8580,T1,1,0,2.841938778948555e-16,1,1
gpt41,dd_8580,T1,2,0,1.0277338255279112e-13,1,1
gpt41,dd_8580,T2,1,0,4.248354255291585e-18,1,1
gpt41,dd_8580,T2,2,0,5.982128223767095e-15,1,1
gpt41,dd_8580,T3,1,0,2.2481586151986846e-16,1,1
gpt41,dd_8580,T3,2,0,5.0087746378431735e-14,1,1
gpt41,dd_8580,T4,1,0,1.1530853950681884e-14,1,1
gpt41,dd_8580,T4,2,0,3.2661313427863003e-13,1,1
gpt41,dd_9595,T1,1,0,0.9999999998021971,1,1
gpt41,dd_9595,T1,2,0,0.9999999999899969,1,1
gpt41,dd_9595,T2,1,0,0.99999033388873,1,1
gpt41,dd_9595,T2,2,0,0.9999999999748521,1,1
gpt41,dd_9595,T3,1,0,0.9999999781840616,1,1
gpt41,dd_9595,T3,2,0,0.9999999999959583,1,1
gpt41,dd_9595,T4,1,0,0.9999999981232983,1,1
gpt41,dd_9595,T4,2,0,0.9999999999999909,1,1
gpt41,dd_9899,T1,1,0,0.9999999999999187,1,1
gpt41,dd_9899,T1,2,0,1.0,1,1
gpt41,dd_9899,T2,1,0,0.9999999999998817,1,1
gpt41,dd_9899,T2,2,0,1.0,1,1
gpt41,dd_9899,T3,1,0,0.9999999999650857,1,1
gpt41,dd_9899,T3,2,0,0.999999999999698,1,1
gpt41,dd_9899,T4,1,0,0.9999999999999996,1,1
gpt41,dd_9899,T4,2,0,1.0,1,1
gpt41,dd_9955,T1,1,0,0.0006667021959425374,1,1
gpt41,dd_9955,T1,2,0,1.4005229527017071e-07,1,1
gpt41,dd_9955,T2,1,0,1.4637785141237384e-12,1,1
gpt41,dd_9955,T2,2,0,1.2645116787154076e-11,1,1
gpt41,dd_9955,T3,1,0,0.0715912009301811,1,1
gpt41,dd_9955,T3,2,0,5.093707202584298e-06,1,1
gpt41,dd_9955,T4,1,0,3.8565427284524326e-12,1,1
gpt41,dd_9955,T4,2,0,1.4410847317199473e-12,1,1
gpt41,mc_C_034,T1,1,0,1.0,1,1
gpt41,mc_C_034,T1,2,0,0.9999999999999998,1,1
gpt41,mc_C_034,T2,1,0,0.9999999999999984,1,1
gpt41,mc_C_034,T2,2,0,0.9999999999999996,1,1
gpt41,mc_C_034,T3,1,0,1.0,1,1
gpt41,mc_C_034,T3,2,0,1.0,1,1
gpt41,mc_C_034,T4,1,0,1.0,1,1
gpt41,mc_C_034,T4,2,0,1.0,1,1
gpt41,mc_C_1095,T1,1,0,1.0,1,1
gpt41,mc_C_1095,T1,2,0,1.0,1,1
gpt41,mc_C_1095,T2,1,0,1.0,1,1
gpt41,mc_C_1095,T2,2,0,1.0,1,1
gpt41,mc_C_1095,T3,1,0,1.0,1,1
gpt41,mc_C_1095,T3,2,0,1.0,1,1
gpt41,mc_C_1095,T4,1,0,1.0,1,1
gpt41,mc_C_1095,T4,2,0,1.0,1,1
gpt41,mc_C_1216,T1,1,0,1.0,1,1
gpt41,mc_C_1216,T1,2,0,1.0,1,1
gpt41,mc_C_1216,T2,1,0,1.0,1,1
gpt41,mc_C_1216,T2,2,0,1.0,1,1
gpt41,mc_C_1216,T3,1,0,1.0,1,1
gpt41,mc_C_1216,T3,2,0,1.0,1,1
gpt41,mc_C_1216,T4,1,0,1.0,1,1
gpt41,mc_C_1216,T4,2,0,1.0,1,1
gpt41,mc_C_183,T1,1,0,1.0,1,1
gpt41,mc_C_183,T1,2,0,1.0,1,1
gpt41,mc_C_183,T2,1,0,1.0,1,1
gpt41,mc_C_183,T2,2,0,1.0,1,1
gpt41,mc_C_183,T3,1,0,1.0,1,1
gpt41,mc_C_183,T3,2,0,0.9999999999999967,1,1
gpt41,mc_C_183,T4,1,0,1.0,1,1
gpt41,mc_C_183,T4,2,0,1.0,1,1
gpt41,mc_C_291,T1,1,0,1.0,1,1
gpt41,mc_C_291,T1,2,0,1.0,1,1
gpt41,mc_C_291,T2,1,0,1.0,1,1
gpt41,mc_C_291,T2,2,0,1.0,1,1
gpt41,mc_C_291,T3,1,0,1.0,1,1
gpt41,mc_C_291,T3,2,0,1.0,1,1
gpt41,mc_C_291,T4,1,0,1.0,1,1
gpt41,mc_C_291,T4,2,0,1.0,1,1
gpt41,mc_C_467,T1,1,0,1.0,1,1
gpt41,mc_C_467,T1,2,0,1.0,1,1
gpt41,mc_C_467,T2,1,0,1.0,1,1
gpt41,mc_C_467,T2,2,0,1.0,1,1
gpt41,mc_C_467,T3,1,0,1.0,1,1
gpt41,mc_C_467,T3,2,0,1.0,1,1
gpt41,mc_C_467,T4,1,0,1.0,1,1
gpt41,mc_C_467,T4,2,0,1.0,1,1
gpt41,mc_C_527,T1,1,0,1.0,1,1
gpt41,mc_C_527,T1,2,0,1.0,1,1
gpt41,mc_C_527,T2,1,0,1.0,1,1
gpt41,mc_C_527,T2,2,0,1.0,1,1
gpt41,mc_C_527,T3,1,0,1.0,1,1
gpt41,mc_C_527,T3,2,0,1.0,1,1
gpt41,mc_C_527,T4,1,0,1.0,1,1
gpt41,mc_C_527,T4,2,0,1.0,1,1
gpt41,mc_C_675,T1,1,0,1.0,1,1
gpt41,mc_C_675,T1,2,0,1.0,1,1
gpt41,mc_C_675,T2,1,0,1.0,1,1
gpt41,mc_C_675,T2,2,0,1.0,1,1
gpt41,mc_C_675,T3,1,0,1.0,1,1
gpt41,mc_C_675,T3,2,0,1.0,1,1
gpt41,mc_C_675,T4,1,0,1.0,1,1
gpt41,mc_C_675,T4,2,0,1.0,1,1
gpt41,mc_C_772,T1,1,0,1.0,1,1
gpt41,mc_C_772,T1,2,0,1.0,1,1
gpt41,mc_C_772,T2,1,0,1.0,1,1
gpt41,mc_C_772,T2,2,0,1.0,1,1
gpt41,mc_C_772,T3,1,0,1.0,1,1
gpt41,mc_C_772,T3,2,0,1.0,1,1
gpt41,mc_C_772,T4,1,0,1.0,1,1
gpt41,mc_C_772,T4,2,0,1.0,1,1
gpt41,mc_C_941,T1,1,0,1.0,1,1
gpt41,mc_C_941,T1,2,0,1.0,1,1
gpt41,mc_C_941,T2,1,0,1.0,1,1
gpt41,mc_C_941,T2,2,0,1.0,1,1
gpt41,mc_C_941,T3,1,0,1.0,1,1
gpt41,mc_C_941,T3,2,0,1.0,1,1
gpt41,mc_C_941,T4,1,0,1.0,1,1
gpt41,mc_C_941,T4,2,0,1.0,1,1
gpt41,mc_G_005,T1,1,0,0.999999999999996,1,1
gpt41,mc_G_005,T1,2,0,1.0,1,1
gpt41,mc_G_005,T2,1,0,0.9999999999999998,1,1
gpt41,mc_G_005,T2,2,0,1.0,1,1
gpt41,mc_G_005,T3,1,0,1.0,1,1
gpt41,mc_G_005,T3,2,0,1.0,1,1
gpt41,mc_G_005,T4,1,0,0.9999999999999996,1,1
gpt41,mc_G_005,T4,2,0,1.0,1,1
gpt41,mc_G_037,T1,1,0,0.9999999999999911,1,1
gpt41,mc_G_037,T1,2,0,1.0,1,1
gpt41,mc_G_037,T2,1,0,0.9999999999999993,1,1
gpt41,mc_G_037,T2,2,0,1.0,1,1
gpt41,mc_G_037,T3,1,0,0.9999999999999836,1,1
gpt41,mc_G_037,T3,2,0,1.0,1,1
gpt41,mc_G_037,T4,1,0,0.9999999999999984,1,1
gpt41,mc_G_037,T4,2,0,1.0,1,1
gpt41,mc_G_064,T1,1,0,0.0,1,1
gpt41,mc_G_064,T1,2,0,0.0,1,1
gpt41,mc_G_064,T2,1,0,0.0,1,1
gpt41,mc_G_064,T2,2,0,0.0,1,1
gpt41,mc_G_064,T3,1,0,0.0,1,1
gpt41,mc_G_064,T3,2,0,0.0,1,1
gpt41,mc_G_064,T4,1,0,0.0,1,1
gpt41,mc_G_064,T4,2,0,2.6173351292086237e-18,1,1
gpt41,mc_G_086,T1,1,0,0.9999999999999998,1,1
gpt41,mc_G_086,T1,2,0,1.0,1,1
gpt41,mc_G_086,T2,1,0,0.9999999999999998,1,1
gpt41,mc_G_086,T2,2,0,0.9999999999999993,1,1
gpt41,mc_G_086,T3,1,0,0.9999999999999996,1,1
gpt41,mc_G_086,T3,2,0,1.0,1,1
gpt41,mc_G_086,T4,1,0,1.0,1,1
gpt41,mc_G_086,T4,2,0,1.0,1,1
gpt41,mc_G_112,T1,1,0,0.9899864290052957,1,1
gpt41,mc_G_112,T1,2,0,0.9511422225668391,1,1
gpt41,mc_G_112,T2,1,0,0.999999999984015,1,1
gpt41,mc_G_112,T2,2,0,0.9999999999999019,1,1
gpt41,mc_G_112,T3,1,0,0.9999999994948925,1,1
gpt41,mc_G_112,T3,2,0,0.9999999999922096,1,1
gpt41,mc_G_112,T4,1,0,0.07807817038134034,1,1
gpt41,mc_G_112,T4,2,0,0.5117165811176702,1,1
gpt41,mc_G_135,T1,1,0,0.9999999999999998,1,1
gpt41,mc_G_135,T1,2,0,1.0,1,1
gpt41,mc_G_135,T2,1,0,1.0,1,1
gpt41,mc_G_135,T2,2,0,1.0,1,1
gpt41,mc_G_135,T3,1,0,1.0,1,1
gpt41,mc_G_135,T3,2,0,1.0,1,1
gpt41,mc_G_135,T4,1,0,0.9999999999999996,1,1
gpt41,mc_G_135,T4,2,0,1.0,1,1
gpt41,mc_G_156,T1,1,0,1.0,1,1
gpt41,mc_G_156,T1,2,0,1.0,1,1
gpt41,mc_G_156,T2,1,0,1.0,1,1
gpt41,mc_G_156,T2,2,0,0.9999999999999991,1,1
gpt41,mc_G_156,T3,1,0,1.0,1,1
gpt41,mc_G_156,T3,2,0,1.0,1,1
gpt41,mc_G_156,T4,1,0,1.0,1,1
gpt41,mc_G_156,T4,2,0,1.0,1,1
gpt41,mc_G_179,T1,1,0,1.0,1,1
gpt41,mc_G_179,T1,2,0,0.9999999999999973,1,1
gpt41,mc_G_179,T2,1,0,1.0,1,1
gpt41,mc_G_179,T2,2,0,0.9999999999999998,1,1
gpt41,mc_G_179,T3,1,0,1.0,1,1
gpt41,mc_G_179,T3,2,0,1.0,1,1
gpt41,mc_G_179,T4,1,0,1.0,1,1
gpt41,mc_G_179,T4,2,0,1.0,1,1
gpt41,mc_G_186,T1,1,0,0.9999227780762016,1,1
gpt41,mc_G_186,T1,2,0,0.9763105276883778,1,1
gpt41,mc_G_186,T2,1,0,0.9999983463106853,1,1
gpt41,mc_G_186,T2,2,0,0.00342960365675818,1,1
gpt41,mc_G_186,T3,1,0,0.9977829874013813,1,1
gpt41,mc_G_186,T3,2,0,0.988668245139936,1,1
gpt41,mc_G_186,T4,1,0,0.8175744697885998,1,1
gpt41,mc_G_186,T4,2,0,6.48570762683391e-10,1,1
gpt41,mc_G_235,T1,1,0,0.9999999999999998,1,1
gpt41,mc_G_235,T1,2,0,1.0,1,1
gpt41,mc_G_235,T2,1,0,1.0,1,1
gpt41,mc_G_235,T2,2,0,0.9999999999999998,1,1
gpt41,mc_G_235,T3,1,0,1.0,1,1
gpt41,mc_G_235,T3,2,0,1.0,1,1
gpt41,mc_G_235,T4,1,0,0.9999999999999989,1,1
gpt41,mc_G_235,T4,2,0,1.0,1,1
gpt41,mc_G_236,T1,1,0,,0,1
gpt41,mc_G_236,T1,2,0,0.9999389114446279,1,1
gpt41,mc_G_236,T2,1,0,0.9998286918584074,1,1
gpt41,mc_G_236,T2,2,0,0.9999369724004475,1,1
gpt41,mc_G_236,T3,1,0,0.9999944056625386,1,1
gpt41,mc_G_236,T3,2,0,0.9999999996127207,1,1
gpt41,mc_G_236,T4,1,0,4.501973393057861e-09,1,1
gpt41,mc_G_236,T4,2,0,0.001432536864213567,1,1
gpt41,mc_G_288,T1,1,0,0.9999999999999858,1,1
gpt41,mc_G_288,T1,2,0,1.0,1,1
gpt41,mc_G_288,T2,1,0,0.9999999999999951,1,1
gpt41,mc_G_288,T2,2,0,1.0,1,1
gpt41,mc_G_288,T3,1,0,0.9999999999999953,1,1
gpt41,mc_G_288,T3,2,0,0.9999999999886651,1,1
gpt41,mc_G_288,T4,1,0,0.9999999999999396,1,1
gpt41,mc_G_288,T4,2,0,0.9999999999999709,1,1
gpt41,mc_G_302,T1,1,0,0.9449947087422129,1,1
gpt41,mc_G_302,T1,2,0,0.9999999924606134,1,1
gpt41,mc_G_302,T2,1,0,0.984093611912044,1,1
gpt41,mc_G_302,T2,2,0,0.9999999999926816,1,1
gpt41,mc_G_302,T3,1,0,0.12765264144866825,1,1
gpt41,mc_G_302,T3,2,0,0.9923043514252065,1,1
gpt41,mc_G_302,T4,1,0,0.11920294342489735,1,1
gpt41,mc_G_302,T4,2,0,0.9999954340306889,1,1
gpt41,mc_G_365,T1,1,0,1.0,1,1
gpt41,mc_G_365,T1,2,0,1.0,1,1
gpt41,mc_G_365,T2,1,0,0.9999999999999996,1,1
gpt41,mc_G_365,T2,2,0,0.9999999999999962,1,1
gpt41,mc_G_365,T3,1,0,0.9999999348696292,1,1
gpt41,mc_G_365,T3,2,0,0.9999999999999982,1,1
gpt41,mc_G_365,T4,1,0,0.9999999999999953,1,1
gpt41,mc_G_365,T4,2,0,1.0,1,1
gpt41,mc_G_373,T1,1,0,0.0,1,1
gpt41,mc_G_373,T1,2,0,1.8744618050240593e-17,1,1
gpt41,mc_G_373,T2,1,0,0.0,1,1
gpt41,mc_G_373,T2,2,0,7.114654520715308e-18,1,1
gpt41,mc_G_373,T3,1,0,0.0,1,1
gpt41,mc_G_373,T3,2,0,1.2882975020962096e-17,1,1
gpt41,mc_G_373,T4,1,0,0.0,1,1
gpt41,mc_G_373,T4,2,0,1.3291924546853263e-17,1,1
gpt41,mc_G_385,T1,1,0,0.999999999999996,1,1
gpt41,mc_G_385,T1,2,0,1.0,1,1
gpt41,mc_G_385,T2,1,0,0.9999999999999976,1,1
gpt41,mc_G_385,T2,2,0,0.9999999999999958,1,1
gpt41,mc_G_385,T3,1,0,0.999999999999988,1,1
gpt41,mc_G_385,T3,2,0,0.9999999999999849,1,1
gpt41,mc_G_385,T4,1,0,0.9999999994094697,1,1
gpt41,mc_G_385,T4,2,0,0.9999999999999449,1,1
gpt41,mc_G_397,T1,1,0,0.9999999999999998,1,1
gpt41,mc_G_397,T1,2,0,1.0,1,1
gpt41,mc_G_397,T2,1,0,0.9999999999999998,1,1
gpt41,mc_G_397,T2,2,0,0.9999999999999989,1,1
gpt41,mc_G_397,T3,1,0,1.0,1,1
gpt41,mc_G_397,T3,2,0,1.0,1,1
gpt41,mc_G_397,T4,1,0,0.9999999999999998,1,1
gpt41,mc_G_397,T4,2,0,1.0,1,1
gpt41,mc_G_431,T1,1,0,1.0,1,1
gpt41,mc_G_431,T1,2,0,1.0,1,1
gpt41,mc_G_431,T2,1,0,1.0,1,1
gpt41,mc_G_431,T2,2,0,1.0,1,1
gpt41,mc_G_431,T3,1,0,1.0,1,1
gpt41,mc_G_431,T3,2,0,1.0,1,1
gpt41,mc_G_431,T4,1,0,1.0,1,1
gpt41,mc_G_431,T4,2,0,1.0,1,1
gpt41,mc_G_453,T1,1,0,0.9999999999999492,1,1
gpt41,mc_G_453,T1,2,0,1.0,1,1
gpt41,mc_G_453,T2,1,0,0.9999999999999998,1,1
gpt41,mc_G_453,T2,2,0,1.0,1,1
gpt41,mc_G_453,T3,1,0,0.9999999999998854,1,1
gpt41,mc_G_453,T3,2,0,1.0,1,1
gpt41,mc_G_453,T4,1,0,0.9999999999998408,1,1
gpt41,mc_G_453,T4,2,0,1.0,1,1
gpt41,mc_G_492,T1,1,0,0.9999999999999993,1,1
gpt41,mc_G_492,T1,2,0,1.0,1,1
gpt41,mc_G_492,T2,1,0,0.9999999999999996,1,1
gpt41,mc_G_492,T2,2,0,1.0,1,1
gpt41,mc_G_492,T3,1,0,0.9999999999999634,1,1
gpt41,mc_G_492,T3,2,0,0.9999999999999998,1,1
gpt41,mc_G_492,T4,1,0,0.9999999999999998,1,1
gpt41,mc_G_492,T4,2,0,1.0,1,1
gpt41,mc_G_572,T1,1,0,0.8438951083773745,1,1
gpt41,mc_G_572,T1,2,0,0.9999985176425794,1,1
gpt41,mc_G_572,T2,1,0,0.9976032695053734,1,1
gpt41,mc_G_572,T2,2,0,0.9999999492764252,1,1
gpt41,mc_G_572,T3,1,0,0.9999477477403179,1,1
gpt41,mc_G_572,T3,2,0,0.9999999999994615,1,1
gpt41,mc_G_572,T4,1,0,0.9971990724249155,1,1
gpt41,mc_G_572,T4,2,0,0.9999999999997755,1,1
gpt41,mc_G_595,T1,1,0,0.9999999991541042,1,1
gpt41,mc_G_595,T1,2,0,0.999999999999976,1,1
gpt41,mc_G_595,T2,1,0,0.9999999999903046,1,1
gpt41,mc_G_595,T2,2,0,0.9999999999946456,1,1
gpt41,mc_G_595,T3,1,0,0.9999999948182603,1,1
gpt41,mc_G_595,T3,2,0,0.999999999768745,1,1
gpt41,mc_G_595,T4,1,0,0.9999999999989291,1,1
gpt41,mc_G_595,T4,2,0,0.9999999999387235,1,1
gpt41,mc_G_601,T1,1,0,0.1968262132350314,1,1
gpt41,mc_G_601,T1,2,0,0.9999999667346671,1,1
gpt41,mc_G_601,T2,1,0,2.829134065247355e-07,1,1
gpt41,mc_G_601,T2,2,0,0.999999786445742,1,1
gpt41,mc_G_601,T3,1,0,0.1871326822149025,1,1
gpt41,mc_G_601,T3,2,0,0.9999999999999523,1,1
gpt41,mc_G_601,T4,1,0,1.1548224173015774e-17,1,1
gpt41,mc_G_601,T4,2,0,4.3022843074027335e-12,1,1
gpt41,mc_H_035,T1,1,0,0.0,1,1
gpt41,mc_H_035,T1,2,0,1.1369185552073767e-17,1,1
gpt41,mc_H_035,T2,1,0,0.0,1,1
gpt41,mc_H_035,T2,2,0,2.6024324904427547e-17,1,1
gpt41,mc_H_035,T3,1,0,0.0,1,1
gpt41,mc_H_035,T3,2,0,1.6542067369468616e-17,1,1
gpt41,mc_H_035,T4,1,0,0.0,1,1
gpt41,mc_H_035,T4,2,0,3.501955689597307e-17,1,1
gpt41,mc_H_044,T1,1,0,0.9999959070876705,1,1
gpt41,mc_H_044,T1,2,0,0.9999999993907243,1,1
gpt41,mc_H_044,T2,1,0,0.9999999022277365,1,1
gpt41,mc_H_044,T2,2,0,0.9999999933465147,1,1
gpt41,mc_H_044,T3,1,0,0.9999999999918356,1,1
gpt41,mc_H_044,T3,2,0,0.9999999999998594,1,1
gpt41,mc_H_044,T4,1,0,0.9999804741226677,1,1
gpt41,mc_H_044,T4,2,0,0.9999999945695834,1,1
gpt41,mc_H_049,T1,1,0,0.999995574510699,1,1
gpt41,mc_H_049,T1,2,0,0.9999999930272072,1,1
gpt41,mc_H_049,T2,1,0,0.9983256004216764,1,1
gpt41,mc_H_049,T2,2,0,0.9999999999999996,1,1
gpt41,mc_H_049,T3,1,0,0.999999906705054,1,1
gpt41,mc_H_049,T3,2,0,0.999899286026952,1,1
gpt41,mc_H_049,T4,1,0,0.9999999999999396,1,1
gpt41,mc_H_049,T4,2,0,1.0,1,1
gpt41,mc_H_060,T1,1,0,0.9999999999951248,1,1
gpt41,mc_H_060,T1,2,0,0.9999999999998432,1,1
gpt41,mc_H_060,T2,1,0,0.99999999999886,1,1
gpt41,mc_H_060,T2,2,0,0.9999999999999998,1,1
gpt41,mc_H_060,T3,1,0,0.9999999999756259,1,1
gpt41,mc_H_060,T3,2,0,0.9999999999999938,1,1
gpt41,mc_H_060,T4,1,0,0.9999999999997027,1,1
gpt41,mc_H_060,T4,2,0,1.0,1,1
gpt41,mc_H_066,T1,1,0,0.0,1,1
gpt41,mc_H_066,T1,2,0,2.6585521600970972e-18,1,1
gpt41,mc_H_066,T2,1,0,0.0,1,1
gpt41,mc_H_066,T2,2,0,3.440422122523067e-18,1,1
gpt41,mc_H_066,T3,1,0,0.0,1,1
gpt41,mc_H_066,T3,2,0,1.9450383106968904e-18,1,1
gpt41,mc_H_066,T4,1,0,0.0,1,1
gpt41,mc_H_066,T4,2,0,7.004352026168642e-18,1,1
gpt41,mc_H_072,T1,1,0,0.9999999999936415,1,1
gpt41,mc_H_072,T1,2,0,0.9999999999999851,1,1
gpt41,mc_H_072,T2,1,0,0.9999999999999958,1,1
gpt41,mc_H_072,T2,2,0,1.0,1,1
gpt41,mc_H_072,T3,1,0,0.9999999999983924,1,1
gpt41,mc_H_072,T3,2,0,0.99999999999997,1,1
gpt41,mc_H_072,T4,1,0,0.9999999999492,1,1
gpt41,mc_H_072,T4,2,0,0.999999999999126,1,1
gpt41,mc_H_073,T1,1,0,0.9999999999999993,1,1
gpt41,mc_H_073,T1,2,0,1.0,1,1
gpt41,mc_H_073,T2,1,0,0.9999999999999893,1,1
gpt41,mc_H_073,T2,2,0,0.9999999999999987,1,1
gpt41,mc_H_073,T3,1,0,1.0,1,1
gpt41,mc_H_073,T3,2,0,0.9999999999999978,1,1
gpt41,mc_H_073,T4,1,0,0.9999999999979992,1,1
gpt41,mc_H_073,T4,2,0,0.9999999999774576,1,1
gpt4_0613,dd_0107,T1,1,0,7.429082461581358e-07,1,1
gpt4_0613,dd_0107,T1,2,0,1.0959036557059202e-05,1,1
gpt4_0613,dd_0107,T2,1,0,7.04651376442374e-07,1,1
gpt4_0613,dd_0107,T2,2,0,1.5151803460840287e-05,1,1
gpt4_0613,dd_0107,T3,1,0,1.4086925352990466e-08,1,1
gpt4_0613,dd_0107,T3,2,0,1.1316752304279298e-07,1,1
gpt4_0613,dd_0107,T4,1,0,8.260433247994429e-07,1,1
gpt4_0613,dd_0107,T4,2,0,1.1296848034264849e-05,1,1
gpt4_0613,dd_0283,T1,1,0,1.8404573496388323e-09,1,1
gpt4_0613,dd_0283,T1,2,0,7.781231142177019e-09,1,1
gpt4_0613,dd_0283,T2,1,0,2.428061830265475e-09,1,1
gpt4_0613,dd_0283,T2,2,0,7.751415335244035e-09,1,1
gpt4_0613,dd_0283,T3,1,0,1.321159791925475e-09,1,1
gpt4_0613,dd_0283,T3,2,0,7.2414252551432155e-09,1,1
gpt4_0613,dd_0283,T4,1,0,1.385364974413728e-09,1,1
gpt4_0613,dd_0283,T4,2,0,9.916970176486773e-09,1,1
gpt4_0613,dd_11241,T1,1,0,0.0004934487553750923,1,1
gpt4_0613,dd_11241,T1,2,0,0.0014860350224888564,1,1
gpt4_0613,dd_11241,T2,1,0,0.00038516044604358223,1,1
gpt4_0613,dd_11241,T2,2,0,0.005183959621843381,1,1
gpt4_0613,dd_11241,T3,1,0,0.0001478134044259307,1,1
gpt4_0613,dd_11241,T3,2,0,0.0002207938405894695,1,1
gpt4_0613,dd_11241,T4,1,0,0.00030992884893054815,1,1
gpt4_0613,dd_11241,T4,2,0,0.0004763269710923272,1,1
gpt4_0613,dd_13518,T1,1,0,1.4358535848402707e-09,1,1
gpt4_0613,dd_13518,T1,2,0,1.268527450760285e-07,1,1
gpt4_0613,dd_13518,T2,1,0,1.3723802272286186e-09,1,1
gpt4_0613,dd_13518,T2,2,0,1.976941239453503e-08,1,1
gpt4_0613,dd_13518,T3,1,0,2.9076301970350756e-09,1,1
gpt4_0613,dd_13518,T3,2,0,4.117476856943685e-08,1,1
gpt4_0613,dd_13518,T4,1,0,6.098595214125868e-09,1,1
gpt4_0613,dd_13518,T4,2,0,1.321297817059775e-07,1,1
gpt4_0613,dd_14408,T1,1,0,0.999768809099002,1,1
gpt4_0613,dd_14408,T1,2,0,0.9999998190607616,1,1
gpt4_0613,dd_14408,T2,1,0,0.9981255239041023,1,1
gpt4_0613,dd_14408,T2,2,0,0.9999406815665122,1,1
gpt4_0613,dd_14408,T3,1,0,0.9999978517807451,1,1
gpt4_0613,dd_14408,T3,2,0,0.9999999372094366,1,1
gpt4_0613,dd_14408,T4,1,0,0.9996246670073737,1,1
gpt4_0613,dd_14408,T4,2,0,0.9999769261642724,1,1
gpt4_0613,dd_14818,T1,1,0,0.9998619104526291,1,1
gpt4_0613,dd_14818,T1,2,0,0.9999692465920695,1,1
gpt4_0613,dd_14818,T2,1,0,0.9999965129014501,1,1
gpt4_0613,dd_14818,T2,2,0,0.9999999870510772,1,1
gpt4_0613,dd_14818,T3,1,0,0.9986591749725597,1,1
gpt4_0613,dd_14818,T3,2,0,0.9928740815126251,1,1
gpt4_0613,dd_14818,T4,1,0,0.9999179093564049,1,1
gpt4_0613,dd_14818,T4,2,0,0.999999800118458,1,1
gpt4_0613,dd_15810,T1,1,0,0.983594195809021,1,1
gpt4_0613,dd_15810,T1,2,0,0.9101231579921861,1,1
gpt4_0613,dd_15810,T2,1,0,0.9401670623498664,1,1
gpt4_0613,dd_15810,T2,2,0,0.5110265124578314,1,1
gpt4_0613,dd_15810,T3,1,0,0.8928624960482264,1,1
gpt4_0613,dd_15810,T3,2,0,0.889670455091877,1,1
gpt4_0613,dd_15810,T4,1,0,0.9984054220730297,1,1
gpt4_0613,dd_15810,T4,2,0,0.9984786131044708,1,1
gpt4_0613,dd_17929,T1,1,0,7.423583156922385e-05,1,1
gpt4_0613,dd_17929,T1,2,0,0.0001918313058277095,1,1
gpt4_0613,dd_17929,T2,1,0,1.4978328762092817e-05,1,1
gpt4_0613,dd_17929,T2,2,0,0.00015288217317541657,1,1
gpt4_0613,dd_17929,T3,1,0,0.0006451546379955633,1,1
gpt4_0613,dd_17929,T3,2,0,0.0021472487039087503,1,1
gpt4_0613,dd_17929,T4,1,0,0.00043997385140335214,1,1
gpt4_0613,dd_17929,T4,2,0,0.2563368192687264,1,1
gpt4_0613,dd_1808,T1,1,0,0.9998562549947918,1,1
gpt4_0613,dd_1808,T1,2,0,0.9999915119083468,1,1
gpt4_0613,dd_1808,T2,1,0,0.9998722790117707,1,1
gpt4_0613,dd_1808,T2,2,0,0.9999815936003201,1,1
gpt4_0613,dd_1808,T3,1,0,0.9998262619246794,1,1
gpt4_0613,dd_1808,T3,2,0,0.9999820970890899,1,1
gpt4_0613,dd_1808,T4,1,0,0.9998925697772929,1,1
gpt4_0613,dd_1808,T4,2,0,0.99994264489832,1,1
gpt4_0613,dd_1814,T1,1,0,1.3401584499956044e-07,1,1
gpt4_0613,dd_1814,T1,2,0,1.3336432043755258e-07,1,1
gpt4_0613,dd_1814,T2,1,0,8.38167328404481e-09,1,1
gpt4_0613,dd_1814,T2,2,0,5.640007422762619e-08,1,1
gpt4_0613,dd_1814,T3,1,0,1.7827655280457398e-06,1,1
gpt4_0613,dd_1814,T3,2,0,2.8298945487237426e-06,1,1
gpt4_0613,dd_1814,T4,1,0,1.0518890480700389e-08,1,1
gpt4_0613,dd_1814,T4,2,0,6.8483570323508e-08,1,1
gpt4_0613,dd_18223,T1,1,0,0.002916990224171782,1,1
gpt4_0613,dd_18223,T1,2,0,0.13662458371427222,1,1
gpt4_0613,dd_18223,T2,1,0,0.0026887279290347668,1,1
gpt4_0613,dd_18223,T2,2,0,0.10638975194564476,1,1
gpt4_0613,dd_18223,T3,1,0,0.811137794674843,1,1
gpt4_0613,dd_18223,T3,2,0,0.7109129920721811,1,1
gpt4_0613,dd_18223,T4,1,0,0.0021337393167723717,1,1
gpt4_0613,dd_18223,T4,2,0,0.037426533764071984,1,1
gpt4_0613,dd_18643,T1,1,0,0.9999999907167785,1,1
gpt4_0613,dd_18643,T1,2,0,0.9999999985891226,1,1
gpt4_0613,dd_18643,T2,1,0,0.9999999913079167,1,1
gpt4_0613,dd_18643,T2,2,0,0.9999999988939724,1,1
gpt4_0613,dd_18643,T3,1,0,0.9999999971357856,1,1
gpt4_0613,dd_18643,T3,2,0,0.9999999994392182,1,1
gpt4_0613,dd_18643,T4,1,0,0.9999999862067526,1,1
gpt4_0613,dd_18643,T4,2,0,0.9999999981133559,1,1
gpt4_0613,dd_18670,T1,1,0,0.9994462077537623,1,1
gpt4_0613,dd_18670,T1,2,0,0.9999980709085193,1,1
gpt4_0613,dd_18670,T2,1,0,0.9994178155757247,1,1
gpt4_0613,dd_18670,T2,2,0,0.9999985594080621,1,1
gpt4_0613,dd_18670,T3,1,0,0.9994245997879478,1,1
gpt4_0613,dd_18670,T3,2,0,0.9999200265046019,1,1
gpt4_0613,dd_18670,T4,1,0,0.9999327598322718,1,1
gpt4_0613,dd_18670,T4,2,0,0.9999995340615636,1,1
gpt4_0613,dd_2081,T1,1,0,,0,1
gpt4_0613,dd_2081,T1,2,0,,0,1
gpt4_0613,dd_2081,T2,1,0,,0,1
gpt4_0613,dd_2081,T2,2,0,,0,1
gpt4_0613,dd_2081,T3,1,0,,0,1
gpt4_0613,dd_2081,T3,2,0,0.030045044322052267,1,1
gpt4_0613,dd_2081,T4,1,0,,0,1
gpt4_0613,dd_2081,T4,2,0,,0,1
gpt4_0613,dd_21158,T1,1,0,0.9999061411634359,1,1
gpt4_0613,dd_21158,T1,2,0,0.9999780695102397,1,1
gpt4_0613,dd_21158,T2,1,0,0.9985293065816566,1,1
gpt4_0613,dd_21158,T2,2,0,0.999972235205601,1,1
gpt4_0613,dd_21158,T3,1,0,0.9941944145337588,1,1
gpt4_0613,dd_21158,T3,2,0,0.9999132119924964,1,1
gpt4_0613,dd_21158,T4,1,0,0.9987409762020365,1,1
gpt4_0613,dd_21158,T4,2,0,0.999925179701986,1,1
gpt4_0613,dd_21629,T1,1,0,0.8940867538405334,1,1
gpt4_0613,dd_21629,T1,2,0,0.9880323603359996,1,1
gpt4_0613,dd_21629,T2,1,0,0.8869041990014603,1,1
gpt4_0613,dd_21629,T2,2,0,0.997573447897629,1,1
gpt4_0613,dd_21629,T3,1,0,0.9981044556207317,1,1
gpt4_0613,dd_21629,T3,2,0,0.9996914950010055,1,1
gpt4_0613,dd_21629,T4,1,0,0.9788643541661853,1,1
gpt4_0613,dd_21629,T4,2,0,0.9979668086864533,1,1
gpt4_0613,dd_21630,T1,1,0,0.00033044200455366665,1,1
gpt4_0613,dd_21630,T1,2,0,0.003328674380578747,1,1
gpt4_0613,dd_21630,T2,1,0,4.2404065825436686e-06,1,1
gpt4_0613,dd_21630,T2,2,0,0.00020875065871802913,1,1
gpt4_0613,dd_21630,T3,1,0,0.0002177888198845812,1,1
gpt4_0613,dd_21630,T3,2,0,0.0036986406242980325,1,1
gpt4_0613,dd_21630,T4,1,0,0.0003508865351241704,1,1
gpt4_0613,dd_21630,T4,2,0,0.005576417028621344,1,1
gpt4_0613,dd_22819,T1,1,0,1.1564506393734637e-08,1,1
gpt4_0613,dd_22819,T1,2,0,3.225344257654229e-08,1,1
gpt4_0613,dd_22819,T2,1,0,3.653408237446017e-08,1,1
gpt4_0613,dd_22819,T2,2,0,5.120481883019929e-08,1,1
gpt4_0613,dd_22819,T3,1,0,2.817588855598169e-08,1,1
gpt4_0613,dd_22819,T3,2,0,8.324275013185265e-08,1,1
gpt4_0613,dd_22819,T4,1,0,1.2246139343573748e-08,1,1
gpt4_0613,dd_22819,T4,2,0,1.817147981377385e-08,1,1
gpt4_0613,dd_23534,T1,1,0,0.7195857166885492,1,1
gpt4_0613,dd_23534,T1,2,0,0.9861249748955911,1,1
gpt4_0613,dd_23534,T2,1,0,0.7833262041940872,1,1
gpt4_0613,dd_23534,T2,2,0,0.9780843941079488,1,1
gpt4_0613,dd_23534,T3,1,0,0.2469814518035481,1,1
gpt4_0613,dd_23534,T3,2,0,0.9992443136783173,1,1
gpt4_0613,dd_23534,T4,1,0,0.7825005408947272,1,1
gpt4_0613,dd_23534,T4,2,0,0.9926308123464358,1,1
gpt4_0613,dd_24260,T1,1,0,0.9909006779051012,1,1
gpt4_0613,dd_24260,T1,2,0,0.9962647013832278,1,1
gpt4_0613,dd_24260,T2,1,0,0.9970570445689747,1,1
gpt4_0613,dd_24260,T2,2,0,0.9989218199448081,1,1
gpt4_0613,dd_24260,T3,1,0,0.9852556006319612,1,1
gpt4_0613,dd_24260,T3,2,0,0.9941214130099186,1,1
gpt4_0613,dd_24260,T4,1,0,0.9955262242596346,1,1
gpt4_0613,dd_24260,T4,2,0,0.9988447378111358,1,1
gpt4_0613,dd_24405,T1,1,0,1.0000648649061773e-09,1,1
gpt4_0613,dd_24405,T1,2,0,1.4824083343914284e-08,1,1
gpt4_0613,dd_24405,T2,1,0,8.985705844604806e-10,1,1
gpt4_0613,dd_24405,T2,2,0,8.709979612139646e-09,1,1
gpt4_0613,dd_24405,T3,1,0,7.611328408146421e-10,1,1
gpt4_0613,dd_24405,T3,2,0,2.013399239090837e-09,1,1
gpt4_0613,dd_24405,T4,1,0,1.1857283409612642e-09,1,1
gpt4_0613,dd_24405,T4,2,0,9.844750819608215e-09,1,1
gpt4_0613,dd_24975,T1,1,0,0.9983028395151844,1,1
gpt4_0613,dd_24975,T1,2,0,0.9999980572151638,1,1
gpt4_0613,dd_24975,T2,1,0,0.9999140148394462,1,1
gpt4_0613,dd_24975,T2,2,0,0.9999979369665927,1,1
gpt4_0613,dd_24975,T3,1,0,0.9954352092649327,1,1
gpt4_0613,dd_24975,T3,2,0,0.9999953487309297,1,1
gpt4_0613,dd_24975,T4,1,0,0.9996261211062272,1,1
gpt4_0613,dd_24975,T4,2,0,0.999994318929866,1,1
gpt4_0613,dd_25137,T1,1,0,0.9999999172959214,1,1
gpt4_0613,dd_25137,T1,2,0,0.9999999915569218,1,1
gpt4_0613,dd_25137,T2,1,0,0.9999998694631247,1,1
gpt4_0613,dd_25137,T2,2,0,0.9999999920137678,1,1
gpt4_0613,dd_25137,T3,1,0,0.9999999378052605,1,1
gpt4_0613,dd_25137,T3,2,0,0.9999999851714988,1,1
gpt4_0613,dd_25137,T4,1,0,0.9999999100813978,1,1
gpt4_0613,dd_25137,T4,2,0,0.9999999741850818,1,1
gpt4_0613,dd_25302,T1,1,0,2.7292802590981546e-09,1,1
gpt4_0613,dd_25302,T1,2,0,1.1551788586304015e-08,1,1
gpt4_0613,dd_25302,T2,1,0,1.601667222444777e-09,1,1
gpt4_0613,dd_25302,T2,2,0,1.1995296779706615e-08,1,1
gpt4_0613,dd_25302,T3,1,0,4.144976408112313e-09,1,1
gpt4_0613,dd_25302,T3,2,0,4.15579789861391e-08,1,1
gpt4_0613,dd_25302,T4,1,0,8.93910145106872e-10,1,1
gpt4_0613,dd_25302,T4,2,0,8.507179464818254e-09,1,1
gpt4_0613,dd_25868,T1,1,0,0.5971225217813784,1,1
gpt4_0613,dd_25868,T1,2,0,0.9678586138917853,1,1
gpt4_0613,dd_25868,T2,1,0,0.9927331354489277,1,1
gpt4_0613,dd_25868,T2,2,0,0.9926202175422129,1,1
gpt4_0613,dd_25868,T3,1,0,0.9038817473918652,1,1
gpt4_0613,dd_25868,T3,2,0,0.9296302936255718,1,1
gpt4_0613,dd_25868,T4,1,0,0.9478372686258768,1,1
gpt4_0613,dd_25868,T4,2,0,0.41727333439986847,1,1
gpt4_0613,dd_26178,T1,1,0,5.666584238343376e-05,1,1
gpt4_0613,dd_26178,T1,2,0,2.7193300488115478e-05,1,1
gpt4_0613,dd_26178,T2,1,0,2.3008737789009188e-05,1,1
gpt4_0613,dd_26178,T2,2,0,0.000125482133638346,1,1
gpt4_0613,dd_26178,T3,1,0,0.01851728443771644,1,1
gpt4_0613,dd_26178,T3,2,0,0.01556005860931066,1,1
gpt4_0613,dd_26178,T4,1,0,9.65367020891886e-06,1,1
gpt4_0613,dd_26178,T4,2,0,9.00456898501572e-06,1,1
gpt4_0613,dd_26321,T1,1,0,0.9999996485031837,1,1
gpt4_0613,dd_26321,T1,2,0,0.9999999856376861,1,1
gpt4_0613,dd_26321,T2,1,0,0.9999981922375365,1,1
gpt4_0613,dd_26321,T2,2,0,0.9999999825652267,1,1
gpt4_0613,dd_26321,T3,1,0,0.9999980649108273,1,1
gpt4_0613,dd_26321,T3,2,0,0.9999999783072541,1,1
gpt4_0613,dd_26321,T4,1,0,0.9999991010821064,1,1
gpt4_0613,dd_26321,T4,2,0,0.9999999693115946,1,1
gpt4_0613,dd_27524,T1,1,0,6.70042850062104e-10,1,1
gpt4_0613,dd_27524,T1,2,0,3.5667514295548146e-09,1,1
gpt4_0613,dd_27524,T2,1,0,1.256541044907381e-09,1,1
gpt4_0613,dd_27524,T2,2,0,1.4866325696610758e-08,1,1
gpt4_0613,dd_27524,T3,1,0,1.2438488762496307e-09,1,1
gpt4_0613,dd_27524,T3,2,0,9.856950166803802e-09,1,1
gpt4_0613,dd_27524,T4,1,0,9.409662383643572e-10,1,1
gpt4_0613,dd_27524,T4,2,0,4.487313607583563e-09,1,1
gpt4_0613,dd_27558,T1,1,0,0.0002741924379670829,1,1
gpt4_0613,dd_27558,T1,2,0,0.0002040251247890394,1,1
gpt4_0613,dd_27558,T2,1,0,6.31262054713072e-05,1,1
gpt4_0613,dd_27558,T2,2,0,0.0002856215844383898,1,1
gpt4_0613,dd_27558,T3,1,0,0.00012487443681298888,1,1
gpt4_0613,dd_27558,T3,2,0,0.00089323954721757,1,1
gpt4_0613,dd_27558,T4,1,0,0.00012167836149605005,1,1
gpt4_0613,dd_27558,T4,2,0,6.3971483035517e-05,1,1
gpt4_0613,dd_28814,T1,1,0,2.118248781116151e-05,1,1
gpt4_0613,dd_28814,T1,2,0,0.0014163425166415253,1,1
gpt4_0613,dd_28814,T2,1,0,,0,1
gpt4_0613,dd_28814,T2,2,0,,0,1
gpt4_0613,dd_28814,T3,1,0,1.0638491220753644e-05,1,1
gpt4_0613,dd_28814,T3,2,0,2.1303561445696537e-05,1,1
gpt4_0613,dd_28814,T4,1,0,0.00018365206811346368,1,1
gpt4_0613,dd_28814,T4,2,0,0.002969608557741559,1,1
gpt4_0613,dd_29454,T1,1,0,,0,1
gpt4_0613,dd_29454,T1,2,0,,0,1
gpt4_0613,dd_29454,T2,1,0,,0,1
gpt4_0613,dd_29454,T2,2,0,,0,1
gpt4_0613,dd_29454,T3,1,0,,0,1
gpt4_0613,dd_29454,T3,2,0,,0,1
gpt4_0613,dd_29454,T4,1,0,,0,1
gpt4_0613,dd_29454,T4,2,0,,0,1
gpt4_0613,dd_29978,T1,1,0,,0,1
gpt4_0613,dd_29978,T1,2,0,0.03163915364369916,1,1
gpt4_0613,dd_29978,T2,1,0,,0,1
gpt4_0613,dd_29978,T2,2,0,,0,1
gpt4_0613,dd_29978,T3,1,0,,0,1
gpt4_0613,dd_29978,T3,2,0,0.0011847551366165228,1,1
gpt4_0613,dd_29978,T4,1,0,,0,1
gpt4_0613,dd_29978,T4,2,0,0.009097291000391663,1,1
gpt4_0613,dd_30131,T1,1,0,3.3674375956367416e-09,1,1
gpt4_0613,dd_30131,T1,2,0,7.550326186070246e-08,1,1
gpt4_0613,dd_30131,T2,1,0,1.6011413892050754e-09,1,1
gpt4_0613,dd_30131,T2,2,0,4.4186078447546455e-08,1,1
gpt4_0613,dd_30131,T3,1,0,6.597363459334872e-09,1,1
gpt4_0613,dd_30131,T3,2,0,2.7503446619967515e-07,1,1
gpt4_0613,dd_30131,T4,1,0,2.1825471742722072e-09,1,1
gpt4_0613,dd_30131,T4,2,0,9.999674116092893e-08,1,1
gpt4_0613,dd_30899,T1,1,0,0.9999997333276726,1,1
gpt4_0613,dd_30899,T1,2,0,0.9999999669056882,1,1
gpt4_0613,dd_30899,T2,1,0,0.9999998255280684,1,1
gpt4_0613,dd_30899,T2,2,0,0.9999999851046,1,1
gpt4_0613,dd_30899,T3,1,0,0.9999998402513484,1,1
gpt4_0613,dd_30899,T3,2,0,0.9999999932685271,1,1
gpt4_0613,dd_30899,T4,1,0,0.9999998839131959,1,1
gpt4_0613,dd_30899,T4,2,0,0.9999999935396162,1,1
gpt4_0613,dd_31129,T1,1,0,5.232173827594626e-10,1,1
gpt4_0613,dd_31129,T1,2,0,6.9758214727759476e-09,1,1
gpt4_0613,dd_31129,T2,1,0,4.721288914803383e-10,1,1
gpt4_0613,dd_31129,T2,2,0,5.6851483110853595e-09,1,1
gpt4_0613,dd_31129,T3,1,0,6.473070681831457e-10,1,1
gpt4_0613,dd_31129,T3,2,0,6.770360483603888e-09,1,1
gpt4_0613,dd_31129,T4,1,0,2.728253332664523e-10,1,1
gpt4_0613,dd_31129,T4,2,0,6.111450937843385e-09,1,1
gpt4_0613,dd_32872,T1,1,0,0.00010361125691160094,1,1
gpt4_0613,dd_32872,T1,2,0,2.381335004142816e-05,1,1
gpt4_0613,dd_32872,T2,1,0,5.636876480352627e-05,1,1
gpt4_0613,dd_32872,T2,2,0,1.7281196747356877e-05,1,1
gpt4_0613,dd_32872,T3,1,0,4.6968765401318845e-05,1,1
gpt4_0613,dd_32872,T3,2,0,7.15929993983157e-05,1,1
gpt4_0613,dd_32872,T4,1,0,0.00040994403469920876,1,1
gpt4_0613,dd_32872,T4,2,0,2.8124509607517003e-05,1,1
gpt4_0613,dd_33618,T1,1,0,3.948594977156875e-05,1,1
gpt4_0613,dd_33618,T1,2,0,0.005374111354274732,1,1
gpt4_0613,dd_33618,T2,1,0,0.0010963931605431755,1,1
gpt4_0613,dd_33618,T2,2,0,0.0014471751920214866,1,1
gpt4_0613,dd_33618,T3,1,0,9.660374590518909e-05,1,1
gpt4_0613,dd_33618,T3,2,0,0.0002790742725588264,1,1
gpt4_0613,dd_33618,T4,1,0,1.3753935482277592e-05,1,1
gpt4_0613,dd_33618,T4,2,0,0.0007569334142651942,1,1
gpt4_0613,dd_34148,T1,1,0,3.914759742369604e-06,1,1
gpt4_0613,dd_34148,T1,2,0,3.959113042970445e-05,1,1
gpt4_0613,dd_34148,T2,1,0,2.0697614556652087e-05,1,1
gpt4_0613,dd_34148,T2,2,0,0.00033647098393682184,1,1
gpt4_0613,dd_34148,T3,1,0,8.044406266468602e-06,1,1
gpt4_0613,dd_34148,T3,2,0,0.0001382149429040694,1,1
gpt4_0613,dd_34148,T4,1,0,6.553923129309916e-06,1,1
gpt4_0613,dd_34148,T4,2,0,7.26890183380203e-05,1,1
gpt4_0613,dd_34460,T1,1,0,2.038362356063677e-10,1,1
gpt4_0613,dd_34460,T1,2,0,3.712501145296467e-09,1,1
gpt4_0613,dd_34460,T2,1,0,6.710891727029697e-10,1,1
gpt4_0613,dd_34460,T2,2,0,2.2846717001364987e-09,1,1
gpt4_0613,dd_34460,T3,1,0,2.815780814169282e-10,1,1
gpt4_0613,dd_34460,T3,2,0,8.138189118115504e-09,1,1
gpt4_0613,dd_34460,T4,1,0,6.677538821442298e-10,1,1
gpt4_0613,dd_34460,T4,2,0,5.952073057141195e-09,1,1
gpt4_0613,dd_35732,T1,1,0,6.450399684423614e-09,1,1
gpt4_0613,dd_35732,T1,2,0,1.0396156975400889e-07,1,1
gpt4_0613,dd_35732,T2,1,0,1.0823150970563205e-08,1,1
gpt4_0613,dd_35732,T2,2,0,2.9903893714539702e-05,1,1
gpt4_0613,dd_35732,T3,1,0,1.0758537385569545e-08,1,1
gpt4_0613,dd_35732,T3,2,0,9.977135882962419e-07,1,1
gpt4_0613,dd_35732,T4,1,0,1.5025683317563532e-06,1,1
gpt4_0613,dd_35732,T4,2,0,0.00018090194955842892,1,1
gpt4_0613,dd_36819,T1,1,0,0.0008077814563888625,1,1
gpt4_0613,dd_36819,T1,2,0,0.0026263975418640223,1,1
gpt4_0613,dd_36819,T2,1,0,0.00020196441894606415,1,1
gpt4_0613,dd_36819,T2,2,0,0.0006145926410399645,1,1
gpt4_0613,dd_36819,T3,1,0,0.006052025375168399,1,1
gpt4_0613,dd_36819,T3,2,0,0.11850400973022579,1,1
gpt4_0613,dd_36819,T4,1,0,0.22358660187791363,1,1
gpt4_0613,dd_36819,T4,2,0,0.008106499985516095,1,1
gpt4_0613,dd_37249,T1,1,0,0.8122747325935249,1,1
gpt4_0613,dd_37249,T1,2,0,0.0033925296976502007,1,1
gpt4_0613,dd_37249,T2,1,0,0.0059965190124701955,1,1
gpt4_0613,dd_37249,T2,2,0,0.0003212729749539911,1,1
gpt4_0613,dd_37249,T3,1,0,0.735164349075455,1,1
gpt4_0613,dd_37249,T3,2,0,0.000668966909078418,1,1
gpt4_0613,dd_37249,T4,1,0,0.08693440225697792,1,1
gpt4_0613,dd_37249,T4,2,0,0.0007376382366067258,1,1
gpt4_0613,dd_37490,T1,1,0,0.9999999975200867,1,1
gpt4_0613,dd_37490,T1,2,0,0.999999999349687,1,1
gpt4_0613,dd_37490,T2,1,0,0.9999999961989819,1,1
gpt4_0613,dd_37490,T2,2,0,0.9999999987333542,1,1
gpt4_0613,dd_37490,T3,1,0,0.9999999965565429,1,1
gpt4_0613,dd_37490,T3,2,0,0.9999999994961182,1,1
gpt4_0613,dd_37490,T4,1,0,0.9999999976293888,1,1
gpt4_0613,dd_37490,T4,2,0,0.999999999401381,1,1
gpt4_0613,dd_38533,T1,1,0,2.3567676494796996e-06,1,1
gpt4_0613,dd_38533,T1,2,0,3.776394242028581e-05,1,1
gpt4_0613,dd_38533,T2,1,0,4.613725828099615e-06,1,1
gpt4_0613,dd_38533,T2,2,0,2.789738972569971e-05,1,1
gpt4_0613,dd_38533,T3,1,0,2.2012610639089404e-06,1,1
gpt4_0613,dd_38533,T3,2,0,1.8152517603487633e-05,1,1
gpt4_0613,dd_38533,T4,1,0,7.268071183557315e-05,1,1
gpt4_0613,dd_38533,T4,2,0,0.000794984845704051,1,1
gpt4_0613,dd_39199,T1,1,0,0.9998337156895091,1,1
gpt4_0613,dd_39199,T1,2,0,0.9999900734391987,1,1
gpt4_0613,dd_39199,T2,1,0,0.9999985458243098,1,1
gpt4_0613,dd_39199,T2,2,0,0.9999977350108046,1,1
gpt4_0613,dd_39199,T3,1,0,0.9997789402650823,1,1
gpt4_0613,dd_39199,T3,2,0,0.9999667625874981,1,1
gpt4_0613,dd_39199,T4,1,0,0.999992538519368,1,1
gpt4_0613,dd_39199,T4,2,0,0.9999951473059695,1,1
gpt4_0613,dd_42860,T1,1,0,1.2010511755278525e-07,1,1
gpt4_0613,dd_42860,T1,2,0,8.681389443577502e-08,1,1
gpt4_0613,dd_42860,T2,1,0,2.467669008503796e-08,1,1
gpt4_0613,dd_42860,T2,2,0,1.1661119975436718e-07,1,1
gpt4_0613,dd_42860,T3,1,0,1.8650065468436247e-07,1,1
gpt4_0613,dd_42860,T3,2,0,4.468593914493536e-08,1,1
gpt4_0613,dd_42860,T4,1,0,3.344408927709084e-08,1,1
gpt4_0613,dd_42860,T4,2,0,4.094585898244792e-08,1,1
gpt4_0613,dd_44063,T1,1,0,0.0018419800636886843,1,1
gpt4_0613,dd_44063,T1,2,0,0.039131826511587246,1,1
gpt4_0613,dd_44063,T2,1,0,0.00011498450004607616,1,1
gpt4_0613,dd_44063,T2,2,0,0.015131978826826318,1,1
gpt4_0613,dd_44063,T3,1,0,0.09817384260796942,1,1
gpt4_0613,dd_44063,T3,2,0,0.7762945340718239,1,1
gpt4_0613,dd_44063,T4,1,0,0.00020272995955203084,1,1
gpt4_0613,dd_44063,T4,2,0,0.0058230938090499855,1,1
gpt4_0613,dd_44380,T1,1,0,0.999999900058718,1,1
gpt4_0613,dd_44380,T1,2,0,0.9999999981173588,1,1
gpt4_0613,dd_44380,T2,1,0,0.9999999486876039,1,1
gpt4_0613,dd_44380,T2,2,0,0.9999999972005196,1,1
gpt4_0613,dd_44380,T3,1,0,0.9999999376382172,1,1
gpt4_0613,dd_44380,T3,2,0,0.9999999968871737,1,1
gpt4_0613,dd_44380,T4,1,0,0.999999969775751,1,1
gpt4_0613,dd_44380,T4,2,0,0.9999999957768647,1,1
gpt4_0613,dd_45938,T1,1,0,1.5552135402571534e-09,1,1
gpt4_0613,dd_45938,T1,2,0,2.3275098902004582e-09,1,1
gpt4_0613,dd_45938,T2,1,0,7.6925769922829e-10,1,1
gpt4_0613,dd_45938,T2,2,0,1.8604694736301944e-09,1,1
gpt4_0613,dd_45938,T3,1,0,2.0097229179355137e-09,1,1
gpt4_0613,dd_45938,T3,2,0,5.817814562204997e-09,1,1
gpt4_0613,dd_45938,T4,1,0,1.0781202129348994e-09,1,1
gpt4_0613,dd_45938,T4,2,0,1.6582790334919738e-09,1,1
gpt4_0613,dd_46859,T1,1,0,3.793166268155918e-09,1,1
gpt4_0613,dd_46859,T1,2,0,1.205127758456762e-08,1,1
gpt4_0613,dd_46859,T2,1,0,3.2889659607070234e-09,1,1
gpt4_0613,dd_46859,T2,2,0,7.2590749504931475e-09,1,1
gpt4_0613,dd_46859,T3,1,0,2.077795955401024e-09,1,1
gpt4_0613,dd_46859,T3,2,0,4.4473706116616716e-09,1,1
gpt4_0613,dd_46859,T4,1,0,1.9983665064623433e-09,1,1
gpt4_0613,dd_46859,T4,2,0,6.233707653335834e-09,1,1
gpt4_0613,dd_47886,T1,1,0,0.5093253734588915,1,1
gpt4_0613,dd_47886,T1,2,0,0.9973608010366901,1,1
gpt4_0613,dd_47886,T2,1,0,0.9629419504303169,1,1
gpt4_0613,dd_47886,T2,2,0,0.9988072240651599,1,1
gpt4_0613,dd_47886,T3,1,0,0.5381764760592255,1,1
gpt4_0613,dd_47886,T3,2,0,0.9380088900619414,1,1
gpt4_0613,dd_47886,T4,1,0,0.965528618414598,1,1
gpt4_0613,dd_47886,T4,2,0,0.9910009414846201,1,1
gpt4_0613,dd_5570,T1,1,0,0.9999999880323679,1,1
gpt4_0613,dd_5570,T1,2,0,0.9999999950620116,1,1
gpt4_0613,dd_5570,T2,1,0,0.9999999892136652,1,1
gpt4_0613,dd_5570,T2,2,0,0.9999999982501357,1,1
gpt4_0613,dd_5570,T3,1,0,0.9999999772812451,1,1
gpt4_0613,dd_5570,T3,2,0,0.999999998690475,1,1
gpt4_0613,dd_5570,T4,1,0,0.9999999849991766,1,1
gpt4_0613,dd_5570,T4,2,0,0.99999999640888,1,1
gpt4_0613,dd_6488,T1,1,0,1.8856698202295536e-09,1,1
gpt4_0613,dd_6488,T1,2,0,5.335915261587711e-08,1,1
gpt4_0613,dd_6488,T2,1,0,2.1869704248926167e-09,1,1
gpt4_0613,dd_6488,T2,2,0,2.8112801001114885e-08,1,1
gpt4_0613,dd_6488,T3,1,0,9.739754929597713e-10,1,1
gpt4_0613,dd_6488,T3,2,0,5.7883818643558116e-08,1,1
gpt4_0613,dd_6488,T4,1,0,1.7752057621114696e-09,1,1
gpt4_0613,dd_6488,T4,2,0,1.1658405776419036e-08,1,1
gpt4_0613,dd_6826,T1,1,0,0.9999879483094303,1,1
gpt4_0613,dd_6826,T1,2,0,0.9999972186236422,1,1
gpt4_0613,dd_6826,T2,1,0,0.9999880597351049,1,1
gpt4_0613,dd_6826,T2,2,0,0.999998529008927,1,1
gpt4_0613,dd_6826,T3,1,0,0.9999759733906447,1,1
gpt4_0613,dd_6826,T3,2,0,0.9998922508390495,1,1
gpt4_0613,dd_6826,T4,1,0,0.9999528832994617,1,1
gpt4_0613,dd_6826,T4,2,0,0.9999928964188473,1,1
gpt4_0613,dd_6868,T1,1,0,4.896983266130972e-06,1,1
gpt4_0613,dd_6868,T1,2,0,2.726716953441492e-05,1,1
gpt4_0613,dd_6868,T2,1,0,4.156174338198601e-05,1,1
gpt4_0613,dd_6868,T2,2,0,0.0005721166634018767,1,1
gpt4_0613,dd_6868,T3,1,0,0.00113191165011803,1,1
gpt4_0613,dd_6868,T3,2,0,0.0036018352043369465,1,1
gpt4_0613,dd_6868,T4,1,0,7.772674701378117e-06,1,1
gpt4_0613,dd_6868,T4,2,0,1.5977400689371473e-05,1,1
gpt4_0613,dd_7687,T1,1,0,0.9999998843443194,1,1
gpt4_0613,dd_7687,T1,2,0,0.9999999899167709,1,1
gpt4_0613,dd_7687,T2,1,0,0.9999999649107638,1,1
gpt4_0613,dd_7687,T2,2,0,0.9999999973483412,1,1
gpt4_0613,dd_7687,T3,1,0,0.9999999525949024,1,1
gpt4_0613,dd_7687,T3,2,0,0.9999999944432684,1,1
gpt4_0613,dd_7687,T4,1,0,0.9999999612528417,1,1
gpt4_0613,dd_7687,T4,2,0,0.9999999963841794,1,1
gpt4_0613,dd_8580,T1,1,0,5.3757988792169446e-08,1,1
gpt4_0613,dd_8580,T1,2,0,4.130830335179259e-06,1,1
gpt4_0613,dd_8580,T2,1,0,1.5710311484279118e-07,1,1
gpt4_0613,dd_8580,T2,2,0,2.6921676539824385e-06,1,1
gpt4_0613,dd_8580,T3,1,0,5.519138278984473e-09,1,1
gpt4_0613,dd_8580,T3,2,0,1.585486367363386e-06,1,1
gpt4_0613,dd_8580,T4,1,0,1.179389706932095e-07,1,1
gpt4_0613,dd_8580,T4,2,0,5.288122922735069e-06,1,1
gpt4_0613,dd_9595,T1,1,0,0.9999439844713526,1,1
gpt4_0613,dd_9595,T1,2,0,0.999999077743666,1,1
gpt4_0613,dd_9595,T2,1,0,0.999816543663942,1,1
gpt4_0613,dd_9595,T2,2,0,0.999997150092947,1,1
gpt4_0613,dd_9595,T3,1,0,0.9999832531821022,1,1
gpt4_0613,dd_9595,T3,2,0,0.9999999197537317,1,1
gpt4_0613,dd_9595,T4,1,0,0.9999617308303568,1,1
gpt4_0613,dd_9595,T4,2,0,0.9999994005970655,1,1
gpt4_0613,dd_9899,T1,1,0,0.9999708157697657,1,1
gpt4_0613,dd_9899,T1,2,0,0.999999597553191,1,1
gpt4_0613,dd_9899,T2,1,0,0.9995693172573463,1,1
gpt4_0613,dd_9899,T2,2,0,0.999994773661038,1,1
gpt4_0613,dd_9899,T3,1,0,0.999440535199525,1,1
gpt4_0613,dd_9899,T3,2,0,0.9999895603285985,1,1
gpt4_0613,dd_9899,T4,1,0,0.9999728323443492,1,1
gpt4_0613,dd_9899,T4,2,0,0.9999997124761979,1,1
gpt4_0613,dd_9955,T1,1,0,0.531692392116164,1,1
gpt4_0613,dd_9955,T1,2,0,0.09243657582586394,1,1
gpt4_0613,dd_9955,T2,1,0,0.06448851539605151,1,1
gpt4_0613,dd_9955,T2,2,0,0.0072739541959357555,1,1
gpt4_0613,dd_9955,T3,1,0,0.9999043483409474,1,1
gpt4_0613,dd_9955,T3,2,0,0.9691647137800926,1,1
gpt4_0613,dd_9955,T4,1,0,0.001229826235547998,1,1
gpt4_0613,dd_9955,T4,2,0,0.0014347944329908442,1,1
gpt4_0613,mc_C_034,T1,1,0,0.9999999952055678,1,1
gpt4_0613,mc_C_034,T1,2,0,0.9999999985129431,1,1
gpt4_0613,mc_C_034,T2,1,0,0.9999999945478685,1,1
gpt4_0613,mc_C_034,T2,2,0,0.999999998884995,1,1
gpt4_0613,mc_C_034,T3,1,0,0.9999999961523877,1,1
gpt4_0613,mc_C_034,T3,2,0,0.9999999993147869,1,1
gpt4_0613,mc_C_034,T4,1,0,0.999999993943047,1,1
gpt4_0613,mc_C_034,T4,2,0,0.9999999992568203,1,1
gpt4_0613,mc_C_1095,T1,1,0,0.9999999987277192,1,1
gpt4_0613,mc_C_1095,T1,2,0,0.9999999994728426,1,1
gpt4_0613,mc_C_1095,T2,1,0,0.9999999965677152,1,1
gpt4_0613,mc_C_1095,T2,2,0,0.9999999990422225,1,1
gpt4_0613,mc_C_1095,T3,1,0,0.999999998299924,1,1
gpt4_0613,mc_C_1095,T3,2,0,0.9999999994834139,1,1
gpt4_0613,mc_C_1095,T4,1,0,0.9999999991878994,1,1
gpt4_0613,mc_C_1095,T4,2,0,0.9999999997303187,1,1
gpt4_0613,mc_C_1216,T1,1,0,0.9999999969895567,1,1
gpt4_0613,mc_C_1216,T1,2,0,0.9999999985497953,1,1
gpt4_0613,mc_C_1216,T2,1,0,0.9999999975716368,1,1
gpt4_0613,mc_C_1216,T2,2,0,0.9999999979546746,1,1
gpt4_0613,mc_C_1216,T3,1,0,0.9999999964927753,1,1
gpt4_0613,mc_C_1216,T3,2,0,0.9999999992520906,1,1
gpt4_0613,mc_C_1216,T4,1,0,0.999999999003174,1,1
gpt4_0613,mc_C_1216,T4,2,0,0.9999999974669247,1,1
gpt4_0613,mc_C_183,T1,1,0,0.9999999941719895,1,1
gpt4_0613,mc_C_183,T1,2,0,0.9999999993766716,1,1
gpt4_0613,mc_C_183,T2,1,0,0.9999999868011673,1,1
gpt4_0613,mc_C_183,T2,2,0,0.9999999984630551,1,1
gpt4_0613,mc_C_183,T3,1,0,0.9999999915923486,1,1
gpt4_0613,mc_C_183,T3,2,0,0.9999999994441072,1,1
gpt4_0613,mc_C_183,T4,1,0,0.9999999907085416,1,1
gpt4_0613,mc_C_183,T4,2,0,0.9999999992281287,1,1
gpt4_0613,mc_C_291,T1,1,0,0.9999999967712007,1,1
gpt4_0613,mc_C_291,T1,2,0,0.9999999995312129,1,1
gpt4_0613,mc_C_291,T2,1,0,0.9999999963670342,1,1
gpt4_0613,mc_C_291,T2,2,0,0.9999999992975747,1,1
gpt4_0613,mc_C_291,T3,1,0,0.9999999977553486,1,1
gpt4_0613,mc_C_291,T3,2,0,0.999999999489323,1,1
gpt4_0613,mc_C_291,T4,1,0,0.9999999952409416,1,1
gpt4_0613,mc_C_291,T4,2,0,0.9999999993810731,1,1
gpt4_0613,mc_C_467,T1,1,0,0.9999999817854903,1,1
gpt4_0613,mc_C_467,T1,2,0,0.9999999992334819,1,1
gpt4_0613,mc_C_467,T2,1,0,0.9999999912274831,1,1
gpt4_0613,mc_C_467,T2,2,0,0.9999999992282241,1,1
gpt4_0613,mc_C_467,T3,1,0,0.9999999954902923,1,1
gpt4_0613,mc_C_467,T3,2,0,0.9999999995452382,1,1
gpt4_0613,mc_C_467,T4,1,0,0.999999992398015,1,1
gpt4_0613,mc_C_467,T4,2,0,0.9999999994111886,1,1
gpt4_0613,mc_C_527,T1,1,0,0.9999999961098148,1,1
gpt4_0613,mc_C_527,T1,2,0,0.9999999995272743,1,1
gpt4_0613,mc_C_527,T2,1,0,0.9999999836480172,1,1
gpt4_0613,mc_C_527,T2,2,0,0.9999999988980807,1,1
gpt4_0613,mc_C_527,T3,1,0,0.9999999923829908,1,1
gpt4_0613,mc_C_527,T3,2,0,0.9999999987361804,1,1
gpt4_0613,mc_C_527,T4,1,0,0.9999999948561178,1,1
gpt4_0613,mc_C_527,T4,2,0,0.9999999984311135,1,1
gpt4_0613,mc_C_675,T1,1,0,0.999999996452145,1,1
gpt4_0613,mc_C_675,T1,2,0,0.9999999988512265,1,1
gpt4_0613,mc_C_675,T2,1,0,0.9999999961467322,1,1
gpt4_0613,mc_C_675,T2,2,0,0.9999999986856498,1,1
gpt4_0613,mc_C_675,T3,1,0,0.9999999980455534,1,1
gpt4_0613,mc_C_675,T3,2,0,0.9999999992788468,1,1
gpt4_0613,mc_C_675,T4,1,0,0.9999999954870917,1,1
gpt4_0613,mc_C_675,T4,2,0,0.9999999982899219,1,1
gpt4_0613,mc_C_772,T1,1,0,0.9999999923075088,1,1
gpt4_0613,mc_C_772,T1,2,0,0.9999999989419219,1,1
gpt4_0613,mc_C_772,T2,1,0,0.9999999956802729,1,1
gpt4_0613,mc_C_772,T2,2,0,0.9999999994520495,1,1
gpt4_0613,mc_C_772,T3,1,0,0.9999999958583752,1,1
gpt4_0613,mc_C_772,T3,2,0,0.9999999991128684,1,1
gpt4_0613,mc_C_772,T4,1,0,0.9999999947174072,1,1
gpt4_0613,mc_C_772,T4,2,0,0.9999999982523194,1,1
gpt4_0613,mc_C_941,T1,1,0,0.9999999945989819,1,1
gpt4_0613,mc_C_941,T1,2,0,0.9999999983376839,1,1
gpt4_0613,mc_C_941,T2,1,0,0.9999999966432821,1,1
gpt4_0613,mc_C_941,T2,2,0,0.99999999875842,1,1
gpt4_0613,mc_C_941,T3,1,0,0.9999999977231376,1,1
gpt4_0613,mc_C_941,T3,2,0,0.9999999987513355,1,1
gpt4_0613,mc_C_941,T4,1,0,0.9999999970354427,1,1
gpt4_0613,mc_C_941,T4,2,0,0.999999999127806,1,1
gpt4_0613,mc_G_005,T1,1,0,0.9999999377323627,1,1
gpt4_0613,mc_G_005,T1,2,0,0.9999999984681487,1,1
gpt4_0613,mc_G_005,T2,1,0,0.999999787995337,1,1
gpt4_0613,mc_G_005,T2,2,0,0.9999999976253813,1,1
gpt4_0613,mc_G_005,T3,1,0,0.9999999161034342,1,1
gpt4_0613,mc_G_005,T3,2,0,0.9999999966328831,1,1
gpt4_0613,mc_G_005,T4,1,0,0.9999999285152817,1,1
gpt4_0613,mc_G_005,T4,2,0,0.9999999972535376,1,1
gpt4_0613,mc_G_037,T1,1,0,0.9999984784920412,1,1
gpt4_0613,mc_G_037,T1,2,0,0.9999999850276751,1,1
gpt4_0613,mc_G_037,T2,1,0,0.9999562453503457,1,1
gpt4_0613,mc_G_037,T2,2,0,0.9999985704596409,1,1
gpt4_0613,mc_G_037,T3,1,0,0.9998952240712419,1,1
gpt4_0613,mc_G_037,T3,2,0,0.9999010237886906,1,1
gpt4_0613,mc_G_037,T4,1,0,0.9999972754527481,1,1
gpt4_0613,mc_G_037,T4,2,0,0.9999996524138198,1,1
gpt4_0613,mc_G_064,T1,1,0,5.939007053727478e-10,1,1
gpt4_0613,mc_G_064,T1,2,0,3.776466880303336e-09,1,1
gpt4_0613,mc_G_064,T2,1,0,5.920982004375245e-10,1,1
gpt4_0613,mc_G_064,T2,2,0,7.300605994783026e-09,1,1
gpt4_0613,mc_G_064,T3,1,0,3.7452625391046e-10,1,1
gpt4_0613,mc_G_064,T3,2,0,2.127539298524769e-09,1,1
gpt4_0613,mc_G_064,T4,1,0,9.762528480914225e-10,1,1
gpt4_0613,mc_G_064,T4,2,0,3.8479091806252926e-09,1,1
gpt4_0613,mc_G_086,T1,1,0,0.9999996641231739,1,1
gpt4_0613,mc_G_086,T1,2,0,0.999999984238678,1,1
gpt4_0613,mc_G_086,T2,1,0,0.9999998086140531,1,1
gpt4_0613,mc_G_086,T2,2,0,0.9999999918051383,1,1
gpt4_0613,mc_G_086,T3,1,0,0.9999993819973199,1,1
gpt4_0613,mc_G_086,T3,2,0,0.9999999557414286,1,1
gpt4_0613,mc_G_086,T4,1,0,0.9999767468009392,1,1
gpt4_0613,mc_G_086,T4,2,0,0.9999993523411314,1,1
gpt4_0613,mc_G_112,T1,1,0,0.017643269113054114,1,1
gpt4_0613,mc_G_112,T1,2,0,0.9120513687797426,1,1
gpt4_0613,mc_G_112,T2,1,0,0.9657551622123351,1,1
gpt4_0613,mc_G_112,T2,2,0,0.9949744445559522,1,1
gpt4_0613,mc_G_112,T3,1,0,0.9998977185036739,1,1
gpt4_0613,mc_G_112,T3,2,0,0.9998594620383077,1,1
gpt4_0613,mc_G_112,T4,1,0,0.8368987688610614,1,1
gpt4_0613,mc_G_112,T4,2,0,0.9777850652712886,1,1
gpt4_0613,mc_G_135,T1,1,0,0.9999983019783036,1,1
gpt4_0613,mc_G_135,T1,2,0,0.9999999703147077,1,1
gpt4_0613,mc_G_135,T2,1,0,0.9999991385476106,1,1
gpt4_0613,mc_G_135,T2,2,0,0.9999999746716937,1,1
gpt4_0613,mc_G_135,T3,1,0,0.9999998208819877,1,1
gpt4_0613,mc_G_135,T3,2,0,0.9999999807188903,1,1
gpt4_0613,mc_G_135,T4,1,0,0.9999967421428477,1,1
gpt4_0613,mc_G_135,T4,2,0,0.999999934759949,1,1
gpt4_0613,mc_G_156,T1,1,0,0.9999996845415275,1,1
gpt4_0613,mc_G_156,T1,2,0,0.9999999700976258,1,1
gpt4_0613,mc_G_156,T2,1,0,0.9999995713972055,1,1
gpt4_0613,mc_G_156,T2,2,0,0.9999999717325181,1,1
gpt4_0613,mc_G_156,T3,1,0,0.9999999638894189,1,1
gpt4_0613,mc_G_156,T3,2,0,0.9999999928647366,1,1
gpt4_0613,mc_G_156,T4,1,0,0.9999993661941458,1,1
gpt4_0613,mc_G_156,T4,2,0,0.9999998057746662,1,1
gpt4_0613,mc_G_179,T1,1,0,0.9999999799602263,1,1
gpt4_0613,mc_G_179,T1,2,0,0.9999999984887044,1,1
gpt4_0613,mc_G_179,T2,1,0,0.9999999855283132,1,1
gpt4_0613,mc_G_179,T2,2,0,0.9999999984258497,1,1
gpt4_0613,mc_G_179,T3,1,0,0.9999999848646662,1,1
gpt4_0613,mc_G_179,T3,2,0,0.9999999987825793,1,1
gpt4_0613,mc_G_179,T4,1,0,0.9999999900368389,1,1
gpt4_0613,mc_G_179,T4,2,0,0.9999999981788197,1,1
gpt4_0613,mc_G_186,T1,1,0,2.1294483170044582e-07,1,1
gpt4_0613,mc_G_186,T1,2,0,3.226509980357807e-06,1,1
gpt4_0613,mc_G_186,T2,1,0,1.3835309577767963e-07,1,1
gpt4_0613,mc_G_186,T2,2,0,4.777688792485768e-07,1,1
gpt4_0613,mc_G_186,T3,1,0,1.8142621399778814e-07,1,1
gpt4_0613,mc_G_186,T3,2,0,1.336882633026938e-06,1,1
gpt4_0613,mc_G_186,T4,1,0,7.075010432986425e-07,1,1
gpt4_0613,mc_G_186,T4,2,0,3.923550367575479e-06,1,1
gpt4_0613,mc_G_235,T1,1,0,0.9999999921695498,1,1
gpt4_0613,mc_G_235,T1,2,0,0.9999999977779447,1,1
gpt4_0613,mc_G_235,T2,1,0,0.9999999944934267,1,1
gpt4_0613,mc_G_235,T2,2,0,0.9999999955431802,1,1
gpt4_0613,mc_G_235,T3,1,0,0.9999999978418095,1,1
gpt4_0613,mc_G_235,T3,2,0,0.9999999987565686,1,1
gpt4_0613,mc_G_235,T4,1,0,0.9999999788688074,1,1
gpt4_0613,mc_G_235,T4,2,0,0.9999999964685586,1,1
gpt4_0613,mc_G_236,T1,1,0,0.21037094289590672,1,1
gpt4_0613,mc_G_236,T1,2,0,0.9983010543292832,1,1
gpt4_0613,mc_G_236,T2,1,0,0.8455667123339741,1,1
gpt4_0613,mc_G_236,T2,2,0,0.9994538185183068,1,1
gpt4_0613,mc_G_236,T3,1,0,0.8409760457529117,1,1
gpt4_0613,mc_G_236,T3,2,0,0.9970312316361956,1,1
gpt4_0613,mc_G_236,T4,1,0,0.2417745845545682,1,1
gpt4_0613,mc_G_236,T4,2,0,0.9988317766420741,1,1
gpt4_0613,mc_G_288,T1,1,0,0.9999412484427321,1,1
gpt4_0613,mc_G_288,T1,2,0,0.9999026350063466,1,1
gpt4_0613,mc_G_288,T2,1,0,0.9990613963583207,1,1
gpt4_0613,mc_G_288,T2,2,0,0.9997368840959892,1,1
gpt4_0613,mc_G_288,T3,1,0,0.8573923452686512,1,1
gpt4_0613,mc_G_288,T3,2,0,0.9999597909134913,1,1
gpt4_0613,mc_G_288,T4,1,0,0.9998638038454485,1,1
gpt4_0613,mc_G_288,T4,2,0,0.9998768868348986,1,1
gpt4_0613,mc_G_302,T1,1,0,0.6658783587568681,1,1
gpt4_0613,mc_G_302,T1,2,0,0.9999423147827338,1,1
gpt4_0613,mc_G_302,T2,1,0,0.7772001315827632,1,1
gpt4_0613,mc_G_302,T2,2,0,0.9999674054089374,1,1
gpt4_0613,mc_G_302,T3,1,0,0.5360681518874132,1,1
gpt4_0613,mc_G_302,T3,2,0,0.9999851758789688,1,1
gpt4_0613,mc_G_302,T4,1,0,0.0025117211072506604,1,1
gpt4_0613,mc_G_302,T4,2,0,0.9974668305790964,1,1
gpt4_0613,mc_G_365,T1,1,0,0.9998829164948263,1,1
gpt4_0613,mc_G_365,T1,2,0,0.9999773820682063,1,1
gpt4_0613,mc_G_365,T2,1,0,0.9998183770483001,1,1
gpt4_0613,mc_G_365,T2,2,0,0.9999871357011416,1,1
gpt4_0613,mc_G_365,T3,1,0,0.9418453247536532,1,1
gpt4_0613,mc_G_365,T3,2,0,0.9997995268827592,1,1
gpt4_0613,mc_G_365,T4,1,0,0.9993477851977879,1,1
gpt4_0613,mc_G_365,T4,2,0,0.9999744958352643,1,1
gpt4_0613,mc_G_373,T1,1,0,1.2111485213981467e-09,1,1
gpt4_0613,mc_G_373,T1,2,0,1.2981034376180469e-08,1,1
gpt4_0613,mc_G_373,T2,1,0,1.0314101898074814e-09,1,1
gpt4_0613,mc_G_373,T2,2,0,1.97410001900423e-08,1,1
gpt4_0613,mc_G_373,T3,1,0,1.1239588049917405e-09,1,1
gpt4_0613,mc_G_373,T3,2,0,2.3605957106025492e-08,1,1
gpt4_0613,mc_G_373,T4,1,0,1.3830315457657985e-09,1,1
gpt4_0613,mc_G_373,T4,2,0,1.3732747080637416e-08,1,1
gpt4_0613,mc_G_385,T1,1,0,0.9999994788901372,1,1
gpt4_0613,mc_G_385,T1,2,0,0.9999999517363991,1,1
gpt4_0613,mc_G_385,T2,1,0,0.9999986102713291,1,1
gpt4_0613,mc_G_385,T2,2,0,0.9999998925646647,1,1
gpt4_0613,mc_G_385,T3,1,0,0.9999992103446214,1,1
gpt4_0613,mc_G_385,T3,2,0,0.9999999107426796,1,1
gpt4_0613,mc_G_385,T4,1,0,0.9999869656589689,1,1
gpt4_0613,mc_G_385,T4,2,0,0.9999991161248386,1,1
gpt4_0613,mc_G_397,T1,1,0,0.9999999808324833,1,1
gpt4_0613,mc_G_397,T1,2,0,0.999999997290319,1,1
gpt4_0613,mc_G_397,T2,1,0,0.9999999720832317,1,1
gpt4_0613,mc_G_397,T2,2,0,0.999999993244465,1,1
gpt4_0613,mc_G_397,T3,1,0,0.999999992671586,1,1
gpt4_0613,mc_G_397,T3,2,0,0.9999999993373592,1,1
gpt4_0613,mc_G_397,T4,1,0,0.9999999865304473,1,1
gpt4_0613,mc_G_397,T4,2,0,0.9999999963091872,1,1
gpt4_0613,mc_G_431,T1,1,0,0.9999998651683656,1,1
gpt4_0613,mc_G_431,T1,2,0,0.9999999979819773,1,1
gpt4_0613,mc_G_431,T2,1,0,0.999999846829003,1,1
gpt4_0613,mc_G_431,T2,2,0,0.9999999942647537,1,1
gpt4_0613,mc_G_431,T3,1,0,0.9999999171052696,1,1
gpt4_0613,mc_G_431,T3,2,0,0.9999999987134107,1,1
gpt4_0613,mc_G_431,T4,1,0,0.9999998214751167,1,1
gpt4_0613,mc_G_431,T4,2,0,0.9999999923862206,1,1
gpt4_0613,mc_G_453,T1,1,0,0.9999911971340952,1,1
gpt4_0613,mc_G_453,T1,2,0,0.9999944221303766,1,1
gpt4_0613,mc_G_453,T2,1,0,0.9999392165242518,1,1
gpt4_0613,mc_G_453,T2,2,0,0.9999542537601538,1,1
gpt4_0613,mc_G_453,T3,1,0,0.999985341756202,1,1
gpt4_0613,mc_G_453,T3,2,0,0.9999936575861141,1,1
gpt4_0613,mc_G_453,T4,1,0,0.9999965310450522,1,1
gpt4_0613,mc_G_453,T4,2,0,0.9999973995830584,1,1
gpt4_0613,mc_G_492,T1,1,0,0.9999999707236138,1,1
gpt4_0613,mc_G_492,T1,2,0,0.9999999972611401,1,1
gpt4_0613,mc_G_492,T2,1,0,0.9999986329250509,1,1
gpt4_0613,mc_G_492,T2,2,0,0.999999987208736,1,1
gpt4_0613,mc_G_492,T3,1,0,0.9999999829420476,1,1
gpt4_0613,mc_G_492,T3,2,0,0.9999999986242184,1,1
gpt4_0613,mc_G_492,T4,1,0,0.9999999704383636,1,1
gpt4_0613,mc_G_492,T4,2,0,0.9999999946222049,1,1
gpt4_0613,mc_G_572,T1,1,0,0.16117243151452149,1,1
gpt4_0613,mc_G_572,T1,2,0,0.9506796019365509,1,1
gpt4_0613,mc_G_572,T2,1,0,0.00565551331705852,1,1
gpt4_0613,mc_G_572,T2,2,0,0.992935178198073,1,1
gpt4_0613,mc_G_572,T3,1,0,0.07280314265549889,1,1
gpt4_0613,mc_G_572,T3,2,0,0.9768731489340801,1,1
gpt4_0613,mc_G_572,T4,1,0,0.011418753316500137,1,1
gpt4_0613,mc_G_572,T4,2,0,0.823551632742263,1,1
gpt4_0613,mc_G_595,T1,1,0,0.003161632363687436,1,1
gpt4_0613,mc_G_595,T1,2,0,0.05478728302786172,1,1
gpt4_0613,mc_G_595,T2,1,0,0.04638849363506529,1,1
gpt4_0613,mc_G_595,T2,2,0,0.8413384207064687,1,1
gpt4_0613,mc_G_595,T3,1,0,0.0057520203762996295,1,1
gpt4_0613,mc_G_595,T3,2,0,0.02405525325661093,1,1
gpt4_0613,mc_G_595,T4,1,0,0.09336461745044597,1,1
gpt4_0613,mc_G_595,T4,2,0,0.6265910838235379,1,1
gpt4_0613,mc_G_601,T1,1,0,0.0016564439295415603,1,1
gpt4_0613,mc_G_601,T1,2,0,0.029093827459975782,1,1
gpt4_0613,mc_G_601,T2,1,0,0.0011356007327457181,1,1
gpt4_0613,mc_G_601,T2,2,0,0.21435782206768877,1,1
gpt4_0613,mc_G_601,T3,1,0,0.06751053714623648,1,1
gpt4_0613,mc_G_601,T3,2,0,0.617189141025666,1,1
gpt4_0613,mc_G_601,T4,1,0,0.00014327960338187323,1,1
gpt4_0613,mc_G_601,T4,2,0,0.006939077870839482,1,1
gpt4_0613,mc_H_035,T1,1,0,2.8990198377733486e-08,1,1
gpt4_0613,mc_H_035,T1,2,0,3.7876962730682336e-07,1,1
gpt4_0613,mc_H_035,T2,1,0,1.1260083535268448e-08,1,1
gpt4_0613,mc_H_035,T2,2,0,7.135319866034164e-08,1,1
gpt4_0613,mc_H_035,T3,1,0,3.88374094159469e-08,1,1
gpt4_0613,mc_H_035,T3,2,0,1.4722897472262812e-07,1,1
gpt4_0613,mc_H_035,T4,1,0,6.348771519600703e-09,1,1
gpt4_0613,mc_H_035,T4,2,0,5.311225244709244e-08,1,1
gpt4_0613,mc_H_044,T1,1,0,0.9999819547225206,1,1
gpt4_0613,mc_H_044,T1,2,0,0.9999560965501402,1,1
gpt4_0613,mc_H_044,T2,1,0,0.9999844218144426,1,1
gpt4_0613,mc_H_044,T2,2,0,0.9999718690379749,1,1
gpt4_0613,mc_H_044,T3,1,0,0.9998659893653928,1,1
gpt4_0613,mc_H_044,T3,2,0,0.9724371161820186,1,1
gpt4_0613,mc_H_044,T4,1,0,0.9999923161518577,1,1
gpt4_0613,mc_H_044,T4,2,0,0.999990125508245,1,1
gpt4_0613,mc_H_049,T1,1,0,0.0003333839558620224,1,1
gpt4_0613,mc_H_049,T1,2,0,0.0010744111999167714,1,1
gpt4_0613,mc_H_049,T2,1,0,0.0005492136503185709,1,1
gpt4_0613,mc_H_049,T2,2,0,0.006146024782132638,1,1
gpt4_0613,mc_H_049,T3,1,0,0.0005026605843783239,1,1
gpt4_0613,mc_H_049,T3,2,0,0.0002475425727592899,1,1
gpt4_0613,mc_H_049,T4,1,0,0.19487517308918162,1,1
gpt4_0613,mc_H_049,T4,2,0,0.5902884538663946,1,1
gpt4_0613,mc_H_060,T1,1,0,0.9999823082823075,1,1
gpt4_0613,mc_H_060,T1,2,0,0.9999917631670162,1,1
gpt4_0613,mc_H_060,T2,1,0,0.9999220169493458,1,1
gpt4_0613,mc_H_060,T2,2,0,0.9999773140286945,1,1
gpt4_0613,mc_H_060,T3,1,0,0.9999877125194164,1,1
gpt4_0613,mc_H_060,T3,2,0,0.9999630955060116,1,1
gpt4_0613,mc_H_060,T4,1,0,0.9996709610355239,1,1
gpt4_0613,mc_H_060,T4,2,0,0.9998736115689062,1,1
gpt4_0613,mc_H_066,T1,1,0,1.6252104874103706e-09,1,1
gpt4_0613,mc_H_066,T1,2,0,7.777860746555565e-09,1,1
gpt4_0613,mc_H_066,T2,1,0,1.646645355117423e-09,1,1
gpt4_0613,mc_H_066,T2,2,0,1.745264815579476e-08,1,1
gpt4_0613,mc_H_066,T3,1,0,1.1801845946188884e-09,1,1
gpt4_0613,mc_H_066,T3,2,0,7.449008434947218e-09,1,1
gpt4_0613,mc_H_066,T4,1,0,1.3514740180065803e-09,1,1
gpt4_0613,mc_H_066,T4,2,0,1.2749471293881352e-08,1,1
gpt4_0613,mc_H_072,T1,1,0,0.9999999724916008,1,1
gpt4_0613,mc_H_072,T1,2,0,0.9999999974160039,1,1
gpt4_0613,mc_H_072,T2,1,0,0.9999999962716137,1,1
gpt4_0613,mc_H_072,T2,2,0,0.9999999987277385,1,1
gpt4_0613,mc_H_072,T3,1,0,0.9999999779184986,1,1
gpt4_0613,mc_H_072,T3,2,0,0.9999999970894586,1,1
gpt4_0613,mc_H_072,T4,1,0,0.9999999761566968,1,1
gpt4_0613,mc_H_072,T4,2,0,0.9999999964372126,1,1
gpt4_0613,mc_H_073,T1,1,0,0.9999999486564992,1,1
gpt4_0613,mc_H_073,T1,2,0,0.9999999980200797,1,1
gpt4_0613,mc_H_073,T2,1,0,0.9999999497342165,1,1
gpt4_0613,mc_H_073,T2,2,0,0.9999999977990242,1,1
gpt4_0613,mc_H_073,T3,1,0,0.9999999771555648,1,1
gpt4_0613,mc_H_073,T3,2,0,0.9999999969056029,1,1
gpt4_0613,mc_H_073,T4,1,0,0.9999991171272105,1,1
gpt4_0613,mc_H_073,T4,2,0,0.9999999810092163,1,1
gpt4o,dd_0107,T1,1,0,1.336388345724204e-07,1,1
gpt4o,dd_0107,T1,2,0,2.0462924567767268e-05,1,1
gpt4o,dd_0107,T2,1,0,3.520914407760351e-07,1,1
gpt4o,dd_0107,T2,2,0,2.601616004229609e-06,1,1
gpt4o,dd_0107,T3,1,0,4.2958130222736785e-09,1,1
gpt4o,dd_0107,T3,2,0,7.496459651029485e-08,1,1
gpt4o,dd_0107,T4,1,0,7.734422805737018e-08,1,1
gpt4o,dd_0107,T4,2,0,1.8631738963667094e-05,1,1
gpt4o,dd_0283,T1,1,0,3.046187576372791e-09,1,1
gpt4o,dd_0283,T1,2,0,6.55033262206834e-09,1,1
gpt4o,dd_0283,T2,1,0,1.7907612971468085e-09,1,1
gpt4o,dd_0283,T2,2,0,5.964145726166499e-09,1,1
gpt4o,dd_0283,T3,1,0,7.123156310276065e-10,1,1
gpt4o,dd_0283,T3,2,0,5.780648254294611e-09,1,1
gpt4o,dd_0283,T4,1,0,1.120629785527694e-09,1,1
gpt4o,dd_0283,T4,2,0,7.082598285146032e-09,1,1
gpt4o,dd_11241,T1,1,0,2.7264701469718504e-06,1,1
gpt4o,dd_11241,T1,2,0,7.141903590525307e-05,1,1
gpt4o,dd_11241,T2,1,0,3.668863143607963e-06,1,1
gpt4o,dd_11241,T2,2,0,0.00011591930944985669,1,1
gpt4o,dd_11241,T3,1,0,2.406101370042274e-06,1,1
gpt4o,dd_11241,T3,2,0,0.0005614786799937514,1,1
gpt4o,dd_11241,T4,1,0,9.57082844096552e-07,1,1
gpt4o,dd_11241,T4,2,0,9.610239922743867e-05,1,1
gpt4o,dd_13518,T1,1,0,3.1428839498953056e-09,1,1
gpt4o,dd_13518,T1,2,0,5.152235469803762e-08,1,1
gpt4o,dd_13518,T2,1,0,2.565147121673176e-09,1,1
gpt4o,dd_13518,T2,2,0,2.0494177397245897e-08,1,1
gpt4o,dd_13518,T3,1,0,1.0861516317396984e-09,1,1
gpt4o,dd_13518,T3,2,0,4.2051320743748946e-08,1,1
gpt4o,dd_13518,T4,1,0,1.2898369765604796e-09,1,1
gpt4o,dd_13518,T4,2,0,2.0816913722117874e-08,1,1
gpt4o,dd_14408,T1,1,0,0.9999983202687124,1,1
gpt4o,dd_14408,T1,2,0,0.9999997726726518,1,1
gpt4o,dd_14408,T2,1,0,0.9999992887563337,1,1
gpt4o,dd_14408,T2,2,0,0.9999999406981221,1,1
gpt4o,dd_14408,T3,1,0,0.9999998461826474,1,1
gpt4o,dd_14408,T3,2,0,0.99999998813888,1,1
gpt4o,dd_14408,T4,1,0,0.9999984942987016,1,1
gpt4o,dd_14408,T4,2,0,0.9999999523496114,1,1
gpt4o,dd_14818,T1,1,0,0.9999706884489279,1,1
gpt4o,dd_14818,T1,2,0,0.9999990577553364,1,1
gpt4o,dd_14818,T2,1,0,0.9999967622367008,1,1
gpt4o,dd_14818,T2,2,0,0.9999999434137637,1,1
gpt4o,dd_14818,T3,1,0,0.999876605432019,1,1
gpt4o,dd_14818,T3,2,0,0.9999845536856219,1,1
gpt4o,dd_14818,T4,1,0,0.9999965534220949,1,1
gpt4o,dd_14818,T4,2,0,0.9999999306690814,1,1
gpt4o,dd_15810,T1,1,0,0.25386100132422423,1,1
gpt4o,dd_15810,T1,2,0,0.6926419767901475,1,1
gpt4o,dd_15810,T2,1,0,0.10970577096716554,1,1
gpt4o,dd_15810,T2,2,0,0.15002882034228257,1,1
gpt4o,dd_15810,T3,1,0,0.2845759920814681,1,1
gpt4o,dd_15810,T3,2,0,0.7248702642896702,1,1
gpt4o,dd_15810,T4,1,0,0.42250463481418826,1,1
gpt4o,dd_15810,T4,2,0,0.9981030799239741,1,1
gpt4o,dd_17929,T1,1,0,0.9973269936584814,1,1
gpt4o,dd_17929,T1,2,0,0.9978172835394408,1,1
gpt4o,dd_17929,T2,1,0,0.9744347840764876,1,1
gpt4o,dd_17929,T2,2,0,0.998498817796582,1,1
gpt4o,dd_17929,T3,1,0,0.9997546304826967,1,1
gpt4o,dd_17929,T3,2,0,0.9998390691853137,1,1
gpt4o,dd_17929,T4,1,0,0.9898303403039347,1,1
gpt4o,dd_17929,T4,2,0,0.9979170287672725,1,1
gpt4o,dd_1808,T1,1,0,0.9995197027376868,1,1
gpt4o,dd_1808,T1,2,0,0.9998960893667973,1,1
gpt4o,dd_1808,T2,1,0,0.9997694932131427,1,1
gpt4o,dd_1808,T2,2,0,0.999889388355787,1,1
gpt4o,dd_1808,T3,1,0,0.9987355782888572,1,1
gpt4o,dd_1808,T3,2,0,0.999950913395142,1,1
gpt4o,dd_1808,T4,1,0,0.999333297567648,1,1
gpt4o,dd_1808,T4,2,0,0.9999651918838265,1,1
gpt4o,dd_1814,T1,1,0,1.138277136781198e-09,1,1
gpt4o,dd_1814,T1,2,0,8.953243133606236e-09,1,1
gpt4o,dd_1814,T2,1,0,2.040818452758495e-10,1,1
gpt4o,dd_1814,T2,2,0,3.6381522515550677e-10,1,1
gpt4o,dd_1814,T3,1,0,4.895668964356755e-10,1,1
gpt4o,dd_1814,T3,2,0,3.653482079845738e-08,1,1
gpt4o,dd_1814,T4,1,0,1.9473625716487924e-10,1,1
gpt4o,dd_1814,T4,2,0,4.363462233785251e-09,1,1
gpt4o,dd_18223,T1,1,0,0.0004955359119224104,1,1
gpt4o,dd_18223,T1,2,0,0.03410042429407553,1,1
gpt4o,dd_18223,T2,1,0,0.04084571634779026,1,1
gpt4o,dd_18223,T2,2,0,0.15405756657543826,1,1
gpt4o,dd_18223,T3,1,0,0.0036499873664831936,1,1
gpt4o,dd_18223,T3,2,0,0.07921031731390288,1,1
gpt4o,dd_18223,T4,1,0,0.0006361912659398936,1,1
gpt4o,dd_18223,T4,2,0,0.004264634770845736,1,1
gpt4o,dd_18643,T1,1,0,0.9999999886820402,1,1
gpt4o,dd_18643,T1,2,0,0.9999999992053545,1,1
gpt4o,dd_18643,T2,1,0,0.9999999985154067,1,1
gpt4o,dd_18643,T2,2,0,0.9999999998837177,1,1
gpt4o,dd_18643,T3,1,0,0.9999999923418853,1,1
gpt4o,dd_18643,T3,2,0,0.9999999996687425,1,1
gpt4o,dd_18643,T4,1,0,0.9999999964386459,1,1
gpt4o,dd_18643,T4,2,0,0.9999999991928405,1,1
gpt4o,dd_18670,T1,1,0,0.8902942325809625,1,1
gpt4o,dd_18670,T1,2,0,0.9960545926078062,1,1
gpt4o,dd_18670,T2,1,0,0.9787126463118558,1,1
gpt4o,dd_18670,T2,2,0,0.999322805887788,1,1
gpt4o,dd_18670,T3,1,0,0.9901401444261306,1,1
gpt4o,dd_18670,T3,2,0,0.9999617708803568,1,1
gpt4o,dd_18670,T4,1,0,0.9997800466177227,1,1
gpt4o,dd_18670,T4,2,0,0.9999994103583593,1,1
gpt4o,dd_2081,T1,1,0,0.999680001667777,1,1
gpt4o,dd_2081,T1,2,0,0.9999827684198184,1,1
gpt4o,dd_2081,T2,1,0,0.9998534687355826,1,1
gpt4o,dd_2081,T2,2,0,0.9999753170967292,1,1
gpt4o,dd_2081,T3,1,0,0.9879462198072344,1,1
gpt4o,dd_2081,T3,2,0,0.9732407189974746,1,1
gpt4o,dd_2081,T4,1,0,0.9904406010232552,1,1
gpt4o,dd_2081,T4,2,0,0.999952423542317,1,1
gpt4o,dd_21158,T1,1,0,0.9999993106389857,1,1
gpt4o,dd_21158,T1,2,0,0.9999999892003274,1,1
gpt4o,dd_21158,T2,1,0,0.9999995335550682,1,1
gpt4o,dd_21158,T2,2,0,0.9999999953551186,1,1
gpt4o,dd_21158,T3,1,0,0.999997774719336,1,1
gpt4o,dd_21158,T3,2,0,0.9999999929174017,1,1
gpt4o,dd_21158,T4,1,0,0.9999991813636462,1,1
gpt4o,dd_21158,T4,2,0,0.9999999804443193,1,1
gpt4o,dd_21629,T1,1,0,0.9999999052358726,1,1
gpt4o,dd_21629,T1,2,0,0.9999999972694151,1,1
gpt4o,dd_21629,T2,1,0,0.9999999719877809,1,1
gpt4o,dd_21629,T2,2,0,0.9999999996361848,1,1
gpt4o,dd_21629,T3,1,0,0.9999999845301832,1,1
gpt4o,dd_21629,T3,2,0,0.9999999997959181,1,1
gpt4o,dd_21629,T4,1,0,0.9999997617630156,1,1
gpt4o,dd_21629,T4,2,0,0.999999998861723,1,1
gpt4o,dd_21630,T1,1,0,5.57089480440792e-08,1,1
gpt4o,dd_21630,T1,2,0,1.2878957717506292e-06,1,1
gpt4o,dd_21630,T2,1,0,7.380237824355969e-08,1,1
gpt4o,dd_21630,T2,2,0,4.710909177191284e-06,1,1
gpt4o,dd_21630,T3,1,0,9.382918237996656e-09,1,1
gpt4o,dd_21630,T3,2,0,5.989271398180788e-07,1,1
gpt4o,dd_21630,T4,1,0,3.432128798265305e-08,1,1
gpt4o,dd_21630,T4,2,0,3.3405378060934097e-06,1,1
gpt4o,dd_22819,T1,1,0,1.3946463011104813e-09,1,1
gpt4o,dd_22819,T1,2,0,9.777226351931457e-08,1,1
gpt4o,dd_22819,T2,1,0,2.029198393258833e-09,1,1
gpt4o,dd_22819,T2,2,0,5.838247612951309e-08,1,1
gpt4o,dd_22819,T3,1,0,8.95324313386395e-09,1,1
gpt4o,dd_22819,T3,2,0,1.7704268353819861e-07,1,1
gpt4o,dd_22819,T4,1,0,4.3884492975080936e-10,1,1
gpt4o,dd_22819,T4,2,0,4.338617289862308e-08,1,1
gpt4o,dd_23534,T1,1,0,0.7606506581031359,1,1
gpt4o,dd_23534,T1,2,0,0.996777516416394,1,1
gpt4o,dd_23534,T2,1,0,0.8740772335247532,1,1
gpt4o,dd_23534,T2,2,0,0.9993537966622555,1,1
gpt4o,dd_23534,T3,1,0,0.9073122269997507,1,1
gpt4o,dd_23534,T3,2,0,0.9996200154481151,1,1
gpt4o,dd_23534,T4,1,0,0.9381240088979196,1,1
gpt4o,dd_23534,T4,2,0,0.9967775149685074,1,1
gpt4o,dd_24260,T1,1,0,0.009859854348861436,1,1
gpt4o,dd_24260,T1,2,0,0.24220562325537978,1,1
gpt4o,dd_24260,T2,1,0,0.009412588630083929,1,1
gpt4o,dd_24260,T2,2,0,0.27825679370240214,1,1
gpt4o,dd_24260,T3,1,0,0.0037072524074268235,1,1
gpt4o,dd_24260,T3,2,0,0.046724958405055486,1,1
gpt4o,dd_24260,T4,1,0,0.004399412777247646,1,1
gpt4o,dd_24260,T4,2,0,0.06560484035195276,1,1
gpt4o,dd_24405,T1,1,0,9.490687197717553e-11,1,1
gpt4o,dd_24405,T1,2,0,2.2637343902500963e-09,1,1
gpt4o,dd_24405,T2,1,0,4.8473687060058764e-11,1,1
gpt4o,dd_24405,T2,2,0,1.7907612972105304e-09,1,1
gpt4o,dd_24405,T3,1,0,1.010278393317494e-10,1,1
gpt4o,dd_24405,T3,2,0,2.817262965729012e-09,1,1
gpt4o,dd_24405,T4,1,0,1.8293778378686296e-10,1,1
gpt4o,dd_24405,T4,2,0,2.486225841851655e-09,1,1
gpt4o,dd_24975,T1,1,0,0.946596673134145,1,1
gpt4o,dd_24975,T1,2,0,0.9999720307049437,1,1
gpt4o,dd_24975,T2,1,0,0.9997765835774557,1,1
gpt4o,dd_24975,T2,2,0,0.9999992428851829,1,1
gpt4o,dd_24975,T3,1,0,0.9997219691690048,1,1
gpt4o,dd_24975,T3,2,0,0.9999994284997149,1,1
gpt4o,dd_24975,T4,1,0,0.9987355782257257,1,1
gpt4o,dd_24975,T4,2,0,0.9999984942987015,1,1
gpt4o,dd_25137,T1,1,0,0.9999999924606134,1,1
gpt4o,dd_25137,T1,2,0,0.9999999986053536,1,1
gpt4o,dd_25137,T2,1,0,0.9999999967573503,1,1
gpt4o,dd_25137,T2,2,0,0.9999999984920278,1,1
gpt4o,dd_25137,T3,1,0,0.9999999907625504,1,1
gpt4o,dd_25137,T3,2,0,0.9999999979708016,1,1
gpt4o,dd_25137,T4,1,0,0.9999999913222192,1,1
gpt4o,dd_25137,T4,2,0,0.9999999991541042,1,1
gpt4o,dd_25302,T1,1,0,7.2767622896187e-11,1,1
gpt4o,dd_25302,T1,2,0,1.2626096516834207e-08,1,1
gpt4o,dd_25302,T2,1,0,5.7563927673506525e-11,1,1
gpt4o,dd_25302,T2,2,0,1.1206297855703825e-09,1,1
gpt4o,dd_25302,T3,1,0,7.507751520208121e-11,1,1
gpt4o,dd_25302,T3,2,0,6.448779127989023e-09,1,1
gpt4o,dd_25302,T4,1,0,1.8982568599017608e-11,1,1
gpt4o,dd_25302,T4,2,0,4.2958130223406975e-09,1,1
gpt4o,dd_25868,T1,1,0,0.23370635157681108,1,1
gpt4o,dd_25868,T1,2,0,0.3960681662740417,1,1
gpt4o,dd_25868,T2,1,0,0.08632347129750854,1,1
gpt4o,dd_25868,T2,2,0,0.2173375185123463,1,1
gpt4o,dd_25868,T3,1,0,0.6926419704455589,1,1
gpt4o,dd_25868,T3,2,0,0.7371581568543043,1,1
gpt4o,dd_25868,T4,1,0,0.1422318931919251,1,1
gpt4o,dd_25868,T4,2,0,0.5851011542032312,1,1
gpt4o,dd_26178,T1,1,0,7.93449581411984e-07,1,1
gpt4o,dd_26178,T1,2,0,2.586743603288758e-05,1,1
gpt4o,dd_26178,T2,1,0,8.990961778344804e-07,1,1
gpt4o,dd_26178,T2,2,0,1.2411496986443842e-05,1,1
gpt4o,dd_26178,T3,1,0,5.955141209270713e-06,1,1
gpt4o,dd_26178,T3,2,0,0.00021654408537323454,1,1
gpt4o,dd_26178,T4,1,0,7.112435816361474e-07,1,1
gpt4o,dd_26178,T4,2,0,4.936989901151048e-06,1,1
gpt4o,dd_26321,T1,1,0,0.9999559988018655,1,1
gpt4o,dd_26321,T1,2,0,0.9999975938986316,1,1
gpt4o,dd_26321,T2,1,0,0.9999657315110818,1,1
gpt4o,dd_26321,T2,2,0,0.9999953621269139,1,1
gpt4o,dd_26321,T3,1,0,0.999991601928357,1,1
gpt4o,dd_26321,T3,2,0,0.9999990125361156,1,1
gpt4o,dd_26321,T4,1,0,0.9994023305615076,1,1
gpt4o,dd_26321,T4,2,0,0.9999996692406943,1,1
gpt4o,dd_27524,T1,1,0,5.293480290077043e-10,1,1
gpt4o,dd_27524,T1,2,0,6.972792777250073e-09,1,1
gpt4o,dd_27524,T2,1,0,1.9473625716537248e-10,1,1
gpt4o,dd_27524,T2,2,0,2.5651471216366484e-09,1,1
gpt4o,dd_27524,T3,1,0,6.188705450906712e-10,1,1
gpt4o,dd_27524,T3,2,0,6.1534680334919764e-09,1,1
gpt4o,dd_27524,T4,1,0,5.376840474960206e-10,1,1
gpt4o,dd_27524,T4,2,0,1.4615767744623533e-09,1,1
gpt4o,dd_27558,T1,1,0,9.476412749145808e-08,1,1
gpt4o,dd_27558,T1,2,0,0.0009399439250128799,1,1
gpt4o,dd_27558,T2,1,0,3.011597839799774e-07,1,1
gpt4o,dd_27558,T2,2,0,0.00018814212819524834,1,1
gpt4o,dd_27558,T3,1,0,2.2959182194263045e-06,1,1
gpt4o,dd_27558,T3,2,0,0.03114383160218832,1,1
gpt4o,dd_27558,T4,1,0,1.6119920031881372e-07,1,1
gpt4o,dd_27558,T4,2,0,0.00023782205997172258,1,1
gpt4o,dd_28814,T1,1,0,0.00017400538289364165,1,1
gpt4o,dd_28814,T1,2,0,0.01384861031731586,1,1
gpt4o,dd_28814,T2,1,0,0.0005193048837096476,1,1
gpt4o,dd_28814,T2,2,0,0.00010720880819518162,1,1
gpt4o,dd_28814,T3,1,0,4.908663409019841e-05,1,1
gpt4o,dd_28814,T3,2,0,2.26032338668789e-06,1,1
gpt4o,dd_28814,T4,1,0,0.0003101559915856043,1,1
gpt4o,dd_28814,T4,2,0,0.0026730055380954614,1,1
gpt4o,dd_29454,T1,1,0,,0,1
gpt4o,dd_29454,T1,2,0,0.005469274933041821,1,1
gpt4o,dd_29454,T2,1,0,0.17781086947804958,1,1
gpt4o,dd_29454,T2,2,0,,0,1
gpt4o,dd_29454,T3,1,0,0.00020342689963633669,1,1
gpt4o,dd_29454,T3,2,0,2.0145687036091478e-05,1,1
gpt4o,dd_29454,T4,1,0,0.058345836518212735,1,1
gpt4o,dd_29454,T4,2,0,0.5078118642792044,1,1
gpt4o,dd_29978,T1,1,0,0.0025114631154316263,1,1
gpt4o,dd_29978,T1,2,0,0.028436029802867215,1,1
gpt4o,dd_29978,T2,1,0,0.0009399437226939993,1,1
gpt4o,dd_29978,T2,2,0,0.007011796415767691,1,1
gpt4o,dd_29978,T3,1,0,0.0013885233636644226,1,1
gpt4o,dd_29978,T3,2,0,0.0017274585375943708,1,1
gpt4o,dd_29978,T4,1,0,0.004681822253091688,1,1
gpt4o,dd_29978,T4,2,0,0.008985428254971813,1,1
gpt4o,dd_30131,T1,1,0,3.3125753214234434e-10,1,1
gpt4o,dd_30131,T1,2,0,4.075753767259112e-08,1,1
gpt4o,dd_30131,T2,1,0,1.7629981166458714e-09,1,1
gpt4o,dd_30131,T2,2,0,4.546831871437143e-08,1,1
gpt4o,dd_30131,T3,1,0,1.5893910091844308e-10,1,1
gpt4o,dd_30131,T3,2,0,7.734422806107003e-08,1,1
gpt4o,dd_30131,T4,1,0,8.19870265616331e-10,1,1
gpt4o,dd_30131,T4,2,0,1.357433397149371e-07,1,1
gpt4o,dd_30899,T1,1,0,0.9999997617630155,1,1
gpt4o,dd_30899,T1,2,0,0.9999999958363552,1,1
gpt4o,dd_30899,T2,1,0,0.999999928468282,1,1
gpt4o,dd_30899,T2,2,0,0.9999999918479795,1,1
gpt4o,dd_30899,T3,1,0,0.9999997830827525,1,1
gpt4o,dd_30899,T3,2,0,0.9999999974746219,1,1
gpt4o,dd_30899,T4,1,0,0.9999998909271594,1,1
gpt4o,dd_30899,T4,2,0,0.9999999972264146,1,1
gpt4o,dd_31129,T1,1,0,2.8333958225851416e-10,1,1
gpt4o,dd_31129,T1,2,0,2.47206966092428e-08,1,1
gpt4o,dd_31129,T2,1,0,6.485707626600548e-10,1,1
gpt4o,dd_31129,T2,2,0,3.124988842005643e-08,1,1
gpt4o,dd_31129,T3,1,0,1.0045260476369349e-09,1,1
gpt4o,dd_31129,T3,2,0,1.6893531015660478e-07,1,1
gpt4o,dd_31129,T4,1,0,2.1056009844928546e-10,1,1
gpt4o,dd_31129,T4,2,0,1.046740168486064e-08,1,1
gpt4o,dd_32872,T1,1,0,0.24508500568173322,1,1
gpt4o,dd_32872,T1,2,0,0.8740772260395396,1,1
gpt4o,dd_32872,T2,1,0,0.1561048925492113,1,1
gpt4o,dd_32872,T2,2,0,0.6757645944891558,1,1
gpt4o,dd_32872,T3,1,0,0.18476750907131068,1,1
gpt4o,dd_32872,T3,2,0,0.7279754414406788,1,1
gpt4o,dd_32872,T4,1,0,0.12765263273742736,1,1
gpt4o,dd_32872,T4,2,0,0.8856314734077356,1,1
gpt4o,dd_33618,T1,1,0,4.611276793090911e-05,1,1
gpt4o,dd_33618,T1,2,0,0.0008693671973604416,1,1
gpt4o,dd_33618,T2,1,0,9.915273801868297e-05,1,1
gpt4o,dd_33618,T2,2,0,0.000203426939347842,1,1
gpt4o,dd_33618,T3,1,0,3.6688631423113236e-06,1,1
gpt4o,dd_33618,T3,2,0,4.683887067383261e-05,1,1
gpt4o,dd_33618,T4,1,0,1.4971081221073027e-05,1,1
gpt4o,dd_33618,T4,2,0,0.0064882694996776565,1,1
gpt4o,dd_34148,T1,1,0,0.01798620701251559,1,1
gpt4o,dd_34148,T1,2,0,0.15405755984835015,1,1
gpt4o,dd_34148,T2,1,0,0.12252320383595963,1,1
gpt4o,dd_34148,T2,2,0,0.49218813429548874,1,1
gpt4o,dd_34148,T3,1,0,0.5000000022017689,1,1
gpt4o,dd_34148,T3,2,0,0.8244619338793228,1,1
gpt4o,dd_34148,T4,1,0,0.13477592350798828,1,1
gpt4o,dd_34148,T4,2,0,0.6825737201058492,1,1
gpt4o,dd_34460,T1,1,0,3.695444812985049e-10,1,1
gpt4o,dd_34460,T1,2,0,1.2116897047938953e-09,1,1
gpt4o,dd_34460,T2,1,0,1.858186346957995e-10,1,1
gpt4o,dd_34460,T2,2,0,1.9062554778940876e-09,1,1
gpt4o,dd_34460,T3,1,0,8.198702656279925e-10,1,1
gpt4o,dd_34460,T3,2,0,7.658114688578879e-09,1,1
gpt4o,dd_34460,T4,1,0,2.969373327273305e-10,1,1
gpt4o,dd_34460,T4,2,0,1.4389171269084737e-09,1,1
gpt4o,dd_35732,T1,1,0,7.082598285007458e-09,1,1
gpt4o,dd_35732,T1,2,0,2.6165213375081797e-07,1,1
gpt4o,dd_35732,T2,1,0,7.53938662582536e-09,1,1
gpt4o,dd_35732,T2,2,0,1.8553915981830122e-07,1,1
gpt4o,dd_35732,T3,1,0,5.4845260897509145e-08,1,1
gpt4o,dd_35732,T3,2,0,1.9444336831211767e-07,1,1
gpt4o,dd_35732,T4,1,0,1.1317959785307662e-08,1,1
gpt4o,dd_35732,T4,2,0,1.8846097591950945e-07,1,1
gpt4o,dd_36819,T1,1,0,1.1659533952863328e-05,1,1
gpt4o,dd_36819,T1,2,0,0.00010391071929695022,1,1
gpt4o,dd_36819,T2,1,0,0.00022693386763655748,1,1
gpt4o,dd_36819,T2,2,0,5.6824363062423406e-06,1,1
gpt4o,dd_36819,T3,1,0,0.00015356242449556543,1,1
gpt4o,dd_36819,T3,2,0,7.843792471555076e-05,1,1
gpt4o,dd_36819,T4,1,0,0.000911051075586248,1,1
gpt4o,dd_36819,T4,2,0,5.738761276556797e-05,1,1
gpt4o,dd_37249,T1,1,0,0.9987744324155046,1,1
gpt4o,dd_37249,T1,2,0,0.9854964226073245,1,1
gpt4o,dd_37249,T2,1,0,0.9895109080029173,1,1
gpt4o,dd_37249,T2,2,0,0.9989994954682456,1,1
gpt4o,dd_37249,T3,1,0,0.9207896735230447,1,1
gpt4o,dd_37249,T3,2,0,0.9947798749493976,1,1
gpt4o,dd_37249,T4,1,0,0.8056321968658945,1,1
gpt4o,dd_37249,T4,2,0,0.9964063967659524,1,1
gpt4o,dd_37490,T1,1,0,0.9999999925775008,1,1
gpt4o,dd_37490,T1,2,0,0.9999999990414745,1,1
gpt4o,dd_37490,T2,1,0,0.9999999952819725,1,1
gpt4o,dd_37490,T2,2,0,0.999999999768745,1,1
gpt4o,dd_37490,T3,1,0,0.9999999920987906,1,1
gpt4o,dd_37490,T3,2,0,0.9999999997927043,1,1
gpt4o,dd_37490,T4,1,0,0.999999998769229,1,1
gpt4o,dd_37490,T4,2,0,0.9999999998872953,1,1
gpt4o,dd_38533,T1,1,0,1.4823574212807154e-06,1,1
gpt4o,dd_38533,T1,2,0,5.338154189374971e-06,1,1
gpt4o,dd_38533,T2,1,0,1.7159565374110953e-07,1,1
gpt4o,dd_38533,T2,2,0,9.972937565900388e-06,1,1
gpt4o,dd_38533,T3,1,0,1.9033847113545498e-06,1,1
gpt4o,dd_38533,T3,2,0,2.5466402738168163e-05,1,1
gpt4o,dd_38533,T4,1,0,8.186363541833018e-07,1,1
gpt4o,dd_38533,T4,2,0,2.9311533682820888e-05,1,1
gpt4o,dd_39199,T1,1,0,0.9999935609632609,1,1
gpt4o,dd_39199,T1,2,0,0.999999956613827,1,1
gpt4o,dd_39199,T2,1,0,0.9999885212310273,1,1
gpt4o,dd_39199,T2,2,0,0.9999999850061394,1,1
gpt4o,dd_39199,T3,1,0,0.9999907765325087,1,1
gpt4o,dd_39199,T3,2,0,0.9999999508370256,1,1
gpt4o,dd_39199,T4,1,0,0.9999982669484093,1,1
gpt4o,dd_39199,T4,2,0,0.9999999816291382,1,1
gpt4o,dd_42860,T1,1,0,5.771920449486727e-06,1,1
gpt4o,dd_42860,T1,2,0,2.3320741406002527e-06,1,1
gpt4o,dd_42860,T2,1,0,3.2058264753522243e-07,1,1
gpt4o,dd_42860,T2,2,0,4.3139105671577224e-07,1,1
gpt4o,dd_42860,T3,1,0,8.446223372328858e-07,1,1
gpt4o,dd_42860,T3,2,0,5.838247612410619e-08,1,1
gpt4o,dd_42860,T4,1,0,2.6577236395359623e-07,1,1
gpt4o,dd_42860,T4,2,0,9.132548693788391e-07,1,1
gpt4o,dd_44063,T1,1,0,0.9919380076897112,1,1
gpt4o,dd_44063,T1,2,0,0.9820137940187298,1,1
gpt4o,dd_44063,T2,1,0,0.9995487892910953,1,1
gpt4o,dd_44063,T2,2,0,0.998654139510455,1,1
gpt4o,dd_44063,T3,1,0,0.957277799101738,1,1
gpt4o,dd_44063,T3,2,0,0.9566341998451933,1,1
gpt4o,dd_44063,T4,1,0,0.9637799480363163,1,1
gpt4o,dd_44063,T4,2,0,0.9942697538166408,1,1
gpt4o,dd_44380,T1,1,0,0.9999999903192359,1,1
gpt4o,dd_44380,T1,2,0,0.9999999994365119,1,1
gpt4o,dd_44380,T2,1,0,0.9999999939419326,1,1
gpt4o,dd_44380,T2,2,0,0.9999999993096,1,1
gpt4o,dd_44380,T3,1,0,0.9999999710985779,1,1
gpt4o,dd_44380,T3,2,0,0.9999999989635868,1,1
gpt4o,dd_44380,T4,1,0,0.9999999915892065,1,1
gpt4o,dd_44380,T4,2,0,0.9999999997030626,1,1
gpt4o,dd_45938,T1,1,0,3.745756213997523e-11,1,1
gpt4o,dd_45938,T1,2,0,2.228638441614041e-09,1,1
gpt4o,dd_45938,T2,1,0,1.0923714004727853e-10,1,1
gpt4o,dd_45938,T2,2,0,4.718027606144857e-09,1,1
gpt4o,dd_45938,T3,1,0,5.2412552589052093e-11,1,1
gpt4o,dd_45938,T3,2,0,9.237449576104204e-09,1,1
gpt4o,dd_45938,T4,1,0,4.698230849596178e-11,1,1
gpt4o,dd_45938,T4,2,0,5.4304164834032315e-09,1,1
gpt4o,dd_46859,T1,1,0,5.813750742364089e-10,1,1
gpt4o,dd_46859,T1,2,0,2.757792983779012e-08,1,1
gpt4o,dd_46859,T2,1,0,6.286163380815161e-10,1,1
gpt4o,dd_46859,T2,2,0,4.792325729614328e-09,1,1
gpt4o,dd_46859,T3,1,0,1.0024163444684785e-10,1,1
gpt4o,dd_46859,T3,2,0,1.5713430949660966e-08,1,1
gpt4o,dd_46859,T4,1,0,7.685792716626253e-11,1,1
gpt4o,dd_46859,T4,2,0,1.5713430948985838e-08,1,1
gpt4o,dd_47886,T1,1,0,0.9770226322714172,1,1
gpt4o,dd_47886,T1,2,0,0.9999389114739164,1,1
gpt4o,dd_47886,T2,1,0,0.9977481522947577,1,1
gpt4o,dd_47886,T2,2,0,0.9999911988968758,1,1
gpt4o,dd_47886,T3,1,0,0.979667649009177,1,1
gpt4o,dd_47886,T3,2,0,0.9999239751912418,1,1
gpt4o,dd_47886,T4,1,0,0.9997546304536834,1,1
gpt4o,dd_47886,T4,2,0,0.999995970541661,1,1
gpt4o,dd_5570,T1,1,0,0.9999999778405106,1,1
gpt4o,dd_5570,T1,2,0,0.9999999969538125,1,1
gpt4o,dd_5570,T2,1,0,0.9999999900119355,1,1
gpt4o,dd_5570,T2,2,0,0.9999999993514292,1,1
gpt4o,dd_5570,T3,1,0,0.9999999795058225,1,1
gpt4o,dd_5570,T3,2,0,0.9999999986482624,1,1
gpt4o,dd_5570,T4,1,0,0.9999999500628215,1,1
gpt4o,dd_5570,T4,2,0,0.9999999994706519,1,1
gpt4o,dd_6488,T1,1,0,1.689353101475261e-07,1,1
gpt4o,dd_6488,T1,2,0,2.6842002591400894e-06,1,1
gpt4o,dd_6488,T2,1,0,6.9727927772879364e-09,1,1
gpt4o,dd_6488,T2,2,0,1.6280512790580771e-06,1,1
gpt4o,dd_6488,T3,1,0,1.0907285358335966e-07,1,1
gpt4o,dd_6488,T3,2,0,2.4061013697674325e-06,1,1
gpt4o,dd_6488,T4,1,0,3.747993791724289e-07,1,1
gpt4o,dd_6488,T4,2,0,1.7778546801721962e-05,1,1
gpt4o,dd_6826,T1,1,0,0.9995955184651706,1,1
gpt4o,dd_6826,T1,2,0,0.9999940448630518,1,1
gpt4o,dd_6826,T2,1,0,0.9976768377430009,1,1
gpt4o,dd_6826,T2,2,0,0.999994906292799,1,1
gpt4o,dd_6826,T3,1,0,0.9999852610187113,1,1
gpt4o,dd_6826,T3,2,0,0.9999996367319813,1,1
gpt4o,dd_6826,T4,1,0,0.9996079581724293,1,1
gpt4o,dd_6826,T4,2,0,0.9999969584026284,1,1
gpt4o,dd_6868,T1,1,0,3.1381477348129367e-06,1,1
gpt4o,dd_6868,T1,2,0,4.006369985707176e-05,1,1
gpt4o,dd_6868,T2,1,0,3.1875665929948285e-06,1,1
gpt4o,dd_6868,T2,2,0,1.300712477002161e-05,1,1
gpt4o,dd_6868,T3,1,0,4.331903179977862e-05,1,1
gpt4o,dd_6868,T3,2,0,0.006097561041164635,1,1
gpt4o,dd_6868,T4,1,0,2.2603252739505678e-06,1,1
gpt4o,dd_6868,T4,2,0,6.108855532106883e-05,1,1
gpt4o,dd_7687,T1,1,0,0.9999999807475021,1,1
gpt4o,dd_7687,T1,2,0,0.9999999893677608,1,1
gpt4o,dd_7687,T2,1,0,0.9999999867679645,1,1
gpt4o,dd_7687,T2,2,0,0.9999999949776857,1,1
gpt4o,dd_7687,T3,1,0,0.9999999442910519,1,1
gpt4o,dd_7687,T3,2,0,0.9999999966017321,1,1
gpt4o,dd_7687,T4,1,0,0.9999999890302572,1,1
gpt4o,dd_7687,T4,2,0,0.9999999919743648,1,1
gpt4o,dd_8580,T1,1,0,2.5466399733649345e-05,1,1
gpt4o,dd_8580,T1,2,0,0.000939943730492506,1,1
gpt4o,dd_8580,T2,1,0,1.1659533953422111e-05,1,1
gpt4o,dd_8580,T2,2,0,0.00012533747696903702,1,1
gpt4o,dd_8580,T3,1,0,1.0571702244387681e-07,1,1
gpt4o,dd_8580,T3,2,0,8.530322940821328e-06,1,1
gpt4o,dd_8580,T4,1,0,9.516252395342605e-06,1,1
gpt4o,dd_8580,T4,2,0,0.0018386654908581436,1,1
gpt4o,dd_9595,T1,1,0,0.999936972400465,1,1
gpt4o,dd_9595,T1,2,0,0.9990302480954453,1,1
gpt4o,dd_9595,T2,1,0,0.9999749283983501,1,1
gpt4o,dd_9595,T2,2,0,0.9955316158734435,1,1
gpt4o,dd_9595,T3,1,0,0.9994023305603189,1,1
gpt4o,dd_9595,T3,2,0,0.9999359799237054,1,1
gpt4o,dd_9595,T4,1,0,0.9999566809785891,1,1
gpt4o,dd_9595,T4,2,0,0.9999720306849309,1,1
gpt4o,dd_9899,T1,1,0,0.9994207084675819,1,1
gpt4o,dd_9899,T1,2,0,0.9999900270624283,1,1
gpt4o,dd_9899,T2,1,0,0.999548789394422,1,1
gpt4o,dd_9899,T2,2,0,0.9999918603106559,1,1
gpt4o,dd_9899,T3,1,0,0.9926541741485683,1,1
gpt4o,dd_9899,T3,2,0,0.9948603899538708,1,1
gpt4o,dd_9899,T4,1,0,0.9999792148280658,1,1
gpt4o,dd_9899,T4,2,0,0.999999923854883,1,1
gpt4o,dd_9955,T1,1,0,0.0006771943548361646,1,1
gpt4o,dd_9955,T1,2,0,0.0006070756465766493,1,1
gpt4o,dd_9955,T2,1,0,6.962258424461729e-06,1,1
gpt4o,dd_9955,T2,2,0,1.2411498467970278e-05,1,1
gpt4o,dd_9955,T3,1,0,0.021287350124762055,1,1
gpt4o,dd_9955,T3,2,0,0.0028009269365561673,1,1
gpt4o,dd_9955,T4,1,0,3.340537808966794e-06,1,1
gpt4o,dd_9955,T4,2,0,3.1693241605683976e-05,1,1
gpt4o,mc_C_034,T1,1,0,0.9999999837877711,1,1
gpt4o,mc_C_034,T1,2,0,0.9999999960270225,1,1
gpt4o,mc_C_034,T2,1,0,0.9999999943972036,1,1
gpt4o,mc_C_034,T2,2,0,0.9999999991272526,1,1
gpt4o,mc_C_034,T3,1,0,0.9999999840391185,1,1
gpt4o,mc_C_034,T3,2,0,0.9999999971827371,1,1
gpt4o,mc_C_034,T4,1,0,0.9999999960886177,1,1
gpt4o,mc_C_034,T4,2,0,0.9999999998254396,1,1
gpt4o,mc_C_1095,T1,1,0,0.9999999982092387,1,1
gpt4o,mc_C_1095,T1,2,0,0.999999999975048,1,1
gpt4o,mc_C_1095,T2,1,0,0.9999999997651032,1,1
gpt4o,mc_C_1095,T2,2,0,0.999999999977633,1,1
gpt4o,mc_C_1095,T3,1,0,0.9999999996936368,1,1
gpt4o,mc_C_1095,T3,2,0,0.9999999999808686,1,1
gpt4o,mc_C_1095,T4,1,0,0.9999999988793702,1,1
gpt4o,mc_C_1095,T4,2,0,0.999999999987744,1,1
gpt4o,mc_C_1216,T1,1,0,0.9999999985154067,1,1
gpt4o,mc_C_1216,T1,2,0,0.999999999970828,1,1
gpt4o,mc_C_1216,T2,1,0,0.9999999995472246,1,1
gpt4o,mc_C_1216,T2,2,0,0.9999999999648119,1,1
gpt4o,mc_C_1216,T3,1,0,0.9999999990563351,1,1
gpt4o,mc_C_1216,T3,2,0,0.9999999995328519,1,1
gpt4o,mc_C_1216,T4,1,0,0.9999999991672186,1,1
gpt4o,mc_C_1216,T4,2,0,0.9999999998941238,1,1
gpt4o,mc_C_183,T1,1,0,0.999999995132206,1,1
gpt4o,mc_C_183,T1,2,0,0.9999999998281459,1,1
gpt4o,mc_C_183,T2,1,0,0.999999996905842,1,1
gpt4o,mc_C_183,T2,2,0,0.9999999999108433,1,1
gpt4o,mc_C_183,T3,1,0,0.9999999981523939,1,1
gpt4o,mc_C_183,T3,2,0,0.9999999999316411,1,1
gpt4o,mc_C_183,T4,1,0,0.9999999990110477,1,1
gpt4o,mc_C_183,T4,2,0,0.9999999999213194,1,1
gpt4o,mc_C_291,T1,1,0,0.9999999975523195,1,1
gpt4o,mc_C_291,T1,2,0,0.9999999999260865,1,1
gpt4o,mc_C_291,T2,1,0,0.9999999982092387,1,1
gpt4o,mc_C_291,T2,2,0,0.9999999999736453,1,1
gpt4o,mc_C_291,T3,1,0,0.9999999976276268,1,1
gpt4o,mc_C_291,T3,2,0,0.9999999999094393,1,1
gpt4o,mc_C_291,T4,1,0,0.9999999981523939,1,1
gpt4o,mc_C_291,T4,2,0,0.999999999868235,1,1
gpt4o,mc_C_467,T1,1,0,0.9999999442910519,1,1
gpt4o,mc_C_467,T1,2,0,0.9999999960270225,1,1
gpt4o,mc_C_467,T2,1,0,0.9999999890302572,1,1
gpt4o,mc_C_467,T2,2,0,0.9999999987883104,1,1
gpt4o,mc_C_467,T3,1,0,0.9999999807475021,1,1
gpt4o,mc_C_467,T3,2,0,0.9999999989796549,1,1
gpt4o,mc_C_467,T4,1,0,0.999999994484067,1,1
gpt4o,mc_C_467,T4,2,0,0.9999999994365119,1,1
gpt4o,mc_C_527,T1,1,0,0.9999999974746219,1,1
gpt4o,mc_C_527,T1,2,0,0.9999999997121984,1,1
gpt4o,mc_C_527,T2,1,0,0.9999999928058669,1,1
gpt4o,mc_C_527,T2,2,0,0.9999999999499876,1,1
gpt4o,mc_C_527,T3,1,0,0.9999999972264146,1,1
gpt4o,mc_C_527,T3,2,0,0.9999999995328519,1,1
gpt4o,mc_C_527,T4,1,0,0.9999999971827371,1,1
gpt4o,mc_C_527,T4,2,0,0.9999999998781373,1,1
gpt4o,mc_C_675,T1,1,0,0.9999999926925758,1,1
gpt4o,mc_C_675,T1,2,0,0.999999999768745,1,1
gpt4o,mc_C_675,T2,1,0,0.9999999981810384,1,1
gpt4o,mc_C_675,T2,2,0,0.9999999999108433,1,1
gpt4o,mc_C_675,T3,1,0,0.9999999970933076,1,1
gpt4o,mc_C_675,T3,2,0,0.9999999999367783,1,1
gpt4o,mc_C_675,T4,1,0,0.9999999925775007,1,1
gpt4o,mc_C_675,T4,2,0,0.999999999624636,1,1
gpt4o,mc_C_772,T1,1,0,0.9999999967062858,1,1
gpt4o,mc_C_772,T1,2,0,0.9999999999135862,1,1
gpt4o,mc_C_772,T2,1,0,0.9999999986482624,1,1
gpt4o,mc_C_772,T2,2,0,0.999999999905093,1,1
gpt4o,mc_C_772,T3,1,0,0.9999999982370018,1,1
gpt4o,mc_C_772,T3,2,0,0.9999999998506905,1,1
gpt4o,mc_C_772,T4,1,0,0.9999999966544175,1,1
gpt4o,mc_C_772,T4,2,0,0.9999999998890425,1,1
gpt4o,mc_C_941,T1,1,0,0.9999999954271308,1,1
gpt4o,mc_C_941,T1,2,0,0.9999999996687425,1,1
gpt4o,mc_C_941,T2,1,0,0.9999999956365377,1,1
gpt4o,mc_C_941,T2,2,0,0.9999999998410609,1,1
gpt4o,mc_C_941,T3,1,0,0.9999999965482171,1,1
gpt4o,mc_C_941,T3,2,0,0.999999999786124,1,1
gpt4o,mc_C_941,T4,1,0,0.9999999966544175,1,1
gpt4o,mc_C_941,T4,2,0,0.9999999999669438,1,1
gpt4o,mc_G_005,T1,1,0,0.9999997257909216,1,1
gpt4o,mc_G_005,T1,2,0,0.9999999964386459,1,1
gpt4o,mc_G_005,T2,1,0,0.9999999468421503,1,1
gpt4o,mc_G_005,T2,2,0,0.9999999986482624,1,1
gpt4o,mc_G_005,T3,1,0,0.9999998704727996,1,1
gpt4o,mc_G_005,T3,2,0,0.9999999957707875,1,1
gpt4o,mc_G_005,T4,1,0,0.9999998599477048,1,1
gpt4o,mc_G_005,T4,2,0,0.9999999972694151,1,1
gpt4o,mc_G_037,T1,1,0,0.9999964440159327,1,1
gpt4o,mc_G_037,T1,2,0,0.9999999515992267,1,1
gpt4o,mc_G_037,T2,1,0,0.9999984942985227,1,1
gpt4o,mc_G_037,T2,2,0,0.9999999715466527,1,1
gpt4o,mc_G_037,T3,1,0,0.9999885212269366,1,1
gpt4o,mc_G_037,T3,2,0,0.9999987320711764,1,1
gpt4o,mc_G_037,T4,1,0,0.9999993106390678,1,1
gpt4o,mc_G_037,T4,2,0,0.9999999931353103,1,1
gpt4o,mc_G_064,T1,1,0,5.579287180810713e-11,1,1
gpt4o,mc_G_064,T1,2,0,3.0461875766482648e-09,1,1
gpt4o,mc_G_064,T2,1,0,5.001240706120834e-11,1,1
gpt4o,mc_G_064,T2,2,0,1.6822645551641005e-09,1,1
gpt4o,mc_G_064,T3,1,0,6.42172018152997e-11,1,1
gpt4o,mc_G_064,T3,2,0,1.580341298396515e-09,1,1
gpt4o,mc_G_064,T4,1,0,1.525292237602492e-11,1,1
gpt4o,mc_G_064,T4,2,0,9.290347231192547e-10,1,1
gpt4o,mc_G_086,T1,1,0,0.9999991420765005,1,1
gpt4o,mc_G_086,T1,2,0,0.9999999697115696,1,1
gpt4o,mc_G_086,T2,1,0,0.9999999559305943,1,1
gpt4o,mc_G_086,T2,2,0,0.9999999922212875,1,1
gpt4o,mc_G_086,T3,1,0,0.999999321326611,1,1
gpt4o,mc_G_086,T3,2,0,0.9999999774915497,1,1
gpt4o,mc_G_086,T4,1,0,0.9999890468815972,1,1
gpt4o,mc_G_086,T4,2,0,0.9999999378521658,1,1
gpt4o,mc_G_112,T1,1,0,0.9585377281769191,1,1
gpt4o,mc_G_112,T1,2,0,0.9944450764615808,1,1
gpt4o,mc_G_112,T2,1,0,0.9978172832813869,1,1
gpt4o,mc_G_112,T2,2,0,0.9997868125045057,1,1
gpt4o,mc_G_112,T3,1,0,0.9999697580464718,1,1
gpt4o,mc_G_112,T3,2,0,,0,1
gpt4o,mc_G_112,T4,1,0,0.7690802317779601,1,1
gpt4o,mc_G_112,T4,2,0,0.8723473829749844,1,1
gpt4o,mc_G_135,T1,1,0,0.9999993820606635,1,1
gpt4o,mc_G_135,T1,2,0,0.9999999883227696,1,1
gpt4o,mc_G_135,T2,1,0,0.9999998144608402,1,1
gpt4o,mc_G_135,T2,2,0,0.9999999966017321,1,1
gpt4o,mc_G_135,T3,1,0,0.9999998485673641,1,1
gpt4o,mc_G_135,T3,2,0,0.9999999959009065,1,1
gpt4o,mc_G_135,T4,1,0,0.999999181363646,1,1
gpt4o,mc_G_135,T4,2,0,0.9999999950555496,1,1
gpt4o,mc_G_156,T1,1,0,0.9999999914567558,1,1
gpt4o,mc_G_156,T1,2,0,0.9999999993308415,1,1
gpt4o,mc_G_156,T2,1,0,,0,1
gpt4o,mc_G_156,T2,2,0,0.99999999940017,1,1
gpt4o,mc_G_156,T3,1,0,0.9999999893677608,1,1
gpt4o,mc_G_156,T3,2,0,0.999999999445248,1,1
gpt4o,mc_G_156,T4,1,0,0.9999999920987906,1,1
gpt4o,mc_G_156,T4,2,0,0.9999999995746569,1,1
gpt4o,mc_G_179,T1,1,0,0.9999999929174017,1,1
gpt4o,mc_G_179,T1,2,0,0.9999999998254396,1,1
gpt4o,mc_G_179,T2,1,0,0.9999999970933076,1,1
gpt4o,mc_G_179,T2,2,0,0.999999999799082,1,1
gpt4o,mc_G_179,T3,1,0,0.9999999992417439,1,1
gpt4o,mc_G_179,T3,2,0,0.999999999845951,1,1
gpt4o,mc_G_179,T4,1,0,0.9999999974746219,1,1
gpt4o,mc_G_179,T4,2,0,0.9999999999433284,1,1
gpt4o,mc_G_186,T1,1,0,0.0011879055487943916,1,1
gpt4o,mc_G_186,T1,2,0,0.0019267345364492408,1,1
gpt4o,mc_G_186,T2,1,0,0.0006986756165706755,1,1
gpt4o,mc_G_186,T2,2,0,0.0026316736190752626,1,1
gpt4o,mc_G_186,T3,1,0,0.0005442133402039462,1,1
gpt4o,mc_G_186,T3,2,0,0.0006263341356852616,1,1
gpt4o,mc_G_186,T4,1,0,2.9944415596960008e-06,1,1
gpt4o,mc_G_186,T4,2,0,0.00010554683984470671,1,1
gpt4o,mc_G_235,T1,1,0,0.9999999701811482,1,1
gpt4o,mc_G_235,T1,2,0,0.9999999985384231,1,1
gpt4o,mc_G_235,T2,1,0,0.9999999913222192,1,1
gpt4o,mc_G_235,T2,2,0,0.9999999995472246,1,1
gpt4o,mc_G_235,T3,1,0,0.9999999687501117,1,1
gpt4o,mc_G_235,T3,2,0,0.9999999979063878,1,1
gpt4o,mc_G_235,T4,1,0,0.9999998336837886,1,1
gpt4o,mc_G_235,T4,2,0,0.9999999937496289,1,1
gpt4o,mc_G_236,T1,1,0,6.4390375088322825e-06,1,1
gpt4o,mc_G_236,T1,2,0,0.004681822313849905,1,1
gpt4o,mc_G_236,T2,1,0,5.338154828503786e-06,1,1
gpt4o,mc_G_236,T2,2,0,0.0017007222181302534,1,1
gpt4o,mc_G_236,T3,1,0,0.01428193208955416,1,1
gpt4o,mc_G_236,T3,2,0,0.0534033326246047,1,1
gpt4o,mc_G_236,T4,1,0,6.922183071675939e-05,1,1
gpt4o,mc_G_236,T4,2,0,0.028870903865090617,1,1
gpt4o,mc_G_288,T1,1,0,0.999998517642226,1,1
gpt4o,mc_G_288,T1,2,0,0.999960557429201,1,1
gpt4o,mc_G_288,T2,1,0,0.9999997383478663,1,1
gpt4o,mc_G_288,T2,2,0,0.9999913353431122,1,1
gpt4o,mc_G_288,T3,1,0,0.9999946618451718,1,1
gpt4o,mc_G_288,T3,2,0,0.9999807768283971,1,1
gpt4o,mc_G_288,T4,1,0,0.9999984942987016,1,1
gpt4o,mc_G_288,T4,2,0,0.9999832985828951,1,1
gpt4o,mc_G_302,T1,1,0,0.05419873315389024,1,1
gpt4o,mc_G_302,T1,2,0,0.9184802422300702,1,1
gpt4o,mc_G_302,T2,1,0,0.12765263115180747,1,1
gpt4o,mc_G_302,T2,2,0,0.9473810481080934,1,1
gpt4o,mc_G_302,T3,1,0,0.031143830078890378,1,1
gpt4o,mc_G_302,T3,2,0,0.8221891361574671,1,1
gpt4o,mc_G_302,T4,1,0,5.920917645852697e-05,1,1
gpt4o,mc_G_302,T4,2,0,0.38861802198636713,1,1
gpt4o,mc_G_365,T1,1,0,0.9999998336837886,1,1
gpt4o,mc_G_365,T1,2,0,0.9999999974348528,1,1
gpt4o,mc_G_365,T2,1,0,0.9999999592424623,1,1
gpt4o,mc_G_365,T2,2,0,0.9999999986269756,1,1
gpt4o,mc_G_365,T3,1,0,0.9999983971896595,1,1
gpt4o,mc_G_365,T3,2,0,0.999999995704187,1,1
gpt4o,mc_G_365,T4,1,0,0.9999998663611654,1,1
gpt4o,mc_G_365,T4,2,0,0.9999999989635868,1,1
gpt4o,mc_G_373,T1,1,0,2.1176585545060426e-11,1,1
gpt4o,mc_G_373,T1,2,0,2.486225841845177e-09,1,1
gpt4o,mc_G_373,T2,1,0,3.716606507903788e-11,1,1
gpt4o,mc_G_373,T2,2,0,5.547519713384543e-10,1,1
gpt4o,mc_G_373,T3,1,0,9.946154786128256e-11,1,1
gpt4o,mc_G_373,T3,2,0,9.585254508866474e-10,1,1
gpt4o,mc_G_373,T4,1,0,1.075435751649888e-10,1,1
gpt4o,mc_G_373,T4,2,0,1.0693124115290656e-09,1,1
gpt4o,mc_G_385,T1,1,0,0.9999888743943633,1,1
gpt4o,mc_G_385,T1,2,0,0.9999932519463127,1,1
gpt4o,mc_G_385,T2,1,0,0.9999913353441595,1,1
gpt4o,mc_G_385,T2,2,0,0.9999930377415785,1,1
gpt4o,mc_G_385,T3,1,0,0.999981074850384,1,1
gpt4o,mc_G_385,T3,2,0,0.9999975175203724,1,1
gpt4o,mc_G_385,T4,1,0,,0,1
gpt4o,mc_G_385,T4,2,0,0.9999792148305453,1,1
gpt4o,mc_G_397,T1,1,0,0.9999999662108141,1,1
gpt4o,mc_G_397,T1,2,0,0.9999999978059133,1,1
gpt4o,mc_G_397,T2,1,0,0.9999999861329458,1,1
gpt4o,mc_G_397,T2,2,0,0.999999998995474,1,1
gpt4o,mc_G_397,T3,1,0,0.9999999924606134,1,1
gpt4o,mc_G_397,T3,2,0,0.9999999992987278,1,1
gpt4o,mc_G_397,T4,1,0,0.9999999682579975,1,1
gpt4o,mc_G_397,T4,2,0,0.9999999971827371,1,1
gpt4o,mc_G_431,T1,1,0,0.9999999971827371,1,1
gpt4o,mc_G_431,T1,2,0,0.9999999988793702,1,1
gpt4o,mc_G_431,T2,1,0,0.999999998995474,1,1
gpt4o,mc_G_431,T2,2,0,0.9999999986898511,1,1
gpt4o,mc_G_431,T3,1,0,0.999999996149258,1,1
gpt4o,mc_G_431,T3,2,0,0.9999999994948925,1,1
gpt4o,mc_G_431,T4,1,0,0.9999999940358542,1,1
gpt4o,mc_G_431,T4,2,0,0.9999999989306876,1,1
gpt4o,mc_G_453,T1,1,0,0.9883127420645047,1,1
gpt4o,mc_G_453,T1,2,0,0.999447221285736,1,1
gpt4o,mc_G_453,T2,1,0,0.9991306324909107,1,1
gpt4o,mc_G_453,T2,2,0,0.9999947446064099,1,1
gpt4o,mc_G_453,T3,1,0,0.9998785182835083,1,1
gpt4o,mc_G_453,T3,2,0,0.999996388016242,1,1
gpt4o,mc_G_453,T4,1,0,0.991152644930436,1,1
gpt4o,mc_G_453,T4,2,0,0.9999227780486485,1,1
gpt4o,mc_G_492,T1,1,0,0.9999976312016852,1,1
gpt4o,mc_G_492,T1,2,0,0.9999999873739035,1,1
gpt4o,mc_G_492,T2,1,0,0.999999862119014,1,1
gpt4o,mc_G_492,T2,2,0,0.9999999986053536,1,1
gpt4o,mc_G_492,T3,1,0,0.9999980666413983,1,1
gpt4o,mc_G_492,T3,2,0,0.9999999795058225,1,1
gpt4o,mc_G_492,T4,1,0,0.9999965534220934,1,1
gpt4o,mc_G_492,T4,2,0,0.9999999830097303,1,1
gpt4o,mc_G_572,T1,1,0,0.9996079582734471,1,1
gpt4o,mc_G_572,T1,2,0,0.9999979095407474,1,1
gpt4o,mc_G_572,T2,1,0,0.999839069204941,1,1
gpt4o,mc_G_572,T2,2,0,0.9999977040798652,1,1
gpt4o,mc_G_572,T3,1,0,0.9957353645544209,1,1
gpt4o,mc_G_572,T3,2,0,0.9999978766206209,1,1
gpt4o,mc_G_572,T4,1,0,0.9997658642213004,1,1
gpt4o,mc_G_572,T4,2,0,0.9999994194999002,1,1
gpt4o,mc_G_595,T1,1,0,0.9715639676241284,1,1
gpt4o,mc_G_595,T1,2,0,0.9996946509541875,1,1
gpt4o,mc_G_595,T2,1,0,0.9959298618399651,1,1
gpt4o,mc_G_595,T2,2,0,0.9999768125125118,1,1
gpt4o,mc_G_595,T3,1,0,0.9982725414593601,1,1
gpt4o,mc_G_595,T3,2,0,0.999769493267909,1,1
gpt4o,mc_G_595,T4,1,0,0.994698105626605,1,1
gpt4o,mc_G_595,T4,2,0,0.9999760764859593,1,1
gpt4o,mc_G_601,T1,1,0,4.888301388764766e-07,1,1
gpt4o,mc_G_601,T1,2,0,6.439036739179422e-06,1,1
gpt4o,mc_G_601,T2,1,0,9.62564566858337e-08,1,1
gpt4o,mc_G_601,T2,2,0,1.8738757458409485e-06,1,1
gpt4o,mc_G_601,T3,1,0,,0,1
gpt4o,mc_G_601,T3,2,0,1.3007134075794804e-05,1,1
gpt4o,mc_G_601,T4,1,0,1.2047905469543851e-08,1,1
gpt4o,mc_G_601,T4,2,0,6.577928959934741e-07,1,1
gpt4o,mc_H_035,T1,1,0,7.778712445608093e-09,1,1
gpt4o,mc_H_035,T1,2,0,3.769456045941013e-08,1,1
gpt4o,mc_H_035,T2,1,0,2.688251101976826e-09,1,1
gpt4o,mc_H_035,T2,2,0,2.8901422286117245e-08,1,1
gpt4o,mc_H_035,T3,1,0,4.0355428695601054e-09,1,1
gpt4o,mc_H_035,T3,2,0,4.338617288987653e-08,1,1
gpt4o,mc_H_035,T4,1,0,1.3101489533502845e-09,1,1
gpt4o,mc_H_035,T4,2,0,1.866016090201368e-08,1,1
gpt4o,mc_H_044,T1,1,0,0.9999251537672781,1,1
gpt4o,mc_H_044,T1,2,0,0.9996593706297024,1,1
gpt4o,mc_H_044,T2,1,0,0.999994137184859,1,1
gpt4o,mc_H_044,T2,2,0,0.9999775259165371,1,1
gpt4o,mc_H_044,T3,1,0,0.9978842966189987,1,1
gpt4o,mc_H_044,T3,2,0,0.9572778007776238,1,1
gpt4o,mc_H_044,T4,1,0,0.9998365353664954,1,1
gpt4o,mc_H_044,T4,2,0,0.9996200153985206,1,1
gpt4o,mc_H_049,T1,1,0,0.4493926344647596,1,1
gpt4o,mc_H_049,T1,2,0,0.12085324198975819,1,1
gpt4o,mc_H_049,T2,1,0,0.0017007222228931612,1,1
gpt4o,mc_H_049,T2,2,0,0.9511422196466567,1,1
gpt4o,mc_H_049,T3,1,0,0.10970577606107472,1,1
gpt4o,mc_H_049,T3,2,0,0.6992544085240401,1,1
gpt4o,mc_H_049,T4,1,0,0.9653811625594743,1,1
gpt4o,mc_H_049,T4,2,0,0.999933947834724,1,1
gpt4o,mc_H_060,T1,1,0,0.9943580918359781,1,1
gpt4o,mc_H_060,T1,2,0,0.9999318513055541,1,1
gpt4o,mc_H_060,T2,1,0,0.9962927475530348,1,1
gpt4o,mc_H_060,T2,2,0,0.9999973157997403,1,1
gpt4o,mc_H_060,T3,1,0,0.9869795120720233,1,1
gpt4o,mc_H_060,T3,2,0,0.9991959141917488,1,1
gpt4o,mc_H_060,T4,1,0,0.9977829868821917,1,1
gpt4o,mc_H_060,T4,2,0,0.9999934595630691,1,1
gpt4o,mc_H_066,T1,1,0,1.8767017258218814e-09,1,1
gpt4o,mc_H_066,T1,2,0,4.2292126149235204e-09,1,1
gpt4o,mc_H_066,T2,1,0,1.484593259381657e-09,1,1
gpt4o,mc_H_066,T2,2,0,8.15202064764351e-09,1,1
gpt4o,mc_H_066,T3,1,0,3.3125753213065985e-10,1,1
gpt4o,mc_H_066,T3,2,0,2.890142228599925e-08,1,1
gpt4o,mc_H_066,T4,1,0,1.2698399076481713e-09,1,1
gpt4o,mc_H_066,T4,2,0,1.646753423399051e-08,1,1
gpt4o,mc_H_072,T1,1,0,0.9999995549151273,1,1
gpt4o,mc_H_072,T1,2,0,0.9999999919743648,1,1
gpt4o,mc_H_072,T2,1,0,0.9999999798235555,1,1
gpt4o,mc_H_072,T2,2,0,0.9999999988437975,1,1
gpt4o,mc_H_072,T3,1,0,0.9999986918228473,1,1
gpt4o,mc_H_072,T3,2,0,0.9999999795058225,1,1
gpt4o,mc_H_072,T4,1,0,0.9999997126313569,1,1
gpt4o,mc_H_072,T4,2,0,0.9999999845301832,1,1
gpt4o,mc_H_073,T1,1,0,0.9999996892803813,1,1
gpt4o,mc_H_073,T1,2,0,0.9999984942987017,1,1
gpt4o,mc_H_073,T2,1,0,0.9999999744945842,1,1
gpt4o,mc_H_073,T2,2,0,0.9999999965482171,1,1
gpt4o,mc_H_073,T3,1,0,0.9999995883634264,1,1
gpt4o,mc_H_073,T3,2,0,0.9999999214377777,1,1
gpt4o,mc_H_073,T4,1,0,0.9999975938983435,1,1
gpt4o,mc_H_073,T4,2,0,0.9999994956527949,1,1
gpt4o_mini,dd_0107,T1,1,0,0.09534946991828995,1,1
gpt4o_mini,dd_0107,T1,2,0,0.022977367771183966,1,1
gpt4o_mini,dd_0107,T2,1,0,0.03732688385081963,1,1
gpt4o_mini,dd_0107,T2,2,0,0.006692851408462012,1,1
gpt4o_mini,dd_0107,T3,1,0,1.370956655045434e-06,1,1
gpt4o_mini,dd_0107,T3,2,0,1.1032560311213025e-09,1,1
gpt4o_mini,dd_0107,T4,1,0,0.1480472035124246,1,1
gpt4o_mini,dd_0107,T4,2,0,0.0019267343288411687,1,1
gpt4o_mini,dd_0283,T1,1,0,2.789468092085537e-10,1,1
gpt4o_mini,dd_0283,T1,2,0,7.287724095790011e-14,1,1
gpt4o_mini,dd_0283,T2,1,0,4.847368706018242e-11,1,1
gpt4o_mini,dd_0283,T2,2,0,8.25807328553757e-14,1,1
gpt4o_mini,dd_0283,T3,1,0,2.289734845589759e-11,1,1
gpt4o_mini,dd_0283,T3,2,0,6.431393941442116e-14,1,1
gpt4o_mini,dd_0283,T4,1,0,4.8473687060309826e-11,1,1
gpt4o_mini,dd_0283,T4,2,0,1.5428112031879066e-13,1,1
gpt4o_mini,dd_11241,T1,1,0,0.04742587530141944,1,1
gpt4o_mini,dd_11241,T1,2,0,0.9770226322473213,1,1
gpt4o_mini,dd_11241,T2,1,0,0.017986211536912596,1,1
gpt4o_mini,dd_11241,T2,2,0,0.9399133456610076,1,1
gpt4o_mini,dd_11241,T3,1,0,0.00020342706097989643,1,1
gpt4o_mini,dd_11241,T3,2,0,0.1480472022968157,1,1
gpt4o_mini,dd_11241,T4,1,0,0.006692851409634251,1,1
gpt4o_mini,dd_11241,T4,2,0,0.9241418242041739,1,1
gpt4o_mini,dd_13518,T1,1,0,3.098819138708203e-12,1,1
gpt4o_mini,dd_13518,T1,2,0,1.2015425731700367e-13,1,1
gpt4o_mini,dd_13518,T2,1,0,6.56020016810112e-12,1,1
gpt4o_mini,dd_13518,T2,2,0,8.258073285543059e-14,1,1
gpt4o_mini,dd_13518,T3,1,0,6.56020016810221e-12,1,1
gpt4o_mini,dd_13518,T3,2,0,1.2015425731691106e-13,1,1
gpt4o_mini,dd_13518,T4,1,0,4.277787868784702e-11,1,1
gpt4o_mini,dd_13518,T4,2,0,1.201542573174458e-13,1,1
gpt4o_mini,dd_14408,T1,1,0,0.9999986290433451,1,1
gpt4o_mini,dd_14408,T1,2,0,0.9999962733608835,1,1
gpt4o_mini,dd_14408,T2,1,0,0.999999997664407,1,1
gpt4o_mini,dd_14408,T2,2,0,0.9999999468421502,1,1
gpt4o_mini,dd_14408,T3,1,0,0.99999960721363,1,1
gpt4o_mini,dd_14408,T3,2,0,0.9999998874648162,1,1
gpt4o_mini,dd_14408,T4,1,0,0.9999832985848885,1,1
gpt4o_mini,dd_14408,T4,2,0,0.9984988179742034,1,1
gpt4o_mini,dd_14818,T1,1,0,0.9399133524929064,1,1
gpt4o_mini,dd_14818,T1,2,0,0.9999997617630155,1,1
gpt4o_mini,dd_14818,T2,1,0,0.991422514346462,1,1
gpt4o_mini,dd_14818,T2,2,0,0.9999999123575085,1,1
gpt4o_mini,dd_14818,T3,1,0,0.9241418181046822,1,1
gpt4o_mini,dd_14818,T3,2,0,0.9999993524053853,1,1
gpt4o_mini,dd_14818,T4,1,0,0.9399133525917741,1,1
gpt4o_mini,dd_14818,T4,2,0,0.9999962733608834,1,1
gpt4o_mini,dd_15810,T1,1,0,0.00012339462766566516,1,1
gpt4o_mini,dd_15810,T1,2,0,0.0031726830659821238,1,1
gpt4o_mini,dd_15810,T2,1,0,0.003172683066272948,1,1
gpt4o_mini,dd_15810,T2,2,0,0.0007096703409674839,1,1
gpt4o_mini,dd_15810,T3,1,0,1.3007124774621727e-05,1,1
gpt4o_mini,dd_15810,T3,2,0,0.0002611903266768765,1,1
gpt4o_mini,dd_15810,T4,1,0,0.0024726229595931075,1,1
gpt4o_mini,dd_15810,T4,2,0,0.002472622959535411,1,1
gpt4o_mini,dd_17929,T1,1,0,0.9999999847700205,1,1
gpt4o_mini,dd_17929,T1,2,0,0.999998629043345,1,1
gpt4o_mini,dd_17929,T2,1,0,0.9975273770413441,1,1
gpt4o_mini,dd_17929,T2,2,0,0.9999962733608834,1,1
gpt4o_mini,dd_17929,T3,1,0,0.9999999966017321,1,1
gpt4o_mini,dd_17929,T3,2,0,0.9999962733608834,1,1
gpt4o_mini,dd_17929,T4,1,0,0.9999999966017321,1,1
gpt4o_mini,dd_17929,T4,2,0,0.9999993524053853,1,1
gpt4o_mini,dd_1808,T1,1,0,0.8175744725353289,1,1
gpt4o_mini,dd_1808,T1,2,0,0.9706877721858325,1,1
gpt4o_mini,dd_1808,T2,1,0,0.9947798742727804,1,1
gpt4o_mini,dd_1808,T2,2,0,0.9525741247541463,1,1
gpt4o_mini,dd_1808,T3,1,0,0.22270013798159913,1,1
gpt4o_mini,dd_1808,T3,2,0,0.5000000015596219,1,1
gpt4o_mini,dd_1808,T4,1,0,0.8519527988195134,1,1
gpt4o_mini,dd_1808,T4,2,0,0.5000000013807374,1,1
gpt4o_mini,dd_1814,T1,1,0,6.224144622503194e-11,1,1
gpt4o_mini,dd_1814,T1,2,0,2.2897348455797017e-11,1,1
gpt4o_mini,dd_1814,T2,1,0,3.7751345441322486e-11,1,1
gpt4o_mini,dd_1814,T2,2,0,8.878265478427312e-13,1,1
gpt4o_mini,dd_1814,T3,1,0,5.4927883506379554e-11,1,1
gpt4o_mini,dd_1814,T3,2,0,5.789356328667079e-12,1,1
gpt4o_mini,dd_1814,T4,1,0,4.847368706031934e-11,1,1
gpt4o_mini,dd_1814,T4,2,0,1.4637785141197188e-12,1,1
gpt4o_mini,dd_18223,T1,1,0,0.9933071478006379,1,1
gpt4o_mini,dd_18223,T1,2,0,0.8807970676927815,1,1
gpt4o_mini,dd_18223,T2,1,0,0.9999994956527948,1,1
gpt4o_mini,dd_18223,T2,2,0,0.9995694428820102,1,1
gpt4o_mini,dd_18223,T3,1,0,0.9914225163667902,1,1
gpt4o_mini,dd_18223,T3,2,0,0.2689414346299481,1,1
gpt4o_mini,dd_18223,T4,1,0,0.9914225133376573,1,1
gpt4o_mini,dd_18223,T4,2,0,0.9959298622347341,1,1
gpt4o_mini,dd_18643,T1,1,0,0.9999999999999356,1,1
gpt4o_mini,dd_18643,T1,2,0,0.9999999999993086,1,1
gpt4o_mini,dd_18643,T2,1,0,0.9999999999999762,1,1
gpt4o_mini,dd_18643,T2,2,0,0.9999999999993086,1,1
gpt4o_mini,dd_18643,T3,1,0,0.9999999999999558,1,1
gpt4o_mini,dd_18643,T3,2,0,0.9999999999989939,1,1
gpt4o_mini,dd_18643,T4,1,0,0.9999999999999656,1,1
gpt4o_mini,dd_18643,T4,2,0,0.99999999999886,1,1
gpt4o_mini,dd_18670,T1,1,0,0.9999994956527948,1,1
gpt4o_mini,dd_18670,T1,2,0,0.9999999999200804,1,1
gpt4o_mini,dd_18670,T2,1,0,0.9999997617630155,1,1
gpt4o_mini,dd_18670,T2,2,0,0.9999999998837177,1,1
gpt4o_mini,dd_18670,T3,1,0,0.9999982396568657,1,1
gpt4o_mini,dd_18670,T3,2,0,0.9999999991407833,1,1
gpt4o_mini,dd_18670,T4,1,0,0.9999999979388463,1,1
gpt4o_mini,dd_18670,T4,2,0,0.9999999998506905,1,1
gpt4o_mini,dd_2081,T1,1,0,0.9980732654443913,1,1
gpt4o_mini,dd_2081,T1,2,0,0.9999962733608835,1,1
gpt4o_mini,dd_2081,T2,1,0,0.9820137869571881,1,1
gpt4o_mini,dd_2081,T2,2,0,0.9999898700118931,1,1
gpt4o_mini,dd_2081,T3,1,0,0.999999694097641,1,1
gpt4o_mini,dd_2081,T3,2,0,0.999999974890009,1,1
gpt4o_mini,dd_2081,T4,1,0,0.9933071502305575,1,1
gpt4o_mini,dd_2081,T4,2,0,0.9999998555019682,1,1
gpt4o_mini,dd_21158,T1,1,0,0.9999999999969011,1,1
gpt4o_mini,dd_21158,T1,2,0,0.9999993524053853,1,1
gpt4o_mini,dd_21158,T2,1,0,0.999999996149258,1,1
gpt4o_mini,dd_21158,T2,2,0,0.999998629043345,1,1
gpt4o_mini,dd_21158,T3,1,0,0.9999999847700205,1,1
gpt4o_mini,dd_21158,T3,2,0,0.9975273770407113,1,1
gpt4o_mini,dd_21158,T4,1,0,0.9999999999094393,1,1
gpt4o_mini,dd_21158,T4,2,0,0.9999993524053853,1,1
gpt4o_mini,dd_21629,T1,1,0,0.9999989322969234,1,1
gpt4o_mini,dd_21629,T1,2,0,0.9999991684720096,1,1
gpt4o_mini,dd_21629,T2,1,0,0.9399133453812566,1,1
gpt4o_mini,dd_21629,T2,2,0,0.9999952149051503,1,1
gpt4o_mini,dd_21629,T3,1,0,0.9999251538028822,1,1
gpt4o_mini,dd_21629,T3,2,0,0.99999998813888,1,1
gpt4o_mini,dd_21629,T4,1,0,0.5621765001581708,1,1
gpt4o_mini,dd_21629,T4,2,0,0.9999952149051503,1,1
gpt4o_mini,dd_21630,T1,1,0,0.0003353500541759479,1,1
gpt4o_mini,dd_21630,T1,2,0,5.8291276779872006e-05,1,1
gpt4o_mini,dd_21630,T2,1,0,7.889265051214717e-06,1,1
gpt4o_mini,dd_21630,T2,2,0,1.6701415112528788e-05,1,1
gpt4o_mini,dd_21630,T3,1,0,1.1253518384313887e-07,1,1
gpt4o_mini,dd_21630,T3,2,0,1.522997951270928e-08,1,1
gpt4o_mini,dd_21630,T4,1,0,0.00012339462766566516,1,1
gpt4o_mini,dd_21630,T4,2,0,0.0024726229561630258,1,1
gpt4o_mini,dd_22819,T1,1,0,5.49278835063362e-11,1,1
gpt4o_mini,dd_22819,T1,2,0,3.70101167857223e-13,1,1
gpt4o_mini,dd_22819,T2,1,0,2.940077739193123e-11,1,1
gpt4o_mini,dd_22819,T2,2,0,6.101936677584567e-13,1,1
gpt4o_mini,dd_22819,T3,1,0,1.4930946759689527e-10,1,1
gpt4o_mini,dd_22819,T3,2,0,1.0060392792801273e-12,1,1
gpt4o_mini,dd_22819,T4,1,0,4.84736870602196e-11,1,1
gpt4o_mini,dd_22819,T4,2,0,1.9810087980463038e-13,1,1
gpt4o_mini,dd_23534,T1,1,0,0.0002611903266809981,1,1
gpt4o_mini,dd_23534,T1,2,0,0.06008665442453316,1,1
gpt4o_mini,dd_23534,T2,1,0,0.0009110514016215281,1,1
gpt4o_mini,dd_23534,T2,2,0,0.8175744697656915,1,1
gpt4o_mini,dd_23534,T3,1,0,0.0031726830660504454,1,1
gpt4o_mini,dd_23534,T3,2,0,0.017986213638696406,1,1
gpt4o_mini,dd_23534,T4,1,0,0.014063627257148525,1,1
gpt4o_mini,dd_23534,T4,2,0,0.7310585858793722,1,1
gpt4o_mini,dd_24260,T1,1,0,0.9999921107349501,1,1
gpt4o_mini,dd_24260,T1,2,0,0.9999999317439577,1,1
gpt4o_mini,dd_24260,T2,1,0,0.9999999999450722,1,1
gpt4o_mini,dd_24260,T2,2,0,0.9999999943972036,1,1
gpt4o_mini,dd_24260,T3,1,0,0.9999962733608838,1,1
gpt4o_mini,dd_24260,T3,2,0,0.99999998813888,1,1
gpt4o_mini,dd_24260,T4,1,0,0.9996646499461054,1,1
gpt4o_mini,dd_24260,T4,2,0,0.9999970976877992,1,1
gpt4o_mini,dd_24405,T1,1,0,2.594609498200036e-11,1,1
gpt4o_mini,dd_24405,T1,2,0,3.900837610157898e-14,1,1
gpt4o_mini,dd_24405,T2,1,0,1.783247290777306e-11,1,1
gpt4o_mini,dd_24405,T2,2,0,3.900837610166816e-14,1,1
gpt4o_mini,dd_24405,T3,1,0,3.331544542043722e-11,1,1
gpt4o_mini,dd_24405,T3,2,0,6.431393941445059e-14,1,1
gpt4o_mini,dd_24405,T4,1,0,1.38879438647331e-11,1,1
gpt4o_mini,dd_24405,T4,2,0,3.037975385436527e-14,1,1
gpt4o_mini,dd_24975,T1,1,0,0.9999898700118939,1,1
gpt4o_mini,dd_24975,T1,2,0,0.9999998874648162,1,1
gpt4o_mini,dd_24975,T2,1,0,0.9999977396747259,1,1
gpt4o_mini,dd_24975,T2,2,0,0.9999999847700205,1,1
gpt4o_mini,dd_24975,T3,1,0,0.9999999990263799,1,1
gpt4o_mini,dd_24975,T3,2,0,0.9999999979388463,1,1
gpt4o_mini,dd_24975,T4,1,0,0.9999997617630155,1,1
gpt4o_mini,dd_24975,T4,2,0,0.9999999677581336,1,1
gpt4o_mini,dd_25137,T1,1,0,0.9999999999998457,1,1
gpt4o_mini,dd_25137,T1,2,0,0.999999999990455,1,1
gpt4o_mini,dd_25137,T2,1,0,0.9999999999999356,1,1
gpt4o_mini,dd_25137,T2,2,0,0.9999999999942106,1,1
gpt4o_mini,dd_25137,T3,1,0,0.9999999999998019,1,1
gpt4o_mini,dd_25137,T3,2,0,0.9999999999771028,1,1
gpt4o_mini,dd_25137,T4,1,0,0.9999999999997455,1,1
gpt4o_mini,dd_25137,T4,2,0,0.9999999999771028,1,1
gpt4o_mini,dd_25302,T1,1,0,2.5946094981898263e-11,1,1
gpt4o_mini,dd_25302,T1,2,0,1.0603575991510349e-13,1,1
gpt4o_mini,dd_25302,T2,1,0,5.109089028016872e-12,1,1
gpt4o_mini,dd_25302,T2,2,0,1.0603575991513023e-13,1,1
gpt4o_mini,dd_25302,T3,1,0,1.0815941557065364e-11,1,1
gpt4o_mini,dd_25302,T3,2,0,1.5428112031890438e-13,1,1
gpt4o_mini,dd_25302,T4,1,0,1.2256067443906236e-11,1,1
gpt4o_mini,dd_25302,T4,2,0,6.43139394144702e-14,1,1
gpt4o_mini,dd_25868,T1,1,0,0.09534947019987015,1,1
gpt4o_mini,dd_25868,T1,2,0,0.9999785550602311,1,1
gpt4o_mini,dd_25868,T2,1,0,0.03732688798257002,1,1
gpt4o_mini,dd_25868,T2,2,0,0.9990889485983785,1,1
gpt4o_mini,dd_25868,T3,1,0,0.004070136797829855,1,1
gpt4o_mini,dd_25868,T3,2,0,0.9914225143480783,1,1
gpt4o_mini,dd_25868,T4,1,0,0.005220126304286388,1,1
gpt4o_mini,dd_25868,T4,2,0,0.9626731120704815,1,1
gpt4o_mini,dd_26178,T1,1,0,3.7266391165161e-06,1,1
gpt4o_mini,dd_26178,T1,2,0,1.3709566549681497e-06,1,1
gpt4o_mini,dd_26178,T2,1,0,2.9023122007520174e-06,1,1
gpt4o_mini,dd_26178,T2,2,0,1.125351838415178e-07,1,1
gpt4o_mini,dd_26178,T3,1,0,7.889265051176672e-06,1,1
gpt4o_mini,dd_26178,T3,2,0,1.0129988106342324e-05,1,1
gpt4o_mini,dd_26178,T4,1,0,3.7266391165469843e-06,1,1
gpt4o_mini,dd_26178,T4,2,0,3.7266391163939754e-06,1,1
gpt4o_mini,dd_26321,T1,1,0,0.9999999999200804,1,1
gpt4o_mini,dd_26321,T1,2,0,0.99999998813888,1,1
gpt4o_mini,dd_26321,T2,1,0,0.999999996149258,1,1
gpt4o_mini,dd_26321,T2,2,0,0.9999999973534264,1,1
gpt4o_mini,dd_26321,T3,1,0,0.9999999918479795,1,1
gpt4o_mini,dd_26321,T3,2,0,0.999999974890009,1,1
gpt4o_mini,dd_26321,T4,1,0,0.999999999683912,1,1
gpt4o_mini,dd_26321,T4,2,0,0.9999999907625504,1,1
gpt4o_mini,dd_27524,T1,1,0,3.978962535783397e-12,1,1
gpt4o_mini,dd_27524,T1,2,0,3.7010116785745155e-13,1,1
gpt4o_mini,dd_27524,T2,1,0,2.413362771815045e-12,1,1
gpt4o_mini,dd_27524,T2,2,0,1.5428112031887247e-13,1,1
gpt4o_mini,dd_27524,T3,1,0,2.734698291570408e-12,1,1
gpt4o_mini,dd_27524,T3,2,0,5.384940217719797e-13,1,1
gpt4o_mini,dd_27524,T4,1,0,7.433680672253841e-12,1,1
gpt4o_mini,dd_27524,T4,2,0,1.7482341282681672e-13,1,1
gpt4o_mini,dd_27558,T1,1,0,0.004070137767467401,1,1
gpt4o_mini,dd_27558,T1,2,0,0.7310585673097232,1,1
gpt4o_mini,dd_27558,T2,1,0,0.005220125687443825,1,1
gpt4o_mini,dd_27558,T2,2,0,0.8175744742786019,1,1
gpt4o_mini,dd_27558,T3,1,0,0.014063627252262331,1,1
gpt4o_mini,dd_27558,T3,2,0,0.9997965729390192,1,1
gpt4o_mini,dd_27558,T4,1,0,0.00012339462766337216,1,1
gpt4o_mini,dd_27558,T4,2,0,0.14804720240538516,1,1
gpt4o_mini,dd_28814,T1,1,0,0.00026119032667660294,1,1
gpt4o_mini,dd_28814,T1,2,0,2.9023122004743862e-06,1,1
gpt4o_mini,dd_28814,T2,1,0,5.829127678483207e-05,1,1
gpt4o_mini,dd_28814,T2,2,0,4.139937547270646e-08,1,1
gpt4o_mini,dd_28814,T3,1,0,1.670141511360136e-05,1,1
gpt4o_mini,dd_28814,T3,2,0,1.5229979512483125e-08,1,1
gpt4o_mini,dd_28814,T4,1,0,0.0015011820257966957,1,1
gpt4o_mini,dd_28814,T4,2,0,1.760343134204431e-06,1,1
gpt4o_mini,dd_29454,T1,1,0,0.004070137768424727,1,1
gpt4o_mini,dd_29454,T1,2,0,0.0293122308935476,1,1
gpt4o_mini,dd_29454,T2,1,0,0.004070137768424727,1,1
gpt4o_mini,dd_29454,T2,2,0,0.00020342706096915578,1,1
gpt4o_mini,dd_29454,T3,1,0,0.01406362393207498,1,1
gpt4o_mini,dd_29454,T3,2,0,0.001501182383228247,1,1
gpt4o_mini,dd_29454,T4,1,0,0.014063627259362837,1,1
gpt4o_mini,dd_29454,T4,2,0,0.001501182204128146,1,1
gpt4o_mini,dd_29978,T1,1,0,2.7535689845086077e-05,1,1
gpt4o_mini,dd_29978,T1,2,0,2.061153618184104e-09,1,1
gpt4o_mini,dd_29978,T2,1,0,1.0129988107021204e-05,1,1
gpt4o_mini,dd_29978,T2,2,0,1.7257827689981937e-08,1,1
gpt4o_mini,dd_29978,T3,1,0,1.01299881070111e-05,1,1
gpt4o_mini,dd_29978,T3,2,0,6.348800075711768e-09,1,1
gpt4o_mini,dd_29978,T4,1,0,3.535625752789194e-05,1,1
gpt4o_mini,dd_29978,T4,2,0,5.6027964061331425e-09,1,1
gpt4o_mini,dd_30131,T1,1,0,1.0815941557113344e-11,1,1
gpt4o_mini,dd_30131,T1,2,0,8.878265478411354e-13,1,1
gpt4o_mini,dd_30131,T2,1,0,4.508755242258629e-12,1,1
gpt4o_mini,dd_30131,T2,2,0,1.981008798044321e-13,1,1
gpt4o_mini,dd_30131,T3,1,0,6.560200168077226e-12,1,1
gpt4o_mini,dd_30131,T3,2,0,8.878265478429617e-13,1,1
gpt4o_mini,dd_30131,T4,1,0,9.545034922711448e-12,1,1
gpt4o_mini,dd_30131,T4,2,0,2.8823507934373404e-13,1,1
gpt4o_mini,dd_30899,T1,1,0,0.9999999998082829,1,1
gpt4o_mini,dd_30899,T1,2,0,0.9999999998506905,1,1
gpt4o_mini,dd_30899,T2,1,0,0.9999999999450722,1,1
gpt4o_mini,dd_30899,T2,2,0,0.999999999683912,1,1
gpt4o_mini,dd_30899,T3,1,0,0.999999999683912,1,1
gpt4o_mini,dd_30899,T3,2,0,0.9999999997538302,1,1
gpt4o_mini,dd_30899,T4,1,0,0.9999999999200804,1,1
gpt4o_mini,dd_30899,T4,2,0,0.9999999992417439,1,1
gpt4o_mini,dd_31129,T1,1,0,2.2897348455840133e-11,1,1
gpt4o_mini,dd_31129,T1,2,0,8.878265478392961e-13,1,1
gpt4o_mini,dd_31129,T2,1,0,3.978962535810499e-12,1,1
gpt4o_mini,dd_31129,T2,2,0,3.701011678585086e-13,1,1
gpt4o_mini,dd_31129,T3,1,0,1.7832472907757436e-11,1,1
gpt4o_mini,dd_31129,T3,2,0,6.914400106913726e-13,1,1
gpt4o_mini,dd_31129,T4,1,0,1.2256067443931334e-11,1,1
gpt4o_mini,dd_31129,T4,2,0,3.7010116785744877e-13,1,1
gpt4o_mini,dd_32872,T1,1,0,0.003172683063938781,1,1
gpt4o_mini,dd_32872,T1,2,0,0.9399133528606513,1,1
gpt4o_mini,dd_32872,T2,1,0,7.484619712622143e-05,1,1
gpt4o_mini,dd_32872,T2,2,0,0.07585817612298093,1,1
gpt4o_mini,dd_32872,T3,1,0,0.1824255253872916,1,1
gpt4o_mini,dd_32872,T3,2,0,0.9890130576650429,1,1
gpt4o_mini,dd_32872,T4,1,0,0.001501182025826495,1,1
gpt4o_mini,dd_32872,T4,2,0,0.6791786932120014,1,1
gpt4o_mini,dd_33618,T1,1,0,4.599055376524274e-10,1,1
gpt4o_mini,dd_33618,T1,2,0,2.2897348455647862e-11,1,1
gpt4o_mini,dd_33618,T2,1,0,5.21141248515387e-10,1,1
gpt4o_mini,dd_33618,T2,2,0,3.0988191386916375e-12,1,1
gpt4o_mini,dd_33618,T3,1,0,1.9171715133860344e-10,1,1
gpt4o_mini,dd_33618,T3,2,0,1.2256067443893e-11,1,1
gpt4o_mini,dd_33618,T4,1,0,5.905303995445299e-10,1,1
gpt4o_mini,dd_33618,T4,2,0,1.0815941557076706e-11,1,1
gpt4o_mini,dd_34148,T1,1,0,0.18242551468635504,1,1
gpt4o_mini,dd_34148,T1,2,0,0.9999417087232204,1,1
gpt4o_mini,dd_34148,T2,1,0,0.32082130705038076,1,1
gpt4o_mini,dd_34148,T2,2,0,0.9988304896570328,1,1
gpt4o_mini,dd_34148,T3,1,0,0.9399133454553464,1,1
gpt4o_mini,dd_34148,T3,2,0,0.14804720334978472,1,1
gpt4o_mini,dd_34148,T4,1,0,0.9980732656721597,1,1
gpt4o_mini,dd_34148,T4,2,0,0.9999646437424731,1,1
gpt4o_mini,dd_34460,T1,1,0,5.109089028031363e-12,1,1
gpt4o_mini,dd_34460,T1,2,0,1.361526108084651e-13,1,1
gpt4o_mini,dd_34460,T2,1,0,3.0988191387103133e-12,1,1
gpt4o_mini,dd_34460,T2,2,0,4.420228103633574e-14,1,1
gpt4o_mini,dd_34460,T3,1,0,9.545034922739917e-12,1,1
gpt4o_mini,dd_34460,T3,2,0,9.357622968821539e-14,1,1
gpt4o_mini,dd_34460,T4,1,0,2.7346982915824888e-12,1,1
gpt4o_mini,dd_34460,T4,2,0,1.0603575991506948e-13,1,1
gpt4o_mini,dd_35732,T1,1,0,2.4133627718164776e-12,1,1
gpt4o_mini,dd_35732,T1,2,0,1.9810087980406682e-13,1,1
gpt4o_mini,dd_35732,T2,1,0,1.879528816528059e-12,1,1
gpt4o_mini,dd_35732,T2,2,0,1.0603575991474659e-13,1,1
gpt4o_mini,dd_35732,T3,1,0,1.2256067443931334e-11,1,1
gpt4o_mini,dd_35732,T3,2,0,2.8823507934345716e-13,1,1
gpt4o_mini,dd_35732,T4,1,0,1.5737102106559985e-11,1,1
gpt4o_mini,dd_35732,T4,2,0,6.101936677588492e-13,1,1
gpt4o_mini,dd_36819,T1,1,0,5.3157849717977333e-08,1,1
gpt4o_mini,dd_36819,T1,2,0,1.855391598726646e-07,1,1
gpt4o_mini,dd_36819,T2,1,0,3.581747928991645e-10,1,1
gpt4o_mini,dd_36819,T2,2,0,1.6918979223210468e-10,1,1
gpt4o_mini,dd_36819,T3,1,0,5.602796406117224e-09,1,1
gpt4o_mini,dd_36819,T3,2,0,1.1861120010607802e-08,1,1
gpt4o_mini,dd_36819,T4,1,0,3.2241866332960686e-08,1,1
gpt4o_mini,dd_36819,T4,2,0,4.785094849793872e-06,1,1
gpt4o_mini,dd_37249,T1,1,0,2.9023122007548905e-06,1,1
gpt4o_mini,dd_37249,T1,2,0,0.008577484596275733,1,1
gpt4o_mini,dd_37249,T2,1,0,1.370956655048973e-06,1,1
gpt4o_mini,dd_37249,T2,2,0,0.00070967042482865,1,1
gpt4o_mini,dd_37249,T3,1,0,4.785094849813386e-06,1,1
gpt4o_mini,dd_37249,T3,2,0,0.0002034268911634172,1,1
gpt4o_mini,dd_37249,T4,1,0,7.889265051241973e-06,1,1
gpt4o_mini,dd_37249,T4,2,0,0.017986209333497646,1,1
gpt4o_mini,dd_37490,T1,1,0,0.9999999999996734,1,1
gpt4o_mini,dd_37490,T1,2,0,0.9999999999925664,1,1
gpt4o_mini,dd_37490,T2,1,0,0.9999999999998457,1,1
gpt4o_mini,dd_37490,T2,2,0,0.9999999999981204,1,1
gpt4o_mini,dd_37490,T3,1,0,0.9999999999997118,1,1
gpt4o_mini,dd_37490,T3,2,0,0.9999999999991123,1,1
gpt4o_mini,dd_37490,T4,1,0,0.9999999999998253,1,1
gpt4o_mini,dd_37490,T4,2,0,0.9999999999934397,1,1
gpt4o_mini,dd_38533,T1,1,0,0.00015843624680124331,1,1
gpt4o_mini,dd_38533,T1,2,0,0.997527377041031,1,1
gpt4o_mini,dd_38533,T2,1,0,1.6701415113505505e-05,1,1
gpt4o_mini,dd_38533,T2,2,0,0.11920292398441815,1,1
gpt4o_mini,dd_38533,T3,1,0,1.8553915987472057e-07,1,1
gpt4o_mini,dd_38533,T3,2,0,0.924141824256573,1,1
gpt4o_mini,dd_38533,T4,1,0,0.0011695103430980156,1,1
gpt4o_mini,dd_38533,T4,2,0,0.9626731161508941,1,1
gpt4o_mini,dd_39199,T1,1,0,0.9999993524053853,1,1
gpt4o_mini,dd_39199,T1,2,0,0.9999999317439577,1,1
gpt4o_mini,dd_39199,T2,1,0,0.9999999586006244,1,1
gpt4o_mini,dd_39199,T2,2,0,0.9999999468421502,1,1
gpt4o_mini,dd_39199,T3,1,0,0.999993855827873,1,1
gpt4o_mini,dd_39199,T3,2,0,0.999999694097641,1,1
gpt4o_mini,dd_39199,T4,1,0,0.9999991684720098,1,1
gpt4o_mini,dd_39199,T4,2,0,0.9999999123575085,1,1
gpt4o_mini,dd_42860,T1,1,0,1.9555680705389084e-08,1,1
gpt4o_mini,dd_42860,T1,2,0,3.7010116785822824e-13,1,1
gpt4o_mini,dd_42860,T2,1,0,1.8189616842400345e-09,1,1
gpt4o_mini,dd_42860,T2,2,0,4.75219306275208e-13,1,1
gpt4o_mini,dd_42860,T3,1,0,5.211412485169054e-10,1,1
gpt4o_mini,dd_42860,T3,2,0,2.244777055018445e-13,1,1
gpt4o_mini,dd_42860,T4,1,0,3.850741907937053e-09,1,1
gpt4o_mini,dd_42860,T4,2,0,5.384940217744067e-13,1,1
gpt4o_mini,dd_44063,T1,1,0,0.014063628890886082,1,1
gpt4o_mini,dd_44063,T1,2,0,2.5109990926821854e-08,1,1
gpt4o_mini,dd_44063,T2,1,0,0.047425875341873654,1,1
gpt4o_mini,dd_44063,T2,2,0,2.06115361818846e-09,1,1
gpt4o_mini,dd_44063,T3,1,0,0.017986209333497646,1,1
gpt4o_mini,dd_44063,T3,2,0,8.764249148148186e-08,1,1
gpt4o_mini,dd_44063,T4,1,0,0.1480472015612093,1,1
gpt4o_mini,dd_44063,T4,2,0,4.3634622338941425e-09,1,1
gpt4o_mini,dd_44380,T1,1,0,0.9999999999915765,1,1
gpt4o_mini,dd_44380,T1,2,0,0.999999999987744,1,1
gpt4o_mini,dd_44380,T2,1,0,0.9999999999934397,1,1
gpt4o_mini,dd_44380,T2,2,0,0.9999999999978701,1,1
gpt4o_mini,dd_44380,T3,1,0,0.9999999999981204,1,1
gpt4o_mini,dd_44380,T3,2,0,0.9999999999934397,1,1
gpt4o_mini,dd_44380,T4,1,0,0.9999999999934397,1,1
gpt4o_mini,dd_44380,T4,2,0,0.9999999999821676,1,1
gpt4o_mini,dd_45938,T1,1,0,1.1399918530345718e-12,1,1
gpt4o_mini,dd_45938,T1,2,0,5.675685232622904e-14,1,1
gpt4o_mini,dd_45938,T2,1,0,1.1399918530364432e-12,1,1
gpt4o_mini,dd_45938,T2,2,0,3.0379753854365314e-14,1,1
gpt4o_mini,dd_45938,T3,1,0,1.0060392792777617e-12,1,1
gpt4o_mini,dd_45938,T3,2,0,3.900837610173187e-14,1,1
gpt4o_mini,dd_45938,T4,1,0,1.2917800047768361e-12,1,1
gpt4o_mini,dd_45938,T4,2,0,4.420228103631482e-14,1,1
gpt4o_mini,dd_46859,T1,1,0,3.511422113351852e-12,1,1
gpt4o_mini,dd_46859,T1,2,0,8.258073285544451e-14,1,1
gpt4o_mini,dd_46859,T2,1,0,3.5114221133501934e-12,1,1
gpt4o_mini,dd_46859,T2,2,0,1.0603575991504938e-13,1,1
gpt4o_mini,dd_46859,T3,1,0,2.7346982915735146e-12,1,1
gpt4o_mini,dd_46859,T3,2,0,4.4202281036302284e-14,1,1
gpt4o_mini,dd_46859,T4,1,0,3.978962535807412e-12,1,1
gpt4o_mini,dd_46859,T4,2,0,5.6756852326249963e-14,1,1
gpt4o_mini,dd_47886,T1,1,0,0.014063628866102879,1,1
gpt4o_mini,dd_47886,T1,2,0,0.9933071501822796,1,1
gpt4o_mini,dd_47886,T2,1,0,0.004070137766354929,1,1
gpt4o_mini,dd_47886,T2,2,0,0.985936371119458,1,1
gpt4o_mini,dd_47886,T3,1,0,0.0005527785824403008,1,1
gpt4o_mini,dd_47886,T3,2,0,0.6791787070285055,1,1
gpt4o_mini,dd_47886,T4,1,0,0.14804720163875262,1,1
gpt4o_mini,dd_47886,T4,2,0,0.9996646499458276,1,1
gpt4o_mini,dd_5570,T1,1,0,0.9999999999978701,1,1
gpt4o_mini,dd_5570,T1,2,0,0.9999999999925664,1,1
gpt4o_mini,dd_5570,T2,1,0,0.9999999999993898,1,1
gpt4o_mini,dd_5570,T2,2,0,0.9999999999954912,1,1
gpt4o_mini,dd_5570,T3,1,0,0.9999999999993086,1,1
gpt4o_mini,dd_5570,T3,2,0,0.9999999999622486,1,1
gpt4o_mini,dd_5570,T4,1,0,0.9999999999972653,1,1
gpt4o_mini,dd_5570,T4,2,0,0.999999999979793,1,1
gpt4o_mini,dd_6488,T1,1,0,3.7751345441294375e-11,1,1
gpt4o_mini,dd_6488,T1,2,0,1.981008798041578e-13,1,1
gpt4o_mini,dd_6488,T2,1,0,3.775134544132783e-11,1,1
gpt4o_mini,dd_6488,T2,2,0,1.5428112031887028e-13,1,1
gpt4o_mini,dd_6488,T3,1,0,9.736200303522575e-10,1,1
gpt4o_mini,dd_6488,T3,2,0,3.266131342767234e-13,1,1
gpt4o_mini,dd_6488,T4,1,0,1.317651426834224e-10,1,1
gpt4o_mini,dd_6488,T4,2,0,1.5428112031868365e-13,1,1
gpt4o_mini,dd_6826,T1,1,0,0.9999921107349498,1,1
gpt4o_mini,dd_6826,T1,2,0,0.999983298584887,1,1
gpt4o_mini,dd_6826,T2,1,0,0.9947798743268511,1,1
gpt4o_mini,dd_6826,T2,2,0,0.9999869928752256,1,1
gpt4o_mini,dd_6826,T3,1,0,0.9999921107349492,1,1
gpt4o_mini,dd_6826,T3,2,0,0.9999785550602311,1,1
gpt4o_mini,dd_6826,T4,1,0,0.9914225143606332,1,1
gpt4o_mini,dd_6826,T4,2,0,0.9980732656712933,1,1
gpt4o_mini,dd_6868,T1,1,0,5.043472052240674e-07,1,1
gpt4o_mini,dd_6868,T1,2,0,0.0003353500541060783,1,1
gpt4o_mini,dd_6868,T2,1,0,5.315784971830042e-08,1,1
gpt4o_mini,dd_6868,T2,2,0,1.0677030766951e-06,1,1
gpt4o_mini,dd_6868,T3,1,0,2.1444939768948766e-05,1,1
gpt4o_mini,dd_6868,T3,2,0,0.0009110514013396315,1,1
gpt4o_mini,dd_6868,T4,1,0,3.0590235908054123e-07,1,1
gpt4o_mini,dd_6868,T4,2,0,0.0015011820256813084,1,1
gpt4o_mini,dd_7687,T1,1,0,0.9999999999989939,1,1
gpt4o_mini,dd_7687,T1,2,0,0.999999974890009,1,1
gpt4o_mini,dd_7687,T2,1,0,0.9999999999994615,1,1
gpt4o_mini,dd_7687,T2,2,0,0.9999999979388463,1,1
gpt4o_mini,dd_7687,T3,1,0,0.999999999994891,1,1
gpt4o_mini,dd_7687,T3,2,0,0.9999999847700205,1,1
gpt4o_mini,dd_7687,T4,1,0,0.999999999990455,1,1
gpt4o_mini,dd_7687,T4,2,0,0.9999999847700205,1,1
gpt4o_mini,dd_8580,T1,1,0,0.0011695103432922192,1,1
gpt4o_mini,dd_8580,T1,2,0,0.880797067382994,1,1
gpt4o_mini,dd_8580,T2,1,0,0.005220125687843572,1,1
gpt4o_mini,dd_8580,T2,2,0,0.9399133528741862,1,1
gpt4o_mini,dd_8580,T3,1,0,1.067703076714401e-06,1,1
gpt4o_mini,dd_8580,T3,2,0,0.0019267343288411687,1,1
gpt4o_mini,dd_8580,T4,1,0,0.005220125688118314,1,1
gpt4o_mini,dd_8580,T4,2,0,0.851952800467095,1,1
gpt4o_mini,dd_9595,T1,1,0,0.9859363726919214,1,1
gpt4o_mini,dd_9595,T1,2,0,0.6791787063823986,1,1
gpt4o_mini,dd_9595,T2,1,0,0.9995694428821315,1,1
gpt4o_mini,dd_9595,T2,2,0,0.731058572936717,1,1
gpt4o_mini,dd_9595,T3,1,0,0.9999646437424756,1,1
gpt4o_mini,dd_9595,T3,2,0,0.9525741302938708,1,1
gpt4o_mini,dd_9595,T4,1,0,0.9999999677581336,1,1
gpt4o_mini,dd_9595,T4,2,0,0.9959298622325325,1,1
gpt4o_mini,dd_9899,T1,1,0,0.9914225163802037,1,1
gpt4o_mini,dd_9899,T1,2,0,0.9975273770414772,1,1
gpt4o_mini,dd_9899,T2,1,0,0.622459323658862,1,1
gpt4o_mini,dd_9899,T2,2,0,0.9998766053723352,1,1
gpt4o_mini,dd_9899,T3,1,0,0.49999999942624734,1,1
gpt4o_mini,dd_9899,T3,2,0,0.9988304896567889,1,1
gpt4o_mini,dd_9899,T4,1,0,0.9999251538028865,1,1
gpt4o_mini,dd_9899,T4,2,0,0.99999960721363,1,1
gpt4o_mini,dd_9955,T1,1,0,0.002472622663224881,1,1
gpt4o_mini,dd_9955,T1,2,0,0.037326890259276234,1,1
gpt4o_mini,dd_9955,T2,1,0,0.010986943652250076,1,1
gpt4o_mini,dd_9955,T2,2,0,0.0011695103375735504,1,1
gpt4o_mini,dd_9955,T3,1,0,0.010986943406366046,1,1
gpt4o_mini,dd_9955,T3,2,0,0.14804719974101413,1,1
gpt4o_mini,dd_9955,T4,1,0,4.5397855746971906e-05,1,1
gpt4o_mini,dd_9955,T4,2,0,4.539785574046925e-05,1,1
gpt4o_mini,mc_C_034,T1,1,0,0.9999999999998639,1,1
gpt4o_mini,mc_C_034,T1,2,0,0.9999999999992164,1,1
gpt4o_mini,mc_C_034,T2,1,0,0.9999999999999174,1,1
gpt4o_mini,mc_C_034,T2,2,0,0.9999999999995806,1,1
gpt4o_mini,mc_C_034,T3,1,0,0.9999999999999174,1,1
gpt4o_mini,mc_C_034,T3,2,0,0.9999999999991123,1,1
gpt4o_mini,mc_C_034,T4,1,0,0.9999999999999498,1,1
gpt4o_mini,mc_C_034,T4,2,0,0.999999999996021,1,1
gpt4o_mini,mc_C_1095,T1,1,0,0.9999999999999558,1,1
gpt4o_mini,mc_C_1095,T1,2,0,0.9999999999996299,1,1
gpt4o_mini,mc_C_1095,T2,1,0,0.9999999999999731,1,1
gpt4o_mini,mc_C_1095,T2,2,0,0.9999999999997755,1,1
gpt4o_mini,mc_C_1095,T3,1,0,0.9999999999999696,1,1
gpt4o_mini,mc_C_1095,T3,2,0,0.9999999999997118,1,1
gpt4o_mini,mc_C_1095,T4,1,0,0.9999999999999656,1,1
gpt4o_mini,mc_C_1095,T4,2,0,0.9999999999999065,1,1
gpt4o_mini,mc_C_1216,T1,1,0,0.9999999999999272,1,1
gpt4o_mini,mc_C_1216,T1,2,0,0.9999999999996299,1,1
gpt4o_mini,mc_C_1216,T2,1,0,0.9999999999999609,1,1
gpt4o_mini,mc_C_1216,T2,2,0,0.9999999999995806,1,1
gpt4o_mini,mc_C_1216,T3,1,0,0.9999999999999272,1,1
gpt4o_mini,mc_C_1216,T3,2,0,0.9999999999997455,1,1
gpt4o_mini,mc_C_1216,T4,1,0,0.9999999999999558,1,1
gpt4o_mini,mc_C_1216,T4,2,0,0.9999999999997118,1,1
gpt4o_mini,mc_C_183,T1,1,0,0.9999999999999356,1,1
gpt4o_mini,mc_C_183,T1,2,0,0.9999999999954912,1,1
gpt4o_mini,mc_C_183,T2,1,0,0.9999999999999656,1,1
gpt4o_mini,mc_C_183,T2,2,0,0.9999999999989939,1,1
gpt4o_mini,mc_C_183,T3,1,0,0.9999999999999272,1,1
gpt4o_mini,mc_C_183,T3,2,0,0.9999999999985363,1,1
gpt4o_mini,mc_C_183,T4,1,0,0.9999999999999356,1,1
gpt4o_mini,mc_C_183,T4,2,0,0.9999999999954912,1,1
gpt4o_mini,mc_C_291,T1,1,0,0.9999999999999762,1,1
gpt4o_mini,mc_C_291,T1,2,0,0.9999999999997118,1,1
gpt4o_mini,mc_C_291,T2,1,0,0.9999999999999762,1,1
gpt4o_mini,mc_C_291,T2,2,0,0.9999999999997755,1,1
gpt4o_mini,mc_C_291,T3,1,0,0.9999999999999731,1,1
gpt4o_mini,mc_C_291,T3,2,0,0.9999999999997118,1,1
gpt4o_mini,mc_C_291,T4,1,0,0.9999999999999873,1,1
gpt4o_mini,mc_C_291,T4,2,0,0.9999999999998253,1,1
gpt4o_mini,mc_C_467,T1,1,0,0.9999999999999791,1,1
gpt4o_mini,mc_C_467,T1,2,0,0.99999999999886,1,1
gpt4o_mini,mc_C_467,T2,1,0,0.9999999999999838,1,1
gpt4o_mini,mc_C_467,T2,2,0,0.99999999999886,1,1
gpt4o_mini,mc_C_467,T3,1,0,0.9999999999999272,1,1
gpt4o_mini,mc_C_467,T3,2,0,0.9999999999992164,1,1
gpt4o_mini,mc_C_467,T4,1,0,0.9999999999999731,1,1
gpt4o_mini,mc_C_467,T4,2,0,0.9999999999995248,1,1
gpt4o_mini,mc_C_527,T1,1,0,0.9999999999999432,1,1
gpt4o_mini,mc_C_527,T1,2,0,0.9999999999987081,1,1
gpt4o_mini,mc_C_527,T2,1,0,0.9999999999999609,1,1
gpt4o_mini,mc_C_527,T2,2,0,0.9999999999983413,1,1
gpt4o_mini,mc_C_527,T3,1,0,0.9999999999999065,1,1
gpt4o_mini,mc_C_527,T3,2,0,0.9999999999969011,1,1
gpt4o_mini,mc_C_527,T4,1,0,0.9999999999999558,1,1
gpt4o_mini,mc_C_527,T4,2,0,0.9999999999964886,1,1
gpt4o_mini,mc_C_675,T1,1,0,0.9999999999999356,1,1
gpt4o_mini,mc_C_675,T1,2,0,0.9999999999993898,1,1
gpt4o_mini,mc_C_675,T2,1,0,0.9999999999999498,1,1
gpt4o_mini,mc_C_675,T2,2,0,0.9999999999983413,1,1
gpt4o_mini,mc_C_675,T3,1,0,0.9999999999999816,1,1
gpt4o_mini,mc_C_675,T3,2,0,0.9999999999993898,1,1
gpt4o_mini,mc_C_675,T4,1,0,0.9999999999999174,1,1
gpt4o_mini,mc_C_675,T4,2,0,0.9999999999969011,1,1
gpt4o_mini,mc_C_772,T1,1,0,0.9999999999998457,1,1
gpt4o_mini,mc_C_772,T1,2,0,0.9999999999995806,1,1
gpt4o_mini,mc_C_772,T2,1,0,0.9999999999999356,1,1
gpt4o_mini,mc_C_772,T2,2,0,0.9999999999991123,1,1
gpt4o_mini,mc_C_772,T3,1,0,0.9999999999999656,1,1
gpt4o_mini,mc_C_772,T3,2,0,0.9999999999994615,1,1
gpt4o_mini,mc_C_772,T4,1,0,0.9999999999998019,1,1
gpt4o_mini,mc_C_772,T4,2,0,0.9999999999994615,1,1
gpt4o_mini,mc_C_941,T1,1,0,0.9999999999999762,1,1
gpt4o_mini,mc_C_941,T1,2,0,0.9999999999998253,1,1
gpt4o_mini,mc_C_941,T2,1,0,0.9999999999999856,1,1
gpt4o_mini,mc_C_941,T2,2,0,0.9999999999997455,1,1
gpt4o_mini,mc_C_941,T3,1,0,0.9999999999999656,1,1
gpt4o_mini,mc_C_941,T3,2,0,0.9999999999985363,1,1
gpt4o_mini,mc_C_941,T4,1,0,0.9999999999999856,1,1
gpt4o_mini,mc_C_941,T4,2,0,0.9999999999997755,1,1
gpt4o_mini,mc_G_005,T1,1,0,0.9999999999572222,1,1
gpt4o_mini,mc_G_005,T1,2,0,0.9999999994094697,1,1
gpt4o_mini,mc_G_005,T2,1,0,0.9999999999622486,1,1
gpt4o_mini,mc_G_005,T2,2,0,0.9999999999094393,1,1
gpt4o_mini,mc_G_005,T3,1,0,0.9999999999915765,1,1
gpt4o_mini,mc_G_005,T3,2,0,0.9999999997210531,1,1
gpt4o_mini,mc_G_005,T4,1,0,0.9999999999978701,1,1
gpt4o_mini,mc_G_005,T4,2,0,0.9999999992417439,1,1
gpt4o_mini,mc_G_037,T1,1,0,0.9999999586006244,1,1
gpt4o_mini,mc_G_037,T1,2,0,0.9999921107349488,1,1
gpt4o_mini,mc_G_037,T2,1,0,0.9999999943972036,1,1
gpt4o_mini,mc_G_037,T2,2,0,0.9999999586006244,1,1
gpt4o_mini,mc_G_037,T3,1,0,0.9947798743177698,1,1
gpt4o_mini,mc_G_037,T3,2,0,0.9999546021442534,1,1
gpt4o_mini,mc_G_037,T4,1,0,0.9999999990263799,1,1
gpt4o_mini,mc_G_037,T4,2,0,0.9999999123575085,1,1
gpt4o_mini,mc_G_064,T1,1,0,1.2917800047777132e-12,1,1
gpt4o_mini,mc_G_064,T1,2,0,3.7010116785782293e-13,1,1
gpt4o_mini,mc_G_064,T2,1,0,2.129785170946109e-12,1,1
gpt4o_mini,mc_G_064,T2,2,0,6.431393941445044e-14,1,1
gpt4o_mini,mc_G_064,T3,1,0,7.835041785041502e-13,1,1
gpt4o_mini,mc_G_064,T3,2,0,1.201542573175256e-13,1,1
gpt4o_mini,mc_G_064,T4,1,0,1.4637785141206387e-12,1,1
gpt4o_mini,mc_G_064,T4,2,0,3.4424771084641146e-14,1,1
gpt4o_mini,mc_G_086,T1,1,0,0.9999999999964886,1,1
gpt4o_mini,mc_G_086,T1,2,0,0.9999999973534264,1,1
gpt4o_mini,mc_G_086,T2,1,0,0.9999999999996299,1,1
gpt4o_mini,mc_G_086,T2,2,0,0.999999999782756,1,1
gpt4o_mini,mc_G_086,T3,1,0,0.9999999999821676,1,1
gpt4o_mini,mc_G_086,T3,2,0,0.9999999907625504,1,1
gpt4o_mini,mc_G_086,T4,1,0,0.9999999999983413,1,1
gpt4o_mini,mc_G_086,T4,2,0,0.999999998394772,1,1
gpt4o_mini,mc_G_112,T1,1,0,1.3007124774644802e-05,1,1
gpt4o_mini,mc_G_112,T1,2,0,4.785094849135857e-06,1,1
gpt4o_mini,mc_G_112,T2,1,0,0.5621765005824779,1,1
gpt4o_mini,mc_G_112,T2,2,0,0.982013788465908,1,1
gpt4o_mini,mc_G_112,T3,1,0,0.9999938558278726,1,1
gpt4o_mini,mc_G_112,T3,2,0,0.9890130576453208,1,1
gpt4o_mini,mc_G_112,T4,1,0,0.0002034270609847499,1,1
gpt4o_mini,mc_G_112,T4,2,0,0.000552778582378421,1,1
gpt4o_mini,mc_G_135,T1,1,0,0.9999999994788586,1,1
gpt4o_mini,mc_G_135,T1,2,0,0.9999999979388463,1,1
gpt4o_mini,mc_G_135,T2,1,0,0.9999999998308102,1,1
gpt4o_mini,mc_G_135,T2,2,0,0.9999999847700205,1,1
gpt4o_mini,mc_G_135,T3,1,0,0.9999999999915765,1,1
gpt4o_mini,mc_G_135,T3,2,0,0.9999999979388463,1,1
gpt4o_mini,mc_G_135,T4,1,0,0.9999999999200804,1,1
gpt4o_mini,mc_G_135,T4,2,0,0.99999998813888,1,1
gpt4o_mini,mc_G_156,T1,1,0,0.999999999986112,1,1
gpt4o_mini,mc_G_156,T1,2,0,0.999999974890009,1,1
gpt4o_mini,mc_G_156,T2,1,0,0.999999999996021,1,1
gpt4o_mini,mc_G_156,T2,2,0,0.9999999995400946,1,1
gpt4o_mini,mc_G_156,T3,1,0,0.999999999989184,1,1
gpt4o_mini,mc_G_156,T3,2,0,0.9999999973534264,1,1
gpt4o_mini,mc_G_156,T4,1,0,0.9999999999942106,1,1
gpt4o_mini,mc_G_156,T4,2,0,0.9999999677581336,1,1
gpt4o_mini,mc_G_179,T1,1,0,0.9999999999999174,1,1
gpt4o_mini,mc_G_179,T1,2,0,0.9999999999981204,1,1
gpt4o_mini,mc_G_179,T2,1,0,0.9999999999999432,1,1
gpt4o_mini,mc_G_179,T2,2,0,0.9999999999942106,1,1
gpt4o_mini,mc_G_179,T3,1,0,0.9999999999999174,1,1
gpt4o_mini,mc_G_179,T3,2,0,0.99999999999886,1,1
gpt4o_mini,mc_G_179,T4,1,0,0.9999999999999656,1,1
gpt4o_mini,mc_G_179,T4,2,0,0.9999999999975866,1,1
gpt4o_mini,mc_G_186,T1,1,0,1.2501528648219753e-09,1,1
gpt4o_mini,mc_G_186,T1,2,0,7.582560422041126e-10,1,1
gpt4o_mini,mc_G_186,T2,1,0,5.602796406138483e-09,1,1
gpt4o_mini,mc_G_186,T2,2,0,2.335593033318486e-09,1,1
gpt4o_mini,mc_G_186,T3,1,0,4.944450477469765e-09,1,1
gpt4o_mini,mc_G_186,T3,2,0,4.1399375473399166e-08,1,1
gpt4o_mini,mc_G_186,T4,1,0,9.736200303520075e-10,1,1
gpt4o_mini,mc_G_186,T4,2,0,1.1253518383894889e-07,1,1
gpt4o_mini,mc_G_235,T1,1,0,0.999999999868235,1,1
gpt4o_mini,mc_G_235,T1,2,0,0.9999999907625504,1,1
gpt4o_mini,mc_G_235,T2,1,0,0.9999999999994615,1,1
gpt4o_mini,mc_G_235,T2,2,0,0.9999999997210531,1,1
gpt4o_mini,mc_G_235,T3,1,0,0.9999999999991123,1,1
gpt4o_mini,mc_G_235,T3,2,0,0.999999999782756,1,1
gpt4o_mini,mc_G_235,T4,1,0,0.9999999999094393,1,1
gpt4o_mini,mc_G_235,T4,2,0,0.9999999123575085,1,1
gpt4o_mini,mc_G_236,T1,1,0,0.00020342706098346473,1,1
gpt4o_mini,mc_G_236,T1,2,0,2.9023122007217897e-06,1,1
gpt4o_mini,mc_G_236,T2,1,0,0.00015843624684391957,1,1
gpt4o_mini,mc_G_236,T2,2,0,1.3007124773843099e-05,1,1
gpt4o_mini,mc_G_236,T3,1,0,0.7772998601678406,1,1
gpt4o_mini,mc_G_236,T3,2,0,0.0293122279780536,1,1
gpt4o_mini,mc_G_236,T4,1,0,0.04742587532660054,1,1
gpt4o_mini,mc_G_236,T4,2,0,0.0019267343280277515,1,1
gpt4o_mini,mc_G_288,T1,1,0,0.9999999992417439,1,1
gpt4o_mini,mc_G_288,T1,2,0,0.999964643742473,1,1
gpt4o_mini,mc_G_288,T2,1,0,0.9999999979388463,1,1
gpt4o_mini,mc_G_288,T2,2,0,0.999999694097641,1,1
gpt4o_mini,mc_G_288,T3,1,0,0.9999999966017321,1,1
gpt4o_mini,mc_G_288,T3,2,0,0.999999694097641,1,1
gpt4o_mini,mc_G_288,T4,1,0,0.9999997617630155,1,1
gpt4o_mini,mc_G_288,T4,2,0,0.9999869928752254,1,1
gpt4o_mini,mc_G_302,T1,1,0,9.237449576617826e-09,1,1
gpt4o_mini,mc_G_302,T1,2,0,5.905303995428827e-10,1,1
gpt4o_mini,mc_G_302,T2,1,0,1.250152864821724e-09,1,1
gpt4o_mini,mc_G_302,T2,2,0,1.1628233028826186e-10,1,1
gpt4o_mini,mc_G_302,T3,1,0,1.4166087846314414e-09,1,1
gpt4o_mini,mc_G_302,T3,2,0,1.7832472907763882e-11,1,1
gpt4o_mini,mc_G_302,T4,1,0,7.1941329785524715e-09,1,1
gpt4o_mini,mc_G_302,T4,2,0,9.056076988822886e-11,1,1
gpt4o_mini,mc_G_365,T1,1,0,0.9999999999985363,1,1
gpt4o_mini,mc_G_365,T1,2,0,0.9999999999515263,1,1
gpt4o_mini,mc_G_365,T2,1,0,0.9999999999997118,1,1
gpt4o_mini,mc_G_365,T2,2,0,0.9999999999821676,1,1
gpt4o_mini,mc_G_365,T3,1,0,0.999999999994891,1,1
gpt4o_mini,mc_G_365,T3,2,0,0.9999999998506905,1,1
gpt4o_mini,mc_G_365,T4,1,0,0.9999999999954912,1,1
gpt4o_mini,mc_G_365,T4,2,0,0.9999999988967441,1,1
gpt4o_mini,mc_G_373,T1,1,0,3.581747928997051e-10,1,1
gpt4o_mini,mc_G_373,T1,2,0,1.463778514119713e-12,1,1
gpt4o_mini,mc_G_373,T2,1,0,5.492788350641163e-11,1,1
gpt4o_mini,mc_G_373,T2,2,0,6.101936677589986e-13,1,1
gpt4o_mini,mc_G_373,T3,1,0,4.847368706030929e-11,1,1
gpt4o_mini,mc_G_373,T3,2,0,5.384940217737977e-13,1,1
gpt4o_mini,mc_G_373,T4,1,0,2.7894680920861093e-10,1,1
gpt4o_mini,mc_G_373,T4,2,0,2.4133627718206523e-12,1,1
gpt4o_mini,mc_G_385,T1,1,0,0.8807970898545906,1,1
gpt4o_mini,mc_G_385,T1,2,0,0.9999038976006996,1,1
gpt4o_mini,mc_G_385,T2,1,0,0.9770226321511292,1,1
gpt4o_mini,mc_G_385,T2,2,0,0.9994472214174336,1,1
gpt4o_mini,mc_G_385,T3,1,0,0.9626731164832709,1,1
gpt4o_mini,mc_G_385,T3,2,0,0.9980732656709725,1,1
gpt4o_mini,mc_G_385,T4,1,0,0.9046505402450324,1,1
gpt4o_mini,mc_G_385,T4,2,0,0.9995694428819942,1,1
gpt4o_mini,mc_G_397,T1,1,0,0.9999999999969011,1,1
gpt4o_mini,mc_G_397,T1,2,0,0.999999999782756,1,1
gpt4o_mini,mc_G_397,T2,1,0,0.9999999999995248,1,1
gpt4o_mini,mc_G_397,T2,2,0,0.9999999999200804,1,1
gpt4o_mini,mc_G_397,T3,1,0,0.9999999999993898,1,1
gpt4o_mini,mc_G_397,T3,2,0,0.999999999868235,1,1
gpt4o_mini,mc_G_397,T4,1,0,0.99999999999886,1,1
gpt4o_mini,mc_G_397,T4,2,0,0.9999999997210531,1,1
gpt4o_mini,mc_G_431,T1,1,0,0.9999999999978701,1,1
gpt4o_mini,mc_G_431,T1,2,0,0.9999999999975866,1,1
gpt4o_mini,mc_G_431,T2,1,0,0.9999999999991123,1,1
gpt4o_mini,mc_G_431,T2,2,0,0.9999999999972653,1,1
gpt4o_mini,mc_G_431,T3,1,0,0.9999999999993898,1,1
gpt4o_mini,mc_G_431,T3,2,0,0.9999999999987081,1,1
gpt4o_mini,mc_G_431,T4,1,0,0.999999999987744,1,1
gpt4o_mini,mc_G_431,T4,2,0,0.999999999986112,1,1
gpt4o_mini,mc_G_453,T1,1,0,0.0007096703409974975,1,1
gpt4o_mini,mc_G_453,T1,2,0,0.029312227853899947,1,1
gpt4o_mini,mc_G_453,T2,1,0,0.9770226294205288,1,1
gpt4o_mini,mc_G_453,T2,2,0,0.9999724643101551,1,1
gpt4o_mini,mc_G_453,T3,1,0,0.9626731120106006,1,1
gpt4o_mini,mc_G_453,T3,2,0,0.9999977396747258,1,1
gpt4o_mini,mc_G_453,T4,1,0,0.0002611903266831167,1,1
gpt4o_mini,mc_G_453,T4,2,0,0.9820137884636663,1,1
gpt4o_mini,mc_G_492,T1,1,0,0.9999999997210531,1,1
gpt4o_mini,mc_G_492,T1,2,0,0.9999999586006244,1,1
gpt4o_mini,mc_G_492,T2,1,0,0.9999999998506905,1,1
gpt4o_mini,mc_G_492,T2,2,0,0.9999999979388463,1,1
gpt4o_mini,mc_G_492,T3,1,0,0.9999999999991123,1,1
gpt4o_mini,mc_G_492,T3,2,0,0.999999998394772,1,1
gpt4o_mini,mc_G_492,T4,1,0,0.9999999999450722,1,1
gpt4o_mini,mc_G_492,T4,2,0,0.9999999943972036,1,1
gpt4o_mini,mc_G_572,T1,1,0,0.9999999998308102,1,1
gpt4o_mini,mc_G_572,T1,2,0,0.9999998144608401,1,1
gpt4o_mini,mc_G_572,T2,1,0,0.9999999973534264,1,1
gpt4o_mini,mc_G_572,T2,2,0,0.9999999586006244,1,1
gpt4o_mini,mc_G_572,T3,1,0,0.99999960721363,1,1
gpt4o_mini,mc_G_572,T3,2,0,0.99999960721363,1,1
gpt4o_mini,mc_G_572,T4,1,0,0.9999999999572222,1,1
gpt4o_mini,mc_G_572,T4,2,0,0.999999974890009,1,1
gpt4o_mini,mc_G_595,T1,1,0,0.9999999981810384,1,1
gpt4o_mini,mc_G_595,T1,2,0,0.9999999804443193,1,1
gpt4o_mini,mc_G_595,T2,1,0,0.9999999993308415,1,1
gpt4o_mini,mc_G_595,T2,2,0,0.9999999956365377,1,1
gpt4o_mini,mc_G_595,T3,1,0,0.9999999999515263,1,1
gpt4o_mini,mc_G_595,T3,2,0,0.9999999973534264,1,1
gpt4o_mini,mc_G_595,T4,1,0,0.9999999928058669,1,1
gpt4o_mini,mc_G_595,T4,2,0,0.9999999468421502,1,1
gpt4o_mini,mc_G_601,T1,1,0,0.029312227536794494,1,1
gpt4o_mini,mc_G_601,T1,2,0,0.9984988179741036,1,1
gpt4o_mini,mc_G_601,T2,1,0,0.04742586972946887,1,1
gpt4o_mini,mc_G_601,T2,2,0,0.9706877687354671,1,1
gpt4o_mini,mc_G_601,T3,1,0,0.18242551798371348,1,1
gpt4o_mini,mc_G_601,T3,2,0,0.9999038976007004,1,1
gpt4o_mini,mc_G_601,T4,1,0,0.14804719911039263,1,1
gpt4o_mini,mc_G_601,T4,2,0,0.9399133528514628,1,1
gpt4o_mini,mc_H_035,T1,1,0,2.789468092086728e-10,1,1
gpt4o_mini,mc_H_035,T1,2,0,2.4133627718205335e-12,1,1
gpt4o_mini,mc_H_035,T2,1,0,2.1724399346042157e-10,1,1
gpt4o_mini,mc_H_035,T2,2,0,4.19379565836086e-13,1,1
gpt4o_mini,mc_H_035,T3,1,0,4.599055376532463e-10,1,1
gpt4o_mini,mc_H_035,T3,2,0,1.2917800047802509e-12,1,1
gpt4o_mini,mc_H_035,T4,1,0,9.73620030352133e-10,1,1
gpt4o_mini,mc_H_035,T4,2,0,3.0988191387023945e-12,1,1
gpt4o_mini,mc_H_044,T1,1,0,0.9995694428823456,1,1
gpt4o_mini,mc_H_044,T1,2,0,0.9992903296590178,1,1
gpt4o_mini,mc_H_044,T2,1,0,0.9980732656737723,1,1
gpt4o_mini,mc_H_044,T2,2,0,0.9994472214174349,1,1
gpt4o_mini,mc_H_044,T3,1,0,0.9999991684720096,1,1
gpt4o_mini,mc_H_044,T3,2,0,0.9959298622315752,1,1
gpt4o_mini,mc_H_044,T4,1,0,0.9988304896572232,1,1
gpt4o_mini,mc_H_044,T4,2,0,0.9914225143420413,1,1
gpt4o_mini,mc_H_049,T1,1,0,0.999999694097641,1,1
gpt4o_mini,mc_H_049,T1,2,0,0.9999977396747258,1,1
gpt4o_mini,mc_H_049,T2,1,0,0.9999962733608835,1,1
gpt4o_mini,mc_H_049,T2,2,0,0.9999977396747258,1,1
gpt4o_mini,mc_H_049,T3,1,0,0.9999938558278725,1,1
gpt4o_mini,mc_H_049,T3,2,0,0.9999993524053853,1,1
gpt4o_mini,mc_H_049,T4,1,0,0.9999999981810384,1,1
gpt4o_mini,mc_H_049,T4,2,0,0.9999993524053853,1,1
gpt4o_mini,mc_H_060,T1,1,0,0.029312227867895894,1,1
gpt4o_mini,mc_H_060,T1,2,0,0.9999982396568657,1,1
gpt4o_mini,mc_H_060,T2,1,0,0.02297736776712155,1,1
gpt4o_mini,mc_H_060,T2,2,0,0.9999417087232162,1,1
gpt4o_mini,mc_H_060,T3,1,0,0.26894142098037693,1,1
gpt4o_mini,mc_H_060,T3,2,0,0.9999962733608835,1,1
gpt4o_mini,mc_H_060,T4,1,0,0.022977367773647946,1,1
gpt4o_mini,mc_H_060,T4,2,0,0.9999921107349488,1,1
gpt4o_mini,mc_H_066,T1,1,0,9.056076988827977e-11,1,1
gpt4o_mini,mc_H_066,T1,2,0,1.8795288165309496e-12,1,1
gpt4o_mini,mc_H_066,T2,1,0,6.224144622505282e-11,1,1
gpt4o_mini,mc_H_066,T2,2,0,1.0060392792813972e-12,1,1
gpt4o_mini,mc_H_066,T3,1,0,1.0261879630631807e-10,1,1
gpt4o_mini,mc_H_066,T3,2,0,2.1297851709480667e-12,1,1
gpt4o_mini,mc_H_066,T4,1,0,4.599055376527316e-10,1,1
gpt4o_mini,mc_H_066,T4,2,0,3.5114221133566085e-12,1,1
gpt4o_mini,mc_H_072,T1,1,0,0.999999998394772,1,1
gpt4o_mini,mc_H_072,T1,2,0,0.9999999943972036,1,1
gpt4o_mini,mc_H_072,T2,1,0,0.9999999999094393,1,1
gpt4o_mini,mc_H_072,T2,2,0,0.9999999973534264,1,1
gpt4o_mini,mc_H_072,T3,1,0,0.9999999997210531,1,1
gpt4o_mini,mc_H_072,T3,2,0,0.9999999928058669,1,1
gpt4o_mini,mc_H_072,T4,1,0,0.9999999981810384,1,1
gpt4o_mini,mc_H_072,T4,2,0,0.9999999979388463,1,1
gpt4o_mini,mc_H_073,T1,1,0,0.9999999999450722,1,1
gpt4o_mini,mc_H_073,T1,2,0,0.9999994956527948,1,1
gpt4o_mini,mc_H_073,T2,1,0,0.9999999999985363,1,1
gpt4o_mini,mc_H_073,T2,2,0,0.99999998813888,1,1
gpt4o_mini,mc_H_073,T3,1,0,0.9999999999450722,1,1
gpt4o_mini,mc_H_073,T3,2,0,0.9999998144608401,1,1
gpt4o_mini,mc_H_073,T4,1,0,0.9999999995941349,1,1
gpt4o_mini,mc_H_073,T4,2,0,0.9999977396747258,1,1
