teacher,family_id,variant,p,r
claude46,dd_0107,T1,0.0,0.0
claude46,dd_0107,T2,0.0,0.0
claude46,dd_0107,T3,0.0,0.0
claude46,dd_0107,T4,0.0,0.0
claude46,dd_0283,T1,0.0,0.0
claude46,dd_0283,T2,0.0,0.0
claude46,dd_0283,T3,0.0,0.0
claude46,dd_0283,T4,0.0,0.0
claude46,dd_11241,T1,0.0,0.0
claude46,dd_11241,T2,0.0,0.0
claude46,dd_11241,T3,0.0,0.0
claude46,dd_11241,T4,0.0,0.0
claude46,dd_13518,T1,0.0,0.0
claude46,dd_13518,T2,0.0,0.0
claude46,dd_13518,T3,0.0,0.0
claude46,dd_13518,T4,0.0,0.0
claude46,dd_14408,T1,1.0,0.0
claude46,dd_14408,T2,1.0,0.0
claude46,dd_14408,T3,1.0,0.0
claude46,dd_14408,T4,1.0,0.0
claude46,dd_14818,T1,1.0,0.0
claude46,dd_14818,T2,1.0,0.0
claude46,dd_14818,T3,1.0,0.0
claude46,dd_14818,T4,1.0,0.0
claude46,dd_15810,T1,1.0,0.0
claude46,dd_15810,T2,1.0,0.0
claude46,dd_15810,T3,1.0,0.0
claude46,dd_15810,T4,1.0,0.0
claude46,dd_17929,T1,0.5,-0.125
claude46,dd_17929,T2,0.5,-0.125
claude46,dd_17929,T3,1.0,0.375
claude46,dd_17929,T4,0.5,-0.125
claude46,dd_1808,T1,1.0,0.0
claude46,dd_1808,T2,1.0,0.0
claude46,dd_1808,T3,1.0,0.0
claude46,dd_1808,T4,1.0,0.0
claude46,dd_1814,T1,0.0,0.0
claude46,dd_1814,T2,0.0,0.0
claude46,dd_1814,T3,0.0,0.0
claude46,dd_1814,T4,0.0,0.0
claude46,dd_18223,T1,0.925,0.06875000000000009
claude46,dd_18223,T2,1.0,0.14375000000000004
claude46,dd_18223,T3,0.5,-0.35624999999999996
claude46,dd_18223,T4,1.0,0.14375000000000004
claude46,dd_18643,T1,1.0,0.0
claude46,dd_18643,T2,1.0,0.0
claude46,dd_18643,T3,1.0,0.0
claude46,dd_18643,T4,1.0,0.0
claude46,dd_18670,T1,0.575,-0.1937500000000001
claude46,dd_18670,T2,0.5,-0.26875000000000004
claude46,dd_18670,T3,1.0,0.23124999999999996
claude46,dd_18670,T4,1.0,0.23124999999999996
claude46,dd_2081,T1,1.0,0.0
claude46,dd_2081,T2,1.0,0.0
claude46,dd_2081,T3,1.0,0.0
claude46,dd_2081,T4,1.0,0.0
claude46,dd_21158,T1,1.0,0.0
claude46,dd_21158,T2,1.0,0.0
claude46,dd_21158,T3,1.0,0.0
claude46,dd_21158,T4,1.0,0.0
claude46,dd_21629,T1,1.0,0.0
claude46,dd_21629,T2,1.0,0.0
claude46,dd_21629,T3,1.0,0.0
claude46,dd_21629,T4,1.0,0.0
claude46,dd_21630,T1,0.0,0.0
claude46,dd_21630,T2,0.0,0.0
claude46,dd_21630,T3,0.0,0.0
claude46,dd_21630,T4,0.0,0.0
claude46,dd_22819,T1,0.0,0.0
claude46,dd_22819,T2,0.0,0.0
claude46,dd_22819,T3,0.0,0.0
claude46,dd_22819,T4,0.0,0.0
claude46,dd_23534,T1,1.0,0.0
claude46,dd_23534,T2,1.0,0.0
claude46,dd_23534,T3,1.0,0.0
claude46,dd_23534,T4,1.0,0.0
claude46,dd_24260,T1,0.625,-0.25625
claude46,dd_24260,T2,0.9,0.018750000000000044
claude46,dd_24260,T3,1.0,0.11875000000000002
claude46,dd_24260,T4,1.0,0.11875000000000002
claude46,dd_24405,T1,0.0,0.0
claude46,dd_24405,T2,0.0,0.0
claude46,dd_24405,T3,0.0,0.0
claude46,dd_24405,T4,0.0,0.0
claude46,dd_24975,T1,1.0,0.0
claude46,dd_24975,T2,1.0,0.0
claude46,dd_24975,T3,1.0,0.0
claude46,dd_24975,T4,1.0,0.0
claude46,dd_25137,T1,1.0,0.0
claude46,dd_25137,T2,1.0,0.0
claude46,dd_25137,T3,1.0,0.0
claude46,dd_25137,T4,1.0,0.0
claude46,dd_25302,T1,0.0,0.0
claude46,dd_25302,T2,0.0,0.0
claude46,dd_25302,T3,0.0,0.0
claude46,dd_25302,T4,0.0,0.0
claude46,dd_25868,T1,1.0,0.0
claude46,dd_25868,T2,1.0,0.0
claude46,dd_25868,T3,1.0,0.0
claude46,dd_25868,T4,1.0,0.0
claude46,dd_26178,T1,0.0,0.0
claude46,dd_26178,T2,0.0,0.0
claude46,dd_26178,T3,0.0,0.0
claude46,dd_26178,T4,0.0,0.0
claude46,dd_26321,T1,1.0,0.0
claude46,dd_26321,T2,1.0,0.0
claude46,dd_26321,T3,1.0,0.0
claude46,dd_26321,T4,1.0,0.0
claude46,dd_27524,T1,0.0,0.0
claude46,dd_27524,T2,0.0,0.0
claude46,dd_27524,T3,0.0,0.0
claude46,dd_27524,T4,0.0,0.0
claude46,dd_27558,T1,0.0,0.0
claude46,dd_27558,T2,0.0,0.0
claude46,dd_27558,T3,0.0,0.0
claude46,dd_27558,T4,0.0,0.0
claude46,dd_28814,T1,0.0,0.0
claude46,dd_28814,T2,0.0,0.0
claude46,dd_28814,T3,0.0,0.0
claude46,dd_28814,T4,0.0,0.0
claude46,dd_29978,T1,1.0,0.25
claude46,dd_29978,T2,0.5,-0.25
claude46,dd_29978,T3,0.5,-0.25
claude46,dd_29978,T4,1.0,0.25
claude46,dd_30131,T1,0.0,0.0
claude46,dd_30131,T2,0.0,0.0
claude46,dd_30131,T3,0.0,0.0
claude46,dd_30131,T4,0.0,0.0
claude46,dd_30899,T1,1.0,0.0
claude46,dd_30899,T2,1.0,0.0
claude46,dd_30899,T3,1.0,0.0
claude46,dd_30899,T4,1.0,0.0
claude46,dd_31129,T1,0.0,0.0
claude46,dd_31129,T2,0.0,0.0
claude46,dd_31129,T3,0.0,0.0
claude46,dd_31129,T4,0.0,0.0
claude46,dd_32872,T1,0.0,0.0
claude46,dd_32872,T2,0.0,0.0
claude46,dd_32872,T3,0.0,0.0
claude46,dd_32872,T4,0.0,0.0
claude46,dd_33618,T1,1.0,0.25
claude46,dd_33618,T2,1.0,0.25
claude46,dd_33618,T3,0.0,-0.75
claude46,dd_33618,T4,1.0,0.25
claude46,dd_34148,T1,0.0,0.0
claude46,dd_34148,T2,0.0,0.0
claude46,dd_34148,T3,0.0,0.0
claude46,dd_34148,T4,0.0,0.0
claude46,dd_34460,T1,0.0,0.0
claude46,dd_34460,T2,0.0,0.0
claude46,dd_34460,T3,0.0,0.0
claude46,dd_34460,T4,0.0,0.0
claude46,dd_35732,T1,0.0,0.0
claude46,dd_35732,T2,0.0,0.0
claude46,dd_35732,T3,0.0,0.0
claude46,dd_35732,T4,0.0,0.0
claude46,dd_36819,T1,0.0,0.0
claude46,dd_36819,T2,0.0,0.0
claude46,dd_36819,T3,0.0,0.0
claude46,dd_36819,T4,0.0,0.0
claude46,dd_37249,T1,1.0,0.0
claude46,dd_37249,T2,1.0,0.0
claude46,dd_37249,T3,1.0,0.0
claude46,dd_37249,T4,1.0,0.0
claude46,dd_37490,T1,1.0,0.0
claude46,dd_37490,T2,1.0,0.0
claude46,dd_37490,T3,1.0,0.0
claude46,dd_37490,T4,1.0,0.0
claude46,dd_38533,T1,0.0,0.0
claude46,dd_38533,T2,0.0,0.0
claude46,dd_38533,T3,0.0,0.0
claude46,dd_38533,T4,0.0,0.0
claude46,dd_39199,T1,1.0,0.03125
claude46,dd_39199,T2,0.875,-0.09375
claude46,dd_39199,T3,1.0,0.03125
claude46,dd_39199,T4,1.0,0.03125
claude46,dd_42860,T1,0.0,0.0
claude46,dd_42860,T2,0.0,0.0
claude46,dd_42860,T3,0.0,0.0
claude46,dd_42860,T4,0.0,0.0
claude46,dd_44063,T1,1.0,0.0
claude46,dd_44063,T2,1.0,0.0
claude46,dd_44063,T3,1.0,0.0
claude46,dd_44063,T4,1.0,0.0
claude46,dd_44380,T1,1.0,0.0
claude46,dd_44380,T2,1.0,0.0
claude46,dd_44380,T3,1.0,0.0
claude46,dd_44380,T4,1.0,0.0
claude46,dd_45938,T1,0.0,0.0
claude46,dd_45938,T2,0.0,0.0
claude46,dd_45938,T3,0.0,0.0
claude46,dd_45938,T4,0.0,0.0
claude46,dd_46859,T1,0.0,0.0
claude46,dd_46859,T2,0.0,0.0
claude46,dd_46859,T3,0.0,0.0
claude46,dd_46859,T4,0.0,0.0
claude46,dd_47886,T1,0.0,-0.1625
claude46,dd_47886,T2,0.15000000000000002,-0.012499999999999983
claude46,dd_47886,T3,0.0,-0.1625
claude46,dd_47886,T4,0.5,0.3375
claude46,dd_5570,T1,1.0,0.0
claude46,dd_5570,T2,1.0,0.0
claude46,dd_5570,T3,1.0,0.0
claude46,dd_5570,T4,1.0,0.0
claude46,dd_6488,T1,0.0,0.0
claude46,dd_6488,T2,0.0,0.0
claude46,dd_6488,T3,0.0,0.0
claude46,dd_6488,T4,0.0,0.0
claude46,dd_6826,T1,1.0,0.0
claude46,dd_6826,T2,1.0,0.0
claude46,dd_6826,T3,1.0,0.0
claude46,dd_6826,T4,1.0,0.0
claude46,dd_6868,T1,0.0,-0.0125
claude46,dd_6868,T2,0.0,-0.0125
claude46,dd_6868,T3,0.05,0.037500000000000006
claude46,dd_6868,T4,0.0,-0.0125
claude46,dd_7687,T1,1.0,0.0
claude46,dd_7687,T2,1.0,0.0
claude46,dd_7687,T3,1.0,0.0
claude46,dd_7687,T4,1.0,0.0
claude46,dd_8580,T1,0.0,0.0
claude46,dd_8580,T2,0.0,0.0
claude46,dd_8580,T3,0.0,0.0
claude46,dd_8580,T4,0.0,0.0
claude46,dd_9595,T1,1.0,0.0
claude46,dd_9595,T2,1.0,0.0
claude46,dd_9595,T3,1.0,0.0
claude46,dd_9595,T4,1.0,0.0
claude46,dd_9899,T1,1.0,0.0
claude46,dd_9899,T2,1.0,0.0
claude46,dd_9899,T3,1.0,0.0
claude46,dd_9899,T4,1.0,0.0
claude46,dd_9955,T1,1.0,0.5
claude46,dd_9955,T2,0.0,-0.5
claude46,dd_9955,T3,1.0,0.5
claude46,dd_9955,T4,0.0,-0.5
claude46,mc_C_034,T1,1.0,0.0
claude46,mc_C_034,T2,1.0,0.0
claude46,mc_C_034,T3,1.0,0.0
claude46,mc_C_034,T4,1.0,0.0
claude46,mc_C_1095,T1,1.0,0.0
claude46,mc_C_1095,T2,1.0,0.0
claude46,mc_C_1095,T3,1.0,0.0
claude46,mc_C_1095,T4,1.0,0.0
claude46,mc_C_1216,T1,1.0,0.0
claude46,mc_C_1216,T2,1.0,0.0
claude46,mc_C_1216,T3,1.0,0.0
claude46,mc_C_1216,T4,1.0,0.0
claude46,mc_C_183,T1,1.0,0.0
claude46,mc_C_183,T2,1.0,0.0
claude46,mc_C_183,T3,1.0,0.0
claude46,mc_C_183,T4,1.0,0.0
claude46,mc_C_291,T1,1.0,0.0
claude46,mc_C_291,T2,1.0,0.0
claude46,mc_C_291,T3,1.0,0.0
claude46,mc_C_291,T4,1.0,0.0
claude46,mc_C_467,T1,1.0,0.0
claude46,mc_C_467,T2,1.0,0.0
claude46,mc_C_467,T3,1.0,0.0
claude46,mc_C_467,T4,1.0,0.0
claude46,mc_C_527,T1,1.0,0.0
claude46,mc_C_527,T2,1.0,0.0
claude46,mc_C_527,T3,1.0,0.0
claude46,mc_C_527,T4,1.0,0.0
claude46,mc_C_675,T1,1.0,0.0
claude46,mc_C_675,T2,1.0,0.0
claude46,mc_C_675,T3,1.0,0.0
claude46,mc_C_675,T4,1.0,0.0
claude46,mc_C_772,T1,1.0,0.0
claude46,mc_C_772,T2,1.0,0.0
claude46,mc_C_772,T3,1.0,0.0
claude46,mc_C_772,T4,1.0,0.0
claude46,mc_C_941,T1,1.0,0.0
claude46,mc_C_941,T2,1.0,0.0
claude46,mc_C_941,T3,1.0,0.0
claude46,mc_C_941,T4,1.0,0.0
claude46,mc_G_005,T1,1.0,0.0
claude46,mc_G_005,T2,1.0,0.0
claude46,mc_G_005,T3,1.0,0.0
claude46,mc_G_005,T4,1.0,0.0
claude46,mc_G_037,T1,1.0,0.0
claude46,mc_G_037,T2,1.0,0.0
claude46,mc_G_037,T3,1.0,0.0
claude46,mc_G_037,T4,1.0,0.0
claude46,mc_G_064,T1,0.0,0.0
claude46,mc_G_064,T2,0.0,0.0
claude46,mc_G_064,T3,0.0,0.0
claude46,mc_G_064,T4,0.0,0.0
claude46,mc_G_086,T1,1.0,0.0
claude46,mc_G_086,T2,1.0,0.0
claude46,mc_G_086,T3,1.0,0.0
claude46,mc_G_086,T4,1.0,0.0
claude46,mc_G_112,T1,0.675,0.25625000000000003
claude46,mc_G_112,T2,0.0,-0.41875
claude46,mc_G_112,T3,1.0,0.58125
claude46,mc_G_112,T4,0.0,-0.41875
claude46,mc_G_135,T1,1.0,0.0
claude46,mc_G_135,T2,1.0,0.0
claude46,mc_G_135,T3,1.0,0.0
claude46,mc_G_135,T4,1.0,0.0
claude46,mc_G_156,T1,1.0,0.0
claude46,mc_G_156,T2,1.0,0.0
claude46,mc_G_156,T3,1.0,0.0
claude46,mc_G_156,T4,1.0,0.0
claude46,mc_G_179,T1,1.0,0.0
claude46,mc_G_179,T2,1.0,0.0
claude46,mc_G_179,T3,1.0,0.0
claude46,mc_G_179,T4,1.0,0.0
claude46,mc_G_186,T1,0.0,0.0
claude46,mc_G_186,T2,0.0,0.0
claude46,mc_G_186,T3,0.0,0.0
claude46,mc_G_186,T4,0.0,0.0
claude46,mc_G_235,T1,1.0,0.0
claude46,mc_G_235,T2,1.0,0.0
claude46,mc_G_235,T3,1.0,0.0
claude46,mc_G_235,T4,1.0,0.0
claude46,mc_G_236,T1,0.0,0.0
claude46,mc_G_236,T2,0.0,0.0
claude46,mc_G_236,T3,0.0,0.0
claude46,mc_G_236,T4,0.0,0.0
claude46,mc_G_288,T1,1.0,0.0
claude46,mc_G_288,T2,1.0,0.0
claude46,mc_G_288,T3,1.0,0.0
claude46,mc_G_288,T4,1.0,0.0
claude46,mc_G_302,T1,1.0,0.018750000000000044
claude46,mc_G_302,T2,1.0,0.018750000000000044
claude46,mc_G_302,T3,1.0,0.018750000000000044
claude46,mc_G_302,T4,0.925,-0.05624999999999991
claude46,mc_G_365,T1,1.0,0.0
claude46,mc_G_365,T2,1.0,0.0
claude46,mc_G_365,T3,1.0,0.0
claude46,mc_G_365,T4,1.0,0.0
claude46,mc_G_373,T1,0.0,0.0
claude46,mc_G_373,T2,0.0,0.0
claude46,mc_G_373,T3,0.0,0.0
claude46,mc_G_373,T4,0.0,0.0
claude46,mc_G_385,T1,1.0,0.0
claude46,mc_G_385,T2,1.0,0.0
claude46,mc_G_385,T3,1.0,0.0
claude46,mc_G_385,T4,1.0,0.0
claude46,mc_G_397,T1,1.0,0.0
claude46,mc_G_397,T2,1.0,0.0
claude46,mc_G_397,T3,1.0,0.0
claude46,mc_G_397,T4,1.0,0.0
claude46,mc_G_431,T1,1.0,0.0
claude46,mc_G_431,T2,1.0,0.0
claude46,mc_G_431,T3,1.0,0.0
claude46,mc_G_431,T4,1.0,0.0
claude46,mc_G_453,T1,1.0,0.0
claude46,mc_G_453,T2,1.0,0.0
claude46,mc_G_453,T3,1.0,0.0
claude46,mc_G_453,T4,1.0,0.0
claude46,mc_G_492,T1,1.0,0.0
claude46,mc_G_492,T2,1.0,0.0
claude46,mc_G_492,T3,1.0,0.0
claude46,mc_G_492,T4,1.0,0.0
claude46,mc_G_572,T1,1.0,0.0
claude46,mc_G_572,T2,1.0,0.0
claude46,mc_G_572,T3,1.0,0.0
claude46,mc_G_572,T4,1.0,0.0
claude46,mc_G_595,T1,1.0,0.0
claude46,mc_G_595,T2,1.0,0.0
claude46,mc_G_595,T3,1.0,0.0
claude46,mc_G_595,T4,1.0,0.0
claude46,mc_G_601,T1,0.0,0.0
claude46,mc_G_601,T2,0.0,0.0
claude46,mc_G_601,T3,0.0,0.0
claude46,mc_G_601,T4,0.0,0.0
claude46,mc_H_035,T1,0.0,0.0
claude46,mc_H_035,T2,0.0,0.0
claude46,mc_H_035,T3,0.0,0.0
claude46,mc_H_035,T4,0.0,0.0
claude46,mc_H_044,T1,1.0,0.0
claude46,mc_H_044,T2,1.0,0.0
claude46,mc_H_044,T3,1.0,0.0
claude46,mc_H_044,T4,1.0,0.0
claude46,mc_H_049,T1,0.0,-0.25
claude46,mc_H_049,T2,0.0,-0.25
claude46,mc_H_049,T3,0.0,-0.25
claude46,mc_H_049,T4,1.0,0.75
claude46,mc_H_060,T1,1.0,0.0
claude46,mc_H_060,T2,1.0,0.0
claude46,mc_H_060,T3,1.0,0.0
claude46,mc_H_060,T4,1.0,0.0
claude46,mc_H_066,T1,0.0,0.0
claude46,mc_H_066,T2,0.0,0.0
claude46,mc_H_066,T3,0.0,0.0
claude46,mc_H_066,T4,0.0,0.0
claude46,mc_H_072,T1,1.0,0.0
claude46,mc_H_072,T2,1.0,0.0
claude46,mc_H_072,T3,1.0,0.0
claude46,mc_H_072,T4,1.0,0.0
claude46,mc_H_073,T1,0.0,-0.50625
claude46,mc_H_073,T2,1.0,0.49375
claude46,mc_H_073,T3,0.575,0.06874999999999998
claude46,mc_H_073,T4,0.45,-0.05624999999999997
claude_haiku45,dd_0107,T1,0.0,0.0
claude_haiku45,dd_0107,T2,0.0,0.0
claude_haiku45,dd_0107,T3,0.0,0.0
claude_haiku45,dd_0107,T4,0.0,0.0
claude_haiku45,dd_0283,T1,0.0,0.0
claude_haiku45,dd_0283,T2,0.0,0.0
claude_haiku45,dd_0283,T3,0.0,0.0
claude_haiku45,dd_0283,T4,0.0,0.0
claude_haiku45,dd_11241,T1,0.0,-0.00625
claude_haiku45,dd_11241,T2,0.025,0.018750000000000003
claude_haiku45,dd_11241,T3,0.0,-0.00625
claude_haiku45,dd_11241,T4,0.0,-0.00625
claude_haiku45,dd_13518,T1,0.0,0.0
claude_haiku45,dd_13518,T2,0.0,0.0
claude_haiku45,dd_13518,T3,0.0,0.0
claude_haiku45,dd_13518,T4,0.0,0.0
claude_haiku45,dd_14408,T1,1.0,0.0
claude_haiku45,dd_14408,T2,1.0,0.0
claude_haiku45,dd_14408,T3,1.0,0.0
claude_haiku45,dd_14408,T4,1.0,0.0
claude_haiku45,dd_14818,T1,0.5,-0.125
claude_haiku45,dd_14818,T2,1.0,0.375
claude_haiku45,dd_14818,T3,0.5,-0.125
claude_haiku45,dd_14818,T4,0.5,-0.125
claude_haiku45,dd_15810,T1,0.975,-0.018750000000000044
claude_haiku45,dd_15810,T2,1.0,0.006249999999999978
claude_haiku45,dd_15810,T3,1.0,0.006249999999999978
claude_haiku45,dd_15810,T4,1.0,0.006249999999999978
claude_haiku45,dd_17929,T1,0.0,0.0
claude_haiku45,dd_17929,T2,0.0,0.0
claude_haiku45,dd_17929,T3,0.0,0.0
claude_haiku45,dd_17929,T4,0.0,0.0
claude_haiku45,dd_1808,T1,1.0,0.0
claude_haiku45,dd_1808,T2,1.0,0.0
claude_haiku45,dd_1808,T3,1.0,0.0
claude_haiku45,dd_1808,T4,1.0,0.0
claude_haiku45,dd_1814,T1,0.0,0.0
claude_haiku45,dd_1814,T2,0.0,0.0
claude_haiku45,dd_1814,T3,0.0,0.0
claude_haiku45,dd_1814,T4,0.0,0.0
claude_haiku45,dd_18223,T1,0.0,0.0
claude_haiku45,dd_18223,T2,0.0,0.0
claude_haiku45,dd_18223,T3,0.0,0.0
claude_haiku45,dd_18223,T4,0.0,0.0
claude_haiku45,dd_18643,T1,1.0,0.0
claude_haiku45,dd_18643,T2,1.0,0.0
claude_haiku45,dd_18643,T3,1.0,0.0
claude_haiku45,dd_18643,T4,1.0,0.0
claude_haiku45,dd_18670,T1,1.0,0.0
claude_haiku45,dd_18670,T2,1.0,0.0
claude_haiku45,dd_18670,T3,1.0,0.0
claude_haiku45,dd_18670,T4,1.0,0.0
claude_haiku45,dd_2081,T1,1.0,0.0
claude_haiku45,dd_2081,T2,1.0,0.0
claude_haiku45,dd_2081,T3,1.0,0.0
claude_haiku45,dd_2081,T4,1.0,0.0
claude_haiku45,dd_21158,T1,1.0,0.0
claude_haiku45,dd_21158,T2,1.0,0.0
claude_haiku45,dd_21158,T3,1.0,0.0
claude_haiku45,dd_21158,T4,1.0,0.0
claude_haiku45,dd_21629,T1,1.0,0.0
claude_haiku45,dd_21629,T2,1.0,0.0
claude_haiku45,dd_21629,T3,1.0,0.0
claude_haiku45,dd_21629,T4,1.0,0.0
claude_haiku45,dd_21630,T1,0.0,0.0
claude_haiku45,dd_21630,T2,0.0,0.0
claude_haiku45,dd_21630,T3,0.0,0.0
claude_haiku45,dd_21630,T4,0.0,0.0
claude_haiku45,dd_22819,T1,0.0,0.0
claude_haiku45,dd_22819,T2,0.0,0.0
claude_haiku45,dd_22819,T3,0.0,0.0
claude_haiku45,dd_22819,T4,0.0,0.0
claude_haiku45,dd_23534,T1,0.75,0.06666666666666665
claude_haiku45,dd_23534,T2,0.6916666666666667,0.008333333333333304
claude_haiku45,dd_23534,T3,0.5,-0.18333333333333335
claude_haiku45,dd_23534,T4,0.7916666666666666,0.10833333333333328
claude_haiku45,dd_24260,T1,0.0,0.0
claude_haiku45,dd_24260,T2,0.0,0.0
claude_haiku45,dd_24260,T3,0.0,0.0
claude_haiku45,dd_24260,T4,0.0,0.0
claude_haiku45,dd_24405,T1,0.0,0.0
claude_haiku45,dd_24405,T2,0.0,0.0
claude_haiku45,dd_24405,T3,0.0,0.0
claude_haiku45,dd_24405,T4,0.0,0.0
claude_haiku45,dd_24975,T1,1.0,0.0
claude_haiku45,dd_24975,T2,1.0,0.0
claude_haiku45,dd_24975,T3,1.0,0.0
claude_haiku45,dd_24975,T4,1.0,0.0
claude_haiku45,dd_25137,T1,1.0,0.0
claude_haiku45,dd_25137,T2,1.0,0.0
claude_haiku45,dd_25137,T3,1.0,0.0
claude_haiku45,dd_25137,T4,1.0,0.0
claude_haiku45,dd_25302,T1,0.0,0.0
claude_haiku45,dd_25302,T2,0.0,0.0
claude_haiku45,dd_25302,T3,0.0,0.0
claude_haiku45,dd_25302,T4,0.0,0.0
claude_haiku45,dd_25868,T1,1.0,0.11875000000000002
claude_haiku45,dd_25868,T2,0.625,-0.25625
claude_haiku45,dd_25868,T3,1.0,0.11875000000000002
claude_haiku45,dd_25868,T4,0.9,0.018750000000000044
claude_haiku45,dd_26178,T1,0.0,0.0
claude_haiku45,dd_26178,T2,0.0,0.0
claude_haiku45,dd_26178,T3,0.0,0.0
claude_haiku45,dd_26178,T4,0.0,0.0
claude_haiku45,dd_26321,T1,1.0,0.0
claude_haiku45,dd_26321,T2,1.0,0.0
claude_haiku45,dd_26321,T3,1.0,0.0
claude_haiku45,dd_26321,T4,1.0,0.0
claude_haiku45,dd_27524,T1,0.0,0.0
claude_haiku45,dd_27524,T2,0.0,0.0
claude_haiku45,dd_27524,T3,0.0,0.0
claude_haiku45,dd_27524,T4,0.0,0.0
claude_haiku45,dd_27558,T1,0.0,0.0
claude_haiku45,dd_27558,T2,0.0,0.0
claude_haiku45,dd_27558,T3,0.0,0.0
claude_haiku45,dd_27558,T4,0.0,0.0
claude_haiku45,dd_28814,T1,0.0,0.0
claude_haiku45,dd_28814,T2,0.0,0.0
claude_haiku45,dd_28814,T3,0.0,0.0
claude_haiku45,dd_28814,T4,0.0,0.0
claude_haiku45,dd_29978,T1,1.0,0.0
claude_haiku45,dd_29978,T2,1.0,0.0
claude_haiku45,dd_29978,T3,1.0,0.0
claude_haiku45,dd_29978,T4,1.0,0.0
claude_haiku45,dd_30131,T1,0.0,0.0
claude_haiku45,dd_30131,T2,0.0,0.0
claude_haiku45,dd_30131,T3,0.0,0.0
claude_haiku45,dd_30131,T4,0.0,0.0
claude_haiku45,dd_30899,T1,1.0,0.0
claude_haiku45,dd_30899,T2,1.0,0.0
claude_haiku45,dd_30899,T3,1.0,0.0
claude_haiku45,dd_30899,T4,1.0,0.0
claude_haiku45,dd_31129,T1,0.0,0.0
claude_haiku45,dd_31129,T2,0.0,0.0
claude_haiku45,dd_31129,T3,0.0,0.0
claude_haiku45,dd_31129,T4,0.0,0.0
claude_haiku45,dd_32872,T1,0.0,0.0
claude_haiku45,dd_32872,T2,0.0,0.0
claude_haiku45,dd_32872,T3,0.0,0.0
claude_haiku45,dd_32872,T4,0.0,0.0
claude_haiku45,dd_33618,T1,0.5,0.025000000000000022
claude_haiku45,dd_33618,T2,0.5,0.025000000000000022
claude_haiku45,dd_33618,T3,0.45,-0.024999999999999967
claude_haiku45,dd_33618,T4,0.45,-0.024999999999999967
claude_haiku45,dd_34148,T1,0.5499999999999999,0.18749999999999994
claude_haiku45,dd_34148,T2,0.025,-0.33749999999999997
claude_haiku45,dd_34148,T3,0.0,-0.3625
claude_haiku45,dd_34148,T4,0.875,0.5125
claude_haiku45,dd_34460,T1,0.0,0.0
claude_haiku45,dd_34460,T2,0.0,0.0
claude_haiku45,dd_34460,T3,0.0,0.0
claude_haiku45,dd_34460,T4,0.0,0.0
claude_haiku45,dd_35732,T1,0.0,0.0
claude_haiku45,dd_35732,T2,0.0,0.0
claude_haiku45,dd_35732,T3,0.0,0.0
claude_haiku45,dd_35732,T4,0.0,0.0
claude_haiku45,dd_36819,T1,0.0,0.0
claude_haiku45,dd_36819,T2,0.0,0.0
claude_haiku45,dd_36819,T3,0.0,0.0
claude_haiku45,dd_36819,T4,0.0,0.0
claude_haiku45,dd_37249,T1,1.0,0.012499999999999956
claude_haiku45,dd_37249,T2,1.0,0.012499999999999956
claude_haiku45,dd_37249,T3,1.0,0.012499999999999956
claude_haiku45,dd_37249,T4,0.95,-0.03750000000000009
claude_haiku45,dd_37490,T1,1.0,0.0
claude_haiku45,dd_37490,T2,1.0,0.0
claude_haiku45,dd_37490,T3,1.0,0.0
claude_haiku45,dd_37490,T4,1.0,0.0
claude_haiku45,dd_38533,T1,0.0,0.0
claude_haiku45,dd_38533,T2,0.0,0.0
claude_haiku45,dd_38533,T3,0.0,0.0
claude_haiku45,dd_38533,T4,0.0,0.0
claude_haiku45,dd_39199,T1,1.0,0.0
claude_haiku45,dd_39199,T2,1.0,0.0
claude_haiku45,dd_39199,T3,1.0,0.0
claude_haiku45,dd_39199,T4,1.0,0.0
claude_haiku45,dd_42860,T1,0.0,0.0
claude_haiku45,dd_42860,T2,0.0,0.0
claude_haiku45,dd_42860,T3,0.0,0.0
claude_haiku45,dd_42860,T4,0.0,0.0
claude_haiku45,dd_44063,T1,0.925,0.39375000000000004
claude_haiku45,dd_44063,T2,0.0,-0.53125
claude_haiku45,dd_44063,T3,0.5,-0.03125
claude_haiku45,dd_44063,T4,0.7,0.16874999999999996
claude_haiku45,dd_44380,T1,1.0,0.0
claude_haiku45,dd_44380,T2,1.0,0.0
claude_haiku45,dd_44380,T3,1.0,0.0
claude_haiku45,dd_44380,T4,1.0,0.0
claude_haiku45,dd_45938,T1,0.0,0.0
claude_haiku45,dd_45938,T2,0.0,0.0
claude_haiku45,dd_45938,T3,0.0,0.0
claude_haiku45,dd_45938,T4,0.0,0.0
claude_haiku45,dd_46859,T1,0.0,0.0
claude_haiku45,dd_46859,T2,0.0,0.0
claude_haiku45,dd_46859,T3,0.0,0.0
claude_haiku45,dd_46859,T4,0.0,0.0
claude_haiku45,dd_47886,T1,0.875,-0.06875000000000009
claude_haiku45,dd_47886,T2,1.0,0.05624999999999991
claude_haiku45,dd_47886,T3,0.975,0.03124999999999989
claude_haiku45,dd_47886,T4,0.925,-0.018750000000000044
claude_haiku45,dd_5570,T1,1.0,0.0
claude_haiku45,dd_5570,T2,1.0,0.0
claude_haiku45,dd_5570,T3,1.0,0.0
claude_haiku45,dd_5570,T4,1.0,0.0
claude_haiku45,dd_6488,T1,0.0,0.0
claude_haiku45,dd_6488,T2,0.0,0.0
claude_haiku45,dd_6488,T3,0.0,0.0
claude_haiku45,dd_6488,T4,0.0,0.0
claude_haiku45,dd_6826,T1,1.0,0.0
claude_haiku45,dd_6826,T2,1.0,0.0
claude_haiku45,dd_6826,T3,1.0,0.0
claude_haiku45,dd_6826,T4,1.0,0.0
claude_haiku45,dd_6868,T1,0.0,0.0
claude_haiku45,dd_6868,T2,0.0,0.0
claude_haiku45,dd_6868,T3,0.0,0.0
claude_haiku45,dd_6868,T4,0.0,0.0
claude_haiku45,dd_7687,T1,1.0,0.0
claude_haiku45,dd_7687,T2,1.0,0.0
claude_haiku45,dd_7687,T3,1.0,0.0
claude_haiku45,dd_7687,T4,1.0,0.0
claude_haiku45,dd_8580,T1,1.0,0.375
claude_haiku45,dd_8580,T2,0.925,0.30000000000000004
claude_haiku45,dd_8580,T3,0.45,-0.175
claude_haiku45,dd_8580,T4,0.125,-0.5
claude_haiku45,dd_9595,T1,1.0,0.0
claude_haiku45,dd_9595,T2,1.0,0.0
claude_haiku45,dd_9595,T3,1.0,0.0
claude_haiku45,dd_9595,T4,1.0,0.0
claude_haiku45,dd_9899,T1,1.0,0.0
claude_haiku45,dd_9899,T2,1.0,0.0
claude_haiku45,dd_9899,T3,1.0,0.0
claude_haiku45,dd_9899,T4,1.0,0.0
claude_haiku45,dd_9955,T1,0.5,0.19374999999999998
claude_haiku45,dd_9955,T2,0.0,-0.30625
claude_haiku45,dd_9955,T3,0.725,0.41874999999999996
claude_haiku45,dd_9955,T4,0.0,-0.30625
claude_haiku45,mc_C_034,T1,1.0,0.0
claude_haiku45,mc_C_034,T2,1.0,0.0
claude_haiku45,mc_C_034,T3,1.0,0.0
claude_haiku45,mc_C_034,T4,1.0,0.0
claude_haiku45,mc_C_1095,T1,1.0,0.0
claude_haiku45,mc_C_1095,T2,1.0,0.0
claude_haiku45,mc_C_1095,T3,1.0,0.0
claude_haiku45,mc_C_1095,T4,1.0,0.0
claude_haiku45,mc_C_1216,T1,1.0,0.0
claude_haiku45,mc_C_1216,T2,1.0,0.0
claude_haiku45,mc_C_1216,T3,1.0,0.0
claude_haiku45,mc_C_1216,T4,1.0,0.0
claude_haiku45,mc_C_183,T1,1.0,0.0
claude_haiku45,mc_C_183,T2,1.0,0.0
claude_haiku45,mc_C_183,T3,1.0,0.0
claude_haiku45,mc_C_183,T4,1.0,0.0
claude_haiku45,mc_C_291,T1,1.0,0.0
claude_haiku45,mc_C_291,T2,1.0,0.0
claude_haiku45,mc_C_291,T3,1.0,0.0
claude_haiku45,mc_C_291,T4,1.0,0.0
claude_haiku45,mc_C_467,T1,1.0,0.0
claude_haiku45,mc_C_467,T2,1.0,0.0
claude_haiku45,mc_C_467,T3,1.0,0.0
claude_haiku45,mc_C_467,T4,1.0,0.0
claude_haiku45,mc_C_527,T1,1.0,0.0
claude_haiku45,mc_C_527,T2,1.0,0.0
claude_haiku45,mc_C_527,T3,1.0,0.0
claude_haiku45,mc_C_527,T4,1.0,0.0
claude_haiku45,mc_C_675,T1,1.0,0.0
claude_haiku45,mc_C_675,T2,1.0,0.0
claude_haiku45,mc_C_675,T3,1.0,0.0
claude_haiku45,mc_C_675,T4,1.0,0.0
claude_haiku45,mc_C_772,T1,1.0,0.0
claude_haiku45,mc_C_772,T2,1.0,0.0
claude_haiku45,mc_C_772,T3,1.0,0.0
claude_haiku45,mc_C_772,T4,1.0,0.0
claude_haiku45,mc_C_941,T1,1.0,0.0
claude_haiku45,mc_C_941,T2,1.0,0.0
claude_haiku45,mc_C_941,T3,1.0,0.0
claude_haiku45,mc_C_941,T4,1.0,0.0
claude_haiku45,mc_G_005,T1,1.0,0.0
claude_haiku45,mc_G_005,T2,1.0,0.0
claude_haiku45,mc_G_005,T3,1.0,0.0
claude_haiku45,mc_G_005,T4,1.0,0.0
claude_haiku45,mc_G_037,T1,1.0,0.0
claude_haiku45,mc_G_037,T2,1.0,0.0
claude_haiku45,mc_G_037,T3,1.0,0.0
claude_haiku45,mc_G_037,T4,1.0,0.0
claude_haiku45,mc_G_064,T1,0.0,0.0
claude_haiku45,mc_G_064,T2,0.0,0.0
claude_haiku45,mc_G_064,T3,0.0,0.0
claude_haiku45,mc_G_064,T4,0.0,0.0
claude_haiku45,mc_G_086,T1,1.0,0.0
claude_haiku45,mc_G_086,T2,1.0,0.0
claude_haiku45,mc_G_086,T3,1.0,0.0
claude_haiku45,mc_G_086,T4,1.0,0.0
claude_haiku45,mc_G_112,T1,1.0,0.0
claude_haiku45,mc_G_112,T2,1.0,0.0
claude_haiku45,mc_G_112,T3,1.0,0.0
claude_haiku45,mc_G_112,T4,1.0,0.0
claude_haiku45,mc_G_135,T1,0.5,-0.11875000000000002
claude_haiku45,mc_G_135,T2,0.5,-0.11875000000000002
claude_haiku45,mc_G_135,T3,0.5,-0.11875000000000002
claude_haiku45,mc_G_135,T4,0.975,0.35624999999999996
claude_haiku45,mc_G_156,T1,1.0,0.0
claude_haiku45,mc_G_156,T2,1.0,0.0
claude_haiku45,mc_G_156,T3,1.0,0.0
claude_haiku45,mc_G_156,T4,1.0,0.0
claude_haiku45,mc_G_179,T1,1.0,0.0
claude_haiku45,mc_G_179,T2,1.0,0.0
claude_haiku45,mc_G_179,T3,1.0,0.0
claude_haiku45,mc_G_179,T4,1.0,0.0
claude_haiku45,mc_G_186,T1,0.0,0.0
claude_haiku45,mc_G_186,T2,0.0,0.0
claude_haiku45,mc_G_186,T3,0.0,0.0
claude_haiku45,mc_G_186,T4,0.0,0.0
claude_haiku45,mc_G_235,T1,1.0,0.0
claude_haiku45,mc_G_235,T2,1.0,0.0
claude_haiku45,mc_G_235,T3,1.0,0.0
claude_haiku45,mc_G_235,T4,1.0,0.0
claude_haiku45,mc_G_236,T1,0.0,0.0
claude_haiku45,mc_G_236,T2,0.0,0.0
claude_haiku45,mc_G_236,T3,0.0,0.0
claude_haiku45,mc_G_236,T4,0.0,0.0
claude_haiku45,mc_G_288,T1,1.0,0.0
claude_haiku45,mc_G_288,T2,1.0,0.0
claude_haiku45,mc_G_288,T3,1.0,0.0
claude_haiku45,mc_G_288,T4,1.0,0.0
claude_haiku45,mc_G_302,T1,0.0,-0.21250000000000002
claude_haiku45,mc_G_302,T2,0.0,-0.21250000000000002
claude_haiku45,mc_G_302,T3,0.8500000000000001,0.6375000000000001
claude_haiku45,mc_G_302,T4,0.0,-0.21250000000000002
claude_haiku45,mc_G_365,T1,1.0,0.0
claude_haiku45,mc_G_365,T2,1.0,0.0
claude_haiku45,mc_G_365,T3,1.0,0.0
claude_haiku45,mc_G_365,T4,1.0,0.0
claude_haiku45,mc_G_373,T1,0.0,0.0
claude_haiku45,mc_G_373,T2,0.0,0.0
claude_haiku45,mc_G_373,T3,0.0,0.0
claude_haiku45,mc_G_373,T4,0.0,0.0
claude_haiku45,mc_G_385,T1,1.0,0.0
claude_haiku45,mc_G_385,T2,1.0,0.0
claude_haiku45,mc_G_385,T3,1.0,0.0
claude_haiku45,mc_G_385,T4,1.0,0.0
claude_haiku45,mc_G_397,T1,1.0,0.0
claude_haiku45,mc_G_397,T2,1.0,0.0
claude_haiku45,mc_G_397,T3,1.0,0.0
claude_haiku45,mc_G_397,T4,1.0,0.0
claude_haiku45,mc_G_431,T1,1.0,0.0
claude_haiku45,mc_G_431,T2,1.0,0.0
claude_haiku45,mc_G_431,T3,1.0,0.0
claude_haiku45,mc_G_431,T4,1.0,0.0
claude_haiku45,mc_G_453,T1,1.0,0.0
claude_haiku45,mc_G_453,T2,1.0,0.0
claude_haiku45,mc_G_453,T3,1.0,0.0
claude_haiku45,mc_G_453,T4,1.0,0.0
claude_haiku45,mc_G_492,T1,1.0,0.0
claude_haiku45,mc_G_492,T2,1.0,0.0
claude_haiku45,mc_G_492,T3,1.0,0.0
claude_haiku45,mc_G_492,T4,1.0,0.0
claude_haiku45,mc_G_572,T1,1.0,0.0
claude_haiku45,mc_G_572,T2,1.0,0.0
claude_haiku45,mc_G_572,T3,1.0,0.0
claude_haiku45,mc_G_572,T4,1.0,0.0
claude_haiku45,mc_G_595,T1,1.0,0.0
claude_haiku45,mc_G_595,T2,1.0,0.0
claude_haiku45,mc_G_595,T3,1.0,0.0
claude_haiku45,mc_G_595,T4,1.0,0.0
claude_haiku45,mc_G_601,T1,0.78125,0.0948660714285714
claude_haiku45,mc_G_601,T2,0.5,-0.1863839285714286
claude_haiku45,mc_G_601,T3,0.9642857142857143,0.2779017857142857
claude_haiku45,mc_G_601,T4,0.5,-0.1863839285714286
claude_haiku45,mc_H_035,T1,0.0,0.0
claude_haiku45,mc_H_035,T2,0.0,0.0
claude_haiku45,mc_H_035,T3,0.0,0.0
claude_haiku45,mc_H_035,T4,0.0,0.0
claude_haiku45,mc_H_044,T1,0.0,0.0
claude_haiku45,mc_H_044,T2,0.0,0.0
claude_haiku45,mc_H_044,T3,0.0,0.0
claude_haiku45,mc_H_044,T4,0.0,0.0
claude_haiku45,mc_H_049,T1,0.0,0.0
claude_haiku45,mc_H_049,T2,0.0,0.0
claude_haiku45,mc_H_049,T3,0.0,0.0
claude_haiku45,mc_H_049,T4,0.0,0.0
claude_haiku45,mc_H_060,T1,1.0,0.0
claude_haiku45,mc_H_060,T2,1.0,0.0
claude_haiku45,mc_H_060,T3,1.0,0.0
claude_haiku45,mc_H_060,T4,1.0,0.0
claude_haiku45,mc_H_066,T1,0.0,0.0
claude_haiku45,mc_H_066,T2,0.0,0.0
claude_haiku45,mc_H_066,T3,0.0,0.0
claude_haiku45,mc_H_066,T4,0.0,0.0
claude_haiku45,mc_H_072,T1,1.0,0.0
claude_haiku45,mc_H_072,T2,1.0,0.0
claude_haiku45,mc_H_072,T3,1.0,0.0
claude_haiku45,mc_H_072,T4,1.0,0.0
claude_haiku45,mc_H_073,T1,1.0,0.0
claude_haiku45,mc_H_073,T2,1.0,0.0
claude_haiku45,mc_H_073,T3,1.0,0.0
claude_haiku45,mc_H_073,T4,1.0,0.0
deepseek_v4,dd_0107,T1,0.735021622345245,0.19834421278681091
deepseek_v4,dd_0107,T2,0.49566013564078437,-0.041017273917649755
deepseek_v4,dd_0107,T3,0.4049286344367762,-0.13174877512165795
deepseek_v4,dd_0107,T4,0.511099245810931,-0.025578163747503102
deepseek_v4,dd_0283,T1,0.00014065062291747314,7.925119773864996e-05
deepseek_v4,dd_0283,T2,3.333391250888713e-05,-2.8065512669936048e-05
deepseek_v4,dd_0283,T3,1.8856906840570694e-05,-4.254251833825249e-05
deepseek_v4,dd_0283,T4,5.2756258448361746e-05,-8.643166730461433e-06
deepseek_v4,dd_11241,T1,0.06821056644864727,0.03400989630572656
deepseek_v4,dd_11241,T2,0.016202270684246574,-0.01799839945867414
deepseek_v4,dd_11241,T3,0.014565955349080745,-0.019634714793839967
deepseek_v4,dd_11241,T4,0.03782388808970825,0.0036232179467875353
deepseek_v4,dd_13518,T1,1.3236176653761489e-05,-2.2407588276896703e-05
deepseek_v4,dd_13518,T2,1.2412725769920205e-05,-2.3231039160737988e-05
deepseek_v4,dd_13518,T3,4.40899748969175e-06,-3.123476744096644e-05
deepseek_v4,dd_13518,T4,0.00011251715980925933,7.687339487860113e-05
deepseek_v4,dd_14408,T1,0.9946513927717437,0.031147227713505643
deepseek_v4,dd_14408,T2,0.9515961487733122,-0.011908016284925882
deepseek_v4,dd_14408,T3,0.9917868699284671,0.028282704870228992
deepseek_v4,dd_14408,T4,0.9159822487594294,-0.04752191629880875
deepseek_v4,dd_14818,T1,0.9720694067636246,0.025268162893644863
deepseek_v4,dd_14818,T2,0.9631678021152185,0.016366558245238694
deepseek_v4,dd_14818,T3,0.8875632803517274,-0.05923796351825239
deepseek_v4,dd_14818,T4,0.9644044862493486,0.017603242379368833
deepseek_v4,dd_15810,T1,0.6311547225397601,0.06254120665102836
deepseek_v4,dd_15810,T2,0.5423541536234437,-0.026259362265288022
deepseek_v4,dd_15810,T3,0.47977987945800726,-0.0888336364307245
deepseek_v4,dd_15810,T4,0.621165307933716,0.05255179204498428
deepseek_v4,dd_17929,T1,0.04363730287048548,-0.11296141100511695
deepseek_v4,dd_17929,T2,0.032614374971188104,-0.12398433890441432
deepseek_v4,dd_17929,T3,0.30316306930625325,0.14656435543065083
deepseek_v4,dd_17929,T4,0.24698010835448286,0.09038139447888044
deepseek_v4,dd_1808,T1,0.9432308485810348,0.02423160295363047
deepseek_v4,dd_1808,T2,0.9050443334807999,-0.013954912146604381
deepseek_v4,dd_1808,T3,0.9089531113995295,-0.010046134227874814
deepseek_v4,dd_1808,T4,0.918768689048253,-0.00023055657915127536
deepseek_v4,dd_1814,T1,0.0372548933655553,0.016358089179791986
deepseek_v4,dd_1814,T2,0.026127706116488087,0.005230901930724775
deepseek_v4,dd_1814,T3,0.0022411036234952888,-0.018655700562268025
deepseek_v4,dd_1814,T4,0.01796351363751457,-0.002933290548248743
deepseek_v4,dd_18223,T1,0.48659382768630133,-0.03010986764186485
deepseek_v4,dd_18223,T2,0.5150231781817686,-0.0016805171463976087
deepseek_v4,dd_18223,T3,0.49662453640138055,-0.020079158926785634
deepseek_v4,dd_18223,T4,0.5685732390432142,0.05186954371504804
deepseek_v4,dd_18643,T1,0.9999974117190004,1.2015158500688905e-05
deepseek_v4,dd_18643,T2,0.999997952520556,1.2555960056337412e-05
deepseek_v4,dd_18643,T3,0.9999909673320773,5.570771577589895e-06
deepseek_v4,dd_18643,T4,0.999955254670365,-3.0141890134727234e-05
deepseek_v4,dd_18670,T1,0.9961520378643471,0.0022365613676817997
deepseek_v4,dd_18670,T2,0.985142956548584,-0.00877251994808137
deepseek_v4,dd_18670,T3,0.9974693750305674,0.003553898533902089
deepseek_v4,dd_18670,T4,0.9968975365431626,0.002982060046497259
deepseek_v4,dd_2081,T1,0.8422379743374453,-0.04837865019879817
deepseek_v4,dd_2081,T2,0.8507953539925979,-0.03982127054364559
deepseek_v4,dd_2081,T3,0.9506902202369728,0.06007359570072934
deepseek_v4,dd_2081,T4,0.918742949577958,0.02812632504171453
deepseek_v4,dd_21158,T1,0.9877474649496352,0.014808835572666545
deepseek_v4,dd_21158,T2,0.975601357134891,0.002662727757922423
deepseek_v4,dd_21158,T3,0.9520625893469462,-0.020876040030022414
deepseek_v4,dd_21158,T4,0.9763431060764025,0.0034044766994338893
deepseek_v4,dd_21629,T1,0.5727428583520855,-0.03278509765698334
deepseek_v4,dd_21629,T2,0.5940795864725694,-0.011448369536499414
deepseek_v4,dd_21629,T3,0.9608111975447653,0.35528324153569646
deepseek_v4,dd_21629,T4,0.2944781816668553,-0.31104977434221354
deepseek_v4,dd_21630,T1,0.4702883832675173,0.07852387955345086
deepseek_v4,dd_21630,T2,0.28957337568345953,-0.10219112803060693
deepseek_v4,dd_21630,T3,0.34963752301192247,-0.04212698070214399
deepseek_v4,dd_21630,T4,0.45755873289336657,0.06579422917930011
deepseek_v4,dd_22819,T1,0.0010988189747196601,-0.001839882510555124
deepseek_v4,dd_22819,T2,0.00391074251660675,0.0009720410313319655
deepseek_v4,dd_22819,T3,0.006001232395135268,0.0030625309098604838
deepseek_v4,dd_22819,T4,0.0007440120546374605,-0.0021946894306373236
deepseek_v4,dd_23534,T1,0.7484510180096565,0.0031228632969685366
deepseek_v4,dd_23534,T2,0.813573547802539,0.068245393089851
deepseek_v4,dd_23534,T3,0.6148254284762691,-0.1305027262364189
deepseek_v4,dd_23534,T4,0.8044626245622872,0.05913446984959925
deepseek_v4,dd_24260,T1,0.15032953271413046,-0.06195201782879148
deepseek_v4,dd_24260,T2,0.299639376361315,0.08735782581839305
deepseek_v4,dd_24260,T3,0.1424700310838416,-0.06981151945908035
deepseek_v4,dd_24260,T4,0.25668726201240066,0.04440571146947872
deepseek_v4,dd_24405,T1,0.00019198811613772824,9.004042312381318e-05
deepseek_v4,dd_24405,T2,2.351700240995364e-05,-7.843069060396142e-05
deepseek_v4,dd_24405,T3,0.00012436542093944406,2.2417727925529003e-05
deepseek_v4,dd_24405,T4,6.792023256853434e-05,-3.402746044538072e-05
deepseek_v4,dd_24975,T1,0.10106707445121121,-0.1149282805054038
deepseek_v4,dd_24975,T2,0.26133535257823576,0.04533999762162075
deepseek_v4,dd_24975,T3,0.4857183003375276,0.26972294538091257
deepseek_v4,dd_24975,T4,0.015860692459485414,-0.2001346624971296
deepseek_v4,dd_25137,T1,0.999259312415162,0.005049396956828045
deepseek_v4,dd_25137,T2,0.9783926562962759,-0.015817259162058006
deepseek_v4,dd_25137,T3,0.9998491127790069,0.005639197320672973
deepseek_v4,dd_25137,T4,0.9993385803428909,0.005128664884556988
deepseek_v4,dd_25302,T1,0.0002503374230480277,-0.001316772284554727
deepseek_v4,dd_25302,T2,0.004061320058109956,0.0024942103505072016
deepseek_v4,dd_25302,T3,0.0008805003841384356,-0.0006866093234643189
deepseek_v4,dd_25302,T4,0.001076280965114598,-0.0004908287424881565
deepseek_v4,dd_25868,T1,0.5726936121559625,0.09439192272666652
deepseek_v4,dd_25868,T2,0.5265319260837227,0.04823023665442672
deepseek_v4,dd_25868,T3,0.2642989361451058,-0.21400275328419016
deepseek_v4,dd_25868,T4,0.549682283332393,0.07138059390309703
deepseek_v4,dd_26178,T1,0.047436009724987765,-0.03937240214348729
deepseek_v4,dd_26178,T2,0.011351657248241357,-0.0754567546202337
deepseek_v4,dd_26178,T3,0.22412055875264458,0.13731214688416954
deepseek_v4,dd_26178,T4,0.06432542174802651,-0.02248299012044855
deepseek_v4,dd_26321,T1,0.9986090857201639,0.003647712241692691
deepseek_v4,dd_26321,T2,0.9929026785614469,-0.002058694917024373
deepseek_v4,dd_26321,T3,0.9990564948701735,0.004095121391702206
deepseek_v4,dd_26321,T4,0.9892772347621006,-0.005684138716370635
deepseek_v4,dd_27524,T1,7.48497964533062e-05,-2.114115665562549e-05
deepseek_v4,dd_27524,T2,7.603247400962878e-05,-1.99584790993029e-05
deepseek_v4,dd_27524,T3,0.00012554495245185686,2.9553999342925177e-05
deepseek_v4,dd_27524,T4,0.00010753658952093484,1.154563641200316e-05
deepseek_v4,dd_27558,T1,0.20278945730322445,-0.021361271128502668
deepseek_v4,dd_27558,T2,0.0835661443563778,-0.14058458407534932
deepseek_v4,dd_27558,T3,0.41949611889237365,0.19534539046064653
deepseek_v4,dd_27558,T4,0.19075119317493264,-0.03339953525679448
deepseek_v4,dd_28814,T1,0.06413474422190014,0.02787952581532712
deepseek_v4,dd_28814,T2,0.01617562615453354,-0.020079592252039483
deepseek_v4,dd_28814,T3,0.052858040914318026,0.016602822507745002
deepseek_v4,dd_28814,T4,0.011852462335540371,-0.024402756071032653
deepseek_v4,dd_29454,T1,0.5375642750002132,-0.18720590644316326
deepseek_v4,dd_29454,T2,0.6081292895399795,-0.11664089190339699
deepseek_v4,dd_29454,T3,0.9509073104553352,0.2261371290119587
deepseek_v4,dd_29454,T4,0.802479850777978,0.07770966933460155
deepseek_v4,dd_29978,T1,0.10480775979194928,-0.017410505410387966
deepseek_v4,dd_29978,T2,0.0275259778242145,-0.09469228737812276
deepseek_v4,dd_29978,T3,0.32754893111325695,0.2053306659109197
deepseek_v4,dd_29978,T4,0.028990392079928262,-0.09322787312240899
deepseek_v4,dd_30131,T1,0.006500310739814318,-0.0017760997332364453
deepseek_v4,dd_30131,T2,0.010859985373606638,0.0025835749005558746
deepseek_v4,dd_30131,T3,0.003861904164981135,-0.004414506308069628
deepseek_v4,dd_30131,T4,0.01188344161380096,0.0036070311407501963
deepseek_v4,dd_30899,T1,0.9980521337334283,0.033704961037968495
deepseek_v4,dd_30899,T2,0.9980932783921168,0.033746105696657036
deepseek_v4,dd_30899,T3,0.9996800076368211,0.0353328349413613
deepseek_v4,dd_30899,T4,0.8615632710194729,-0.10278390167598683
deepseek_v4,dd_31129,T1,2.3746521446435455e-05,-2.107826877545151e-05
deepseek_v4,dd_31129,T2,0.00010389885573531957,5.907406551343261e-05
deepseek_v4,dd_31129,T3,1.8255978441579433e-05,-2.6568811780307533e-05
deepseek_v4,dd_31129,T4,3.339780526421339e-05,-1.1426984957673577e-05
deepseek_v4,dd_32872,T1,0.4158428488498391,-0.02019557489454088
deepseek_v4,dd_32872,T2,0.39391106478551857,-0.04212735895886138
deepseek_v4,dd_32872,T3,0.4767299945641885,0.040691570819808565
deepseek_v4,dd_32872,T4,0.45766978677797365,0.021631363033593698
deepseek_v4,dd_33618,T1,0.013562131561514973,-0.006255682075878713
deepseek_v4,dd_33618,T2,0.04167905053645755,0.02186123689906386
deepseek_v4,dd_33618,T3,0.00037659733575274413,-0.019441216301640942
deepseek_v4,dd_33618,T4,0.023653475115849486,0.0038356614784558
deepseek_v4,dd_34148,T1,0.4197290456309135,0.013109693973272496
deepseek_v4,dd_34148,T2,0.3154171365759538,-0.09120221508168719
deepseek_v4,dd_34148,T3,0.4946788097421701,0.08805945808452909
deepseek_v4,dd_34148,T4,0.39665241468152673,-0.009966936976114282
deepseek_v4,dd_34460,T1,5.7555171836710294e-05,-6.122036157325895e-05
deepseek_v4,dd_34460,T2,1.0899344538796353e-05,-0.00010787618887117289
deepseek_v4,dd_34460,T3,0.00027094173161962,0.00015216619820965075
deepseek_v4,dd_34460,T4,0.0001357058856447503,1.6930352234781045e-05
deepseek_v4,dd_35732,T1,3.8890087721361806e-05,-8.760449584421745e-06
deepseek_v4,dd_35732,T2,4.4501621727332404e-05,-3.1489155784511467e-06
deepseek_v4,dd_35732,T3,4.30509568380426e-05,-4.599580467740953e-06
deepseek_v4,dd_35732,T4,6.415948293639738e-05,1.650894563061383e-05
deepseek_v4,dd_36819,T1,0.28911368122674064,-0.014340183388608763
deepseek_v4,dd_36819,T2,0.15318808873428597,-0.15026577588106343
deepseek_v4,dd_36819,T3,0.10221852560565697,-0.20123533900969243
deepseek_v4,dd_36819,T4,0.6692951628947141,0.36584129827936474
deepseek_v4,dd_37249,T1,0.9822143704980781,0.013004631204182049
deepseek_v4,dd_37249,T2,0.9623878122819576,-0.006821927011938511
deepseek_v4,dd_37249,T3,0.9474331622495884,-0.021776577044307688
deepseek_v4,dd_37249,T4,0.98480361214596,0.015593872852063928
deepseek_v4,dd_37490,T1,0.9998635201536734,-8.062441693801325e-05
deepseek_v4,dd_37490,T2,0.9999607130083865,1.656843777508854e-05
deepseek_v4,dd_37490,T3,0.9999580047103469,1.3860139735477617e-05
deepseek_v4,dd_37490,T4,0.9999943404100387,5.019583942722505e-05
deepseek_v4,dd_38533,T1,0.03728269072351604,-0.065979251679986
deepseek_v4,dd_38533,T2,0.14364509048780455,0.04038314808430252
deepseek_v4,dd_38533,T3,0.06006676133663296,-0.04319518106686907
deepseek_v4,dd_38533,T4,0.17205322706605455,0.06879128466255252
deepseek_v4,dd_39199,T1,0.9833911448835377,0.0035373812059341647
deepseek_v4,dd_39199,T2,0.9842007550924146,0.004346991414810986
deepseek_v4,dd_39199,T3,0.9651518032535549,-0.014701960424048699
deepseek_v4,dd_39199,T4,0.9866713514809073,0.006817587803303771
deepseek_v4,dd_42860,T1,0.025398806727175153,0.010873112411257928
deepseek_v4,dd_42860,T2,0.0034930801217302014,-0.011032614194187024
deepseek_v4,dd_42860,T3,0.023729055961990802,0.009203361646073577
deepseek_v4,dd_42860,T4,0.00548183445277274,-0.009043859863144484
deepseek_v4,dd_44063,T1,0.8153399590375063,0.02518814005932457
deepseek_v4,dd_44063,T2,0.734085584576063,-0.056066234402118775
deepseek_v4,dd_44063,T3,0.7616802763746604,-0.02847154260352136
deepseek_v4,dd_44063,T4,0.8495014559244973,0.059349636946315565
deepseek_v4,dd_44380,T1,0.9924401114157162,0.024929325399595137
deepseek_v4,dd_44380,T2,0.9936723650225403,0.026161579006419244
deepseek_v4,dd_44380,T3,0.985638540710247,0.018127754694125975
deepseek_v4,dd_44380,T4,0.898292126915981,-0.06921865910014002
deepseek_v4,dd_45938,T1,3.5593064792680324e-06,-4.710125549447731e-06
deepseek_v4,dd_45938,T2,1.8942770160365372e-05,1.0673338131649609e-05
deepseek_v4,dd_45938,T3,6.254032904027333e-06,-2.015399124688431e-06
deepseek_v4,dd_45938,T4,4.32161857120232e-06,-3.947813457513444e-06
deepseek_v4,dd_46859,T1,7.987329344410356e-06,-1.7713920916031873e-06
deepseek_v4,dd_46859,T2,8.120322149129833e-06,-1.63839928688371e-06
deepseek_v4,dd_46859,T3,1.0997416616440016e-05,1.238695180426473e-06
deepseek_v4,dd_46859,T4,1.1929817634073969e-05,2.171096198060426e-06
deepseek_v4,dd_47886,T1,0.19068555454614727,-0.03421281752469976
deepseek_v4,dd_47886,T2,0.24941371981931182,0.024515347748464783
deepseek_v4,dd_47886,T3,0.1717365852735555,-0.05316178679729153
deepseek_v4,dd_47886,T4,0.2877576286443736,0.06285925657352656
deepseek_v4,dd_5570,T1,0.9999846196039885,0.00015296428815769758
deepseek_v4,dd_5570,T2,0.9998323910808766,7.357650457784359e-07
deepseek_v4,dd_5570,T3,0.9998442187694969,1.2563453666070146e-05
deepseek_v4,dd_5570,T4,0.9996653918089613,-0.00016626350686954616
deepseek_v4,dd_6488,T1,0.00021406867829315681,-0.0001553223212181442
deepseek_v4,dd_6488,T2,0.0007380326019353541,0.0003686416024240531
deepseek_v4,dd_6488,T3,9.498814532129268e-05,-0.0002744028541900083
deepseek_v4,dd_6488,T4,0.0004304745724954007,6.10835729840997e-05
deepseek_v4,dd_6826,T1,0.9661100507250934,0.018775223079894876
deepseek_v4,dd_6826,T2,0.9500211317621632,0.0026863041169646884
deepseek_v4,dd_6826,T3,0.9144371801769897,-0.03289764746820878
deepseek_v4,dd_6826,T4,0.958770947916548,0.011436120271349548
deepseek_v4,dd_6868,T1,0.675184215896715,0.014805952649786125
deepseek_v4,dd_6868,T2,0.569833364936142,-0.09054489831078683
deepseek_v4,dd_6868,T3,0.5382213118261757,-0.12215695142075311
deepseek_v4,dd_6868,T4,0.8582741603286825,0.1978958970817537
deepseek_v4,dd_7687,T1,0.9999845299134086,2.5971172899930117e-05
deepseek_v4,dd_7687,T2,0.9999156034821564,-4.295525835229519e-05
deepseek_v4,dd_7687,T3,0.9999940740800846,3.551533957590891e-05
deepseek_v4,dd_7687,T4,0.9999400274863853,-1.8531254123321794e-05
deepseek_v4,dd_8580,T1,0.06420249201369942,-0.03678193740315239
deepseek_v4,dd_8580,T2,0.15257933179325184,0.051594902376400034
deepseek_v4,dd_8580,T3,0.004826480652528339,-0.09615794876432346
deepseek_v4,dd_8580,T4,0.18232941320792762,0.08134498379107581
deepseek_v4,dd_9595,T1,0.5683596664518431,-0.06085986033759749
deepseek_v4,dd_9595,T2,0.5309892926272006,-0.09823023416223997
deepseek_v4,dd_9595,T3,0.757623356206733,0.12840382941729245
deepseek_v4,dd_9595,T4,0.6599057918719855,0.030686265082544906
deepseek_v4,dd_9899,T1,0.8765655098044298,0.2272974472239292
deepseek_v4,dd_9899,T2,0.6641414081509782,0.014873345570477592
deepseek_v4,dd_9899,T3,0.2649090281024249,-0.38435903447807573
deepseek_v4,dd_9899,T4,0.7914563042641696,0.14218824168366895
deepseek_v4,dd_9955,T1,0.32561750711262927,-0.02621031835079446
deepseek_v4,dd_9955,T2,0.2984899471641682,-0.053337878299255514
deepseek_v4,dd_9955,T3,0.5704628546458963,0.21863502918247257
deepseek_v4,dd_9955,T4,0.21274099293100102,-0.1390868325324227
deepseek_v4,mc_C_034,T1,0.9999952694495571,-1.70550660039126e-07
deepseek_v4,mc_C_034,T2,0.9999938695808971,-1.570419320029437e-06
deepseek_v4,mc_C_034,T3,0.9999988241867789,3.3841865617612044e-06
deepseek_v4,mc_C_034,T4,0.9999937967836354,-1.6432165816926414e-06
deepseek_v4,mc_C_1095,T1,0.9999993718239407,-5.810229120051247e-08
deepseek_v4,mc_C_1095,T2,0.9999992924410848,-1.3748514715583582e-07
deepseek_v4,mc_C_1095,T3,0.9999997628316142,3.329053822609396e-07
deepseek_v4,mc_C_1095,T4,0.9999992926082881,-1.3731794379356899e-07
deepseek_v4,mc_C_1216,T1,0.9999980998104258,-4.359078797921967e-08
deepseek_v4,mc_C_1216,T2,0.9999980970574459,-4.634376782330918e-08
deepseek_v4,mc_C_1216,T3,0.9999996095094512,1.4661082374800571e-06
deepseek_v4,mc_C_1216,T4,0.9999967672275323,-1.3761736814554837e-06
deepseek_v4,mc_C_183,T1,0.9999844930119504,-6.304221211728134e-06
deepseek_v4,mc_C_183,T2,0.9999945005655837,3.7033324216118046e-06
deepseek_v4,mc_C_183,T3,0.999998303296595,7.506063432916044e-06
deepseek_v4,mc_C_183,T4,0.9999858920585192,-4.905174642910737e-06
deepseek_v4,mc_C_291,T1,0.9999990277207369,-2.2223415785393996e-07
deepseek_v4,mc_C_291,T2,0.9999995769595604,3.270046656789205e-07
deepseek_v4,mc_C_291,T3,0.9999996440255765,3.940706817529005e-07
deepseek_v4,mc_C_291,T4,0.9999987511137051,-4.988411896889033e-07
deepseek_v4,mc_C_467,T1,0.9993601189691872,-0.00032505109092639817
deepseek_v4,mc_C_467,T2,0.9996766768541089,-8.493206004711595e-06
deepseek_v4,mc_C_467,T3,0.9997263229376516,4.1152877538030985e-05
deepseek_v4,mc_C_467,T4,0.9999775614795068,0.0002923914193931898
deepseek_v4,mc_C_527,T1,0.9999985883421223,-6.189270441714356e-07
deepseek_v4,mc_C_527,T2,0.9999996764640146,4.6919484808505274e-07
deepseek_v4,mc_C_527,T3,0.9999995249879423,3.1771877584407804e-07
deepseek_v4,mc_C_527,T4,0.9999990392825867,-1.6798657975769515e-07
deepseek_v4,mc_C_675,T1,0.9999981998979435,2.2375627968251877e-06
deepseek_v4,mc_C_675,T2,0.9999947866027956,-1.1757323510330764e-06
deepseek_v4,mc_C_675,T3,0.9999993407138374,3.3783786907992663e-06
deepseek_v4,mc_C_675,T4,0.9999915221260101,-4.440209136591378e-06
deepseek_v4,mc_C_772,T1,0.999996520072654,1.0073850136294027e-06
deepseek_v4,mc_C_772,T2,0.9999955678955632,5.520792278890241e-08
deepseek_v4,mc_C_772,T3,0.9999962950914756,7.824038351644802e-07
deepseek_v4,mc_C_772,T4,0.9999936676908687,-1.8449967716938076e-06
deepseek_v4,mc_C_941,T1,0.9999983254738256,5.877058022019099e-06
deepseek_v4,mc_C_941,T2,0.9999949035070345,2.4550912308685113e-06
deepseek_v4,mc_C_941,T3,0.9999988499198904,6.401504086817056e-06
deepseek_v4,mc_C_941,T4,0.9999777147624637,-1.4733653339926711e-05
deepseek_v4,mc_G_005,T1,0.9935567863320178,-0.0005879853545723845
deepseek_v4,mc_G_005,T2,0.9941954961815971,5.072449500687082e-05
deepseek_v4,mc_G_005,T3,0.9991269742944391,0.0049822026078488735
deepseek_v4,mc_G_005,T4,0.9896998299383069,-0.00444494174828336
deepseek_v4,mc_G_037,T1,0.993328223985946,0.008914811619877283
deepseek_v4,mc_G_037,T2,0.9947375498546218,0.010324137488553098
deepseek_v4,mc_G_037,T3,0.9920109446052893,0.00759753223922055
deepseek_v4,mc_G_037,T4,0.9575769310184179,-0.02683648134765082
deepseek_v4,mc_G_064,T1,1.1178446130279037e-06,-3.7369352695890467e-06
deepseek_v4,mc_G_064,T2,1.5322232368713525e-05,1.0467452486096575e-05
deepseek_v4,mc_G_064,T3,4.478629186012634e-07,-4.4069169640156864e-06
deepseek_v4,mc_G_064,T4,2.5311796301251097e-06,-2.3236002524918404e-06
deepseek_v4,mc_G_086,T1,0.9999329023311927,0.000456056883657463
deepseek_v4,mc_G_086,T2,0.9999101668950127,0.0004333214474774305
deepseek_v4,mc_G_086,T3,0.9998690878400461,0.00039224239251089976
deepseek_v4,mc_G_086,T4,0.9981952247238891,-0.0012816207236461263
deepseek_v4,mc_G_112,T1,0.10106379029231588,-0.23153345236414535
deepseek_v4,mc_G_112,T2,0.5467164164205445,0.21411917376408324
deepseek_v4,mc_G_112,T3,0.5202947736358488,0.18769753097938752
deepseek_v4,mc_G_112,T4,0.16231399027713578,-0.17028325237932546
deepseek_v4,mc_G_135,T1,0.998756369754304,0.000716776816966469
deepseek_v4,mc_G_135,T2,0.9987628441837104,0.0007232512463728469
deepseek_v4,mc_G_135,T3,0.9979300655842984,-0.00010952735303915162
deepseek_v4,mc_G_135,T4,0.9967090922270379,-0.0013305007102997202
deepseek_v4,mc_G_156,T1,0.9938337799516438,-0.0026967047741937034
deepseek_v4,mc_G_156,T2,0.996225179529912,-0.0003053051959255315
deepseek_v4,mc_G_156,T3,0.9990133024817482,0.002482817755910749
deepseek_v4,mc_G_156,T4,0.9970496769400459,0.0005191922142083749
deepseek_v4,mc_G_179,T1,0.9999985594724898,4.4713478808411367e-07
deepseek_v4,mc_G_179,T2,0.9999985428357727,4.3049807096906534e-07
deepseek_v4,mc_G_179,T3,0.999999489981398,1.377643696232056e-06
deepseek_v4,mc_G_179,T4,0.9999958570611467,-2.2552765550631904e-06
deepseek_v4,mc_G_186,T1,0.19376941321494429,-0.13880256712026762
deepseek_v4,mc_G_186,T2,0.37245394729553777,0.039881966960325865
deepseek_v4,mc_G_186,T3,0.38089080412780635,0.048318823792594445
deepseek_v4,mc_G_186,T4,0.38317375670255927,0.05060177636734736
deepseek_v4,mc_G_235,T1,0.9986265021626655,0.011132823046514528
deepseek_v4,mc_G_235,T2,0.9969992493500981,0.009505570233947158
deepseek_v4,mc_G_235,T3,0.9974941883843522,0.010000509268201285
deepseek_v4,mc_G_235,T4,0.9568547765674881,-0.03063890254866286
deepseek_v4,mc_G_236,T1,0.03912983768662941,-0.016367296487651034
deepseek_v4,mc_G_236,T2,0.04144162822690206,-0.01405550594737838
deepseek_v4,mc_G_236,T3,0.022509798550668002,-0.03298733562361244
deepseek_v4,mc_G_236,T4,0.11890727223292229,0.06341013805864185
deepseek_v4,mc_G_288,T1,0.8462546973097465,0.005021657928241274
deepseek_v4,mc_G_288,T2,0.9233793242246044,0.08214628484309927
deepseek_v4,mc_G_288,T3,0.823393724700334,-0.01783931468117117
deepseek_v4,mc_G_288,T4,0.7719044112913358,-0.06932862809016938
deepseek_v4,mc_G_302,T1,0.27221757705443694,-0.25742267856494216
deepseek_v4,mc_G_302,T2,0.5011406754459524,-0.028499580173426686
deepseek_v4,mc_G_302,T3,0.8651209478490312,0.33548069222965204
deepseek_v4,mc_G_302,T4,0.48008182212809586,-0.04955843349128325
deepseek_v4,mc_G_365,T1,0.9930507686782617,0.01349665063372707
deepseek_v4,mc_G_365,T2,0.9882384210867328,0.008684303042198138
deepseek_v4,mc_G_365,T3,0.9914362289468251,0.011882110902290521
deepseek_v4,mc_G_365,T4,0.945491053466319,-0.03406306457821562
deepseek_v4,mc_G_373,T1,0.00017911856191689423,-1.8912344181445332e-05
deepseek_v4,mc_G_373,T2,0.00016605195747875458,-3.197894861958498e-05
deepseek_v4,mc_G_373,T3,0.00016162703454155277,-3.6403871556786794e-05
deepseek_v4,mc_G_373,T4,0.00028532607045615667,8.729516435781711e-05
deepseek_v4,mc_G_385,T1,0.7277493861448059,0.08487386982300715
deepseek_v4,mc_G_385,T2,0.6378478397767776,-0.00502767654502112
deepseek_v4,mc_G_385,T3,0.9167400515642032,0.2738645352424045
deepseek_v4,mc_G_385,T4,0.2891647878014085,-0.35371072852039026
deepseek_v4,mc_G_397,T1,0.999807043235791,8.986636593177888e-05
deepseek_v4,mc_G_397,T2,0.9998787493768955,0.00016157250703630055
deepseek_v4,mc_G_397,T3,0.9997624060036793,4.522913382010163e-05
deepseek_v4,mc_G_397,T4,0.9994205088630712,-0.000296668006787959
deepseek_v4,mc_G_431,T1,0.9997131045114869,0.009821063055839185
deepseek_v4,mc_G_431,T2,0.999768953766842,0.009876912311194364
deepseek_v4,mc_G_431,T3,0.9999728926398805,0.010080851184232853
deepseek_v4,mc_G_431,T4,0.9601132149043816,-0.02977882655126607
deepseek_v4,mc_G_453,T1,0.7776329104824337,0.03131320350910738
deepseek_v4,mc_G_453,T2,0.9646090210302812,0.21828931405695495
deepseek_v4,mc_G_453,T3,0.9975858607549832,0.25126615378165695
deepseek_v4,mc_G_453,T4,0.24545103562560683,-0.5008686713477195
deepseek_v4,mc_G_492,T1,0.973755882747103,0.04611632371215302
deepseek_v4,mc_G_492,T2,0.9705700820298604,0.0429305229949104
deepseek_v4,mc_G_492,T3,0.916254122533738,-0.011385436501212043
deepseek_v4,mc_G_492,T4,0.8499781488290983,-0.07766141020585171
deepseek_v4,mc_G_572,T1,0.8867520161623959,-0.008293843040294568
deepseek_v4,mc_G_572,T2,0.8657180127193143,-0.029327846483376163
deepseek_v4,mc_G_572,T3,0.9642021809918627,0.0691563217891723
deepseek_v4,mc_G_572,T4,0.8635112269371891,-0.03153463226550135
deepseek_v4,mc_G_595,T1,0.6368951204973881,0.01650094596871632
deepseek_v4,mc_G_595,T2,0.7007244933050422,0.08033031877637042
deepseek_v4,mc_G_595,T3,0.6323610811411211,0.011966906612449368
deepseek_v4,mc_G_595,T4,0.5115960031711356,-0.10879817135753611
deepseek_v4,mc_G_601,T1,0.020660410049309335,-0.08618580691425604
deepseek_v4,mc_G_601,T2,0.0342222947789629,-0.07262392218460248
deepseek_v4,mc_G_601,T3,0.351159493240533,0.24431327627696764
deepseek_v4,mc_G_601,T4,0.021342669785456226,-0.08550354717810915
deepseek_v4,mc_H_035,T1,0.00012540992845789988,-3.240268138341061e-05
deepseek_v4,mc_H_035,T2,0.0002985758433545811,0.0001407632335132706
deepseek_v4,mc_H_035,T3,0.00016806737675143836,1.0254766910127865e-05
deepseek_v4,mc_H_035,T4,3.9197290801322676e-05,-0.00011861531903998782
deepseek_v4,mc_H_044,T1,0.15010436774443656,-0.15304134882112555
deepseek_v4,mc_H_044,T2,0.3111303151505924,0.007984598585030311
deepseek_v4,mc_H_044,T3,0.245155127618508,-0.05799058894705411
deepseek_v4,mc_H_044,T4,0.5061930557487113,0.2030473391831492
deepseek_v4,mc_H_049,T1,0.9194892407795545,0.043949284790316456
deepseek_v4,mc_H_049,T2,0.9304265615811234,0.054886605591885296
deepseek_v4,mc_H_049,T3,0.6909780479053836,-0.18456190808385442
deepseek_v4,mc_H_049,T4,0.9612659736908908,0.08572601770165278
deepseek_v4,mc_H_060,T1,0.866467738252181,0.07315558176112014
deepseek_v4,mc_H_060,T2,0.7234496759572121,-0.0698624805338488
deepseek_v4,mc_H_060,T3,0.952856008740828,0.15954385224976708
deepseek_v4,mc_H_060,T4,0.6304752030140226,-0.1628369534770383
deepseek_v4,mc_H_066,T1,0.0002529296491707198,-0.00027289330431955015
deepseek_v4,mc_H_066,T2,0.0009244187633099946,0.0003985958098197247
deepseek_v4,mc_H_066,T3,0.00018423049899743809,-0.00034159245449283187
deepseek_v4,mc_H_066,T4,0.0007417129024829272,0.00021588994899265728
deepseek_v4,mc_H_072,T1,0.9581753235222201,0.003622533627644975
deepseek_v4,mc_H_072,T2,0.9628272988478247,0.008274508953249549
deepseek_v4,mc_H_072,T3,0.98546343098566,0.03091064109108488
deepseek_v4,mc_H_072,T4,0.9117451062225959,-0.04280768367197929
deepseek_v4,mc_H_073,T1,0.8774383707443267,-0.0002782385603343762
deepseek_v4,mc_H_073,T2,0.952358782657319,0.07464217335265788
deepseek_v4,mc_H_073,T3,0.9393138717075726,0.06159726240291152
deepseek_v4,mc_H_073,T4,0.7417554121094259,-0.13596119719523525
gpt41,dd_0107,T1,3.458075487312696e-13,-3.0946213770897856e-09
gpt41,dd_0107,T2,1.6296004188210425e-15,-3.094965555038098e-09
gpt41,dd_0107,T3,7.489175829205668e-17,-3.0949671097467585e-09
gpt41,dd_0107,T4,1.2379521226513159e-08,9.284554041874642e-09
gpt41,dd_0283,T1,1.0055019809458083e-17,-1.8485562070576143e-17
gpt41,dd_0283,T2,1.5396923259286443e-17,-1.3143658620747782e-17
gpt41,dd_0283,T3,1.9996794652461485e-17,-8.54378722757274e-18
gpt41,dd_0283,T4,6.871358979893089e-17,4.017300791889666e-17
gpt41,dd_11241,T1,1.1507429152489426e-12,-7.750132189521872e-12
gpt41,dd_11241,T2,3.372518791292825e-11,2.4824312808157438e-11
gpt41,dd_11241,T3,7.786264452322989e-14,-8.823012460247584e-12
gpt41,dd_11241,T4,6.497069463828274e-13,-8.251168158387986e-12
gpt41,dd_13518,T1,8.741954863516912e-18,-6.725739684551251e-17
gpt41,dd_13518,T2,9.114125306310219e-17,1.5141901354072768e-17
gpt41,dd_13518,T3,1.7140162610851391e-16,9.54022743994845e-17
gpt41,dd_13518,T4,3.2712572800984694e-17,-4.3286778908044724e-17
gpt41,dd_14408,T1,0.9999999999999996,3.9968028886505635e-15
gpt41,dd_14408,T2,0.9999999999999969,1.3322676295501878e-15
gpt41,dd_14408,T3,0.9999999999999999,4.3298697960381105e-15
gpt41,dd_14408,T4,0.9999999999999858,-9.769962616701378e-15
gpt41,dd_14818,T1,0.9999999999999977,6.983302824892235e-14
gpt41,dd_14818,T2,1.0,7.216449660063518e-14
gpt41,dd_14818,T3,0.9999999999997133,-2.1449508835758024e-13
gpt41,dd_14818,T4,0.9999999999999999,7.205347429817266e-14
gpt41,dd_15810,T1,0.9999999997138191,0.12500687596812832
gpt41,dd_15810,T2,0.9999726201033341,0.12497949635764327
gpt41,dd_15810,T3,0.49999987516563676,-0.37499324858005406
gpt41,dd_15810,T4,0.9999999999999734,0.12500687625428253
gpt41,dd_17929,T1,0.8140395255749302,0.4106140176057619
gpt41,dd_17929,T2,0.11011013603028062,-0.2933153719388877
gpt41,dd_17929,T3,0.3274635602435806,-0.07596194772558773
gpt41,dd_17929,T4,0.36208881002788185,-0.04133669794128647
gpt41,dd_1808,T1,0.9999999999879782,1.1414291544165067e-06
gpt41,dd_1808,T2,0.9999999999990455,1.14144022178575e-06
gpt41,dd_1808,T3,0.9999954350261927,-3.4235326310527725e-06
gpt41,dd_1808,T4,0.9999999992220787,1.140663254961538e-06
gpt41,dd_1814,T1,3.913655488963576e-18,1.3140892726416647e-18
gpt41,dd_1814,T2,2.8539608764572715e-18,2.543946601353602e-19
gpt41,dd_1814,T3,3.4235872231356547e-18,8.240210068137435e-19
gpt41,dd_1814,T4,2.070612767311435e-19,-2.3925049395907676e-18
gpt41,dd_18223,T1,1.3048840120381487e-06,-0.0009251287642050999
gpt41,dd_18223,T2,0.003704427465670471,0.0027779938174533328
gpt41,dd_18223,T3,1.303309791977302e-09,-0.0009264323449073461
gpt41,dd_18223,T4,9.398762512516456e-10,-0.0009264327083408869
gpt41,dd_18643,T1,1.0,0.0
gpt41,dd_18643,T2,1.0,0.0
gpt41,dd_18643,T3,1.0,0.0
gpt41,dd_18643,T4,1.0,0.0
gpt41,dd_18670,T1,0.9999980254684548,0.0011591417797665038
gpt41,dd_18670,T2,0.9999999987265332,0.0011611150378448842
gpt41,dd_18670,T3,0.9953575105928932,-0.003481373095795104
gpt41,dd_18670,T4,0.9999999999668722,0.001161116278183827
gpt41,dd_2081,T1,0.9999999997888701,1.3844688728781307e-09
gpt41,dd_2081,T2,0.9999999998404349,1.436033625346056e-09
gpt41,dd_2081,T3,0.9999999939913335,-4.4130676890574705e-09
gpt41,dd_2081,T4,0.9999999999969664,1.5925651908332839e-09
gpt41,dd_21158,T1,1.0,0.0
gpt41,dd_21158,T2,1.0,0.0
gpt41,dd_21158,T3,0.9999999999999998,-2.220446049250313e-16
gpt41,dd_21158,T4,0.9999999999999999,-1.1102230246251565e-16
gpt41,dd_21629,T1,0.9999999999999971,1.9206858326015208e-14
gpt41,dd_21629,T2,0.9999999999999153,-6.261657858885883e-14
gpt41,dd_21629,T3,1.0,2.2093438190040615e-14
gpt41,dd_21629,T4,0.999999999999999,2.1094237467877974e-14
gpt41,dd_21630,T1,1.5126140413872646e-16,7.029500582043668e-17
gpt41,dd_21630,T2,3.2117903263476046e-17,-4.884849505481373e-17
gpt41,dd_21630,T3,1.1240793075993484e-16,3.144153244164507e-17
gpt41,dd_21630,T4,2.8078355111021787e-17,-5.288804320726799e-17
gpt41,dd_22819,T1,2.396738859264911e-17,-7.828365911332363e-15
gpt41,dd_22819,T2,3.1257783023910373e-14,2.340544972398536e-14
gpt41,dd_22819,T3,1.017050121680151e-16,-7.750628287756996e-15
gpt41,dd_22819,T4,2.5877775029009338e-17,-7.826455524896003e-15
gpt41,dd_23534,T1,7.024272341501191e-09,-1.2663183279521167e-07
gpt41,dd_23534,T2,2.9415653945616388e-08,-1.0424045119109648e-07
gpt41,dd_23534,T3,9.661554294599524e-10,-1.326899497072529e-07
gpt41,dd_23534,T4,4.972183388302739e-07,3.63562233693561e-07
gpt41,dd_24260,T1,8.232871675661682e-05,-0.16451462591102792
gpt41,dd_24260,T2,0.5751789271987718,0.4105819725709873
gpt41,dd_24260,T3,0.08226094066032633,-0.08233601396745821
gpt41,dd_24260,T4,0.0008656219352833385,-0.1637313326925012
gpt41,dd_24405,T1,5.2164755576613244e-18,-1.6733609364627872e-17
gpt41,dd_24405,T2,6.063953016302497e-17,3.868944524073577e-17
gpt41,dd_24405,T3,6.492008723179873e-18,-1.5458076199109323e-17
gpt41,dd_24405,T4,1.545232524529061e-17,-6.4977596769985855e-18
gpt41,dd_24975,T1,0.9999999997813845,-1.6260626178876691e-10
gpt41,dd_24975,T2,0.9999999999966157,5.262490443413981e-11
gpt41,dd_24975,T3,0.999999999999268,5.5277227239969307e-11
gpt41,dd_24975,T4,0.9999999999986947,5.4703908070052876e-11
gpt41,dd_25137,T1,1.0,0.0
gpt41,dd_25137,T2,1.0,0.0
gpt41,dd_25137,T3,1.0,0.0
gpt41,dd_25137,T4,1.0,0.0
gpt41,dd_25302,T1,1.329276080048548e-18,-8.565354541795313e-19
gpt41,dd_25302,T2,4.7496550451363275e-18,2.563843510908248e-18
gpt41,dd_25302,T3,2.6643150117274406e-18,4.7850347749936125e-19
gpt41,dd_25302,T4,0.0,-2.1858115342280793e-18
gpt41,dd_25868,T1,0.9999631287306228,0.06632168353638834
gpt41,dd_25868,T2,0.988548508526796,0.05490706333256157
gpt41,dd_25868,T3,0.7615893893287231,-0.1720520558655113
gpt41,dd_25868,T4,0.9844647541907957,0.05082330899656129
gpt41,dd_26178,T1,8.867280441231091e-13,-1.1387700892397497e-11
gpt41,dd_26178,T2,3.2109112618702274e-11,1.9834683682181667e-11
gpt41,dd_26178,T3,1.4478068337238769e-11,2.2036394007181626e-12
gpt41,dd_26178,T4,1.623806746018273e-12,-1.0650622190502334e-11
gpt41,dd_26321,T1,0.999993073875348,-5.194027973387527e-06
gpt41,dd_26321,T2,0.9999999999957879,1.7320924665664705e-06
gpt41,dd_26321,T3,0.999999999218363,1.7313150416642387e-06
gpt41,dd_26321,T4,0.9999999985237867,1.7306204653788626e-06
gpt41,dd_27524,T1,2.1245472487619943e-18,-5.8845945077264926e-18
gpt41,dd_27524,T2,1.4976907177673494e-17,6.967765421185007e-18
gpt41,dd_27524,T3,1.2984834328197446e-18,-6.710658323668742e-18
gpt41,dd_27524,T4,1.3636629166698718e-17,5.627487410210232e-18
gpt41,dd_27558,T1,0.02042285654285729,-0.1310661343956092
gpt41,dd_27558,T2,5.3690970711389857e-08,-0.15148893724749576
gpt41,dd_27558,T3,0.5855280670512244,0.43403907611275794
gpt41,dd_27558,T4,4.986468813574961e-06,-0.1514840044696529
gpt41,dd_28814,T1,7.611847651187734e-06,-0.00015088677274190538
gpt41,dd_28814,T2,3.621518488561487e-06,-0.00015487710190453165
gpt41,dd_28814,T3,7.893567073759369e-14,-0.00015849862031415746
gpt41,dd_28814,T4,0.0006227611153536876,0.00046426249496059455
gpt41,dd_29978,T1,2.530045022368828e-13,1.8347277097127222e-13
gpt41,dd_29978,T2,7.443576921369545e-15,-6.2088154344241e-14
gpt41,dd_29978,T3,1.9334590717000928e-16,-6.933838535844054e-14
gpt41,dd_29978,T4,1.7485499997019894e-14,-5.204623126859065e-14
gpt41,dd_30131,T1,2.9323360742933276e-17,-9.90036600447297e-17
gpt41,dd_30131,T2,2.1791271361048632e-17,-1.0653574942661433e-16
gpt41,dd_30131,T3,2.455214935079556e-16,1.1719447272029263e-16
gpt41,dd_30131,T4,2.1667195753871433e-16,8.834493675105136e-17
gpt41,dd_30899,T1,0.9999999999999991,-5.551115123125783e-16
gpt41,dd_30899,T2,0.9999999999999997,0.0
gpt41,dd_30899,T3,0.9999999999999999,2.220446049250313e-16
gpt41,dd_30899,T4,1.0,3.3306690738754696e-16
gpt41,dd_31129,T1,6.391359456978613e-18,2.7483327734269017e-18
gpt41,dd_31129,T2,4.639629404519932e-18,9.966027209682204e-19
gpt41,dd_31129,T3,1.5299873896826225e-18,-2.113039293869089e-18
gpt41,dd_31129,T4,2.0111304830256787e-18,-1.631896200526033e-18
gpt41,dd_32872,T1,0.03379075252661479,0.024202351467883493
gpt41,dd_32872,T2,2.8368948513878194e-08,-0.00958837268978278
gpt41,dd_32872,T3,5.0588813531242655e-12,-0.009588401053672412
gpt41,dd_32872,T4,0.004562823334302988,-0.005025577724428306
gpt41,dd_33618,T1,2.6813596058413386e-15,-2.7354192155634087e-15
gpt41,dd_33618,T2,1.7919973989442295e-14,1.2503195168037549e-14
gpt41,dd_33618,T3,5.620042956292376e-16,-4.85477452577551e-15
gpt41,dd_33618,T4,5.037773947061175e-16,-4.91300142669863e-15
gpt41,dd_34148,T1,7.98049293518405e-09,-0.13676973878463422
gpt41,dd_34148,T2,5.114994542557624e-05,-0.13671859681970158
gpt41,dd_34148,T3,0.00020978808704310084,-0.13655995867808404
gpt41,dd_34148,T4,0.546818041047547,0.4100482942824199
gpt41,dd_34460,T1,1.5419872295045434e-18,-1.9959116905948707e-18
gpt41,dd_34460,T2,1.4485629460881288e-18,-2.0893359740112855e-18
gpt41,dd_34460,T3,9.372309025120301e-18,5.834410105020887e-18
gpt41,dd_34460,T4,1.7887364796846838e-18,-1.7491624404147305e-18
gpt41,dd_35732,T1,3.220541136784947e-17,-6.924247304660765e-16
gpt41,dd_35732,T2,2.5229579613552044e-17,-6.994005622203739e-16
gpt41,dd_35732,T3,7.516255024787288e-16,2.6995360644802866e-17
gpt41,dd_35732,T4,2.0894600738755733e-15,1.3648299320416473e-15
gpt41,dd_36819,T1,1.0219476999537186e-13,-1.9876620640544e-14
gpt41,dd_36819,T2,2.766961021917708e-15,-1.1930442961399815e-13
gpt41,dd_36819,T3,9.510839477795532e-15,-1.1256055115812034e-13
gpt41,dd_36819,T4,3.7381299204857835e-13,2.517416014126625e-13
gpt41,dd_37249,T1,0.11092557483217927,-0.1332025130332205
gpt41,dd_37249,T2,0.007727396807406201,-0.23640069105799358
gpt41,dd_37249,T3,0.49273177428775194,0.24860368642235217
gpt41,dd_37249,T4,0.3651276055342617,0.12099951766886194
gpt41,dd_37490,T1,1.0,0.0
gpt41,dd_37490,T2,1.0,0.0
gpt41,dd_37490,T3,1.0,0.0
gpt41,dd_37490,T4,1.0,0.0
gpt41,dd_38533,T1,1.54942320598527e-12,-0.0014609075679405286
gpt41,dd_38533,T2,2.0541618685738795e-12,-0.0014609075674357898
gpt41,dd_38533,T3,6.486172760146067e-11,-0.0014609075046282242
gpt41,dd_38533,T4,0.0058436302094944945,0.004382722640004543
gpt41,dd_39199,T1,0.9999999999998975,7.306377725058155e-13
gpt41,dd_39199,T2,0.9999999999969457,-2.2212232053675507e-12
gpt41,dd_39199,T3,0.9999999999999577,7.90811860440499e-13
gpt41,dd_39199,T4,0.9999999999998667,6.997735724212362e-13
gpt41,dd_42860,T1,1.616316877040146e-13,9.242581332217207e-14
gpt41,dd_42860,T2,1.6048840898047105e-16,-6.904538597286207e-14
gpt41,dd_42860,T3,1.0441740848704114e-13,3.521153410519861e-14
gpt41,dd_42860,T4,1.06139129273339e-14,-5.859196145450863e-14
gpt41,dd_44063,T1,0.822106146965766,-0.09661925320952136
gpt41,dd_44063,T2,0.9999999964843718,0.0812745963090844
gpt41,dd_44063,T3,0.8527954573318433,-0.06592994284344411
gpt41,dd_44063,T4,0.9999999999191685,0.08127459974388118
gpt41,dd_44380,T1,1.0,0.0
gpt41,dd_44380,T2,1.0,0.0
gpt41,dd_44380,T3,1.0,0.0
gpt41,dd_44380,T4,1.0,0.0
gpt41,dd_45938,T1,8.206667989948105e-18,1.9595471745256434e-18
gpt41,dd_45938,T2,1.308667564604311e-18,-4.93845325081815e-18
gpt41,dd_45938,T3,1.2910901000642898e-17,6.6637801852204365e-18
gpt41,dd_45938,T4,2.5622467064945287e-18,-3.684874108927932e-18
gpt41,dd_46859,T1,9.44581695585319e-18,3.924234462776319e-18
gpt41,dd_46859,T2,1.96454269556422e-18,-3.557039797512651e-18
gpt41,dd_46859,T3,2.2087947247272035e-18,-3.3127877683496677e-18
gpt41,dd_46859,T4,8.467175596162871e-18,2.945593103086e-18
gpt41,dd_47886,T1,0.9949151707433825,-0.003800169209102311
gpt41,dd_47886,T2,0.9999987392134821,0.0012833992609972977
gpt41,dd_47886,T3,0.9999999957946006,0.0012846558421157894
gpt41,dd_47886,T4,0.9999474540584742,0.0012321141059893348
gpt41,dd_5570,T1,0.9999999999999997,-2.220446049250313e-16
gpt41,dd_5570,T2,1.0,1.1102230246251565e-16
gpt41,dd_5570,T3,1.0,1.1102230246251565e-16
gpt41,dd_5570,T4,1.0,1.1102230246251565e-16
gpt41,dd_6488,T1,3.334083587386424e-12,-6.884643851354117e-07
gpt41,dd_6488,T2,5.415890687873553e-15,-6.884677138031084e-07
gpt41,dd_6488,T3,6.495567133690563e-11,-6.884027635476622e-07
gpt41,dd_6488,T4,2.7538025817051813e-06,2.0653348624861825e-06
gpt41,dd_6826,T1,0.9999999999996745,7.767120280277595e-12
gpt41,dd_6826,T2,0.9999999999721035,-1.9803825246356155e-11
gpt41,dd_6826,T3,0.9999999999999978,8.09041722504844e-12
gpt41,dd_6826,T4,0.9999999999958535,3.9461767187276564e-12
gpt41,dd_6868,T1,2.609631512356374e-13,-4.347058351929841e-12
gpt41,dd_6868,T2,1.8152557054484768e-11,1.3544535551319289e-11
gpt41,dd_6868,T3,9.352680867895098e-15,-4.5986688222975835e-12
gpt41,dd_6868,T4,9.213126073617598e-15,-4.5988083770918616e-12
gpt41,dd_7687,T1,1.0,0.0
gpt41,dd_7687,T2,1.0,0.0
gpt41,dd_7687,T3,1.0,0.0
gpt41,dd_7687,T4,1.0,0.0
gpt41,dd_8580,T1,5.152878821534299e-14,-1.0658774719403497e-14
gpt41,dd_8580,T2,2.9931882890111936e-15,-5.919437464573529e-14
gpt41,dd_8580,T3,2.5156281119975802e-14,-3.7031281814770686e-14
gpt41,dd_8580,T4,1.6907199411465596e-13,1.0688443117990947e-13
gpt41,dd_9595,T1,0.999999999896097,1.211151211211181e-06
gpt41,dd_9595,T2,0.999995166931791,-3.62181309476739e-06
gpt41,dd_9595,T3,0.99999998909001,1.2003451241859864e-06
gpt41,dd_9595,T4,0.9999999990616446,1.210316758815111e-06
gpt41,dd_9899,T1,0.9999999999999594,4.3864911702939935e-12
gpt41,dd_9899,T2,0.9999999999999408,4.367950445782753e-12
gpt41,dd_9899,T3,0.9999999999823919,-1.3181011837559709e-11
gpt41,dd_9899,T4,0.9999999999999998,4.426903288390349e-12
gpt41,dd_9955,T1,0.00033342112411890377,-0.008699470989009599
gpt41,dd_9955,T2,7.054447650638907e-12,-0.009032892106074055
gpt41,dd_9955,T3,0.035798147318691846,0.026765255205563346
gpt41,dd_9955,T4,2.64881373008619e-12,-0.009032892110479689
gpt41,mc_C_034,T1,0.9999999999999999,1.1102230246251565e-16
gpt41,mc_C_034,T2,0.999999999999999,-7.771561172376096e-16
gpt41,mc_C_034,T3,1.0,2.220446049250313e-16
gpt41,mc_C_034,T4,1.0,2.220446049250313e-16
gpt41,mc_C_1095,T1,1.0,0.0
gpt41,mc_C_1095,T2,1.0,0.0
gpt41,mc_C_1095,T3,1.0,0.0
gpt41,mc_C_1095,T4,1.0,0.0
gpt41,mc_C_1216,T1,1.0,0.0
gpt41,mc_C_1216,T2,1.0,0.0
gpt41,mc_C_1216,T3,1.0,0.0
gpt41,mc_C_1216,T4,1.0,0.0
gpt41,mc_C_183,T1,1.0,4.440892098500626e-16
gpt41,mc_C_183,T2,1.0,4.440892098500626e-16
gpt41,mc_C_183,T3,0.9999999999999983,-1.2212453270876722e-15
gpt41,mc_C_183,T4,1.0,4.440892098500626e-16
gpt41,mc_C_291,T1,1.0,0.0
gpt41,mc_C_291,T2,1.0,0.0
gpt41,mc_C_291,T3,1.0,0.0
gpt41,mc_C_291,T4,1.0,0.0
gpt41,mc_C_467,T1,1.0,0.0
gpt41,mc_C_467,T2,1.0,0.0
gpt41,mc_C_467,T3,1.0,0.0
gpt41,mc_C_467,T4,1.0,0.0
gpt41,mc_C_527,T1,1.0,0.0
gpt41,mc_C_527,T2,1.0,0.0
gpt41,mc_C_527,T3,1.0,0.0
gpt41,mc_C_527,T4,1.0,0.0
gpt41,mc_C_675,T1,1.0,0.0
gpt41,mc_C_675,T2,1.0,0.0
gpt41,mc_C_675,T3,1.0,0.0
gpt41,mc_C_675,T4,1.0,0.0
gpt41,mc_C_772,T1,1.0,0.0
gpt41,mc_C_772,T2,1.0,0.0
gpt41,mc_C_772,T3,1.0,0.0
gpt41,mc_C_772,T4,1.0,0.0
gpt41,mc_C_941,T1,1.0,0.0
gpt41,mc_C_941,T2,1.0,0.0
gpt41,mc_C_941,T3,1.0,0.0
gpt41,mc_C_941,T4,1.0,0.0
gpt41,mc_G_005,T1,0.999999999999998,-1.3322676295501878e-15
gpt41,mc_G_005,T2,0.9999999999999999,5.551115123125783e-16
gpt41,mc_G_005,T3,1.0,6.661338147750939e-16
gpt41,mc_G_005,T4,0.9999999999999998,4.440892098500626e-16
gpt41,mc_G_037,T1,0.9999999999999956,-8.881784197001252e-16
gpt41,mc_G_037,T2,0.9999999999999997,3.219646771412954e-15
gpt41,mc_G_037,T3,0.9999999999999918,-4.6629367034256575e-15
gpt41,mc_G_037,T4,0.9999999999999992,2.7755575615628914e-15
gpt41,mc_G_064,T1,0.0,-3.2716689115107796e-19
gpt41,mc_G_064,T2,0.0,-3.2716689115107796e-19
gpt41,mc_G_064,T3,0.0,-3.2716689115107796e-19
gpt41,mc_G_064,T4,1.3086675646043118e-18,9.815006734532339e-19
gpt41,mc_G_086,T1,0.9999999999999999,1.1102230246251565e-16
gpt41,mc_G_086,T2,0.9999999999999996,-2.220446049250313e-16
gpt41,mc_G_086,T3,0.9999999999999998,0.0
gpt41,mc_G_086,T4,1.0,2.220446049250313e-16
gpt41,mc_G_112,T1,0.9705643257860674,0.15419890046829687
gpt41,mc_G_112,T2,0.9999999999919584,0.18363457467418787
gpt41,mc_G_112,T3,0.999999999743551,0.18363457442578046
gpt41,mc_G_112,T4,0.29489737574950525,-0.5214680495682653
gpt41,mc_G_135,T1,0.9999999999999999,-1.1102230246251565e-16
gpt41,mc_G_135,T2,1.0,0.0
gpt41,mc_G_135,T3,1.0,0.0
gpt41,mc_G_135,T4,0.9999999999999998,-2.220446049250313e-16
gpt41,mc_G_156,T1,1.0,1.1102230246251565e-16
gpt41,mc_G_156,T2,0.9999999999999996,-3.3306690738754696e-16
gpt41,mc_G_156,T3,1.0,1.1102230246251565e-16
gpt41,mc_G_156,T4,1.0,1.1102230246251565e-16
gpt41,mc_G_179,T1,0.9999999999999987,-9.992007221626409e-16
gpt41,mc_G_179,T2,0.9999999999999999,2.220446049250313e-16
gpt41,mc_G_179,T3,1.0,3.3306690738754696e-16
gpt41,mc_G_179,T4,1.0,3.3306690738754696e-16
gpt41,mc_G_186,T1,0.9881166528822897,0.26515578304347587
gpt41,mc_G_186,T2,0.5017139749837217,-0.22124689485509208
gpt41,mc_G_186,T3,0.9932256162706586,0.27026474643184484
gpt41,mc_G_186,T4,0.4087872352185853,-0.3141736346202285
gpt41,mc_G_235,T1,0.9999999999999999,0.0
gpt41,mc_G_235,T2,0.9999999999999999,0.0
gpt41,mc_G_235,T3,1.0,1.1102230246251565e-16
gpt41,mc_G_235,T4,0.9999999999999994,-4.440892098500626e-16
gpt41,mc_G_288,T1,0.9999999999999929,1.4239720513842258e-12
gpt41,mc_G_288,T2,0.9999999999999976,1.4286349880876514e-12
gpt41,mc_G_288,T3,0.9999999999943302,-4.238720485716385e-12
gpt41,mc_G_288,T4,0.9999999999999553,1.386335490849433e-12
gpt41,mc_G_302,T1,0.9724973506014132,0.20146689017178665
gpt41,mc_G_302,T2,0.9920468059523628,0.2210163455227363
gpt41,mc_G_302,T3,0.5599784964369373,-0.21105196399268922
gpt41,mc_G_302,T4,0.5595991887277931,-0.2114312717018334
gpt41,mc_G_365,T1,1.0,8.14129774706629e-09
gpt41,mc_G_365,T2,0.9999999999999979,8.141295637642543e-09
gpt41,mc_G_365,T3,0.9999999674348137,-2.4423888578262165e-08
gpt41,mc_G_365,T4,0.9999999999999977,8.141295415597938e-09
gpt41,mc_G_373,T1,9.372309025120296e-18,2.868037507773889e-18
gpt41,mc_G_373,T2,3.557327260357654e-18,-2.9469442569887534e-18
gpt41,mc_G_373,T3,6.441487510481048e-18,-6.278400686535966e-20
gpt41,mc_G_373,T4,6.6459622734266315e-18,1.4169075608022408e-19
gpt41,mc_G_385,T1,0.999999999999998,7.382583433468426e-11
gpt41,mc_G_385,T2,0.9999999999999967,7.382450206705471e-11
gpt41,mc_G_385,T3,0.9999999999999865,7.381428801522816e-11
gpt41,mc_G_385,T4,0.9999999997047073,-2.2146484646157205e-10
gpt41,mc_G_397,T1,0.9999999999999999,1.1102230246251565e-16
gpt41,mc_G_397,T2,0.9999999999999993,-4.440892098500626e-16
gpt41,mc_G_397,T3,1.0,2.220446049250313e-16
gpt41,mc_G_397,T4,0.9999999999999999,1.1102230246251565e-16
gpt41,mc_G_431,T1,1.0,0.0
gpt41,mc_G_431,T2,1.0,0.0
gpt41,mc_G_431,T3,1.0,0.0
gpt41,mc_G_431,T4,1.0,0.0
gpt41,mc_G_453,T1,0.9999999999999746,1.509903313490213e-14
gpt41,mc_G_453,T2,0.9999999999999999,4.04121180963557e-14
gpt41,mc_G_453,T3,0.9999999999999427,-1.6764367671839864e-14
gpt41,mc_G_453,T4,0.9999999999999204,-3.907985046680551e-14
gpt41,mc_G_492,T1,0.9999999999999997,4.3298697960381105e-15
gpt41,mc_G_492,T2,0.9999999999999998,4.440892098500626e-15
gpt41,mc_G_492,T3,0.9999999999999816,-1.3766765505351941e-14
gpt41,mc_G_492,T4,0.9999999999999999,4.551914400963142e-15
gpt41,mc_G_572,T1,0.9219468130099769,-0.0578836451108008
gpt41,mc_G_572,T2,0.9988016093908993,0.01897115127012161
gpt41,mc_G_572,T3,0.9999738738698898,0.020143415749112048
gpt41,mc_G_572,T4,0.9985995362123454,0.018769078091567692
gpt41,mc_G_595,T1,0.9999999995770401,3.690791006150107e-10
gpt41,mc_G_595,T2,0.9999999999924751,7.845141203333128e-10
gpt41,mc_G_595,T3,0.9999999972935026,-1.9144583696117934e-09
gpt41,mc_G_595,T4,0.9999999999688263,7.608652596857723e-10
gpt41,mc_G_601,T1,0.5984130899848492,0.17541822354134873
gpt41,mc_G_601,T2,0.5000000346795742,0.07700516823607373
gpt41,mc_G_601,T3,0.5935663411074273,0.17057147466392686
gpt41,mc_G_601,T4,2.151147927813453e-12,-0.4229948664413493
gpt41,mc_H_035,T1,5.684592776036883e-18,-5.434799064205991e-18
gpt41,mc_H_035,T2,1.3012162452213774e-17,1.8927706119708994e-18
gpt41,mc_H_035,T3,8.271033684734308e-18,-2.848358155508566e-18
gpt41,mc_H_035,T4,1.7509778447986534e-17,6.39038660774366e-18
gpt41,mc_H_044,T1,0.9999979532391974,9.193971234333631e-07
gpt41,mc_H_044,T2,0.9999999477871255,2.91394505158582e-06
gpt41,mc_H_044,T3,0.9999999999958475,2.9661537735981014e-06
gpt41,mc_H_044,T4,0.9999902343461256,-6.79949594839524e-06
gpt41,mc_H_049,T1,0.9999977837689531,0.00022023868251208611
gpt41,mc_H_049,T2,0.9991628002108379,-0.0006147448756030904
gpt41,mc_H_049,T3,0.999949596366003,0.00017205127956199107
gpt41,mc_H_049,T4,0.9999999999999698,0.0002224549135287912
gpt41,mc_H_060,T1,0.999999999997484,1.340261235327489e-12
gpt41,mc_H_060,T2,0.9999999999994299,3.286149130588001e-12
gpt41,mc_H_060,T3,0.9999999999878099,-8.333889134348738e-12
gpt41,mc_H_060,T4,0.9999999999998513,3.70758979073571e-12
gpt41,mc_H_066,T1,1.3292760800485486e-18,-5.517694973871637e-19
gpt41,mc_H_066,T2,1.7202110612615334e-18,-1.608345161741789e-19
gpt41,mc_H_066,T3,9.725191553484452e-19,-9.085264220872671e-19
gpt41,mc_H_066,T4,3.502176013084321e-18,1.6211304356486088e-18
gpt41,mc_H_072,T1,0.9999999999968133,4.274469667109315e-12
gpt41,mc_H_072,T2,0.9999999999999979,7.459033390944114e-12
gpt41,mc_H_072,T3,0.9999999999991812,6.642353334029849e-12
gpt41,mc_H_072,T4,0.999999999974163,-1.837585639208328e-11
gpt41,mc_H_073,T1,0.9999999999999997,3.0693225738787078e-12
gpt41,mc_H_073,T2,0.999999999999994,3.0636604364531195e-12
gpt41,mc_H_073,T3,0.9999999999999989,3.06854541776147e-12
gpt41,mc_H_073,T4,0.9999999999877284,-9.201972517303147e-12
gpt4_0613,dd_0107,T1,5.850972401608669e-06,8.749042206136596e-07
gpt4_0613,dd_0107,T2,7.92822741864133e-06,2.9521592376463206e-06
gpt4_0613,dd_0107,T3,6.362722419789172e-08,-4.912440956797118e-06
gpt4_0613,dd_0107,T4,6.061445679532146e-06,1.0853774985371368e-06
gpt4_0613,dd_0283,T1,4.810844245907926e-09,-1.4741648600389312e-10
gpt4_0613,dd_0283,T2,5.089738582754755e-09,1.314778508429357e-10
gpt4_0613,dd_0283,T3,4.281292523534345e-09,-6.769682083774741e-10
gpt4_0613,dd_0283,T4,5.651167575450251e-09,6.929068435384316e-10
gpt4_0613,dd_11241,T1,0.0009897418889319744,-9.819147491667399e-05
gpt4_0613,dd_11241,T2,0.0027845600339434814,0.001696626670094833
gpt4_0613,dd_11241,T3,0.0001843036225077001,-0.0009036297413409482
gpt4_0613,dd_11241,T4,0.0003931279100114377,-0.0006948054538372107
gpt4_0613,dd_13518,T1,6.414429933043438e-08,2.2676653459283416e-08
gpt4_0613,dd_13518,T2,1.0570896310881823e-08,-3.089674956026914e-08
gpt4_0613,dd_13518,T3,2.2041199383235963e-08,-1.9426446487914997e-08
gpt4_0613,dd_13518,T4,6.911418846005169e-08,2.764654258890073e-08
gpt4_0613,dd_14408,T1,0.9998843140798819,0.00020503710585606516
gpt4_0613,dd_14408,T2,0.9990331027353072,-0.0006461742387185998
gpt4_0613,dd_14408,T3,0.9999988944950908,0.00031961752106501873
gpt4_0613,dd_14408,T4,0.9998007965858231,0.00012151961179729387
gpt4_0613,dd_14818,T1,0.9999155785223492,0.0010057506526900406
gpt4_0613,dd_14818,T2,0.9999982499762636,0.0010884221066044253
gpt4_0613,dd_14818,T3,0.9957666282425924,-0.003143199627066773
gpt4_0613,dd_14818,T4,0.9999588547374314,0.001049026867772196
gpt4_0613,dd_15810,T1,0.9468586769006035,0.05631768753478994
gpt4_0613,dd_15810,T2,0.7255967874038489,-0.1649442019619647
gpt4_0613,dd_15810,T3,0.8912664755700517,0.0007254862042380683
gpt4_0613,dd_15810,T4,0.9984420175887503,0.10790102822293668
gpt4_0613,dd_17929,T1,0.0001330335686984667,-0.0323673569439726
gpt4_0613,dd_17929,T2,8.39302509687547e-05,-0.032416460261702314
gpt4_0613,dd_17929,T3,0.0013962016709521568,-0.03110418884171891
gpt4_0613,dd_17929,T4,0.1283883965600649,0.09588800604739384
gpt4_0613,dd_1808,T1,0.9999238834515694,5.731800992947456e-06
gpt4_0613,dd_1808,T2,0.9999269363060455,8.784655469051827e-06
gpt4_0613,dd_1808,T3,0.9999041795068846,-1.3972143691809435e-05
gpt4_0613,dd_1808,T4,0.9999176073378064,-5.44312769967803e-07
gpt4_0613,dd_1814,T1,1.336900827185565e-07,-4.942879735967529e-07
gpt4_0613,dd_1814,T2,3.2390873755835495e-08,-5.955871825594739e-07
gpt4_0613,dd_1814,T3,2.306330038384741e-06,1.6783519820694317e-06
gpt4_0613,dd_1814,T4,3.9501230402104193e-08,-5.884768259132051e-07
gpt4_0613,dd_18223,T1,0.069770786969222,-0.156508102235902
gpt4_0613,dd_18223,T2,0.054539239937339765,-0.17173964926778423
gpt4_0613,dd_18223,T3,0.761025393373512,0.5347465041683881
gpt4_0613,dd_18223,T4,0.01978013654042218,-0.20649875266470183
gpt4_0613,dd_18643,T1,0.9999999946529505,-3.974123252703521e-10
gpt4_0613,dd_18643,T2,0.9999999951009446,5.058176100192213e-11
gpt4_0613,dd_18643,T3,0.9999999982875019,3.237139001299738e-09
gpt4_0613,dd_18643,T4,0.9999999921600542,-2.890308659075913e-09
gpt4_0613,dd_18670,T1,0.9997221393311408,-4.5057397915826414e-05
gpt4_0613,dd_18670,T2,0.9997081874918934,-5.9009237163287764e-05
gpt4_0613,dd_18670,T3,0.9996723131462748,-9.488358278186837e-05
gpt4_0613,dd_18670,T4,0.9999661469469177,0.00019895021786098255
gpt4_0613,dd_21158,T1,0.9999421053368378,0.001047163475436319
gpt4_0613,dd_21158,T2,0.9992507708936288,0.0003558290322273061
gpt4_0613,dd_21158,T3,0.9970538132631276,-0.0018411285982739
gpt4_0613,dd_21158,T4,0.9993330779520113,0.00043813609060983083
gpt4_0613,dd_21629,T1,0.9410595570882665,-0.026593427230483302
gpt4_0613,dd_21629,T2,0.9422388234495447,-0.025414160869205116
gpt4_0613,dd_21629,T3,0.9988979753108687,0.03124499099211886
gpt4_0613,dd_21629,T4,0.9884155814263194,0.020762597107569558
gpt4_0613,dd_21630,T1,0.001829558192566207,0.00011507813527106758
gpt4_0613,dd_21630,T2,0.0001064955326502864,-0.001607984524644853
gpt4_0613,dd_21630,T3,0.0019582147220913067,0.00024373466479616734
gpt4_0613,dd_21630,T4,0.0029636517818727574,0.001249171724577618
gpt4_0613,dd_22819,T1,2.1908974485138464e-08,-1.2265164017376329e-08
gpt4_0613,dd_22819,T2,4.386945060232973e-08,9.69531209981494e-09
gpt4_0613,dd_22819,T3,5.5709319343917166e-08,2.1535180841402374e-08
gpt4_0613,dd_22819,T4,1.5208809578673798e-08,-1.8965328923840995e-08
gpt4_0613,dd_23534,T1,0.8528553457920702,0.04179554471591973
gpt4_0613,dd_23534,T2,0.880705299151018,0.06964549807486753
gpt4_0613,dd_23534,T3,0.6231128827409327,-0.18794691833521782
gpt4_0613,dd_23534,T4,0.8875656766205815,0.076505875544431
gpt4_0613,dd_24260,T1,0.9935826896441644,-0.0010288377951808148
gpt4_0613,dd_24260,T2,0.9979894322568914,0.0033779048175461845
gpt4_0613,dd_24260,T3,0.9896885068209399,-0.004923020618405327
gpt4_0613,dd_24260,T4,0.9971854810353852,0.0025739535960399573
gpt4_0613,dd_24405,T1,7.91207410441023e-09,3.0073603986732875e-09
gpt4_0613,dd_24405,T2,4.804275098300063e-09,-1.0043860743687905e-10
gpt4_0613,dd_24405,T3,1.3872660399527395e-09,-3.5174476657842027e-09
gpt4_0613,dd_24405,T4,5.515239580284739e-09,6.105258745477972e-10
gpt4_0613,dd_24975,T1,0.9991504483651741,-7.532455868708432e-06
gpt4_0613,dd_24975,T2,0.9999559759030194,0.0007979950819766435
gpt4_0613,dd_24975,T3,0.9977152789979311,-0.0014427018231116806
gpt4_0613,dd_24975,T4,0.9998102200180465,0.0006522391970037456
gpt4_0613,dd_25137,T1,0.9999999544264215,7.229799758867728e-09
gpt4_0613,dd_25137,T2,0.9999999307384462,-1.645817560014251e-08
gpt4_0613,dd_25137,T3,0.9999999614883797,1.4291757888251766e-08
gpt4_0613,dd_25137,T4,0.9999999421332397,-5.063382046976983e-09
gpt4_0613,dd_25302,T1,7.140534422701085e-09,-3.2322253087651774e-09
gpt4_0613,dd_25302,T2,6.798482001075696e-09,-3.5742777303905664e-09
gpt4_0613,dd_25302,T3,2.2851477697125705e-08,1.2478717965659443e-08
gpt4_0613,dd_25302,T4,4.700544804962563e-09,-5.672214926503699e-09
gpt4_0613,dd_25868,T1,0.7824905678365819,-0.061129073751853946
gpt4_0613,dd_25868,T2,0.9926766764955703,0.1490570349071345
gpt4_0613,dd_25868,T3,0.9167560205087185,0.07313637892028269
gpt4_0613,dd_25868,T4,0.6825553015128727,-0.16106434007556314
gpt4_0613,dd_26178,T1,4.192957143577462e-05,-0.004249114341129217
gpt4_0613,dd_26178,T2,7.424543571367759e-05,-0.004216798476851314
gpt4_0613,dd_26178,T3,0.01703867152351355,0.012747627610948558
gpt4_0613,dd_26178,T4,9.32911959696729e-06,-0.004281714792968024
gpt4_0613,dd_26321,T1,0.999999817070435,4.5175100815697533e-07
gpt4_0613,dd_26321,T2,0.9999990874013815,-2.7791804524390784e-07
gpt4_0613,dd_26321,T3,0.9999990216090406,-3.4371038615255145e-07
gpt4_0613,dd_26321,T4,0.9999995351968505,1.6987742368357317e-07
gpt4_0613,dd_27524,T1,2.1183971398084594e-09,-2.492695348958592e-09
gpt4_0613,dd_27524,T2,8.06143337075907e-09,3.450340881992019e-09
gpt4_0613,dd_27524,T3,5.550399521526716e-09,9.393070327596647e-10
gpt4_0613,dd_27524,T4,2.71413992297396e-09,-1.8969525657930916e-09
gpt4_0613,dd_27558,T1,0.00023910878137806113,-1.4732366275432016e-05
gpt4_0613,dd_27558,T2,0.00017437389495484848,-7.946725269864467e-05
gpt4_0613,dd_27558,T3,0.0005090569920152794,0.00025521584436178626
gpt4_0613,dd_27558,T4,9.282492226578352e-05,-0.00016101622538770963
gpt4_0613,dd_30131,T1,3.94353497281696e-08,-2.4123279932743142e-08
gpt4_0613,dd_30131,T2,2.2893609918375764e-08,-4.066501974253698e-08
gpt4_0613,dd_30131,T3,1.4081591482950502e-07,7.725728516859228e-08
gpt4_0613,dd_30131,T4,5.108964416760057e-08,-1.246898549331217e-08
gpt4_0613,dd_30899,T1,0.9999998501166804,-5.2613159273739996e-08
gpt4_0613,dd_30899,T2,0.9999999053163342,2.5864945740750045e-09
gpt4_0613,dd_30899,T3,0.9999999167599377,1.4030098083317455e-08
gpt4_0613,dd_30899,T4,0.999999938726406,3.599656639430293e-08
gpt4_0613,dd_31129,T1,3.749519427767705e-09,3.172369426429575e-10
gpt4_0613,dd_31129,T2,3.0786386012828488e-09,-3.536438838418986e-10
gpt4_0613,dd_31129,T3,3.7088337758935166e-09,2.7655129076876925e-10
gpt4_0613,dd_31129,T4,3.1921381355549184e-09,-2.4014434956982896e-10
gpt4_0613,dd_32872,T1,6.371230347651455e-05,-3.1000806224769516e-05
gpt4_0613,dd_32872,T2,3.682498077544157e-05,-5.7888128925842494e-05
gpt4_0613,dd_32872,T3,5.928088239981728e-05,-3.543222730146679e-05
gpt4_0613,dd_32872,T4,0.0002190342721533629,0.00012432116245207883
gpt4_0613,dd_33618,T1,0.00270679865202315,0.001568857273920344
gpt4_0613,dd_33618,T2,0.001271784176282331,0.00013384279817952476
gpt4_0613,dd_33618,T3,0.00018783900923200774,-0.0009501023688707985
gpt4_0613,dd_33618,T4,0.0003853436748737359,-0.0007525977032290703
gpt4_0613,dd_34148,T1,2.175294508603703e-05,-5.651915232688999e-05
gpt4_0613,dd_34148,T2,0.00017858429924673695,0.00010031220183380993
gpt4_0613,dd_34148,T3,7.312967458526899e-05,-5.142422827658031e-06
gpt4_0613,dd_34148,T4,3.9621470733665114e-05,-3.865062667926191e-05
gpt4_0613,dd_34460,T1,1.9581686904514175e-09,-7.807928586186022e-10
gpt4_0613,dd_34460,T2,1.4778804364197342e-09,-1.2610811126502856e-09
gpt4_0613,dd_34460,T3,4.209883599766216e-09,1.470922050696196e-09
gpt4_0613,dd_34460,T4,3.3099134696427123e-09,5.709519205726926e-10
gpt4_0613,dd_35732,T1,5.520598471921625e-08,-2.6624558871632757e-05
gpt4_0613,dd_35732,T2,1.4957358432755133e-05,-1.172240642359684e-05
gpt4_0613,dd_35732,T3,5.042360628409058e-07,-2.6175528793511067e-05
gpt4_0613,dd_35732,T4,9.120225894509263e-05,6.452249408874067e-05
gpt4_0613,dd_36819,T1,0.0017170894991264424,-0.04334539462925641
gpt4_0613,dd_36819,T2,0.0004082785299930143,-0.04465420559838984
gpt4_0613,dd_36819,T3,0.062278017552697094,0.01721553342431424
gpt4_0613,dd_36819,T4,0.11584655093171486,0.07078406680333202
gpt4_0613,dd_37249,T1,0.40783363114558757,0.2021473298009979
gpt4_0613,dd_37249,T2,0.003158895993712093,-0.2025274053508776
gpt4_0613,dd_37249,T3,0.36791665799226675,0.16223035664767707
gpt4_0613,dd_37249,T4,0.04383602024679232,-0.16185028109779737
gpt4_0613,dd_37490,T1,0.9999999984348868,3.2419422701934764e-10
gpt4_0613,dd_37490,T2,0.9999999974661681,-6.445245448460923e-10
gpt4_0613,dd_37490,T3,0.9999999980263305,-8.436207288298192e-11
gpt4_0613,dd_37490,T4,0.9999999985153849,4.0469227968742416e-10
gpt4_0613,dd_38533,T1,2.0060355034882754e-05,-0.00010002104019394044
gpt4_0613,dd_38533,T2,1.6255557776899662e-05,-0.00010382583745192354
gpt4_0613,dd_38533,T3,1.0176889333698286e-05,-0.00010990450589512491
gpt4_0613,dd_38533,T4,0.0004338327787698121,0.00031375138354098887
gpt4_0613,dd_39199,T1,0.9999118945643539,-3.228776586361448e-05
gpt4_0613,dd_39199,T2,0.9999981404175572,5.3958087339656124e-05
gpt4_0613,dd_39199,T3,0.9998728514262902,-7.133090392730246e-05
gpt4_0613,dd_39199,T4,0.9999938429126687,4.966058245114979e-05
gpt4_0613,dd_42860,T1,1.0345950599428013e-07,2.1736575504679884e-08
gpt4_0613,dd_42860,T2,7.064394491970257e-08,-1.1078985569897678e-08
gpt4_0613,dd_42860,T3,1.1559329691464891e-07,3.3870366425048666e-08
gpt4_0613,dd_42860,T4,3.719497412976938e-08,-4.4527956359830865e-08
gpt4_0613,dd_44063,T1,0.020486903287637966,-0.09660246800618
gpt4_0613,dd_44063,T2,0.007623481663436197,-0.10946588963038177
gpt4_0613,dd_44063,T3,0.4372341883398967,0.3201448170460787
gpt4_0613,dd_44063,T4,0.0030129118843010083,-0.11407645940951695
gpt4_0613,dd_44380,T1,0.9999999490880385,-1.8929737444217665e-08
gpt4_0613,dd_44380,T2,0.9999999729440617,4.926285823714238e-09
gpt4_0613,dd_44380,T3,0.9999999672626954,-7.550805536382654e-10
gpt4_0613,dd_44380,T4,0.9999999827763079,1.4758531952097087e-08
gpt4_0613,dd_45938,T1,1.941361715228806e-09,-1.931867010066292e-10
gpt4_0613,dd_45938,T2,1.3148635864292423e-09,-8.196848298061928e-10
gpt4_0613,dd_45938,T3,3.913768740070255e-09,1.7792203238348202e-09
gpt4_0613,dd_45938,T4,1.3681996232134365e-09,-7.663487930219986e-10
gpt4_0613,dd_46859,T1,7.922221926361769e-09,2.778506240013696e-09
gpt4_0613,dd_46859,T2,5.274020455600085e-09,1.3030476925201222e-10
gpt4_0613,dd_46859,T3,3.262583283531348e-09,-1.881132402816725e-09
gpt4_0613,dd_46859,T4,4.116037079899089e-09,-1.027678606448984e-09
gpt4_0613,dd_47886,T1,0.7533430872477909,-0.10930069712863966
gpt4_0613,dd_47886,T2,0.9808745872477385,0.11823080287130794
gpt4_0613,dd_47886,T3,0.7380926830605834,-0.12455110131584712
gpt4_0613,dd_47886,T4,0.9782647799496091,0.11562099557317862
gpt4_0613,dd_5570,T1,0.9999999915471898,5.54945089881187e-10
gpt4_0613,dd_5570,T2,0.9999999937319004,2.7396557245040754e-09
gpt4_0613,dd_5570,T3,0.9999999879858601,-3.00638458572422e-09
gpt4_0613,dd_5570,T4,0.9999999907040283,-2.882163396833448e-10
gpt4_0613,dd_6488,T1,2.7622411218053332e-08,7.892911275908014e-09
gpt4_0613,dd_6488,T2,1.514988571300375e-08,-4.579614229141568e-09
gpt4_0613,dd_6488,T3,2.9428897068258943e-08,9.699397126113624e-09
gpt4_0613,dd_6488,T4,6.716805769265252e-09,-1.3012694172880067e-08
gpt4_0613,dd_6826,T1,0.9999925834665362,1.93635133977077e-05
gpt4_0613,dd_6826,T2,0.999993294372016,2.0074418877524813e-05
gpt4_0613,dd_6826,T3,0.9999341121148471,-3.910783829141895e-05
gpt4_0613,dd_6826,T4,0.9999728898591544,-3.300939840356065e-07
gpt4_0613,dd_6868,T1,1.6082076400272945e-05,-0.0006593353597784938
gpt4_0613,dd_6868,T2,0.0003068392033919314,-0.00036857823278683543
gpt4_0613,dd_6868,T3,0.002366873427227488,0.001691455991048721
gpt4_0613,dd_6868,T4,1.1875037695374795e-05,-0.000663542398483392
gpt4_0613,dd_7687,T1,0.9999999371305451,-3.0518878202379085e-08
gpt4_0613,dd_7687,T2,0.9999999811295526,1.3480129235077243e-08
gpt4_0613,dd_7687,T3,0.9999999735190854,5.869662089708072e-09
gpt4_0613,dd_7687,T4,0.9999999788185105,1.1169087210660678e-08
gpt4_0613,dd_8580,T1,2.0922941619857144e-06,3.3842835050230106e-07
gpt4_0613,dd_8580,T2,1.4246353844126149e-06,-3.292304270707985e-07
gpt4_0613,dd_8580,T3,7.955027528211852e-07,-9.583630586622282e-07
gpt4_0613,dd_8580,T4,2.703030946714139e-06,9.491651352307256e-07
gpt4_0613,dd_9595,T1,0.9999715311075092,8.898565613701948e-06
gpt4_0613,dd_9595,T2,0.9999068468784444,-5.578566345110225e-05
gpt4_0613,dd_9595,T3,0.999991586467917,2.8953926021424436e-05
gpt4_0613,dd_9595,T4,0.9999805657137111,1.793317181553178e-05
gpt4_0613,dd_9899,T1,0.9999852066614783,0.00011806358772692427
gpt4_0613,dd_9899,T2,0.9997820454591921,-8.509761455921527e-05
gpt4_0613,dd_9899,T3,0.9997150477640617,-0.00015209530968962603
gpt4_0613,dd_9899,T4,0.9999862724102735,0.00011912933652213908
gpt4_0613,dd_9955,T1,0.312064483971014,-0.021388656069435297
gpt4_0613,dd_9955,T2,0.03588123479599363,-0.29757190524445565
gpt4_0613,dd_9955,T3,0.98453453106052,0.6510813910200708
gpt4_0613,dd_9955,T4,0.0013323103342694211,-0.33212082970617984
gpt4_0613,mc_C_034,T1,0.9999999968592554,-1.1804657251701656e-10
gpt4_0613,mc_C_034,T2,0.9999999967164317,-2.608703253415001e-10
gpt4_0613,mc_C_034,T3,0.9999999977335873,7.562852566422862e-10
gpt4_0613,mc_C_034,T4,0.9999999965999335,-3.7736846980607197e-10
gpt4_0613,mc_C_1095,T1,0.9999999991002808,2.8627389347946064e-10
gpt4_0613,mc_C_1095,T2,0.9999999978049688,-1.009038075316937e-09
gpt4_0613,mc_C_1095,T3,0.999999998891669,7.766209897397403e-11
gpt4_0613,mc_C_1095,T4,0.9999999994591091,6.451021938858048e-10
gpt4_0613,mc_C_1216,T1,0.999999997769676,-1.4040246743007856e-10
gpt4_0613,mc_C_1216,T2,0.9999999977631557,-1.4692269623139964e-10
gpt4_0613,mc_C_1216,T3,0.999999997872433,-3.764544231898981e-11
gpt4_0613,mc_C_1216,T4,0.9999999982350494,3.249709390473754e-10
gpt4_0613,mc_C_183,T1,0.9999999967743305,1.8010792857126035e-09
gpt4_0613,mc_C_183,T2,0.9999999926321113,-2.3411399485695483e-09
gpt4_0613,mc_C_183,T3,0.9999999955182279,5.449767304099851e-10
gpt4_0613,mc_C_183,T4,0.9999999949683351,-4.916067553040193e-12
gpt4_0613,mc_C_291,T1,0.9999999981512068,1.7199319746197261e-10
gpt4_0613,mc_C_291,T2,0.9999999978323044,-1.4690915151049921e-10
gpt4_0613,mc_C_291,T3,0.9999999986223358,6.431222221436883e-10
gpt4_0613,mc_C_291,T4,0.9999999973110074,-6.682061570728592e-10
gpt4_0613,mc_C_467,T1,0.9999999905094861,-4.280440557558052e-09
gpt4_0613,mc_C_467,T2,0.9999999952278535,4.379269169518807e-10
gpt4_0613,mc_C_467,T3,0.9999999975177652,2.7278386216522676e-09
gpt4_0613,mc_C_467,T4,0.9999999959046018,1.1146751299762059e-09
gpt4_0613,mc_C_527,T1,0.9999999978185445,2.4948458854368027e-09
gpt4_0613,mc_C_527,T2,0.999999991273049,-4.050649704545606e-09
gpt4_0613,mc_C_527,T3,0.9999999955595855,2.3588686559605776e-10
gpt4_0613,mc_C_527,T4,0.9999999966436157,1.3199170645350478e-09
gpt4_0613,mc_C_675,T1,0.9999999976516858,-2.9600766282555924e-12
gpt4_0613,mc_C_675,T2,0.999999997416191,-2.3845481145201575e-10
gpt4_0613,mc_C_675,T3,0.9999999986622001,1.0075542622445255e-09
gpt4_0613,mc_C_675,T4,0.9999999968885068,-7.661390410973468e-10
gpt4_0613,mc_C_772,T1,0.9999999956247154,-1.1656249299107913e-09
gpt4_0613,mc_C_772,T2,0.9999999975661612,7.758208520058929e-10
gpt4_0613,mc_C_772,T3,0.9999999974856217,6.952813880189979e-10
gpt4_0613,mc_C_772,T4,0.9999999964848634,-3.054769770471921e-10
gpt4_0613,mc_C_941,T1,0.9999999964683329,-1.1536783750543123e-09
gpt4_0613,mc_C_941,T2,0.9999999977008511,7.883982355849639e-11
gpt4_0613,mc_C_941,T3,0.9999999982372365,6.152252041147221e-10
gpt4_0613,mc_C_941,T4,0.9999999980816243,4.5961301431418633e-10
gpt4_0613,mc_G_005,T1,0.9999999681002557,2.3059460008134636e-08
gpt4_0613,mc_G_005,T2,0.9999998928103591,-5.2230436642375366e-08
gpt4_0613,mc_G_005,T3,0.9999999563681586,1.1327362936519592e-08
gpt4_0613,mc_G_005,T4,0.9999999628844096,1.7843613919765744e-08
gpt4_0613,mc_G_037,T1,0.999999231759858,3.092487783262765e-05
gpt4_0613,mc_G_037,T2,0.9999774079049932,9.101022967805683e-06
gpt4_0613,mc_G_037,T3,0.9998981239299662,-7.018295205918346e-05
gpt4_0613,mc_G_037,T4,0.999998463933284,3.0157051258528078e-05
gpt4_0613,mc_G_064,T1,2.185183792838042e-09,-2.634786274180305e-10
gpt4_0613,mc_G_064,T2,3.946352097610275e-09,1.4976896773542027e-09
gpt4_0613,mc_G_064,T3,1.2510327762176144e-09,-1.197629644038458e-09
gpt4_0613,mc_G_064,T4,2.4120810143583575e-09,-3.658140589771497e-11
gpt4_0613,mc_G_086,T1,0.9999998241809259,2.9634731931738045e-06
gpt4_0613,mc_G_086,T2,0.9999999002095957,3.039501862978078e-06
gpt4_0613,mc_G_086,T3,0.9999996688693742,2.808161641443263e-06
gpt4_0613,mc_G_086,T4,0.9999880495710353,-8.811136697484123e-06
gpt4_0613,mc_G_112,T1,0.46484731894639836,-0.37326083847052854
gpt4_0613,mc_G_112,T2,0.9803648033841437,0.14225664596721677
gpt4_0613,mc_G_112,T3,0.9998785902709908,0.1617704328540639
gpt4_0613,mc_G_112,T4,0.907341917066175,0.06923375964924805
gpt4_0613,mc_G_135,T1,0.9999991361465057,-9.68554931812804e-08
gpt4_0613,mc_G_135,T2,0.9999995566096521,3.236076532298071e-07
gpt4_0613,mc_G_135,T3,0.999999900800439,6.677984401015635e-07
gpt4_0613,mc_G_135,T4,0.9999983384513984,-8.945506004831572e-07
gpt4_0613,mc_G_156,T1,0.9999998273195767,3.650809610178385e-08
gpt4_0613,mc_G_156,T2,0.9999997715648619,-1.924661874319611e-08
gpt4_0613,mc_G_156,T3,0.9999999783770778,1.875655971650403e-07
gpt4_0613,mc_G_156,T4,0.999999585984406,-2.0482707463465033e-07
gpt4_0613,mc_G_179,T1,0.9999999892244653,-2.5587844065810827e-09
gpt4_0613,mc_G_179,T2,0.9999999919770814,1.938317284455593e-10
gpt4_0613,mc_G_179,T3,0.9999999918236228,4.037303824588889e-11
gpt4_0613,mc_G_179,T4,0.9999999941078292,2.324579528867332e-09
gpt4_0613,mc_G_186,T1,1.7197274060291264e-06,4.4411027540620674e-07
gpt4_0613,mc_G_186,T2,3.080609875131282e-07,-9.675561431097915e-07
gpt4_0613,mc_G_186,T3,7.59154423512363e-07,-5.164627071105566e-07
gpt4_0613,mc_G_186,T4,2.315525705437061e-06,1.0399085748141413e-06
gpt4_0613,mc_G_235,T1,0.9999999949737473,9.837665126966044e-10
gpt4_0613,mc_G_235,T2,0.9999999950183034,1.028322649254676e-09
gpt4_0613,mc_G_235,T3,0.9999999982991891,4.3092083235052314e-09
gpt4_0613,mc_G_235,T4,0.999999987668683,-6.321297707501117e-09
gpt4_0613,mc_G_236,T1,0.6043359986125949,-0.1622022722203076
gpt4_0613,mc_G_236,T2,0.9225102654261405,0.15597199459323796
gpt4_0613,mc_G_236,T3,0.9190036386945537,0.1524653678616512
gpt4_0613,mc_G_236,T4,0.6203031805983211,-0.14623509023458137
gpt4_0613,mc_G_288,T1,0.9999219417245393,0.01795506787880452
gpt4_0613,mc_G_288,T2,0.9993991402271549,0.017432266381420147
gpt4_0613,mc_G_288,T3,0.9286760680910713,-0.053290805754663495
gpt4_0613,mc_G_288,T4,0.9998703453401736,0.017903471494438827
gpt4_0613,mc_G_302,T1,0.832910336769801,0.08553282552179708
gpt4_0613,mc_G_302,T2,0.8885837684958503,0.1412062572478464
gpt4_0613,mc_G_302,T3,0.768026663883191,0.020649152635187074
gpt4_0613,mc_G_302,T4,0.4999892758431735,-0.2473882354048304
gpt4_0613,mc_G_365,T1,0.9999301492815162,0.007351031283773901
gpt4_0613,mc_G_365,T2,0.9999027563747209,0.007323638376978581
gpt4_0613,mc_G_365,T3,0.9708224258182062,-0.02175669217953613
gpt4_0613,mc_G_365,T4,0.9996611405165261,0.007082022518783759
gpt4_0613,mc_G_373,T1,7.0960914487893075e-09,-2.2551945280667983e-09
gpt4_0613,mc_G_373,T2,1.038620518992489e-08,1.0349192130687834e-09
gpt4_0613,mc_G_373,T3,1.2364957955508617e-08,3.013671978652511e-09
gpt4_0613,mc_G_373,T4,7.557889313201607e-09,-1.7933966636544985e-09
gpt4_0613,mc_G_385,T1,0.9999997153132681,1.8232715633947905e-06
gpt4_0613,mc_G_385,T2,0.999999251417997,1.3593762921981778e-06
gpt4_0613,mc_G_385,T3,0.9999995605436505,1.6685019457174377e-06
gpt4_0613,mc_G_385,T4,0.9999930408919038,-4.851149800977339e-06
gpt4_0613,mc_G_397,T1,0.9999999890614011,-7.259837175865869e-10
gpt4_0613,mc_G_397,T2,0.9999999826638484,-7.123536427400268e-09
gpt4_0613,mc_G_397,T3,0.9999999960044725,6.217087733517701e-09
gpt4_0613,mc_G_397,T4,0.9999999914198172,1.6324324114691535e-09
gpt4_0613,mc_G_431,T1,0.9999999315751714,2.3346568012172497e-09
gpt4_0613,mc_G_431,T2,0.9999999205468784,-8.693636255330262e-09
gpt4_0613,mc_G_431,T3,0.9999999579093402,2.8668825535760334e-08
gpt4_0613,mc_G_431,T4,0.9999999069306686,-2.230984597062502e-08
gpt4_0613,mc_G_453,T1,0.9999928096322359,1.1307192322895787e-05
gpt4_0613,mc_G_453,T2,0.9999467351422028,-3.4767297710236456e-05
gpt4_0613,mc_G_453,T3,0.999989499671158,7.997231245004954e-06
gpt4_0613,mc_G_453,T4,0.9999969653140552,1.5462874142224692e-05
gpt4_0613,mc_G_492,T1,0.999999983992377,1.6714920514360188e-07
gpt4_0613,mc_G_492,T2,0.9999993100668934,-5.067762784971563e-07
gpt4_0613,mc_G_492,T3,0.999999990783133,1.7393996110115495e-07
gpt4_0613,mc_G_492,T4,0.9999999825302843,1.6568711247444412e-07
gpt4_0613,mc_G_572,T1,0.5559260167255362,0.05653984139871798
gpt4_0613,mc_G_572,T2,0.49929534575756573,-9.082956925249297e-05
gpt4_0613,mc_G_572,T3,0.5248381457947895,0.025451970467971263
gpt4_0613,mc_G_572,T4,0.41748519302938153,-0.0819009822974367
gpt4_0613,mc_G_595,T1,0.02897445769577458,-0.1829553928842226
gpt4_0613,mc_G_595,T2,0.443863457170767,0.23193360659076978
gpt4_0613,mc_G_595,T3,0.01490363681645528,-0.1970262137635419
gpt4_0613,mc_G_595,T4,0.35997785063699195,0.14804800005699476
gpt4_0613,mc_G_601,T1,0.01537513569475867,-0.1018780805347508
gpt4_0613,mc_G_601,T2,0.10774671140021724,-0.009506504829292217
gpt4_0613,mc_G_601,T3,0.34234983908595124,0.22509662285644177
gpt4_0613,mc_G_601,T4,0.003541178737110678,-0.11371203749239878
gpt4_0613,mc_H_035,T1,2.0387991284227841e-07,1.1189234834409902e-07
gpt4_0613,mc_H_035,T2,4.1306641097805043e-08,-5.068092340037435e-08
gpt4_0613,mc_H_035,T3,9.303319206928751e-08,1.0456275711081184e-09
gpt4_0613,mc_H_035,T4,2.973051198334657e-08,-6.225705251483282e-08
gpt4_0613,mc_H_044,T1,0.9999690256363304,0.003446539469756482
gpt4_0613,mc_H_044,T2,0.9999781454262087,0.003455659259634758
gpt4_0613,mc_H_044,T3,0.9861515527737057,-0.010370933392868209
gpt4_0613,mc_H_044,T4,0.9999912208300513,0.003468734663477413
gpt4_0613,mc_H_049,T1,0.0007038975778893969,-0.09854821038472858
gpt4_0613,mc_H_049,T2,0.0033476192162256047,-0.09590448874639237
gpt4_0613,mc_H_049,T3,0.0003751015785688069,-0.09887700638404917
gpt4_0613,mc_H_049,T4,0.3925818134777881,0.2933297055151701
gpt4_0613,mc_H_060,T1,0.9999870357246619,6.593784250918944e-05
gpt4_0613,mc_H_060,T2,0.9999496654890201,2.8567606867424544e-05
gpt4_0613,mc_H_060,T3,0.999975404012714,5.430613056134348e-05
gpt4_0613,mc_H_060,T4,0.999772286302215,-0.0001488115799376244
gpt4_0613,mc_H_066,T1,4.701535616982968e-09,-1.7025272688085522e-09
gpt4_0613,mc_H_066,T2,9.549646755456092e-09,3.1455838696645715e-09
gpt4_0613,mc_H_066,T3,4.314596514783053e-09,-2.089466371008467e-09
gpt4_0613,mc_H_066,T4,7.050472655943966e-09,6.464097701524461e-10
gpt4_0613,mc_H_072,T1,0.9999999849538024,-4.109800610940795e-09
gpt4_0613,mc_H_072,T2,0.999999997499676,8.436073062334515e-09
gpt4_0613,mc_H_072,T3,0.9999999875039787,-1.5596243185811431e-09
gpt4_0613,mc_H_072,T4,0.9999999862969546,-2.766648354857182e-09
gpt4_0613,mc_H_073,T1,0.9999999733382894,1.0253736271170766e-07
gpt4_0613,mc_H_073,T2,0.9999999737666203,1.029656936379908e-07
gpt4_0613,mc_H_073,T3,0.9999999870305838,1.16229657121103e-07
gpt4_0613,mc_H_073,T4,0.9999995490682134,-3.2173271324875685e-07
gpt4o,dd_0107,T1,1.0298281701169844e-05,5.005954895094549e-06
gpt4o,dd_0107,T2,1.4768537225028219e-06,-3.815473083572474e-06
gpt4o,dd_0107,T3,3.963020476628427e-08,-5.2526966013090116e-06
gpt4o,dd_0107,T4,9.354541595862232e-06,4.062214789786937e-06
gpt4o,dd_0283,T1,4.7982600992205655e-09,7.923077020017674e-10
gpt4o,dd_0283,T2,3.8774535116566536e-09,-1.2849888556214452e-10
gpt4o,dd_0283,T3,3.2464819426611088e-09,-7.594704545576893e-10
gpt4o,dd_0283,T4,4.101614035336863e-09,9.566163811806518e-11
gpt4o,dd_11241,T1,3.707275302611246e-05,-6.976198973401485e-05
gpt4o,dd_11241,T2,5.9794086296732324e-05,-4.704065646339499e-05
gpt4o,dd_11241,T3,0.00028194239068189686,0.00017510764792176954
gpt4o,dd_11241,T4,4.8529741035767616e-05,-5.83050017243597e-05
gpt4o,dd_13518,T1,2.7332619323966463e-08,9.461521043839089e-09
gpt4o,dd_13518,T2,1.1529662259459537e-08,-6.3414360206678375e-09
gpt4o,dd_13518,T3,2.156873618774432e-08,3.697637907616947e-09
gpt4o,dd_13518,T4,1.1053375349339176e-08,-6.817722930788198e-09
gpt4o,dd_14408,T1,0.999999046470682,-4.039500254293671e-07
gpt4o,dd_14408,T2,0.9999996147272279,1.6430652038934568e-07
gpt4o,dd_14408,T3,0.9999999171607636,4.6674005615976455e-07
gpt4o,dd_14408,T4,0.9999992233241565,-2.2709655100872084e-07
gpt4o,dd_14818,T1,0.9999848731021321,6.861219188913914e-06
gpt4o,dd_14818,T2,0.9999983528252323,2.034094228908767e-05
gpt4o,dd_14818,T3,0.9999305795588205,-4.7432324122742564e-05
gpt4o,dd_14818,T4,0.9999982420455882,2.0230162644963023e-05
gpt4o,dd_15810,T1,0.47325148905718584,0.018715046490545784
gpt4o,dd_15810,T2,0.12986729565472405,-0.324669146911916
gpt4o,dd_15810,T3,0.5047231281855691,0.05018668561892903
gpt4o,dd_15810,T4,0.7103038573690812,0.25576741480244114
gpt4o,dd_17929,T1,0.9975721385989611,0.003144770122684881
gpt4o,dd_17929,T2,0.9864668009365348,-0.007960567539741392
gpt4o,dd_17929,T3,0.9997968498340053,0.005369481357729078
gpt4o,dd_17929,T4,0.9938736845356035,-0.0005536839406726779
gpt4o,dd_1808,T1,0.9997078960522421,7.543920113117775e-05
gpt4o,dd_1808,T2,0.9998294407844648,0.0001969839333538781
gpt4o,dd_1808,T3,0.9993432458419995,-0.00028921100911138975
gpt4o,dd_1808,T4,0.9996492447257372,1.678787462633391e-05
gpt4o,dd_1814,T1,5.0457601351937175e-09,-1.4844903056390294e-09
gpt4o,dd_1814,T2,2.839485352156781e-10,-6.246301905617069e-09
gpt4o,dd_1814,T3,1.8512193847446527e-08,1.198194340661378e-08
gpt4o,dd_1814,T4,2.279099245475065e-09,-4.251151195357682e-09
gpt4o,dd_18223,T1,0.01729798010299897,-0.0223595666278008
gpt4o,dd_18223,T2,0.09745164146161425,0.05779409473081448
gpt4o,dd_18223,T3,0.04143015234019304,0.0017726056093932685
gpt4o,dd_18223,T4,0.002450413018392815,-0.037207133712406956
gpt4o,dd_18643,T1,0.9999999939436974,-2.7973817706694604e-09
gpt4o,dd_18643,T2,0.9999999991995622,2.45848297275586e-09
gpt4o,dd_18643,T3,0.9999999960053139,-7.357653375450468e-10
gpt4o,dd_18643,T4,0.9999999978157432,1.0746640244363448e-09
gpt4o,dd_18670,T1,0.9431744125943844,-0.038608793614488324
gpt4o,dd_18670,T2,0.9890177260998219,0.007234519890949143
gpt4o,dd_18670,T3,0.9950509576532437,0.013267751444370979
gpt4o,dd_18670,T4,0.999889728488041,0.018106522279168313
gpt4o,dd_2081,T1,0.9998313850437976,0.0059474451325242095
gpt4o,dd_2081,T2,0.9999143929161558,0.0060304530048823635
gpt4o,dd_2081,T3,0.9805934694023545,-0.013290470508918961
gpt4o,dd_2081,T4,0.995196512282786,0.0013125723715126103
gpt4o,dd_21158,T1,0.9999996499196566,1.8014538127886226e-07
gpt4o,dd_21158,T2,0.9999997644550934,2.9468081808037283e-07
gpt4o,dd_21158,T3,0.9999988838183689,-5.859559064624875e-07
gpt4o,dd_21158,T4,0.9999995809039828,1.1112970743631934e-07
gpt4o,dd_21629,T1,0.9999999512526438,-1.1323677551189348e-09
gpt4o,dd_21629,T2,0.9999999858119828,3.342697119101956e-08
gpt4o,dd_21629,T3,0.9999999921630507,3.977803908483679e-08
gpt4o,dd_21629,T4,0.9999998803123693,-7.207264229869281e-08
gpt4o,dd_21630,T1,6.718023598973542e-07,-5.921333185228573e-07
gpt4o,dd_21630,T2,2.3923557777174222e-06,1.1284200992972108e-06
gpt4o,dd_21630,T3,3.041550290280377e-07,-9.597806493921738e-07
gpt4o,dd_21630,T4,1.6874295470380314e-06,4.2349386861781995e-07
gpt4o,dd_22819,T1,4.9583454910212526e-08,9.085138047583521e-10
gpt4o,dd_22819,T2,3.020583726138596e-08,-1.8469103844068214e-08
gpt4o,dd_22819,T3,9.299796333603128e-08,4.4323022230577105e-08
gpt4o,dd_22819,T4,2.1912508914186945e-08,-2.676243219126723e-08
gpt4o,dd_23534,T1,0.878714087259765,-0.055372534117839045
gpt4o,dd_23534,T2,0.9367155150935044,0.00262889371590036
gpt4o,dd_23534,T3,0.9534661212239328,0.019379499846328807
gpt4o,dd_23534,T4,0.9674507619332136,0.033364140555609545
gpt4o,dd_24260,T1,0.1260327388021206,0.04351132331731934
gpt4o,dd_24260,T2,0.14383469116624303,0.06131327568144178
gpt4o,dd_24260,T3,0.025216105406241154,-0.0573053100785601
gpt4o,dd_24260,T4,0.0350021265646002,-0.047519288920201054
gpt4o,dd_24405,T1,1.1793206311136359e-09,-4.3845703536006746e-11
gpt4o,dd_24405,T2,9.196174921352945e-10,-3.035488425143481e-10
gpt4o,dd_24405,T3,1.4591454025303807e-09,2.359790678807381e-10
gpt4o,dd_24405,T4,1.334581812819259e-09,1.1141547816961633e-10
gpt4o,dd_24975,T1,0.9732843519195443,-0.019815648142314957
gpt4o,dd_24975,T2,0.9998879132313193,0.006787913169460036
gpt4o,dd_24975,T3,0.9998606988343599,0.0067606987725006285
gpt4o,dd_24975,T4,0.9993670362622136,0.006267036200354292
gpt4o,dd_25137,T1,0.9999999955329835,-1.5764411998020478e-10
gpt4o,dd_25137,T2,0.999999997624689,1.9340614665352973e-09
gpt4o,dd_25137,T3,0.999999994366676,-1.3239516150065356e-09
gpt4o,dd_25137,T4,0.9999999952381617,-4.524658425708594e-10
gpt4o,dd_25302,T1,6.349432069865197e-09,3.2599683089770592e-09
gpt4o,dd_25302,T2,5.890968566219444e-10,-2.5003669042661935e-09
gpt4o,dd_25302,T3,3.261928321595552e-09,1.7246456070741405e-10
gpt4o,dd_25302,T4,2.1573977954698574e-09,-9.320659654182806e-10
gpt4o,dd_25868,T1,0.31488725892542635,-0.0714338263690395
gpt4o,dd_25868,T2,0.15183049490492742,-0.23449059038953843
gpt4o,dd_25868,T3,0.7149000636499316,0.3285789783554658
gpt4o,dd_25868,T4,0.3636665236975781,-0.022654561596887723
gpt4o,dd_26178,T1,1.3330442807149781e-05,-2.018442454833401e-05
gpt4o,dd_26178,T2,6.655296582139162e-06,-2.6859570773344632e-05
gpt4o,dd_26178,T3,0.00011124961329125263,7.773474593576884e-05
gpt4o,dd_26178,T4,2.824116741393598e-06,-3.06907506140902e-05
gpt4o,dd_26321,T1,0.9999767963502486,6.338377460268774e-05
gpt4o,dd_26321,T2,0.9999805468189978,6.713424335191842e-05
gpt4o,dd_26321,T3,0.9999953072322363,8.189465659036443e-05
gpt4o,dd_26321,T4,0.999700999901101,-0.0002124126745449706
gpt4o,dd_27524,T1,3.7510704031288885e-09,1.371867454928786e-09
gpt4o,dd_27524,T2,1.3799416894010104e-09,-9.99261258799092e-10
gpt4o,dd_27524,T3,3.386169289291324e-09,1.0069663410912213e-09
gpt4o,dd_27524,T4,9.99630410979187e-10,-1.3795725372209155e-09
gpt4o,dd_27558,T1,0.0004700193445701857,-0.003594054750017238
gpt4o,dd_27558,T2,9.422164398961416e-05,-0.003969852450597809
gpt4o,dd_27558,T3,0.015573063760203874,0.01150898966561645
gpt4o,dd_27558,T4,0.0001189916295860207,-0.003945082465001403
gpt4o,dd_28814,T1,0.007011307850104751,0.004800853115195716
gpt4o,dd_28814,T2,0.0003132568459524146,-0.0018971978889566208
gpt4o,dd_28814,T3,2.567347873844315e-05,-0.002184781256170592
gpt4o,dd_28814,T4,0.0014915807648405329,-0.0007188739700685024
gpt4o,dd_29978,T1,0.01547374645914942,0.008513438275889067
gpt4o,dd_29978,T2,0.003975870069230845,-0.002984438114029508
gpt4o,dd_29978,T3,0.0015579909506293968,-0.005402317232630956
gpt4o,dd_29978,T4,0.00683362525403175,-0.00012668292922860327
gpt4o,dd_30131,T1,2.0544397602366732e-08,-1.7253913544919852e-08
gpt4o,dd_30131,T2,2.3615658415508652e-08,-1.4182652731777932e-08
gpt4o,dd_30131,T3,3.8751583580994236e-08,9.532724337076525e-10
gpt4o,dd_30131,T4,6.828160499027672e-08,3.048329384299014e-08
gpt4o,dd_30899,T1,0.9999998787996853,-3.952863725231737e-08
gpt4o,dd_30899,T2,0.9999999601581308,4.182980817279969e-08
gpt4o,dd_30899,T3,0.9999998902786872,-2.8049635392157768e-08
gpt4o,dd_30899,T4,0.999999944076787,2.5748464471675447e-08
gpt4o,dd_31129,T1,1.2502018095750657e-08,-1.718801857447052e-08
gpt4o,dd_31129,T2,1.5949229591358242e-08,-1.3740807078862935e-08
gpt4o,dd_31129,T3,8.496991810212085e-08,5.527988143189967e-08
gpt4o,dd_31129,T4,5.338980891654963e-09,-2.4351055778566214e-08
gpt4o,dd_32872,T1,0.5595811158606364,0.07494876893353736
gpt4o,dd_32872,T2,0.4159347435191836,-0.06869760340791548
gpt4o,dd_32872,T3,0.45637147525599475,-0.028260871671104304
gpt4o,dd_32872,T4,0.5066420530725815,0.02200970614548242
gpt4o,dd_33618,T1,0.00045773998264567536,-0.0005137360120259183
gpt4o,dd_33618,T2,0.0001512898386832625,-0.0008201861559883312
gpt4o,dd_33618,T3,2.5253866908071963e-05,-0.0009462221277635217
gpt4o,dd_33618,T4,0.003251620290449365,0.002280144295777771
gpt4o,dd_34148,T1,0.08602188343043288,-0.28004895215547254
gpt4o,dd_34148,T2,0.3073556690657242,-0.05871516652018122
gpt4o,dd_34148,T3,0.6622309680405458,0.2961601324546404
gpt4o,dd_34148,T4,0.4086748218069187,0.0426039862210133
gpt4o,dd_34460,T1,7.906170930462001e-10,-9.452763710194203e-10
gpt4o,dd_34460,T2,1.0460370562949436e-09,-6.898564077706768e-10
gpt4o,dd_34460,T3,4.2389924771034355e-09,2.503099013037815e-09
gpt4o,dd_34460,T4,8.679272298179022e-10,-8.679662342477182e-10
gpt4o,dd_35732,T1,1.3436736601791271e-07,2.0507260593613226e-08
gpt4o,dd_35732,T2,9.653927322206329e-08,-1.7320832202236196e-08
gpt4o,dd_35732,T3,1.246443146048134e-07,1.078420918051392e-08
gpt4o,dd_35732,T4,9.988946785240855e-08,-1.3970637571890937e-08
gpt4o,dd_36819,T1,5.778512662490678e-05,-0.00013579307271953644
gpt4o,dd_36819,T2,0.00011630815197139991,-7.72700473730433e-05
gpt4o,dd_36819,T3,0.0001160001746055581,-7.757802473888512e-05
gpt4o,dd_36819,T4,0.000484219344175908,0.0002906411448314648
gpt4o,dd_37249,T1,0.9921354275114145,0.03083675243662931
gpt4o,dd_37249,T2,0.9942552017355815,0.03295652666079629
gpt4o,dd_37249,T3,0.9577847742362211,-0.0035139008385640658
gpt4o,dd_37249,T4,0.9010192968159234,-0.06027937825886176
gpt4o,dd_37490,T1,0.9999999958094876,-1.3427263745313667e-09
gpt4o,dd_37490,T2,0.9999999975253587,3.73144737331188e-10
gpt4o,dd_37490,T3,0.9999999959457475,-1.206466482273072e-09
gpt4o,dd_37490,T4,0.9999999993282621,2.1760481194732506e-09
gpt4o,dd_38533,T1,3.410255805327843e-06,-5.897869484275166e-06
gpt4o,dd_38533,T2,5.072266609820749e-06,-4.2358586797822604e-06
gpt4o,dd_38533,T3,1.3684893724761355e-05,4.376768435158346e-06
gpt4o,dd_38533,T4,1.5065085018502095e-05,5.756959728899085e-06
gpt4o,dd_39199,T1,0.9999967587885439,3.838183768589687e-07
gpt4o,dd_39199,T2,0.9999942531185834,-2.1218515836585183e-06
gpt4o,dd_39199,T3,0.9999953636847672,-1.0112853998656135e-06
gpt4o,dd_39199,T4,0.9999991242887738,2.7493186067761854e-06
gpt4o,dd_42860,T1,4.05199729504349e-06,2.6847472524150646e-06
gpt4o,dd_42860,T2,3.7598685212549734e-07,-9.91263190502928e-07
gpt4o,dd_42860,T3,4.5150240667849603e-07,-9.157476359499292e-07
gpt4o,dd_42860,T4,5.895136166662176e-07,-7.777364259622076e-07
gpt4o,dd_44063,T1,0.9869759008542205,0.006461346940485502
gpt4o,dd_44063,T2,0.9991014644007752,0.018586910487040198
gpt4o,dd_44063,T3,0.9569559994734657,-0.02355855444026933
gpt4o,dd_44063,T4,0.9790248509264785,-0.0014897029872564804
gpt4o,dd_44380,T1,0.9999999948778739,1.832659579648066e-09
gpt4o,dd_44380,T2,0.9999999966257663,3.5805519660314644e-09
gpt4o,dd_44380,T3,0.9999999850310823,-8.014132024669607e-09
gpt4o,dd_44380,T4,0.9999999956461345,2.600920145923169e-09
gpt4o,dd_45938,T1,1.1330480018770082e-09,-1.5995297069403167e-09
gpt4o,dd_45938,T2,2.4136323730960676e-09,-3.1894533572125726e-10
gpt4o,dd_45938,T3,4.644931064346628e-09,1.912353355529303e-09
gpt4o,dd_45938,T4,2.7386993959495967e-09,6.121687132271788e-12
gpt4o,dd_46859,T1,1.4079652456013266e-08,5.93162640101548e-09
gpt4o,dd_46859,T2,2.710471033847922e-09,-5.437555021149864e-09
gpt4o,dd_46859,T3,7.906836292053906e-09,-2.411897629438798e-10
gpt4o,dd_46859,T4,7.89514443807605e-09,-2.528816169217357e-10
gpt4o,dd_47886,T1,0.9884807718726668,-0.005774618143924548
gpt4o,dd_47886,T2,0.9988696755958167,0.004614285579225386
gpt4o,dd_47886,T3,0.9897958121002094,-0.004459577916381963
gpt4o,dd_47886,T4,0.9998753004976721,0.005619910481080792
gpt4o,dd_5570,T1,0.9999999873971616,9.165058711957386e-10
gpt4o,dd_5570,T2,0.9999999946816824,8.2010267465904e-09
gpt4o,dd_5570,T3,0.9999999890770425,2.596386772246717e-09
gpt4o,dd_5570,T4,0.9999999747667367,-1.1713918945943647e-08
gpt4o,dd_6488,T1,1.4265677846438078e-06,-1.7180172210272126e-06
gpt4o,dd_6488,T2,8.175120359176825e-07,-2.3270729697533378e-06
gpt4o,dd_6488,T3,1.257587111675396e-06,-1.8869978939956243e-06
gpt4o,dd_6488,T4,9.076673090447195e-06,5.932088084776174e-06
gpt4o,dd_6826,T1,0.9997947816641112,0.00018839145288962467
gpt4o,dd_6826,T2,0.9988358720178999,-0.0007705181933216343
gpt4o,dd_6826,T3,0.9999924488753463,0.00038605866412477763
gpt4o,dd_6826,T4,0.9998024582875289,0.00019606807630734302
gpt4o,dd_6868,T1,2.160092379594235e-05,-0.0007613522627683494
gpt4o,dd_6868,T2,8.09734568150822e-06,-0.0007748558408827835
gpt4o,dd_6868,T3,0.003070440036482207,0.002287486849917915
gpt4o,dd_6868,T4,3.1674440297509696e-05,-0.0007512787462667821
gpt4o,dd_7687,T1,0.9999999850576314,8.378414628751329e-10
gpt4o,dd_7687,T2,0.9999999908728251,6.653035122816675e-09
gpt4o,dd_7687,T3,0.999999970446392,-1.3773397977701052e-08
gpt4o,dd_7687,T4,0.999999990502311,6.282521058942336e-09
gpt4o,dd_8580,T1,0.0004827050651130777,0.00011280194956740696
gpt4o,dd_8580,T2,6.849850546122956e-05,-0.00030140461008444115
gpt4o,dd_8580,T3,4.318019981632603e-06,-0.0003655850955640381
gpt4o,dd_8580,T4,0.0009240908716267431,0.0005541877560810724
gpt4o,dd_9595,T1,0.9994836102479552,0.0002660118835491332
gpt4o,dd_9595,T2,0.9977532721358968,-0.0014643262285092273
gpt4o,dd_9595,T3,0.9996691552420122,0.0004515568776061185
gpt4o,dd_9595,T4,0.99996435583176,0.0007467574673539756
gpt4o,dd_9899,T1,0.9997053677650052,0.0013997317624456773
gpt4o,dd_9899,T2,0.9997703248525389,0.001464688849979412
gpt4o,dd_9899,T3,0.9937572820512195,-0.004548353951340012
gpt4o,dd_9899,T4,0.9999895693414744,0.0016839333389149225
gpt4o,dd_9955,T1,0.000642135000706407,-0.002536234324173358
gpt4o,dd_9955,T2,9.686878446216003e-06,-0.003168682446433549
gpt4o,dd_9955,T3,0.012044138530659112,0.008865769205779347
gpt4o,dd_9955,T4,1.7516889707325384e-05,-0.0031608524351724393
gpt4o,mc_C_034,T1,0.9999999899073968,-3.901998502087167e-09
gpt4o,mc_C_034,T2,0.9999999967622281,2.9528327560868206e-09
gpt4o,mc_C_034,T3,0.9999999906109278,-3.1984674908613897e-09
gpt4o,mc_C_034,T4,0.9999999979570287,4.147633347884039e-09
gpt4o,mc_C_1095,T1,0.9999999990921433,-4.664370001350449e-10
gpt4o,mc_C_1095,T2,0.9999999998713681,3.127877956643488e-10
gpt4o,mc_C_1095,T3,0.9999999998372527,2.786724184744571e-10
gpt4o,mc_C_1095,T4,0.9999999994335571,-1.2502321400376104e-10
gpt4o,mc_C_1216,T1,0.9999999992431173,-2.1298285357573832e-10
gpt4o,mc_C_1216,T2,0.9999999997560183,2.9991809036289396e-10
gpt4o,mc_C_1216,T3,0.9999999992945935,-1.6150669690517816e-10
gpt4o,mc_C_1216,T4,0.9999999995306712,7.457101602881266e-11
gpt4o,mc_C_183,T1,0.999999997480176,-1.1190038895492194e-09
gpt4o,mc_C_183,T2,0.9999999984083426,-1.9083723490354032e-10
gpt4o,mc_C_183,T3,0.9999999990420175,4.428376554344027e-10
gpt4o,mc_C_183,T4,0.9999999994661836,8.670036910629619e-10
gpt4o,mc_C_291,T1,0.999999998739203,-1.6317014406297403e-10
gpt4o,mc_C_291,T2,0.999999999091442,1.8906887166991737e-10
gpt4o,mc_C_291,T3,0.9999999987685331,-1.3384005015382172e-10
gpt4o,mc_C_291,T4,0.9999999990103144,1.0794132254687838e-10
gpt4o,mc_C_467,T1,0.9999999701590372,-1.7564010024173626e-08
gpt4o,mc_C_467,T2,0.9999999939092838,6.186236634064812e-09
gpt4o,mc_C_467,T3,0.9999999898635785,2.1405313077593746e-09
gpt4o,mc_C_467,T4,0.9999999969602894,9.237242193371742e-09
gpt4o,mc_C_527,T1,0.9999999985934102,6.2305816062036e-10
gpt4o,mc_C_527,T2,0.9999999963779272,-1.5924247476206688e-09
gpt4o,mc_C_527,T3,0.9999999983796333,4.092812755374098e-10
gpt4o,mc_C_527,T4,0.9999999985304372,5.600852004405965e-10
gpt4o,mc_C_675,T1,0.9999999962306604,-1.2425177553510025e-09
gpt4o,mc_C_675,T2,0.9999999990459408,1.5727626978545572e-09
gpt4o,mc_C_675,T3,0.999999998515043,1.0418648166421463e-09
gpt4o,mc_C_675,T4,0.9999999961010684,-1.372109759145701e-09
gpt4o,mc_C_772,T1,0.999999998309936,-4.1561143415691504e-10
gpt4o,mc_C_772,T2,0.9999999992766777,5.511302525462725e-10
gpt4o,mc_C_772,T3,0.9999999990438462,3.1829872071398313e-10
gpt4o,mc_C_772,T4,0.99999999827173,-4.538174280810381e-10
gpt4o,mc_C_941,T1,0.9999999975479367,-3.9321013112214587e-10
gpt4o,mc_C_941,T2,0.9999999977387993,-2.0234747211134163e-10
gpt4o,mc_C_941,T3,0.9999999981671706,2.2602375526759033e-10
gpt4o,mc_C_941,T4,0.9999999983106806,3.6953384796589717e-10
gpt4o,mc_G_005,T1,0.9999998611147838,-6.278280206828413e-08
gpt4o,mc_G_005,T2,0.9999999727452064,4.8847620504055556e-08
gpt4o,mc_G_005,T3,0.9999999331217935,9.22420761995113e-09
gpt4o,mc_G_005,T4,0.9999999286085599,4.710974055299744e-09
gpt4o,mc_G_037,T1,0.9999981978075797,5.204909764300325e-07
gpt4o,mc_G_037,T2,0.9999992329225877,1.5556059844712422e-06
gpt4o,mc_G_037,T3,0.9999936266490566,-4.05066754671779e-06
gpt4o,mc_G_037,T4,0.999999651887189,1.974570585705493e-06
gpt4o,mc_G_064,T1,1.550990224228186e-09,6.231022796795891e-10
gpt4o,mc_G_064,T2,8.661384811126544e-10,-6.174946343594251e-11
gpt4o,mc_G_064,T3,8.222792501059074e-10,-1.0560869444268953e-10
gpt4o,mc_G_064,T4,4.721438227476398e-10,-4.5574412180095714e-10
gpt4o,mc_G_086,T1,0.9999995558940351,1.1379575506342832e-06
gpt4o,mc_G_086,T2,0.9999999740759409,1.5561394564045372e-06
gpt4o,mc_G_086,T3,0.9999996494090804,1.2314725958972872e-06
gpt4o,mc_G_086,T4,0.9999944923668815,-3.9255696029361076e-06
gpt4o,mc_G_135,T1,0.9999996851917166,-9.009996737585624e-08
gpt4o,mc_G_135,T2,0.9999999055312861,1.3023960221403286e-07
gpt4o,mc_G_135,T3,0.9999999222341354,1.4694245142887752e-07
gpt4o,mc_G_135,T4,0.9999995882095978,-1.8708208615603183e-07
gpt4o,mc_G_179,T1,0.9999999963714207,-1.896188872585469e-09
gpt4o,mc_G_179,T2,0.9999999984461948,1.7858525769298694e-10
gpt4o,mc_G_179,T3,0.9999999995438474,1.2762378931441276e-09
gpt4o,mc_G_179,T4,0.9999999987089752,4.413656107260522e-10
gpt4o,mc_G_186,T1,0.0015573200426218163,0.0005918102828489186
gpt4o,mc_G_186,T2,0.0016651746178229692,0.0006996648580500714
gpt4o,mc_G_186,T3,0.000585273737944604,-0.0003802360218282938
gpt4o,mc_G_186,T4,5.4270640702201356e-05,-0.0009112391190706963
gpt4o,mc_G_235,T1,0.9999999843597857,1.51499190970128e-08
gpt4o,mc_G_235,T2,0.9999999954347218,2.622485528736007e-08
gpt4o,mc_G_235,T3,0.9999999833282498,1.4118383240280252e-08
gpt4o,mc_G_235,T4,0.9999999137167088,-5.5493157735675425e-08
gpt4o,mc_G_236,T1,0.0023441306756793686,-0.010533333341106099
gpt4o,mc_G_236,T2,0.0008530301864793787,-0.012024433830306089
gpt4o,mc_G_236,T3,0.03384263235707943,0.020965168340293966
gpt4o,mc_G_236,T4,0.014470062847903689,0.0015925988311182217
gpt4o,mc_G_288,T1,0.9999795375357134,-8.885003982994633e-06
gpt4o,mc_G_288,T2,0.9999955368454893,7.114305792810249e-06
gpt4o,mc_G_288,T3,0.9999877193367845,-7.032029119002914e-07
gpt4o,mc_G_288,T4,0.9999908964407984,2.4739011019736523e-06
gpt4o,mc_G_302,T1,0.4863394876919802,0.07512413118659961
gpt4o,mc_G_302,T2,0.5375168396299504,0.12630148312456985
gpt4o,mc_G_302,T3,0.4266664831181788,0.015451126612798183
gpt4o,mc_G_302,T4,0.19433861558141283,-0.21687674092396778
gpt4o,mc_G_365,T1,0.9999999155593207,1.5965848587651266e-07
gpt4o,mc_G_365,T2,0.9999999789347189,2.2303388413913439e-07
gpt4o,mc_G_365,T3,0.9999991964469233,-5.594539115305608e-07
gpt4o,mc_G_365,T4,0.9999999326623761,1.7676154129286914e-07
gpt4o,mc_G_373,T1,1.2537012136951187e-09,5.869307825389045e-10
gpt4o,mc_G_373,T2,2.959590182087461e-10,-3.708114129474682e-10
gpt4o,mc_G_373,T3,5.28993499373965e-10,-1.3777693178224923e-10
gpt4o,mc_G_373,T4,5.884279933470272e-10,-7.83424378091871e-11
gpt4o,mc_G_397,T1,0.9999999820083637,-6.2847892445816456e-09
gpt4o,mc_G_397,T2,0.9999999925642099,4.27105695255392e-09
gpt4o,mc_G_397,T3,0.9999999958796706,7.586517636326562e-09
gpt4o,mc_G_397,T4,0.9999999827203674,-5.572785566343441e-09
gpt4o,mc_G_431,T1,0.9999999980310537,2.362881001971573e-10
gpt4o,mc_G_431,T2,0.9999999988426626,1.0478969914018421e-09
gpt4o,mc_G_431,T3,0.9999999978220753,2.730971004893945e-11
gpt4o,mc_G_431,T4,0.9999999964832709,-1.3114946906256364e-09
gpt4o,mc_G_453,T1,0.9938799816751204,-0.0033494770406791163
gpt4o,mc_G_453,T2,0.9995626885486604,0.0023332298328608836
gpt4o,mc_G_453,T3,0.9999374531498751,0.0027079944340756557
gpt4o,mc_G_453,T4,0.9955377114895423,-0.0016917472262572009
gpt4o,mc_G_492,T1,0.9999988092877943,-1.9844708087912721e-07
gpt4o,mc_G_492,T2,0.9999999303621838,9.226273086637704e-07
gpt4o,mc_G_492,T3,0.9999990230736104,1.533873528192231e-08
gpt4o,mc_G_492,T4,0.9999982682159119,-7.395189632886101e-07
gpt4o,mc_G_572,T1,0.9998029339070973,0.0004352881576918932
gpt4o,mc_G_572,T2,0.9999183866424031,0.0005507408929976698
gpt4o,mc_G_572,T3,0.9978666205875208,-0.0015010251618845505
gpt4o,mc_G_572,T4,0.9998826418606004,0.0005149961111949874
gpt4o,mc_G_595,T1,0.9856293092891579,-0.009355879432170422
gpt4o,mc_G_595,T2,0.9979533371762385,0.0029681484549101134
gpt4o,mc_G_595,T3,0.9990210173636345,0.004035828642306116
gpt4o,mc_G_595,T4,0.9973370910562822,0.0023519023349538593
gpt4o,mc_H_035,T1,2.273663645250911e-08,4.67976496402e-09
gpt4o,mc_H_035,T2,1.5794836694047035e-08,-2.262034794442076e-09
gpt4o,mc_H_035,T3,2.3710857879718318e-08,5.653986391229207e-09
gpt4o,mc_H_035,T4,9.985154927681983e-09,-8.071716560807129e-09
gpt4o,mc_H_044,T1,0.9997922621984903,0.005520407740988387
gpt4o,mc_H_044,T2,0.999985831550698,0.005713977093196099
gpt4o,mc_H_044,T3,0.9775810486983112,-0.016690805759190686
gpt4o,mc_H_044,T4,0.9997282753825081,0.0054564209250062
gpt4o,mc_H_049,T1,0.28512293822725887,-0.25204757593566374
gpt4o,mc_H_049,T2,0.47642147093477494,-0.06074904322814767
gpt4o,mc_H_049,T3,0.4044800922925574,-0.13269042187036523
gpt4o,mc_H_049,T4,0.9826575551970991,0.44548704103417647
gpt4o,mc_H_060,T1,0.9971449715707661,0.00032848667034857115
gpt4o,mc_H_060,T2,0.9981450316763876,0.001328546775970052
gpt4o,mc_H_060,T3,0.993087713131886,-0.0037287717685314803
gpt4o,mc_H_060,T4,0.9988882232226304,0.002071738322212857
gpt4o,mc_H_066,T1,3.052957170372701e-09,-4.786115605569694e-09
gpt4o,mc_H_066,T2,4.8183069535125835e-09,-3.0207658224298113e-09
gpt4o,mc_H_066,T3,1.4616339909064954e-08,6.777267133122559e-09
gpt4o,mc_H_066,T4,8.86868707081934e-09,1.0296142948769456e-09
gpt4o,mc_H_072,T1,0.9999997734447461,3.6688864279987854e-08
gpt4o,mc_H_072,T2,0.9999999893336765,2.5257779467935393e-07
gpt4o,mc_H_072,T3,0.9999993356643349,-4.010915469754295e-07
gpt4o,mc_H_072,T4,0.9999998485807701,1.118248882381323e-07
gpt4o,mc_H_073,T1,0.9999990917895415,-2.524572368933775e-07
gpt4o,mc_H_073,T2,0.9999999855214007,6.412746222927979e-07
gpt4o,mc_H_073,T3,0.9999997549006021,4.106538237236279e-07
gpt4o,mc_H_073,T4,0.9999985447755693,-7.994712091230483e-07
gpt4o_mini,dd_0107,T1,0.059163418844736956,0.020123183488495414
gpt4o_mini,dd_0107,T2,0.02200986762964082,-0.01703036772660072
gpt4o_mini,dd_0107,T3,6.860299555382777e-07,-0.039039549326286005
gpt4o_mini,dd_0107,T4,0.07498696892063288,0.035946733564391334
gpt4o_mini,dd_0283,T1,1.3950984322475581e-10,8.961414512244456e-11
gpt4o_mini,dd_0283,T2,2.42781338965189e-11,-2.561756420579236e-11
gpt4o_mini,dd_0283,T3,1.1480831197656006e-11,-3.841486690465525e-11
gpt4o_mini,dd_0283,T4,2.431398409031431e-11,-2.5581714011996947e-11
gpt4o_mini,dd_11241,T1,0.5122242537743704,0.1295450825595873
gpt4o_mini,dd_11241,T2,0.4789497785989601,0.09627060738417698
gpt4o_mini,dd_11241,T3,0.0741253146788978,-0.3085538565358853
gpt4o_mini,dd_11241,T4,0.4654173378069041,0.08273816659212097
gpt4o_mini,dd_13518,T1,1.6094866980126032e-12,-5.820531010433064e-12
gpt4o_mini,dd_13518,T2,3.3213904504782753e-12,-4.108627257967392e-12
gpt4o_mini,dd_13518,T3,3.3401772127095607e-12,-4.089840495736106e-12
gpt4o_mini,dd_13518,T4,2.144901647258223e-11,1.4018998764136564e-11
gpt4o_mini,dd_14408,T1,0.9999974512021144,0.00018789393357376838
gpt4o_mini,dd_14408,T2,0.9999999722532786,0.00019041498473804097
gpt4o_mini,dd_14408,T3,0.999999747339223,0.00019019007068243887
gpt4o_mini,dd_14408,T4,0.9992410582795459,-0.0005684989889946923
gpt4o_mini,dd_14818,T1,0.9699565571279609,-0.004466735049866166
gpt4o_mini,dd_14818,T2,0.9957112133519852,0.02128792117415812
gpt4o_mini,dd_14818,T3,0.9620705852550338,-0.012352706922793333
gpt4o_mini,dd_14818,T4,0.9699548129763287,-0.004468479201498399
gpt4o_mini,dd_15810,T1,0.0016480388468238945,9.830453789036486e-05
gpt4o_mini,dd_15810,T2,0.0019411767036202159,0.0003914423946866862
gpt4o_mini,dd_15810,T3,0.0001370987257257491,-0.0014126355832077807
gpt4o_mini,dd_15810,T4,0.0024726229595642595,0.0009228886506307298
gpt4o_mini,dd_17929,T1,0.9999993069066828,0.00030957150851707027
gpt4o_mini,dd_17929,T2,0.9987618252011137,-0.0009279101970520731
gpt4o_mini,dd_17929,T3,0.9999981349813077,0.0003083995831419939
gpt4o_mini,dd_17929,T4,0.9999996745035586,0.00030993910539289793
gpt4o_mini,dd_1808,T1,0.8941311223605807,0.16784747442438575
gpt4o_mini,dd_1808,T2,0.9736769995134633,0.24739335157726838
gpt4o_mini,dd_1808,T3,0.3613500697706105,-0.3649335781655844
gpt4o_mini,dd_1808,T4,0.6759764001001254,-0.050307247836069546
gpt4o_mini,dd_1814,T1,4.256939734041448e-11,1.3265313330479494e-11
gpt4o_mini,dd_1814,T2,1.9319585994582608e-11,-9.984498015352378e-12
gpt4o_mini,dd_1814,T3,3.035861991752332e-11,1.0545359075883321e-12
gpt4o_mini,dd_1814,T4,2.496873278721953e-11,-4.335351222715455e-12
gpt4o_mini,dd_18223,T1,0.9370521077467098,0.046878422672040454
gpt4o_mini,dd_18223,T2,0.9997844692674025,0.10961078419273318
gpt4o_mini,dd_18223,T3,0.6301819754983692,-0.25999170957630013
gpt4o_mini,dd_18223,T4,0.9936761877861957,0.10350250271152639
gpt4o_mini,dd_18643,T1,0.9999999999996221,8.393286066166183e-14
gpt4o_mini,dd_18643,T2,0.9999999999996424,1.042499420123022e-13
gpt4o_mini,dd_18643,T3,0.9999999999994749,-6.328271240363392e-14
gpt4o_mini,dd_18643,T4,0.9999999999994128,-1.2534417948018017e-13
gpt4o_mini,dd_18670,T1,0.9999997477864375,6.106058825228189e-08
gpt4o_mini,dd_18670,T2,0.9999998808233665,1.940975172809445e-07
gpt4o_mini,dd_18670,T3,0.9999991193988245,-5.673270248029993e-07
gpt4o_mini,dd_18670,T4,0.9999999988947684,3.1216891915875067e-07
gpt4o_mini,dd_2081,T1,0.9990347694026374,0.0023622855908209672
gpt4o_mini,dd_2081,T2,0.9910018284845405,-0.005670655327275842
gpt4o_mini,dd_2081,T3,0.999999834493825,0.003327350682008623
gpt4o_mini,dd_2081,T4,0.9966535028662629,-1.898094555352614e-05
gpt4o_mini,dd_21158,T1,0.9999996762011432,0.00030908973608734236
gpt4o_mini,dd_21158,T2,0.9999993125963016,0.0003087261312457734
gpt4o_mini,dd_21158,T3,0.9987636809053659,-0.0009269055596898834
gpt4o_mini,dd_21158,T4,0.9999996761574124,0.0003090896923565456
gpt4o_mini,dd_21629,T1,0.9999990503844665,0.06224861062691356
gpt4o_mini,dd_21629,T2,0.9699542801432035,0.032203840385650606
gpt4o_mini,dd_21629,T3,0.999962570970881,0.06221213121332814
gpt4o_mini,dd_21629,T4,0.7810858575316606,-0.1566645822258923
gpt4o_mini,dd_21630,T1,0.00019682066547790995,-0.00017997650453604132
gpt4o_mini,dd_21630,T2,1.2295340081871752e-05,-0.00036450182993207953
gpt4o_mini,dd_21630,T3,6.388258167792407e-08,-0.0003767332874322733
gpt4o_mini,dd_21630,T4,0.0012980087919143455,0.0009212116219003943
gpt4o_mini,dd_22819,T1,2.764899233709671e-11,-7.888038981663632e-12
gpt4o_mini,dd_22819,T2,1.500548552984484e-11,-2.05315457889155e-11
gpt4o_mini,dd_22819,T3,7.51577534380877e-11,3.962072211932736e-11
gpt4o_mini,dd_22819,T4,2.4335893970012116e-11,-1.1201137348748227e-11
gpt4o_mini,dd_23534,T1,0.03017392237560708,-0.17546538709436726
gpt4o_mini,dd_23534,T2,0.4092427605836565,0.20360345111368217
gpt4o_mini,dd_23534,T3,0.010579448352373426,-0.1950598611176009
gpt4o_mini,dd_23534,T4,0.37256110656826036,0.16692179709828603
gpt4o_mini,dd_24260,T1,0.9999960212394539,3.9765495097432435e-05
gpt4o_mini,dd_24260,T2,0.9999999971711379,4.374142678142956e-05
gpt4o_mini,dd_24260,T3,0.999998130749882,4.1875005525549014e-05
gpt4o_mini,dd_24260,T4,0.9998308738169523,-0.00012538192740407794
gpt4o_mini,dd_24405,T1,1.2992551679050969e-11,1.5982182264989945e-12
gpt4o_mini,dd_24405,T2,8.935740641937363e-12,-2.4585928106146118e-12
gpt4o_mini,dd_24405,T3,1.6689879679925833e-11,5.295546227373859e-12
gpt4o_mini,dd_24405,T4,6.959161809293733e-12,-4.4351716432582414e-12
gpt4o_mini,dd_24975,T1,0.999994878738355,-3.5223126239047886e-06
gpt4o_mini,dd_24975,T2,0.9999988622223732,4.6117139429480147e-07
gpt4o_mini,dd_24975,T3,0.9999999984826131,1.5974316341926809e-06
gpt4o_mini,dd_24975,T4,0.9999998647605746,1.4637095956393509e-06
gpt4o_mini,dd_25137,T1,0.9999999999951503,2.8752555891742304e-12
gpt4o_mini,dd_25137,T2,0.9999999999970731,4.798050845522539e-12
gpt4o_mini,dd_25137,T3,0.9999999999884523,-3.822719918389339e-12
gpt4o_mini,dd_25137,T4,0.9999999999884241,-3.850919583214818e-12
gpt4o_mini,dd_25302,T1,1.3026065370906684e-11,6.206332922100391e-12
gpt4o_mini,dd_25302,T2,2.607562393966001e-12,-4.2121700548402924e-12
gpt4o_mini,dd_25302,T3,5.485111338692134e-12,-1.3346211101141591e-12
gpt4o_mini,dd_25302,T4,6.160190691660353e-12,-6.595417571459402e-13
gpt4o_mini,dd_25868,T1,0.5476640126300506,0.03577279370983488
gpt4o_mini,dd_25868,T2,0.5182079182904743,0.006316699370258583
gpt4o_mini,dd_25868,T3,0.49774632557295406,-0.014144893347261656
gpt4o_mini,dd_25868,T4,0.4839466191873839,-0.02794459973283181
gpt4o_mini,dd_26178,T1,2.548797885742125e-06,-1.6493239325750922e-06
gpt4o_mini,dd_26178,T2,1.5074236922967677e-06,-2.6906981260204496e-06
gpt4o_mini,dd_26178,T3,9.009626578759497e-06,4.81150476044228e-06
gpt4o_mini,dd_26178,T4,3.72663911647048e-06,-4.714827018467372e-07
gpt4o_mini,dd_26321,T1,0.9999999940294801,1.6862181650978414e-09
gpt4o_mini,dd_26321,T2,0.9999999967513422,4.408080234163947e-09
gpt4o_mini,dd_26321,T3,0.9999999833689943,-8.97426766233167e-09
gpt4o_mini,dd_26321,T4,0.9999999952232312,2.8799692630698814e-09
gpt4o_mini,dd_27524,T1,2.1745318518204245e-12,-5.026864745430196e-14
gpt4o_mini,dd_27524,T2,1.2838219460669587e-12,-9.409785532077677e-13
gpt4o_mini,dd_27524,T3,1.6365961566711938e-12,-5.882043426035327e-13
gpt4o_mini,dd_27524,T4,3.804252042540329e-12,1.5794515432656025e-12
gpt4o_mini,dd_27558,T1,0.3675643525385953,0.02757008975514952
gpt4o_mini,dd_27558,T2,0.4113972999830228,0.07140303719957702
gpt4o_mini,dd_27558,T3,0.5069301000956408,0.16693583731219497
gpt4o_mini,dd_27558,T4,0.07408529851652426,-0.26590896426692157
gpt4o_mini,dd_28814,T1,0.00013204631943853867,-9.821422169413585e-05
gpt4o_mini,dd_28814,T2,2.9166338080152386e-05,-0.00020109420305252214
gpt4o_mini,dd_28814,T3,8.358322546556921e-06,-0.00022190221858611758
gpt4o_mini,dd_28814,T4,0.00075147118446545,0.0005212106433327755
gpt4o_mini,dd_29454,T1,0.016691184330986163,0.00809299067221611
gpt4o_mini,dd_29454,T2,0.0021367824146969415,-0.006461411244073111
gpt4o_mini,dd_29454,T3,0.007782403157651614,-0.0008157905011184387
gpt4o_mini,dd_29454,T4,0.007782404731745492,-0.0008157889270245609
gpt4o_mini,dd_29978,T1,1.376887549935213e-05,3.370976228752089e-06
gpt4o_mini,dd_29978,T2,5.073622967355593e-06,-5.324276303244449e-06
gpt4o_mini,dd_29978,T3,5.068168453543406e-06,-5.3297308170566354e-06
gpt4o_mini,dd_29978,T4,1.7680930162149036e-05,7.283030891548994e-06
gpt4o_mini,dd_30131,T1,5.851884052477239e-12,1.6403939343531257e-12
gpt4o_mini,dd_30131,T2,2.3534280610315303e-12,-1.8580620570925833e-12
gpt4o_mini,dd_30131,T3,3.7240133579600934e-12,-4.874767601640201e-13
gpt4o_mini,dd_30131,T4,4.9166350010275904e-12,7.051448829034768e-13
gpt4o_mini,dd_30899,T1,0.9999999998294867,9.35461708095886e-11
gpt4o_mini,dd_30899,T2,0.9999999998144921,7.855149863900124e-11
gpt4o_mini,dd_30899,T3,0.9999999997188711,-1.7069456959006857e-11
gpt4o_mini,dd_30899,T4,0.9999999995809121,-1.550284345341879e-10
gpt4o_mini,dd_31129,T1,1.1892587501839714e-11,4.48204747214146e-12
gpt4o_mini,dd_31129,T2,2.1745318518345035e-12,-5.236008177863751e-12
gpt4o_mini,dd_31129,T3,9.261956459224404e-12,1.8514164295261495e-12
gpt4o_mini,dd_31129,T4,6.313084305894392e-12,-1.0974557238038625e-12
gpt4o_mini,dd_32872,T1,0.47154301796229503,0.11265082839543755
gpt4o_mini,dd_32872,T2,0.037966511160053576,-0.3209256784068039
gpt4o_mini,dd_32872,T3,0.5857192915261672,0.22682710195930972
gpt4o_mini,dd_32872,T4,0.34033993761891396,-0.01855225194794352
gpt4o_mini,dd_33618,T1,2.4140144305403764e-10,1.4856128848255548e-11
gpt4o_mini,dd_33618,T2,2.621200338270393e-10,3.557471962125721e-11
gpt4o_mini,dd_33618,T3,1.0198660939124822e-10,-1.2455870481453386e-10
gpt4o_mini,dd_33618,T4,3.006731705508033e-10,7.41278563450212e-11
gpt4o_mini,dd_34148,T1,0.5911836117047877,-0.1073185730873063
gpt4o_mini,dd_34148,T2,0.6598258983537068,-0.038676286438387275
gpt4o_mini,dd_34148,T3,0.5439802744025656,-0.15452191038952845
gpt4o_mini,dd_34148,T4,0.9990189547073164,0.30051676991522236
gpt4o_mini,dd_34460,T1,2.622620819419914e-12,1.416978660589289e-14
gpt4o_mini,dd_34460,T2,1.5715107098733246e-12,-1.0369403229406965e-12
gpt4o_mini,dd_34460,T3,4.819305576214067e-12,2.2108545434000457e-12
gpt4o_mini,dd_34460,T4,1.4203670257487792e-12,-1.1880840070652418e-12
gpt4o_mini,dd_35732,T1,1.3057318258102723e-12,-2.8803464898968495e-12
gpt4o_mini,dd_35732,T2,9.927822882214027e-13,-3.1932960274857192e-12
gpt4o_mini,dd_35732,T3,6.272151261637396e-12,2.0860729459302737e-12
gpt4o_mini,dd_35732,T4,8.173647887159417e-12,3.987569571452295e-12
gpt4o_mini,dd_36819,T1,1.1934850479532097e-07,-5.149046210445953e-07
gpt4o_mini,dd_36819,T2,2.636822925656346e-10,-6.339894435473507e-07
gpt4o_mini,dd_36819,T3,8.731958208362513e-09,-6.255211676315538e-07
gpt4o_mini,dd_36819,T4,2.408668358063416e-06,1.7744152322235e-06
gpt4o_mini,dd_37249,T1,0.0042901934542382445,0.0008534760949229564
gpt4o_mini,dd_37249,T2,0.0003555206907418495,-0.003081196668573439
gpt4o_mini,dd_37249,T3,0.00010410599300661528,-0.0033326113663086727
gpt4o_mini,dd_37249,T4,0.008997049299274444,0.005560331939959156
gpt4o_mini,dd_37490,T1,0.9999999999961199,-1.6669998714746725e-12
gpt4o_mini,dd_37490,T2,0.999999999998983,1.1961542867311437e-12
gpt4o_mini,dd_37490,T3,0.999999999999412,1.6251444634463041e-12
gpt4o_mini,dd_37490,T4,0.9999999999966325,-1.1544099010052378e-12
gpt4o_mini,dd_38533,T1,0.4988429066439161,0.12323164727177999
gpt4o_mini,dd_38533,T2,0.05960981269976583,-0.3160014466723703
gpt4o_mini,dd_38533,T3,0.46207100489786646,0.08645974552573032
gpt4o_mini,dd_38533,T4,0.48192131324699605,0.10631005387485992
gpt4o_mini,dd_39199,T1,0.9999996420746715,6.645312777830981e-07
gpt4o_mini,dd_39199,T2,0.9999999527213873,9.75177993578491e-07
gpt4o_mini,dd_39199,T3,0.999996774962757,-2.2025806367675926e-06
gpt4o_mini,dd_39199,T4,0.9999995404147591,5.628713654060036e-07
gpt4o_mini,dd_42860,T1,9.77802540327847e-09,6.55950867349291e-09
gpt4o_mini,dd_42860,T2,9.097184517731549e-10,-2.3087982780124057e-09
gpt4o_mini,dd_42860,T3,2.606828631112036e-10,-2.957833866674357e-09
gpt4o_mini,dd_42860,T4,1.9256402009794137e-09,-1.292876528806147e-09
gpt4o_mini,dd_44063,T1,0.007031827000438504,-0.021408552287632113
gpt4o_mini,dd_44063,T2,0.023712938701513635,-0.004727440586556983
gpt4o_mini,dd_44063,T3,0.008993148487994564,-0.019447230800076053
gpt4o_mini,dd_44063,T4,0.07402360296233576,0.04558322367426514
gpt4o_mini,dd_44380,T1,0.9999999999896603,-2.5643931422791866e-12
gpt4o_mini,dd_44380,T2,0.9999999999956549,3.430256079184346e-12
gpt4o_mini,dd_44380,T3,0.99999999999578,3.5553782140596013e-12
gpt4o_mini,dd_44380,T4,0.9999999999878036,-4.421019106359836e-12
gpt4o_mini,dd_45938,T1,5.983743526804004e-13,4.85557099986867e-15
gpt4o_mini,dd_45938,T2,5.851858034454043e-13,-8.332978235127434e-15
gpt4o_mini,dd_45938,T3,5.225238276897468e-13,-7.099495399078498e-14
gpt4o_mini,dd_45938,T4,6.679911429065755e-13,7.447236122604375e-14
gpt4o_mini,dd_46859,T1,1.7970014231036482e-12,4.3741338076646e-14
gpt4o_mini,dd_46859,T2,1.8087289366326215e-12,5.546885160561927e-14
gpt4o_mini,dd_46859,T3,1.3894502863049085e-12,-3.6380979872209373e-13
gpt4o_mini,dd_46859,T4,2.017859694066831e-12,2.6459960903982866e-13
gpt4o_mini,dd_47886,T1,0.5036853895241912,0.025582811382975967
gpt4o_mini,dd_47886,T2,0.49500325444290644,0.01690067630169123
gpt4o_mini,dd_47886,T3,0.3398657428054729,-0.13823683533574233
gpt4o_mini,dd_47886,T4,0.5738559257922902,0.09575334765107496
gpt4o_mini,dd_5570,T1,0.9999999999952183,4.7266635050391415e-12
gpt4o_mini,dd_5570,T2,0.9999999999974405,6.948885911128855e-12
gpt4o_mini,dd_5570,T3,0.9999999999807786,-9.713008175538107e-12
gpt4o_mini,dd_5570,T4,0.9999999999885292,-1.9624302183274267e-12
gpt4o_mini,dd_6488,T1,1.8974723160549265e-11,-1.287404193610783e-10
gpt4o_mini,dd_6488,T2,1.895281328082335e-11,-1.2876232924080422e-10
gpt4o_mini,dd_6488,T3,4.869733217432671e-10,3.3925817922163957e-10
gpt4o_mini,dd_6488,T4,6.595971190187053e-11,-8.175543061975704e-11
gpt4o_mini,dd_6826,T1,0.9999877046599184,0.0019616143662908314
gpt4o_mini,dd_6826,T2,0.9973834336010383,-0.0006426566925892274
gpt4o_mini,dd_6826,T3,0.9999853328975902,0.00195924260396263
gpt4o_mini,dd_6826,T4,0.9947478900159632,-0.003278200277664345
gpt4o_mini,dd_6868,T1,0.00016792720065565117,-0.00017844274076768445
gpt4o_mini,dd_6868,T2,5.604304632067002e-07,-0.00034580951096012895
gpt4o_mini,dd_6868,T3,0.00046624817055429015,0.00011987822913095452
gpt4o_mini,dd_6868,T4,0.0007507439640201945,0.0004043740225968589
gpt4o_mini,dd_7687,T1,0.9999999874445015,-5.349585774361287e-09
gpt4o_mini,dd_7687,T2,0.9999999989691539,6.1750666802140586e-09
gpt4o_mini,dd_7687,T3,0.9999999923824557,-4.116315066582388e-10
gpt4o_mini,dd_7687,T4,0.9999999923802377,-4.138495102168349e-10
gpt4o_mini,dd_8580,T1,0.44098328886314314,0.10520819080371224
gpt4o_mini,dd_8580,T2,0.4725667392810149,0.136791641221584
gpt4o_mini,dd_8580,T3,0.0009639010159589416,-0.33481119704347195
gpt4o_mini,dd_8580,T4,0.42858646307760667,0.09281136501817577
gpt4o_mini,dd_9595,T1,0.83255753953716,-0.08546892282786267
gpt4o_mini,dd_9595,T2,0.8653140079094243,-0.05271245445559847
gpt4o_mini,dd_9595,T3,0.9762693870181732,0.05824292465315051
gpt4o_mini,dd_9595,T4,0.9979649149953331,0.07993845263031041
gpt4o_mini,dd_9899,T1,0.9944749467108405,0.10571981264178654
gpt4o_mini,dd_9899,T2,0.8111679645155987,-0.07758716955345524
gpt4o_mini,dd_9899,T3,0.7494152445415181,-0.13933988952753584
gpt4o_mini,dd_9899,T4,0.9999623805082583,0.11120724643920432
gpt4o_mini,dd_9955,T1,0.019899756461250556,-0.006485356760148487
gpt4o_mini,dd_9955,T2,0.0060782269949118135,-0.020306886226487228
gpt4o_mini,dd_9955,T3,0.07951707157369009,0.05313195835229105
gpt4o_mini,dd_9955,T4,4.539785574372058e-05,-0.02633971536565532
gpt4o_mini,mc_C_034,T1,0.9999999999995401,3.4283687000424834e-13
gpt4o_mini,mc_C_034,T2,0.999999999999749,5.516698209362403e-13
gpt4o_mini,mc_C_034,T3,0.9999999999995148,3.1752378504279477e-13
gpt4o_mini,mc_C_034,T4,0.9999999999979854,-1.2119194536808209e-12
gpt4o_mini,mc_C_1095,T1,0.9999999999997928,-6.816769371198461e-14
gpt4o_mini,mc_C_1095,T2,0.9999999999998743,1.3322676295501878e-14
gpt4o_mini,mc_C_1095,T3,0.9999999999998407,-2.0317081350640365e-14
gpt4o_mini,mc_C_1095,T4,0.999999999999936,7.505107646466058e-14
gpt4o_mini,mc_C_1216,T1,0.9999999999997785,-2.631228568361621e-14
gpt4o_mini,mc_C_1216,T2,0.9999999999997707,-3.4083846855992306e-14
gpt4o_mini,mc_C_1216,T3,0.9999999999998364,3.1530333899354446e-14
gpt4o_mini,mc_C_1216,T4,0.9999999999998338,2.8976820942716586e-14
gpt4o_mini,mc_C_183,T1,0.9999999999977134,-8.212319713152283e-13
gpt4o_mini,mc_C_183,T2,0.9999999999994797,9.451328608633958e-13
gpt4o_mini,mc_C_183,T3,0.9999999999992317,6.971090371621358e-13
gpt4o_mini,mc_C_183,T4,0.9999999999977134,-8.212319713152283e-13
gpt4o_mini,mc_C_291,T1,0.999999999999844,-2.3092638912203256e-14
gpt4o_mini,mc_C_291,T2,0.9999999999998759,8.770761894538737e-15
gpt4o_mini,mc_C_291,T3,0.9999999999998425,-2.4646951146678475e-14
gpt4o_mini,mc_C_291,T4,0.9999999999999063,3.9190872769268026e-14
gpt4o_mini,mc_C_467,T1,0.9999999999994196,-1.2101430968414206e-13
gpt4o_mini,mc_C_467,T2,0.9999999999994219,-1.1868284133242923e-13
gpt4o_mini,mc_C_467,T3,0.9999999999995718,3.11972669919669e-14
gpt4o_mini,mc_C_467,T4,0.999999999999749,2.0838886172214188e-13
gpt4o_mini,mc_C_527,T1,0.9999999999993257,5.4989346409684e-13
gpt4o_mini,mc_C_527,T2,0.9999999999991511,3.7536640462576543e-13
gpt4o_mini,mc_C_527,T3,0.9999999999984038,-3.7192471324942744e-13
gpt4o_mini,mc_C_527,T4,0.9999999999982222,-5.535572000781031e-13
gpt4o_mini,mc_C_675,T1,0.9999999999996627,4.368727601899991e-13
gpt4o_mini,mc_C_675,T2,0.9999999999991456,-8.026912468039882e-14
gpt4o_mini,mc_C_675,T3,0.9999999999996857,4.598543767997398e-13
gpt4o_mini,mc_C_675,T4,0.9999999999984093,-8.165690346118026e-13
gpt4o_mini,mc_C_772,T1,0.9999999999997131,6.750155989720952e-14
gpt4o_mini,mc_C_772,T2,0.9999999999995239,-1.2168044349891716e-13
gpt4o_mini,mc_C_772,T3,0.9999999999997136,6.794564910705958e-14
gpt4o_mini,mc_C_772,T4,0.9999999999996317,-1.3877787807814457e-14
gpt4o_mini,mc_C_941,T1,0.9999999999999007,1.7630341631047486e-13
gpt4o_mini,mc_C_941,T2,0.9999999999998656,1.411093464298574e-13
gpt4o_mini,mc_C_941,T3,0.9999999999992509,-4.735101200026293e-13
gpt4o_mini,mc_C_941,T4,0.9999999999998805,1.56097357262297e-13
gpt4o_mini,mc_G_005,T1,0.999999999683346,-9.048206628392563e-11
gpt4o_mini,mc_G_005,T2,0.999999999935844,1.6201595620657372e-10
gpt4o_mini,mc_G_005,T3,0.9999999998563148,8.248679517208757e-11
gpt4o_mini,mc_G_005,T4,0.999999999619807,-1.5402101816164304e-10
gpt4o_mini,mc_G_037,T1,0.9999960346677865,0.0006552333953724343
gpt4o_mini,mc_G_037,T2,0.999999976498914,0.0006591752264999418
gpt4o_mini,mc_G_037,T3,0.9973672382310116,-0.001973563041402504
gpt4o_mini,mc_G_037,T4,0.9999999556919442,0.000659154419530128
gpt4o_mini,mc_G_064,T1,8.309405863177681e-13,4.8710335814886674e-14
gpt4o_mini,mc_G_064,T2,1.0970495551802798e-12,3.1481930467739836e-13
gpt4o_mini,mc_G_064,T3,4.518292179108379e-13,-3.304010325920435e-13
gpt4o_mini,mc_G_064,T4,7.4910164260264e-13,-3.312860790024146e-14
gpt4o_mini,mc_G_086,T1,0.9999999986749575,3.9119085748495763e-10
gpt4o_mini,mc_G_086,T2,0.9999999998911929,1.6074263031740088e-09
gpt4o_mini,mc_G_086,T3,0.9999999953723591,-2.9114075594804945e-09
gpt4o_mini,mc_G_086,T4,0.9999999991965567,9.127900657546206e-10
gpt4o_mini,mc_G_112,T1,8.896109811890329e-06,-0.4417375039382589
gpt4o_mini,mc_G_112,T2,0.772095144524193,0.3303487444761222
gpt4o_mini,mc_G_112,T3,0.9945034567365967,0.5527570566885258
gpt4o_mini,mc_G_112,T4,0.00037810282168158546,-0.4413682972263892
gpt4o_mini,mc_G_135,T1,0.9999999987088525,2.7078627118370946e-09
gpt4o_mini,mc_G_135,T2,0.9999999923004154,-3.7005744024654064e-09
gpt4o_mini,mc_G_135,T3,0.9999999989652114,2.9642216459180304e-09
gpt4o_mini,mc_G_135,T4,0.9999999940294801,-1.9715096222228112e-09
gpt4o_mini,mc_G_156,T1,0.9999999874380605,-5.000338365590551e-09
gpt4o_mini,mc_G_156,T2,0.9999999997680578,7.32965887983994e-09
gpt4o_mini,mc_G_156,T3,0.9999999986713052,6.232906302194863e-09
gpt4o_mini,mc_G_156,T4,0.9999999838761722,-8.56222670542195e-09
gpt4o_mini,mc_G_179,T1,0.9999999999990189,4.537481501643015e-13
gpt4o_mini,mc_G_179,T2,0.9999999999970769,-1.4882539645100223e-12
gpt4o_mini,mc_G_179,T3,0.9999999999993887,8.235634396669411e-13
gpt4o_mini,mc_G_179,T4,0.9999999999987761,2.1094237467877974e-13
gpt4o_mini,mc_G_186,T1,1.004204453513044e-09,-2.0220724067318566e-08
gpt4o_mini,mc_G_186,T2,3.969194719728484e-09,-1.7255733801103125e-08
gpt4o_mini,mc_G_186,T3,2.3171912975434466e-08,1.9469844546028564e-09
gpt4o_mini,mc_G_186,T4,5.675440193465045e-08,3.552947341381884e-08
gpt4o_mini,mc_G_235,T1,0.9999999953153926,7.51537809762226e-09
gpt4o_mini,mc_G_235,T2,0.9999999998602573,1.2060242804423638e-08
gpt4o_mini,mc_G_235,T3,0.9999999998909341,1.209091959886166e-08
gpt4o_mini,mc_G_235,T4,0.9999999561334739,-3.166654061192986e-08
gpt4o_mini,mc_G_236,T1,0.00010316468659209326,-0.10693964413157346
gpt4o_mini,mc_G_236,T2,8.572168580888134e-05,-0.10695708713235667
gpt4o_mini,mc_G_236,T3,0.40330604407294707,0.2962632352547815
gpt4o_mini,mc_G_236,T4,0.024676304827314144,-0.08236650399085141
gpt4o_mini,mc_G_288,T1,0.9999823214921084,-1.1526052681398724e-05
gpt4o_mini,mc_G_288,T2,0.9999998460182437,5.9984734538387485e-06
gpt4o_mini,mc_G_288,T3,0.9999998453496866,5.997804896740178e-06
gpt4o_mini,mc_G_288,T4,0.9999933773191205,-4.7022566929122434e-07
gpt4o_mini,mc_G_302,T1,4.913989988080354e-09,2.424796215924029e-09
gpt4o_mini,mc_G_302,T2,6.83217597554993e-10,-1.8059761746013323e-09
gpt4o_mini,mc_G_302,T3,7.172206287696026e-10,-1.7719731433867226e-09
gpt4o_mini,mc_G_302,T4,3.64234687422035e-09,1.153153102064025e-09
gpt4o_mini,mc_G_365,T1,0.9999999999750313,1.4131140702033917e-10
gpt4o_mini,mc_G_365,T2,0.9999999999909397,1.5721979274019304e-10
gpt4o_mini,mc_G_365,T3,0.9999999999227908,8.90708617973246e-11
gpt4o_mini,mc_G_365,T4,0.9999999994461176,-3.8760228360246174e-10
gpt4o_mini,mc_G_373,T1,1.798192857069124e-10,8.662566050059863e-11
gpt4o_mini,mc_G_373,T2,2.7769038587085315e-11,-6.542458661922846e-11
gpt4o_mini,mc_G_373,T3,2.4506090541041545e-11,-6.868753466527222e-11
gpt4o_mini,mc_G_373,T4,1.4068008599021578e-10,4.748646078390201e-11
gpt4o_mini,mc_G_385,T1,0.9403504937276451,-0.024916657060495395
gpt4o_mini,mc_G_385,T2,0.9882349267842814,0.02296777599614086
gpt4o_mini,mc_G_385,T3,0.9803731910771217,0.015106040288981215
gpt4o_mini,mc_G_385,T4,0.9521099915635134,-0.013157159224627124
gpt4o_mini,mc_G_397,T1,0.9999999998898286,-2.1021406837462564e-11
gpt4o_mini,mc_G_397,T2,0.9999999999598026,4.895261973558718e-11
gpt4o_mini,mc_G_397,T3,0.9999999999338124,2.2962409751414725e-11
gpt4o_mini,mc_G_397,T4,0.9999999998599566,-5.0893400604934413e-11
gpt4o_mini,mc_G_431,T1,0.9999999999977284,2.2549739853161554e-12
gpt4o_mini,mc_G_431,T2,0.9999999999981888,2.715383473628208e-12
gpt4o_mini,mc_G_431,T3,0.999999999999049,3.575584273107779e-12
gpt4o_mini,mc_G_431,T4,0.999999999986928,-8.54538662053983e-12
gpt4o_mini,mc_G_453,T1,0.015010949097448722,-0.6039844037027085
gpt4o_mini,mc_G_453,T2,0.9884975468653419,0.3695021940651847
gpt4o_mini,mc_G_453,T3,0.9813354258426632,0.36234007304250604
gpt4o_mini,mc_G_453,T4,0.4911374893951747,-0.12785786340498245
gpt4o_mini,mc_G_492,T1,0.9999999791608387,-1.4445083018621574e-08
gpt4o_mini,mc_G_492,T2,0.9999999988947684,5.288846693929372e-09
gpt4o_mini,mc_G_492,T3,0.9999999991969422,5.591020424411397e-09
gpt4o_mini,mc_G_492,T4,0.9999999971711379,3.5652161223254097e-09
gpt4o_mini,mc_G_572,T1,0.9999999071458252,3.7205801106665604e-08
gpt4o_mini,mc_G_572,T2,0.9999999779770254,1.0803700134509597e-07
gpt4o_mini,mc_G_572,T3,0.99999960721363,-2.627263940846447e-07
gpt4o_mini,mc_G_572,T4,0.9999999874236156,1.1748359152186083e-07
gpt4o_mini,mc_G_595,T1,0.9999999893126787,4.944653575478242e-10
gpt4o_mini,mc_G_595,T2,0.9999999974836896,8.665476225466762e-09
gpt4o_mini,mc_G_595,T3,0.9999999986524764,9.834262959529383e-09
gpt4o_mini,mc_G_595,T4,0.9999999698240085,-1.8994204875610876e-08
gpt4o_mini,mc_G_601,T1,0.513905522755449,-0.025621308684813937
gpt4o_mini,mc_G_601,T2,0.509056819232468,-0.030470012207794883
gpt4o_mini,mc_G_601,T3,0.591164707792207,0.051637876351944056
gpt4o_mini,mc_G_601,T4,0.5439802759809277,0.004453444540664764
gpt4o_mini,mc_H_035,T1,1.4068008599024667e-10,-1.0143737802920492e-10
gpt4o_mini,mc_H_035,T2,1.0883168651312883e-10,-1.3328577750632276e-10
gpt4o_mini,mc_H_035,T3,2.3059865882901328e-10,-1.1518805190438307e-11
gpt4o_mini,mc_H_035,T4,4.883594247454177e-10,2.462419607259661e-10
gpt4o_mini,mc_H_044,T1,0.9994298862706816,0.0016095994787541645
gpt4o_mini,mc_H_044,T2,0.9987602435456036,0.0009399567536760856
gpt4o_mini,mc_H_044,T3,0.9979645153517924,0.0001442285598649562
gpt4o_mini,mc_H_044,T4,0.9951265019996323,-0.0026937847922952063
gpt4o_mini,mc_H_049,T1,0.9999987168861835,7.16182726345771e-07
gpt4o_mini,mc_H_049,T2,0.9999970065178047,-9.941856524697812e-07
gpt4o_mini,mc_H_049,T3,0.9999966041166288,-1.3965868282950211e-06
gpt4o_mini,mc_H_049,T4,0.9999996752932119,1.6745897547520983e-06
gpt4o_mini,mc_H_060,T1,0.5146552337623809,-0.028361855845738693
gpt4o_mini,mc_H_060,T2,0.5114595382451689,-0.031557551362950687
gpt4o_mini,mc_H_060,T3,0.6344688471706302,0.09145175756251067
gpt4o_mini,mc_H_060,T4,0.5114847392542984,-0.03153235035382118
gpt4o_mini,mc_H_066,T1,4.622014935240536e-11,-4.426151632915704e-11
gpt4o_mini,mc_H_066,T2,3.162374275216711e-11,-5.885792292939529e-11
gpt4o_mini,mc_H_066,T3,5.2374290738633064e-11,-3.8107374942929334e-11
gpt4o_mini,mc_H_066,T4,2.317084798830441e-10,1.412268142014817e-10
gpt4o_mini,mc_H_072,T1,0.9999999963959878,-9.417180368842537e-10
gpt4o_mini,mc_H_072,T2,0.9999999986314329,1.2937270144064428e-09
gpt4o_mini,mc_H_072,T3,0.99999999626346,-1.0742458034229685e-09
gpt4o_mini,mc_H_072,T4,0.9999999980599423,7.22236492833872e-10
gpt4o_mini,mc_H_073,T1,0.9999997477989335,1.1812267641797547e-07
gpt4o_mini,mc_H_073,T2,0.9999999940687081,3.64392450991069e-07
gpt4o_mini,mc_H_073,T3,0.9999999072029562,2.7752669906622174e-07
gpt4o_mini,mc_H_073,T4,0.9999988696344304,-7.600418266973108e-07
