teacher,family_id,variant,p_o1,p_o2,p_sym,order_gap
claude46,dd_0107,T1,0.0,0.0,0.0,0.0
claude46,dd_0107,T2,0.0,0.0,0.0,0.0
claude46,dd_0107,T3,0.0,0.0,0.0,0.0
claude46,dd_0107,T4,0.0,0.0,0.0,0.0
claude46,dd_0283,T1,0.0,0.0,0.0,0.0
claude46,dd_0283,T2,0.0,0.0,0.0,0.0
claude46,dd_0283,T3,0.0,0.0,0.0,0.0
claude46,dd_0283,T4,0.0,0.0,0.0,0.0
claude46,dd_11241,T1,0.0,0.0,0.0,0.0
claude46,dd_11241,T2,0.0,0.0,0.0,0.0
claude46,dd_11241,T3,0.0,0.0,0.0,0.0
claude46,dd_11241,T4,0.0,0.0,0.0,0.0
claude46,dd_13518,T1,0.0,0.0,0.0,0.0
claude46,dd_13518,T2,0.0,0.0,0.0,0.0
claude46,dd_13518,T3,0.0,0.0,0.0,0.0
claude46,dd_13518,T4,0.0,0.0,0.0,0.0
claude46,dd_14408,T1,1.0,1.0,1.0,0.0
claude46,dd_14408,T2,1.0,1.0,1.0,0.0
claude46,dd_14408,T3,1.0,1.0,1.0,0.0
claude46,dd_14408,T4,1.0,1.0,1.0,0.0
claude46,dd_14818,T1,1.0,1.0,1.0,0.0
claude46,dd_14818,T2,1.0,1.0,1.0,0.0
claude46,dd_14818,T3,1.0,1.0,1.0,0.0
claude46,dd_14818,T4,1.0,1.0,1.0,0.0
claude46,dd_15810,T1,1.0,1.0,1.0,0.0
claude46,dd_15810,T2,1.0,1.0,1.0,0.0
claude46,dd_15810,T3,1.0,1.0,1.0,0.0
claude46,dd_15810,T4,1.0,1.0,1.0,0.0
claude46,dd_17929,T1,0.0,1.0,0.5,1.0
claude46,dd_17929,T2,0.0,1.0,0.5,1.0
claude46,dd_17929,T3,1.0,1.0,1.0,0.0
claude46,dd_17929,T4,0.0,1.0,0.5,1.0
claude46,dd_1808,T1,1.0,1.0,1.0,0.0
claude46,dd_1808,T2,1.0,1.0,1.0,0.0
claude46,dd_1808,T3,1.0,1.0,1.0,0.0
claude46,dd_1808,T4,1.0,1.0,1.0,0.0
claude46,dd_1814,T1,0.0,0.0,0.0,0.0
claude46,dd_1814,T2,0.0,0.0,0.0,0.0
claude46,dd_1814,T3,0.0,0.0,0.0,0.0
claude46,dd_1814,T4,0.0,0.0,0.0,0.0
claude46,dd_18223,T1,1.0,0.8500000000000001,0.925,0.1499999999999999
claude46,dd_18223,T2,1.0,1.0,1.0,0.0
claude46,dd_18223,T3,1.0,0.0,0.5,1.0
claude46,dd_18223,T4,1.0,1.0,1.0,0.0
claude46,dd_18643,T1,1.0,1.0,1.0,0.0
claude46,dd_18643,T2,1.0,1.0,1.0,0.0
claude46,dd_18643,T3,1.0,1.0,1.0,0.0
claude46,dd_18643,T4,1.0,1.0,1.0,0.0
claude46,dd_18670,T1,0.15,1.0,0.575,0.85
claude46,dd_18670,T2,0.0,1.0,0.5,1.0
claude46,dd_18670,T3,1.0,1.0,1.0,0.0
claude46,dd_18670,T4,1.0,1.0,1.0,0.0
claude46,dd_2081,T1,1.0,1.0,1.0,0.0
claude46,dd_2081,T2,1.0,1.0,1.0,0.0
claude46,dd_2081,T3,1.0,1.0,1.0,0.0
claude46,dd_2081,T4,1.0,1.0,1.0,0.0
claude46,dd_21158,T1,1.0,1.0,1.0,0.0
claude46,dd_21158,T2,1.0,1.0,1.0,0.0
claude46,dd_21158,T3,1.0,1.0,1.0,0.0
claude46,dd_21158,T4,1.0,1.0,1.0,0.0
claude46,dd_21629,T1,1.0,1.0,1.0,0.0
claude46,dd_21629,T2,1.0,1.0,1.0,0.0
claude46,dd_21629,T3,1.0,1.0,1.0,0.0
claude46,dd_21629,T4,1.0,1.0,1.0,0.0
claude46,dd_21630,T1,0.0,0.0,0.0,0.0
claude46,dd_21630,T2,0.0,0.0,0.0,0.0
claude46,dd_21630,T3,0.0,0.0,0.0,0.0
claude46,dd_21630,T4,0.0,0.0,0.0,0.0
claude46,dd_22819,T1,0.0,0.0,0.0,0.0
claude46,dd_22819,T2,0.0,0.0,0.0,0.0
claude46,dd_22819,T3,0.0,0.0,0.0,0.0
claude46,dd_22819,T4,0.0,0.0,0.0,0.0
claude46,dd_23534,T1,1.0,1.0,1.0,0.0
claude46,dd_23534,T2,1.0,1.0,1.0,0.0
claude46,dd_23534,T3,1.0,1.0,1.0,0.0
claude46,dd_23534,T4,1.0,1.0,1.0,0.0
claude46,dd_24260,T1,1.0,0.25,0.625,0.75
claude46,dd_24260,T2,1.0,0.8,0.9,0.19999999999999996
claude46,dd_24260,T3,1.0,1.0,1.0,0.0
claude46,dd_24260,T4,1.0,1.0,1.0,0.0
claude46,dd_24405,T1,0.0,0.0,0.0,0.0
claude46,dd_24405,T2,0.0,0.0,0.0,0.0
claude46,dd_24405,T3,0.0,0.0,0.0,0.0
claude46,dd_24405,T4,0.0,0.0,0.0,0.0
claude46,dd_24975,T1,1.0,1.0,1.0,0.0
claude46,dd_24975,T2,1.0,1.0,1.0,0.0
claude46,dd_24975,T3,1.0,1.0,1.0,0.0
claude46,dd_24975,T4,1.0,1.0,1.0,0.0
claude46,dd_25137,T1,1.0,1.0,1.0,0.0
claude46,dd_25137,T2,1.0,1.0,1.0,0.0
claude46,dd_25137,T3,1.0,1.0,1.0,0.0
claude46,dd_25137,T4,1.0,1.0,1.0,0.0
claude46,dd_25302,T1,0.0,0.0,0.0,0.0
claude46,dd_25302,T2,0.0,0.0,0.0,0.0
claude46,dd_25302,T3,0.0,0.0,0.0,0.0
claude46,dd_25302,T4,0.0,0.0,0.0,0.0
claude46,dd_25868,T1,1.0,1.0,1.0,0.0
claude46,dd_25868,T2,1.0,1.0,1.0,0.0
claude46,dd_25868,T3,1.0,1.0,1.0,0.0
claude46,dd_25868,T4,1.0,1.0,1.0,0.0
claude46,dd_26178,T1,0.0,0.0,0.0,0.0
claude46,dd_26178,T2,0.0,0.0,0.0,0.0
claude46,dd_26178,T3,0.0,0.0,0.0,0.0
claude46,dd_26178,T4,0.0,0.0,0.0,0.0
claude46,dd_26321,T1,1.0,1.0,1.0,0.0
claude46,dd_26321,T2,1.0,1.0,1.0,0.0
claude46,dd_26321,T3,1.0,1.0,1.0,0.0
claude46,dd_26321,T4,1.0,1.0,1.0,0.0
claude46,dd_27524,T1,0.0,0.0,0.0,0.0
claude46,dd_27524,T2,0.0,0.0,0.0,0.0
claude46,dd_27524,T3,0.0,0.0,0.0,0.0
claude46,dd_27524,T4,0.0,0.0,0.0,0.0
claude46,dd_27558,T1,0.0,0.0,0.0,0.0
claude46,dd_27558,T2,0.0,0.0,0.0,0.0
claude46,dd_27558,T3,0.0,0.0,0.0,0.0
claude46,dd_27558,T4,0.0,0.0,0.0,0.0
claude46,dd_28814,T1,0.0,0.0,0.0,0.0
claude46,dd_28814,T2,0.0,0.0,0.0,0.0
claude46,dd_28814,T3,0.0,0.0,0.0,0.0
claude46,dd_28814,T4,0.0,0.0,0.0,0.0
claude46,dd_29454,T1,0.0,0.0,0.0,0.0
claude46,dd_29454,T2,0.0,0.0,0.0,0.0
claude46,dd_29454,T4,0.0,0.0,0.0,0.0
claude46,dd_29978,T1,1.0,1.0,1.0,0.0
claude46,dd_29978,T2,0.0,1.0,0.5,1.0
claude46,dd_29978,T3,1.0,0.0,0.5,1.0
claude46,dd_29978,T4,1.0,1.0,1.0,0.0
claude46,dd_30131,T1,0.0,0.0,0.0,0.0
claude46,dd_30131,T2,0.0,0.0,0.0,0.0
claude46,dd_30131,T3,0.0,0.0,0.0,0.0
claude46,dd_30131,T4,0.0,0.0,0.0,0.0
claude46,dd_30899,T1,1.0,1.0,1.0,0.0
claude46,dd_30899,T2,1.0,1.0,1.0,0.0
claude46,dd_30899,T3,1.0,1.0,1.0,0.0
claude46,dd_30899,T4,1.0,1.0,1.0,0.0
claude46,dd_31129,T1,0.0,0.0,0.0,0.0
claude46,dd_31129,T2,0.0,0.0,0.0,0.0
claude46,dd_31129,T3,0.0,0.0,0.0,0.0
claude46,dd_31129,T4,0.0,0.0,0.0,0.0
claude46,dd_32872,T1,0.0,0.0,0.0,0.0
claude46,dd_32872,T2,0.0,0.0,0.0,0.0
claude46,dd_32872,T3,0.0,0.0,0.0,0.0
claude46,dd_32872,T4,0.0,0.0,0.0,0.0
claude46,dd_33618,T1,1.0,1.0,1.0,0.0
claude46,dd_33618,T2,1.0,1.0,1.0,0.0
claude46,dd_33618,T3,0.0,0.0,0.0,0.0
claude46,dd_33618,T4,1.0,1.0,1.0,0.0
claude46,dd_34148,T1,0.0,0.0,0.0,0.0
claude46,dd_34148,T2,0.0,0.0,0.0,0.0
claude46,dd_34148,T3,0.0,0.0,0.0,0.0
claude46,dd_34148,T4,0.0,0.0,0.0,0.0
claude46,dd_34460,T1,0.0,0.0,0.0,0.0
claude46,dd_34460,T2,0.0,0.0,0.0,0.0
claude46,dd_34460,T3,0.0,0.0,0.0,0.0
claude46,dd_34460,T4,0.0,0.0,0.0,0.0
claude46,dd_35732,T1,0.0,0.0,0.0,0.0
claude46,dd_35732,T2,0.0,0.0,0.0,0.0
claude46,dd_35732,T3,0.0,0.0,0.0,0.0
claude46,dd_35732,T4,0.0,0.0,0.0,0.0
claude46,dd_36819,T1,0.0,0.0,0.0,0.0
claude46,dd_36819,T2,0.0,0.0,0.0,0.0
claude46,dd_36819,T3,0.0,0.0,0.0,0.0
claude46,dd_36819,T4,0.0,0.0,0.0,0.0
claude46,dd_37249,T1,1.0,1.0,1.0,0.0
claude46,dd_37249,T2,1.0,1.0,1.0,0.0
claude46,dd_37249,T3,1.0,1.0,1.0,0.0
claude46,dd_37249,T4,1.0,1.0,1.0,0.0
claude46,dd_37490,T1,1.0,1.0,1.0,0.0
claude46,dd_37490,T2,1.0,1.0,1.0,0.0
claude46,dd_37490,T3,1.0,1.0,1.0,0.0
claude46,dd_37490,T4,1.0,1.0,1.0,0.0
claude46,dd_38533,T1,0.0,0.0,0.0,0.0
claude46,dd_38533,T2,0.0,0.0,0.0,0.0
claude46,dd_38533,T3,0.0,0.0,0.0,0.0
claude46,dd_38533,T4,0.0,0.0,0.0,0.0
claude46,dd_39199,T1,1.0,1.0,1.0,0.0
claude46,dd_39199,T2,0.75,1.0,0.875,0.25
claude46,dd_39199,T3,1.0,1.0,1.0,0.0
claude46,dd_39199,T4,1.0,1.0,1.0,0.0
claude46,dd_42860,T1,0.0,0.0,0.0,0.0
claude46,dd_42860,T2,0.0,0.0,0.0,0.0
claude46,dd_42860,T3,0.0,0.0,0.0,0.0
claude46,dd_42860,T4,0.0,0.0,0.0,0.0
claude46,dd_44063,T1,1.0,1.0,1.0,0.0
claude46,dd_44063,T2,1.0,1.0,1.0,0.0
claude46,dd_44063,T3,1.0,1.0,1.0,0.0
claude46,dd_44063,T4,1.0,1.0,1.0,0.0
claude46,dd_44380,T1,1.0,1.0,1.0,0.0
claude46,dd_44380,T2,1.0,1.0,1.0,0.0
claude46,dd_44380,T3,1.0,1.0,1.0,0.0
claude46,dd_44380,T4,1.0,1.0,1.0,0.0
claude46,dd_45938,T1,0.0,0.0,0.0,0.0
claude46,dd_45938,T2,0.0,0.0,0.0,0.0
claude46,dd_45938,T3,0.0,0.0,0.0,0.0
claude46,dd_45938,T4,0.0,0.0,0.0,0.0
claude46,dd_46859,T1,0.0,0.0,0.0,0.0
claude46,dd_46859,T2,0.0,0.0,0.0,0.0
claude46,dd_46859,T3,0.0,0.0,0.0,0.0
claude46,dd_46859,T4,0.0,0.0,0.0,0.0
claude46,dd_47886,T1,0.0,0.0,0.0,0.0
claude46,dd_47886,T2,0.30000000000000004,0.0,0.15000000000000002,0.30000000000000004
claude46,dd_47886,T3,0.0,0.0,0.0,0.0
claude46,dd_47886,T4,1.0,0.0,0.5,1.0
claude46,dd_5570,T1,1.0,1.0,1.0,0.0
claude46,dd_5570,T2,1.0,1.0,1.0,0.0
claude46,dd_5570,T3,1.0,1.0,1.0,0.0
claude46,dd_5570,T4,1.0,1.0,1.0,0.0
claude46,dd_6488,T1,0.0,0.0,0.0,0.0
claude46,dd_6488,T2,0.0,0.0,0.0,0.0
claude46,dd_6488,T3,0.0,0.0,0.0,0.0
claude46,dd_6488,T4,0.0,0.0,0.0,0.0
claude46,dd_6826,T1,1.0,1.0,1.0,0.0
claude46,dd_6826,T2,1.0,1.0,1.0,0.0
claude46,dd_6826,T3,1.0,1.0,1.0,0.0
claude46,dd_6826,T4,1.0,1.0,1.0,0.0
claude46,dd_6868,T1,0.0,0.0,0.0,0.0
claude46,dd_6868,T2,0.0,0.0,0.0,0.0
claude46,dd_6868,T3,0.0,0.1,0.05,0.1
claude46,dd_6868,T4,0.0,0.0,0.0,0.0
claude46,dd_7687,T1,1.0,1.0,1.0,0.0
claude46,dd_7687,T2,1.0,1.0,1.0,0.0
claude46,dd_7687,T3,1.0,1.0,1.0,0.0
claude46,dd_7687,T4,1.0,1.0,1.0,0.0
claude46,dd_8580,T1,0.0,0.0,0.0,0.0
claude46,dd_8580,T2,0.0,0.0,0.0,0.0
claude46,dd_8580,T3,0.0,0.0,0.0,0.0
claude46,dd_8580,T4,0.0,0.0,0.0,0.0
claude46,dd_9595,T1,1.0,1.0,1.0,0.0
claude46,dd_9595,T2,1.0,1.0,1.0,0.0
claude46,dd_9595,T3,1.0,1.0,1.0,0.0
claude46,dd_9595,T4,1.0,1.0,1.0,0.0
claude46,dd_9899,T1,1.0,1.0,1.0,0.0
claude46,dd_9899,T2,1.0,1.0,1.0,0.0
claude46,dd_9899,T3,1.0,1.0,1.0,0.0
claude46,dd_9899,T4,1.0,1.0,1.0,0.0
claude46,dd_9955,T1,1.0,1.0,1.0,0.0
claude46,dd_9955,T2,0.0,0.0,0.0,0.0
claude46,dd_9955,T3,1.0,1.0,1.0,0.0
claude46,dd_9955,T4,0.0,0.0,0.0,0.0
claude46,mc_C_034,T1,1.0,1.0,1.0,0.0
claude46,mc_C_034,T2,1.0,1.0,1.0,0.0
claude46,mc_C_034,T3,1.0,1.0,1.0,0.0
claude46,mc_C_034,T4,1.0,1.0,1.0,0.0
claude46,mc_C_1095,T1,1.0,1.0,1.0,0.0
claude46,mc_C_1095,T2,1.0,1.0,1.0,0.0
claude46,mc_C_1095,T3,1.0,1.0,1.0,0.0
claude46,mc_C_1095,T4,1.0,1.0,1.0,0.0
claude46,mc_C_1216,T1,1.0,1.0,1.0,0.0
claude46,mc_C_1216,T2,1.0,1.0,1.0,0.0
claude46,mc_C_1216,T3,1.0,1.0,1.0,0.0
claude46,mc_C_1216,T4,1.0,1.0,1.0,0.0
claude46,mc_C_183,T1,1.0,1.0,1.0,0.0
claude46,mc_C_183,T2,1.0,1.0,1.0,0.0
claude46,mc_C_183,T3,1.0,1.0,1.0,0.0
claude46,mc_C_183,T4,1.0,1.0,1.0,0.0
claude46,mc_C_291,T1,1.0,1.0,1.0,0.0
claude46,mc_C_291,T2,1.0,1.0,1.0,0.0
claude46,mc_C_291,T3,1.0,1.0,1.0,0.0
claude46,mc_C_291,T4,1.0,1.0,1.0,0.0
claude46,mc_C_467,T1,1.0,1.0,1.0,0.0
claude46,mc_C_467,T2,1.0,1.0,1.0,0.0
claude46,mc_C_467,T3,1.0,1.0,1.0,0.0
claude46,mc_C_467,T4,1.0,1.0,1.0,0.0
claude46,mc_C_527,T1,1.0,1.0,1.0,0.0
claude46,mc_C_527,T2,1.0,1.0,1.0,0.0
claude46,mc_C_527,T3,1.0,1.0,1.0,0.0
claude46,mc_C_527,T4,1.0,1.0,1.0,0.0
claude46,mc_C_675,T1,1.0,1.0,1.0,0.0
claude46,mc_C_675,T2,1.0,1.0,1.0,0.0
claude46,mc_C_675,T3,1.0,1.0,1.0,0.0
claude46,mc_C_675,T4,1.0,1.0,1.0,0.0
claude46,mc_C_772,T1,1.0,1.0,1.0,0.0
claude46,mc_C_772,T2,1.0,1.0,1.0,0.0
claude46,mc_C_772,T3,1.0,1.0,1.0,0.0
claude46,mc_C_772,T4,1.0,1.0,1.0,0.0
claude46,mc_C_941,T1,1.0,1.0,1.0,0.0
claude46,mc_C_941,T2,1.0,1.0,1.0,0.0
claude46,mc_C_941,T3,1.0,1.0,1.0,0.0
claude46,mc_C_941,T4,1.0,1.0,1.0,0.0
claude46,mc_G_005,T1,1.0,1.0,1.0,0.0
claude46,mc_G_005,T2,1.0,1.0,1.0,0.0
claude46,mc_G_005,T3,1.0,1.0,1.0,0.0
claude46,mc_G_005,T4,1.0,1.0,1.0,0.0
claude46,mc_G_037,T1,1.0,1.0,1.0,0.0
claude46,mc_G_037,T2,1.0,1.0,1.0,0.0
claude46,mc_G_037,T3,1.0,1.0,1.0,0.0
claude46,mc_G_037,T4,1.0,1.0,1.0,0.0
claude46,mc_G_064,T1,0.0,0.0,0.0,0.0
claude46,mc_G_064,T2,0.0,0.0,0.0,0.0
claude46,mc_G_064,T3,0.0,0.0,0.0,0.0
claude46,mc_G_064,T4,0.0,0.0,0.0,0.0
claude46,mc_G_086,T1,1.0,1.0,1.0,0.0
claude46,mc_G_086,T2,1.0,1.0,1.0,0.0
claude46,mc_G_086,T3,1.0,1.0,1.0,0.0
claude46,mc_G_086,T4,1.0,1.0,1.0,0.0
claude46,mc_G_112,T1,0.35,1.0,0.675,0.65
claude46,mc_G_112,T2,0.0,0.0,0.0,0.0
claude46,mc_G_112,T3,1.0,1.0,1.0,0.0
claude46,mc_G_112,T4,0.0,0.0,0.0,0.0
claude46,mc_G_135,T1,1.0,1.0,1.0,0.0
claude46,mc_G_135,T2,1.0,1.0,1.0,0.0
claude46,mc_G_135,T3,1.0,1.0,1.0,0.0
claude46,mc_G_135,T4,1.0,1.0,1.0,0.0
claude46,mc_G_156,T1,1.0,1.0,1.0,0.0
claude46,mc_G_156,T2,1.0,1.0,1.0,0.0
claude46,mc_G_156,T3,1.0,1.0,1.0,0.0
claude46,mc_G_156,T4,1.0,1.0,1.0,0.0
claude46,mc_G_179,T1,1.0,1.0,1.0,0.0
claude46,mc_G_179,T2,1.0,1.0,1.0,0.0
claude46,mc_G_179,T3,1.0,1.0,1.0,0.0
claude46,mc_G_179,T4,1.0,1.0,1.0,0.0
claude46,mc_G_186,T1,0.0,0.0,0.0,0.0
claude46,mc_G_186,T2,0.0,0.0,0.0,0.0
claude46,mc_G_186,T3,0.0,0.0,0.0,0.0
claude46,mc_G_186,T4,0.0,0.0,0.0,0.0
claude46,mc_G_235,T1,1.0,1.0,1.0,0.0
claude46,mc_G_235,T2,1.0,1.0,1.0,0.0
claude46,mc_G_235,T3,1.0,1.0,1.0,0.0
claude46,mc_G_235,T4,1.0,1.0,1.0,0.0
claude46,mc_G_236,T1,0.0,0.0,0.0,0.0
claude46,mc_G_236,T2,0.0,0.0,0.0,0.0
claude46,mc_G_236,T3,0.0,0.0,0.0,0.0
claude46,mc_G_236,T4,0.0,0.0,0.0,0.0
claude46,mc_G_288,T1,1.0,1.0,1.0,0.0
claude46,mc_G_288,T2,1.0,1.0,1.0,0.0
claude46,mc_G_288,T3,1.0,1.0,1.0,0.0
claude46,mc_G_288,T4,1.0,1.0,1.0,0.0
claude46,mc_G_302,T1,1.0,1.0,1.0,0.0
claude46,mc_G_302,T2,1.0,1.0,1.0,0.0
claude46,mc_G_302,T3,1.0,1.0,1.0,0.0
claude46,mc_G_302,T4,1.0,0.8500000000000001,0.925,0.1499999999999999
claude46,mc_G_365,T1,1.0,1.0,1.0,0.0
claude46,mc_G_365,T2,1.0,1.0,1.0,0.0
claude46,mc_G_365,T3,1.0,1.0,1.0,0.0
claude46,mc_G_365,T4,1.0,1.0,1.0,0.0
claude46,mc_G_373,T1,0.0,0.0,0.0,0.0
claude46,mc_G_373,T2,0.0,0.0,0.0,0.0
claude46,mc_G_373,T3,0.0,0.0,0.0,0.0
claude46,mc_G_373,T4,0.0,0.0,0.0,0.0
claude46,mc_G_385,T1,1.0,1.0,1.0,0.0
claude46,mc_G_385,T2,1.0,1.0,1.0,0.0
claude46,mc_G_385,T3,1.0,1.0,1.0,0.0
claude46,mc_G_385,T4,1.0,1.0,1.0,0.0
claude46,mc_G_397,T1,1.0,1.0,1.0,0.0
claude46,mc_G_397,T2,1.0,1.0,1.0,0.0
claude46,mc_G_397,T3,1.0,1.0,1.0,0.0
claude46,mc_G_397,T4,1.0,1.0,1.0,0.0
claude46,mc_G_431,T1,1.0,1.0,1.0,0.0
claude46,mc_G_431,T2,1.0,1.0,1.0,0.0
claude46,mc_G_431,T3,1.0,1.0,1.0,0.0
claude46,mc_G_431,T4,1.0,1.0,1.0,0.0
claude46,mc_G_453,T1,1.0,1.0,1.0,0.0
claude46,mc_G_453,T2,1.0,1.0,1.0,0.0
claude46,mc_G_453,T3,1.0,1.0,1.0,0.0
claude46,mc_G_453,T4,1.0,1.0,1.0,0.0
claude46,mc_G_492,T1,1.0,1.0,1.0,0.0
claude46,mc_G_492,T2,1.0,1.0,1.0,0.0
claude46,mc_G_492,T3,1.0,1.0,1.0,0.0
claude46,mc_G_492,T4,1.0,1.0,1.0,0.0
claude46,mc_G_572,T1,1.0,1.0,1.0,0.0
claude46,mc_G_572,T2,1.0,1.0,1.0,0.0
claude46,mc_G_572,T3,1.0,1.0,1.0,0.0
claude46,mc_G_572,T4,1.0,1.0,1.0,0.0
claude46,mc_G_595,T1,1.0,1.0,1.0,0.0
claude46,mc_G_595,T2,1.0,1.0,1.0,0.0
claude46,mc_G_595,T3,1.0,1.0,1.0,0.0
claude46,mc_G_595,T4,1.0,1.0,1.0,0.0
claude46,mc_G_601,T1,0.0,0.0,0.0,0.0
claude46,mc_G_601,T2,0.0,0.0,0.0,0.0
claude46,mc_G_601,T3,0.0,0.0,0.0,0.0
claude46,mc_G_601,T4,0.0,0.0,0.0,0.0
claude46,mc_H_035,T1,0.0,0.0,0.0,0.0
claude46,mc_H_035,T2,0.0,0.0,0.0,0.0
claude46,mc_H_035,T3,0.0,0.0,0.0,0.0
claude46,mc_H_035,T4,0.0,0.0,0.0,0.0
claude46,mc_H_044,T1,1.0,1.0,1.0,0.0
claude46,mc_H_044,T2,1.0,1.0,1.0,0.0
claude46,mc_H_044,T3,1.0,1.0,1.0,0.0
claude46,mc_H_044,T4,1.0,1.0,1.0,0.0
claude46,mc_H_049,T1,0.0,0.0,0.0,0.0
claude46,mc_H_049,T2,0.0,0.0,0.0,0.0
claude46,mc_H_049,T3,0.0,0.0,0.0,0.0
claude46,mc_H_049,T4,1.0,1.0,1.0,0.0
claude46,mc_H_060,T1,1.0,1.0,1.0,0.0
claude46,mc_H_060,T2,1.0,1.0,1.0,0.0
claude46,mc_H_060,T3,1.0,1.0,1.0,0.0
claude46,mc_H_060,T4,1.0,1.0,1.0,0.0
claude46,mc_H_066,T1,0.0,0.0,0.0,0.0
claude46,mc_H_066,T2,0.0,0.0,0.0,0.0
claude46,mc_H_066,T3,0.0,0.0,0.0,0.0
claude46,mc_H_066,T4,0.0,0.0,0.0,0.0
claude46,mc_H_072,T1,1.0,1.0,1.0,0.0
claude46,mc_H_072,T2,1.0,1.0,1.0,0.0
claude46,mc_H_072,T3,1.0,1.0,1.0,0.0
claude46,mc_H_072,T4,1.0,1.0,1.0,0.0
claude46,mc_H_073,T1,0.0,0.0,0.0,0.0
claude46,mc_H_073,T2,1.0,1.0,1.0,0.0
claude46,mc_H_073,T3,0.15000000000000002,1.0,0.575,0.85
claude46,mc_H_073,T4,0.0,0.9,0.45,0.9
claude_haiku45,dd_0107,T1,0.0,0.0,0.0,0.0
claude_haiku45,dd_0107,T2,0.0,0.0,0.0,0.0
claude_haiku45,dd_0107,T3,0.0,0.0,0.0,0.0
claude_haiku45,dd_0107,T4,0.0,0.0,0.0,0.0
claude_haiku45,dd_0283,T1,0.0,0.0,0.0,0.0
claude_haiku45,dd_0283,T2,0.0,0.0,0.0,0.0
claude_haiku45,dd_0283,T3,0.0,0.0,0.0,0.0
claude_haiku45,dd_0283,T4,0.0,0.0,0.0,0.0
claude_haiku45,dd_11241,T1,0.0,0.0,0.0,0.0
claude_haiku45,dd_11241,T2,0.05,0.0,0.025,0.05
claude_haiku45,dd_11241,T3,0.0,0.0,0.0,0.0
claude_haiku45,dd_11241,T4,0.0,0.0,0.0,0.0
claude_haiku45,dd_13518,T1,0.0,0.0,0.0,0.0
claude_haiku45,dd_13518,T2,0.0,0.0,0.0,0.0
claude_haiku45,dd_13518,T3,0.0,0.0,0.0,0.0
claude_haiku45,dd_13518,T4,0.0,0.0,0.0,0.0
claude_haiku45,dd_14408,T1,1.0,1.0,1.0,0.0
claude_haiku45,dd_14408,T2,1.0,1.0,1.0,0.0
claude_haiku45,dd_14408,T3,1.0,1.0,1.0,0.0
claude_haiku45,dd_14408,T4,1.0,1.0,1.0,0.0
claude_haiku45,dd_14818,T1,1.0,0.0,0.5,1.0
claude_haiku45,dd_14818,T2,1.0,1.0,1.0,0.0
claude_haiku45,dd_14818,T3,1.0,0.0,0.5,1.0
claude_haiku45,dd_14818,T4,1.0,0.0,0.5,1.0
claude_haiku45,dd_15810,T1,0.95,1.0,0.975,0.050000000000000044
claude_haiku45,dd_15810,T2,1.0,1.0,1.0,0.0
claude_haiku45,dd_15810,T3,1.0,1.0,1.0,0.0
claude_haiku45,dd_15810,T4,1.0,1.0,1.0,0.0
claude_haiku45,dd_17929,T1,0.0,0.0,0.0,0.0
claude_haiku45,dd_17929,T2,0.0,0.0,0.0,0.0
claude_haiku45,dd_17929,T3,0.0,0.0,0.0,0.0
claude_haiku45,dd_17929,T4,0.0,0.0,0.0,0.0
claude_haiku45,dd_1808,T1,1.0,1.0,1.0,0.0
claude_haiku45,dd_1808,T2,1.0,1.0,1.0,0.0
claude_haiku45,dd_1808,T3,1.0,1.0,1.0,0.0
claude_haiku45,dd_1808,T4,1.0,1.0,1.0,0.0
claude_haiku45,dd_1814,T1,0.0,0.0,0.0,0.0
claude_haiku45,dd_1814,T2,0.0,0.0,0.0,0.0
claude_haiku45,dd_1814,T3,0.0,0.0,0.0,0.0
claude_haiku45,dd_1814,T4,0.0,0.0,0.0,0.0
claude_haiku45,dd_18223,T1,0.0,0.0,0.0,0.0
claude_haiku45,dd_18223,T2,0.0,0.0,0.0,0.0
claude_haiku45,dd_18223,T3,0.0,0.0,0.0,0.0
claude_haiku45,dd_18223,T4,0.0,0.0,0.0,0.0
claude_haiku45,dd_18643,T1,1.0,1.0,1.0,0.0
claude_haiku45,dd_18643,T2,1.0,1.0,1.0,0.0
claude_haiku45,dd_18643,T3,1.0,1.0,1.0,0.0
claude_haiku45,dd_18643,T4,1.0,1.0,1.0,0.0
claude_haiku45,dd_18670,T1,1.0,1.0,1.0,0.0
claude_haiku45,dd_18670,T2,1.0,1.0,1.0,0.0
claude_haiku45,dd_18670,T3,1.0,1.0,1.0,0.0
claude_haiku45,dd_18670,T4,1.0,1.0,1.0,0.0
claude_haiku45,dd_2081,T1,1.0,1.0,1.0,0.0
claude_haiku45,dd_2081,T2,1.0,1.0,1.0,0.0
claude_haiku45,dd_2081,T3,1.0,1.0,1.0,0.0
claude_haiku45,dd_2081,T4,1.0,1.0,1.0,0.0
claude_haiku45,dd_21158,T1,1.0,1.0,1.0,0.0
claude_haiku45,dd_21158,T2,1.0,1.0,1.0,0.0
claude_haiku45,dd_21158,T3,1.0,1.0,1.0,0.0
claude_haiku45,dd_21158,T4,1.0,1.0,1.0,0.0
claude_haiku45,dd_21629,T1,1.0,1.0,1.0,0.0
claude_haiku45,dd_21629,T2,1.0,1.0,1.0,0.0
claude_haiku45,dd_21629,T3,1.0,1.0,1.0,0.0
claude_haiku45,dd_21629,T4,1.0,1.0,1.0,0.0
claude_haiku45,dd_21630,T1,0.0,0.0,0.0,0.0
claude_haiku45,dd_21630,T2,0.0,0.0,0.0,0.0
claude_haiku45,dd_21630,T3,0.0,0.0,0.0,0.0
claude_haiku45,dd_21630,T4,0.0,0.0,0.0,0.0
claude_haiku45,dd_22819,T1,0.0,0.0,0.0,0.0
claude_haiku45,dd_22819,T2,0.0,0.0,0.0,0.0
claude_haiku45,dd_22819,T3,0.0,0.0,0.0,0.0
claude_haiku45,dd_22819,T4,0.0,0.0,0.0,0.0
claude_haiku45,dd_23534,T1,1.0,0.5,0.75,0.5
claude_haiku45,dd_23534,T2,1.0,0.3833333333333333,0.6916666666666667,0.6166666666666667
claude_haiku45,dd_23534,T3,1.0,0.0,0.5,1.0
claude_haiku45,dd_23534,T4,1.0,0.5833333333333333,0.7916666666666666,0.41666666666666674
claude_haiku45,dd_24260,T1,0.0,0.0,0.0,0.0
claude_haiku45,dd_24260,T2,0.0,0.0,0.0,0.0
claude_haiku45,dd_24260,T3,0.0,0.0,0.0,0.0
claude_haiku45,dd_24260,T4,0.0,0.0,0.0,0.0
claude_haiku45,dd_24405,T1,0.0,0.0,0.0,0.0
claude_haiku45,dd_24405,T2,0.0,0.0,0.0,0.0
claude_haiku45,dd_24405,T3,0.0,0.0,0.0,0.0
claude_haiku45,dd_24405,T4,0.0,0.0,0.0,0.0
claude_haiku45,dd_24975,T1,1.0,1.0,1.0,0.0
claude_haiku45,dd_24975,T2,1.0,1.0,1.0,0.0
claude_haiku45,dd_24975,T3,1.0,1.0,1.0,0.0
claude_haiku45,dd_24975,T4,1.0,1.0,1.0,0.0
claude_haiku45,dd_25137,T1,1.0,1.0,1.0,0.0
claude_haiku45,dd_25137,T2,1.0,1.0,1.0,0.0
claude_haiku45,dd_25137,T3,1.0,1.0,1.0,0.0
claude_haiku45,dd_25137,T4,1.0,1.0,1.0,0.0
claude_haiku45,dd_25302,T1,0.0,0.0,0.0,0.0
claude_haiku45,dd_25302,T2,0.0,0.0,0.0,0.0
claude_haiku45,dd_25302,T3,0.0,0.0,0.0,0.0
claude_haiku45,dd_25302,T4,0.0,0.0,0.0,0.0
claude_haiku45,dd_25868,T1,1.0,1.0,1.0,0.0
claude_haiku45,dd_25868,T2,0.30000000000000004,0.95,0.625,0.6499999999999999
claude_haiku45,dd_25868,T3,1.0,1.0,1.0,0.0
claude_haiku45,dd_25868,T4,0.8,1.0,0.9,0.19999999999999996
claude_haiku45,dd_26178,T1,0.0,0.0,0.0,0.0
claude_haiku45,dd_26178,T2,0.0,0.0,0.0,0.0
claude_haiku45,dd_26178,T3,0.0,0.0,0.0,0.0
claude_haiku45,dd_26178,T4,0.0,0.0,0.0,0.0
claude_haiku45,dd_26321,T1,1.0,1.0,1.0,0.0
claude_haiku45,dd_26321,T2,1.0,1.0,1.0,0.0
claude_haiku45,dd_26321,T3,1.0,1.0,1.0,0.0
claude_haiku45,dd_26321,T4,1.0,1.0,1.0,0.0
claude_haiku45,dd_27524,T1,0.0,0.0,0.0,0.0
claude_haiku45,dd_27524,T2,0.0,0.0,0.0,0.0
claude_haiku45,dd_27524,T3,0.0,0.0,0.0,0.0
claude_haiku45,dd_27524,T4,0.0,0.0,0.0,0.0
claude_haiku45,dd_27558,T1,0.0,0.0,0.0,0.0
claude_haiku45,dd_27558,T2,0.0,0.0,0.0,0.0
claude_haiku45,dd_27558,T3,0.0,0.0,0.0,0.0
claude_haiku45,dd_27558,T4,0.0,0.0,0.0,0.0
claude_haiku45,dd_28814,T1,0.0,0.0,0.0,0.0
claude_haiku45,dd_28814,T2,0.0,0.0,0.0,0.0
claude_haiku45,dd_28814,T3,0.0,0.0,0.0,0.0
claude_haiku45,dd_28814,T4,0.0,0.0,0.0,0.0
claude_haiku45,dd_29454,T2,,0.0,,
claude_haiku45,dd_29978,T1,1.0,1.0,1.0,0.0
claude_haiku45,dd_29978,T2,1.0,1.0,1.0,0.0
claude_haiku45,dd_29978,T3,1.0,1.0,1.0,0.0
claude_haiku45,dd_29978,T4,1.0,1.0,1.0,0.0
claude_haiku45,dd_30131,T1,0.0,0.0,0.0,0.0
claude_haiku45,dd_30131,T2,0.0,0.0,0.0,0.0
claude_haiku45,dd_30131,T3,0.0,0.0,0.0,0.0
claude_haiku45,dd_30131,T4,0.0,0.0,0.0,0.0
claude_haiku45,dd_30899,T1,1.0,1.0,1.0,0.0
claude_haiku45,dd_30899,T2,1.0,1.0,1.0,0.0
claude_haiku45,dd_30899,T3,1.0,1.0,1.0,0.0
claude_haiku45,dd_30899,T4,1.0,1.0,1.0,0.0
claude_haiku45,dd_31129,T1,0.0,0.0,0.0,0.0
claude_haiku45,dd_31129,T2,0.0,0.0,0.0,0.0
claude_haiku45,dd_31129,T3,0.0,0.0,0.0,0.0
claude_haiku45,dd_31129,T4,0.0,0.0,0.0,0.0
claude_haiku45,dd_32872,T1,0.0,0.0,0.0,0.0
claude_haiku45,dd_32872,T2,0.0,0.0,0.0,0.0
claude_haiku45,dd_32872,T3,0.0,0.0,0.0,0.0
claude_haiku45,dd_32872,T4,0.0,0.0,0.0,0.0
claude_haiku45,dd_33618,T1,1.0,0.0,0.5,1.0
claude_haiku45,dd_33618,T2,1.0,0.0,0.5,1.0
claude_haiku45,dd_33618,T3,0.9,0.0,0.45,0.9
claude_haiku45,dd_33618,T4,0.9,0.0,0.45,0.9
claude_haiku45,dd_34148,T1,0.95,0.15,0.5499999999999999,0.7999999999999999
claude_haiku45,dd_34148,T2,0.05,0.0,0.025,0.05
claude_haiku45,dd_34148,T3,0.0,0.0,0.0,0.0
claude_haiku45,dd_34148,T4,0.9,0.8500000000000001,0.875,0.04999999999999993
claude_haiku45,dd_34460,T1,0.0,0.0,0.0,0.0
claude_haiku45,dd_34460,T2,0.0,0.0,0.0,0.0
claude_haiku45,dd_34460,T3,0.0,0.0,0.0,0.0
claude_haiku45,dd_34460,T4,0.0,0.0,0.0,0.0
claude_haiku45,dd_35732,T1,0.0,0.0,0.0,0.0
claude_haiku45,dd_35732,T2,0.0,0.0,0.0,0.0
claude_haiku45,dd_35732,T3,0.0,0.0,0.0,0.0
claude_haiku45,dd_35732,T4,0.0,0.0,0.0,0.0
claude_haiku45,dd_36819,T1,0.0,0.0,0.0,0.0
claude_haiku45,dd_36819,T2,0.0,0.0,0.0,0.0
claude_haiku45,dd_36819,T3,0.0,0.0,0.0,0.0
claude_haiku45,dd_36819,T4,0.0,0.0,0.0,0.0
claude_haiku45,dd_37249,T1,1.0,1.0,1.0,0.0
claude_haiku45,dd_37249,T2,1.0,1.0,1.0,0.0
claude_haiku45,dd_37249,T3,1.0,1.0,1.0,0.0
claude_haiku45,dd_37249,T4,0.9,1.0,0.95,0.09999999999999998
claude_haiku45,dd_37490,T1,1.0,1.0,1.0,0.0
claude_haiku45,dd_37490,T2,1.0,1.0,1.0,0.0
claude_haiku45,dd_37490,T3,1.0,1.0,1.0,0.0
claude_haiku45,dd_37490,T4,1.0,1.0,1.0,0.0
claude_haiku45,dd_38533,T1,0.0,0.0,0.0,0.0
claude_haiku45,dd_38533,T2,0.0,0.0,0.0,0.0
claude_haiku45,dd_38533,T3,0.0,0.0,0.0,0.0
claude_haiku45,dd_38533,T4,0.0,0.0,0.0,0.0
claude_haiku45,dd_39199,T1,1.0,1.0,1.0,0.0
claude_haiku45,dd_39199,T2,1.0,1.0,1.0,0.0
claude_haiku45,dd_39199,T3,1.0,1.0,1.0,0.0
claude_haiku45,dd_39199,T4,1.0,1.0,1.0,0.0
claude_haiku45,dd_42860,T1,0.0,0.0,0.0,0.0
claude_haiku45,dd_42860,T2,0.0,0.0,0.0,0.0
claude_haiku45,dd_42860,T3,0.0,0.0,0.0,0.0
claude_haiku45,dd_42860,T4,0.0,0.0,0.0,0.0
claude_haiku45,dd_44063,T1,1.0,0.85,0.925,0.15000000000000002
claude_haiku45,dd_44063,T2,0.0,0.0,0.0,0.0
claude_haiku45,dd_44063,T3,1.0,0.0,0.5,1.0
claude_haiku45,dd_44063,T4,1.0,0.4,0.7,0.6
claude_haiku45,dd_44380,T1,1.0,1.0,1.0,0.0
claude_haiku45,dd_44380,T2,1.0,1.0,1.0,0.0
claude_haiku45,dd_44380,T3,1.0,1.0,1.0,0.0
claude_haiku45,dd_44380,T4,1.0,1.0,1.0,0.0
claude_haiku45,dd_45938,T1,0.0,0.0,0.0,0.0
claude_haiku45,dd_45938,T2,0.0,0.0,0.0,0.0
claude_haiku45,dd_45938,T3,0.0,0.0,0.0,0.0
claude_haiku45,dd_45938,T4,0.0,0.0,0.0,0.0
claude_haiku45,dd_46859,T1,0.0,0.0,0.0,0.0
claude_haiku45,dd_46859,T2,0.0,0.0,0.0,0.0
claude_haiku45,dd_46859,T3,0.0,0.0,0.0,0.0
claude_haiku45,dd_46859,T4,0.0,0.0,0.0,0.0
claude_haiku45,dd_47886,T1,0.75,1.0,0.875,0.25
claude_haiku45,dd_47886,T2,1.0,1.0,1.0,0.0
claude_haiku45,dd_47886,T3,0.95,1.0,0.975,0.050000000000000044
claude_haiku45,dd_47886,T4,0.8500000000000001,1.0,0.925,0.1499999999999999
claude_haiku45,dd_5570,T1,1.0,1.0,1.0,0.0
claude_haiku45,dd_5570,T2,1.0,1.0,1.0,0.0
claude_haiku45,dd_5570,T3,1.0,1.0,1.0,0.0
claude_haiku45,dd_5570,T4,1.0,1.0,1.0,0.0
claude_haiku45,dd_6488,T1,0.0,0.0,0.0,0.0
claude_haiku45,dd_6488,T2,0.0,0.0,0.0,0.0
claude_haiku45,dd_6488,T3,0.0,0.0,0.0,0.0
claude_haiku45,dd_6488,T4,0.0,0.0,0.0,0.0
claude_haiku45,dd_6826,T1,1.0,1.0,1.0,0.0
claude_haiku45,dd_6826,T2,1.0,1.0,1.0,0.0
claude_haiku45,dd_6826,T3,1.0,1.0,1.0,0.0
claude_haiku45,dd_6826,T4,1.0,1.0,1.0,0.0
claude_haiku45,dd_6868,T1,0.0,0.0,0.0,0.0
claude_haiku45,dd_6868,T2,0.0,0.0,0.0,0.0
claude_haiku45,dd_6868,T3,0.0,0.0,0.0,0.0
claude_haiku45,dd_6868,T4,0.0,0.0,0.0,0.0
claude_haiku45,dd_7687,T1,1.0,1.0,1.0,0.0
claude_haiku45,dd_7687,T2,1.0,1.0,1.0,0.0
claude_haiku45,dd_7687,T3,1.0,1.0,1.0,0.0
claude_haiku45,dd_7687,T4,1.0,1.0,1.0,0.0
claude_haiku45,dd_8580,T1,1.0,1.0,1.0,0.0
claude_haiku45,dd_8580,T2,1.0,0.8500000000000001,0.925,0.1499999999999999
claude_haiku45,dd_8580,T3,0.9,0.0,0.45,0.9
claude_haiku45,dd_8580,T4,0.15000000000000002,0.1,0.125,0.05000000000000002
claude_haiku45,dd_9595,T1,1.0,1.0,1.0,0.0
claude_haiku45,dd_9595,T2,1.0,1.0,1.0,0.0
claude_haiku45,dd_9595,T3,1.0,1.0,1.0,0.0
claude_haiku45,dd_9595,T4,1.0,1.0,1.0,0.0
claude_haiku45,dd_9899,T1,1.0,1.0,1.0,0.0
claude_haiku45,dd_9899,T2,1.0,1.0,1.0,0.0
claude_haiku45,dd_9899,T3,1.0,1.0,1.0,0.0
claude_haiku45,dd_9899,T4,1.0,1.0,1.0,0.0
claude_haiku45,dd_9955,T1,1.0,0.0,0.5,1.0
claude_haiku45,dd_9955,T2,0.0,0.0,0.0,0.0
claude_haiku45,dd_9955,T3,1.0,0.45,0.725,0.55
claude_haiku45,dd_9955,T4,0.0,0.0,0.0,0.0
claude_haiku45,mc_C_034,T1,1.0,1.0,1.0,0.0
claude_haiku45,mc_C_034,T2,1.0,1.0,1.0,0.0
claude_haiku45,mc_C_034,T3,1.0,1.0,1.0,0.0
claude_haiku45,mc_C_034,T4,1.0,1.0,1.0,0.0
claude_haiku45,mc_C_1095,T1,1.0,1.0,1.0,0.0
claude_haiku45,mc_C_1095,T2,1.0,1.0,1.0,0.0
claude_haiku45,mc_C_1095,T3,1.0,1.0,1.0,0.0
claude_haiku45,mc_C_1095,T4,1.0,1.0,1.0,0.0
claude_haiku45,mc_C_1216,T1,1.0,1.0,1.0,0.0
claude_haiku45,mc_C_1216,T2,1.0,1.0,1.0,0.0
claude_haiku45,mc_C_1216,T3,1.0,1.0,1.0,0.0
claude_haiku45,mc_C_1216,T4,1.0,1.0,1.0,0.0
claude_haiku45,mc_C_183,T1,1.0,1.0,1.0,0.0
claude_haiku45,mc_C_183,T2,1.0,1.0,1.0,0.0
claude_haiku45,mc_C_183,T3,1.0,1.0,1.0,0.0
claude_haiku45,mc_C_183,T4,1.0,1.0,1.0,0.0
claude_haiku45,mc_C_291,T1,1.0,1.0,1.0,0.0
claude_haiku45,mc_C_291,T2,1.0,1.0,1.0,0.0
claude_haiku45,mc_C_291,T3,1.0,1.0,1.0,0.0
claude_haiku45,mc_C_291,T4,1.0,1.0,1.0,0.0
claude_haiku45,mc_C_467,T1,1.0,1.0,1.0,0.0
claude_haiku45,mc_C_467,T2,1.0,1.0,1.0,0.0
claude_haiku45,mc_C_467,T3,1.0,1.0,1.0,0.0
claude_haiku45,mc_C_467,T4,1.0,1.0,1.0,0.0
claude_haiku45,mc_C_527,T1,1.0,1.0,1.0,0.0
claude_haiku45,mc_C_527,T2,1.0,1.0,1.0,0.0
claude_haiku45,mc_C_527,T3,1.0,1.0,1.0,0.0
claude_haiku45,mc_C_527,T4,1.0,1.0,1.0,0.0
claude_haiku45,mc_C_675,T1,1.0,1.0,1.0,0.0
claude_haiku45,mc_C_675,T2,1.0,1.0,1.0,0.0
claude_haiku45,mc_C_675,T3,1.0,1.0,1.0,0.0
claude_haiku45,mc_C_675,T4,1.0,1.0,1.0,0.0
claude_haiku45,mc_C_772,T1,1.0,1.0,1.0,0.0
claude_haiku45,mc_C_772,T2,1.0,1.0,1.0,0.0
claude_haiku45,mc_C_772,T3,1.0,1.0,1.0,0.0
claude_haiku45,mc_C_772,T4,1.0,1.0,1.0,0.0
claude_haiku45,mc_C_941,T1,1.0,1.0,1.0,0.0
claude_haiku45,mc_C_941,T2,1.0,1.0,1.0,0.0
claude_haiku45,mc_C_941,T3,1.0,1.0,1.0,0.0
claude_haiku45,mc_C_941,T4,1.0,1.0,1.0,0.0
claude_haiku45,mc_G_005,T1,1.0,1.0,1.0,0.0
claude_haiku45,mc_G_005,T2,1.0,1.0,1.0,0.0
claude_haiku45,mc_G_005,T3,1.0,1.0,1.0,0.0
claude_haiku45,mc_G_005,T4,1.0,1.0,1.0,0.0
claude_haiku45,mc_G_037,T1,1.0,1.0,1.0,0.0
claude_haiku45,mc_G_037,T2,1.0,1.0,1.0,0.0
claude_haiku45,mc_G_037,T3,1.0,1.0,1.0,0.0
claude_haiku45,mc_G_037,T4,1.0,1.0,1.0,0.0
claude_haiku45,mc_G_064,T1,0.0,0.0,0.0,0.0
claude_haiku45,mc_G_064,T2,0.0,0.0,0.0,0.0
claude_haiku45,mc_G_064,T3,0.0,0.0,0.0,0.0
claude_haiku45,mc_G_064,T4,0.0,0.0,0.0,0.0
claude_haiku45,mc_G_086,T1,1.0,1.0,1.0,0.0
claude_haiku45,mc_G_086,T2,1.0,1.0,1.0,0.0
claude_haiku45,mc_G_086,T3,1.0,1.0,1.0,0.0
claude_haiku45,mc_G_086,T4,1.0,1.0,1.0,0.0
claude_haiku45,mc_G_112,T1,1.0,1.0,1.0,0.0
claude_haiku45,mc_G_112,T2,1.0,1.0,1.0,0.0
claude_haiku45,mc_G_112,T3,1.0,1.0,1.0,0.0
claude_haiku45,mc_G_112,T4,1.0,1.0,1.0,0.0
claude_haiku45,mc_G_135,T1,1.0,0.0,0.5,1.0
claude_haiku45,mc_G_135,T2,1.0,0.0,0.5,1.0
claude_haiku45,mc_G_135,T3,1.0,0.0,0.5,1.0
claude_haiku45,mc_G_135,T4,1.0,0.95,0.975,0.050000000000000044
claude_haiku45,mc_G_156,T1,1.0,1.0,1.0,0.0
claude_haiku45,mc_G_156,T2,1.0,1.0,1.0,0.0
claude_haiku45,mc_G_156,T3,1.0,1.0,1.0,0.0
claude_haiku45,mc_G_156,T4,1.0,1.0,1.0,0.0
claude_haiku45,mc_G_179,T1,1.0,1.0,1.0,0.0
claude_haiku45,mc_G_179,T2,1.0,1.0,1.0,0.0
claude_haiku45,mc_G_179,T3,1.0,1.0,1.0,0.0
claude_haiku45,mc_G_179,T4,1.0,1.0,1.0,0.0
claude_haiku45,mc_G_186,T1,0.0,0.0,0.0,0.0
claude_haiku45,mc_G_186,T2,0.0,0.0,0.0,0.0
claude_haiku45,mc_G_186,T3,0.0,0.0,0.0,0.0
claude_haiku45,mc_G_186,T4,0.0,0.0,0.0,0.0
claude_haiku45,mc_G_235,T1,1.0,1.0,1.0,0.0
claude_haiku45,mc_G_235,T2,1.0,1.0,1.0,0.0
claude_haiku45,mc_G_235,T3,1.0,1.0,1.0,0.0
claude_haiku45,mc_G_235,T4,1.0,1.0,1.0,0.0
claude_haiku45,mc_G_236,T1,0.0,0.0,0.0,0.0
claude_haiku45,mc_G_236,T2,0.0,0.0,0.0,0.0
claude_haiku45,mc_G_236,T3,0.0,0.0,0.0,0.0
claude_haiku45,mc_G_236,T4,0.0,0.0,0.0,0.0
claude_haiku45,mc_G_288,T1,1.0,1.0,1.0,0.0
claude_haiku45,mc_G_288,T2,1.0,1.0,1.0,0.0
claude_haiku45,mc_G_288,T3,1.0,1.0,1.0,0.0
claude_haiku45,mc_G_288,T4,1.0,1.0,1.0,0.0
claude_haiku45,mc_G_302,T1,0.0,0.0,0.0,0.0
claude_haiku45,mc_G_302,T2,0.0,0.0,0.0,0.0
claude_haiku45,mc_G_302,T3,0.9,0.8,0.8500000000000001,0.09999999999999998
claude_haiku45,mc_G_302,T4,0.0,0.0,0.0,0.0
claude_haiku45,mc_G_365,T1,1.0,1.0,1.0,0.0
claude_haiku45,mc_G_365,T2,1.0,1.0,1.0,0.0
claude_haiku45,mc_G_365,T3,1.0,1.0,1.0,0.0
claude_haiku45,mc_G_365,T4,1.0,1.0,1.0,0.0
claude_haiku45,mc_G_373,T1,0.0,0.0,0.0,0.0
claude_haiku45,mc_G_373,T2,0.0,0.0,0.0,0.0
claude_haiku45,mc_G_373,T3,0.0,0.0,0.0,0.0
claude_haiku45,mc_G_373,T4,0.0,0.0,0.0,0.0
claude_haiku45,mc_G_385,T1,1.0,1.0,1.0,0.0
claude_haiku45,mc_G_385,T2,1.0,1.0,1.0,0.0
claude_haiku45,mc_G_385,T3,1.0,1.0,1.0,0.0
claude_haiku45,mc_G_385,T4,1.0,1.0,1.0,0.0
claude_haiku45,mc_G_397,T1,1.0,1.0,1.0,0.0
claude_haiku45,mc_G_397,T2,1.0,1.0,1.0,0.0
claude_haiku45,mc_G_397,T3,1.0,1.0,1.0,0.0
claude_haiku45,mc_G_397,T4,1.0,1.0,1.0,0.0
claude_haiku45,mc_G_431,T1,1.0,1.0,1.0,0.0
claude_haiku45,mc_G_431,T2,1.0,1.0,1.0,0.0
claude_haiku45,mc_G_431,T3,1.0,1.0,1.0,0.0
claude_haiku45,mc_G_431,T4,1.0,1.0,1.0,0.0
claude_haiku45,mc_G_453,T1,1.0,1.0,1.0,0.0
claude_haiku45,mc_G_453,T2,1.0,1.0,1.0,0.0
claude_haiku45,mc_G_453,T3,1.0,1.0,1.0,0.0
claude_haiku45,mc_G_453,T4,1.0,1.0,1.0,0.0
claude_haiku45,mc_G_492,T1,1.0,1.0,1.0,0.0
claude_haiku45,mc_G_492,T2,1.0,1.0,1.0,0.0
claude_haiku45,mc_G_492,T3,1.0,1.0,1.0,0.0
claude_haiku45,mc_G_492,T4,1.0,1.0,1.0,0.0
claude_haiku45,mc_G_572,T1,1.0,1.0,1.0,0.0
claude_haiku45,mc_G_572,T2,1.0,1.0,1.0,0.0
claude_haiku45,mc_G_572,T3,1.0,1.0,1.0,0.0
claude_haiku45,mc_G_572,T4,1.0,1.0,1.0,0.0
claude_haiku45,mc_G_595,T1,1.0,1.0,1.0,0.0
claude_haiku45,mc_G_595,T2,1.0,1.0,1.0,0.0
claude_haiku45,mc_G_595,T3,1.0,1.0,1.0,0.0
claude_haiku45,mc_G_595,T4,1.0,1.0,1.0,0.0
claude_haiku45,mc_G_601,T1,0.5625,1.0,0.78125,0.4375
claude_haiku45,mc_G_601,T2,0.0,1.0,0.5,1.0
claude_haiku45,mc_G_601,T3,0.9285714285714286,1.0,0.9642857142857143,0.0714285714285714
claude_haiku45,mc_G_601,T4,0.0,1.0,0.5,1.0
claude_haiku45,mc_H_035,T1,0.0,0.0,0.0,0.0
claude_haiku45,mc_H_035,T2,0.0,0.0,0.0,0.0
claude_haiku45,mc_H_035,T3,0.0,0.0,0.0,0.0
claude_haiku45,mc_H_035,T4,0.0,0.0,0.0,0.0
claude_haiku45,mc_H_044,T1,0.0,0.0,0.0,0.0
claude_haiku45,mc_H_044,T2,0.0,0.0,0.0,0.0
claude_haiku45,mc_H_044,T3,0.0,0.0,0.0,0.0
claude_haiku45,mc_H_044,T4,0.0,0.0,0.0,0.0
claude_haiku45,mc_H_049,T1,0.0,0.0,0.0,0.0
claude_haiku45,mc_H_049,T2,0.0,0.0,0.0,0.0
claude_haiku45,mc_H_049,T3,0.0,0.0,0.0,0.0
claude_haiku45,mc_H_049,T4,0.0,0.0,0.0,0.0
claude_haiku45,mc_H_060,T1,1.0,1.0,1.0,0.0
claude_haiku45,mc_H_060,T2,1.0,1.0,1.0,0.0
claude_haiku45,mc_H_060,T3,1.0,1.0,1.0,0.0
claude_haiku45,mc_H_060,T4,1.0,1.0,1.0,0.0
claude_haiku45,mc_H_066,T1,0.0,0.0,0.0,0.0
claude_haiku45,mc_H_066,T2,0.0,0.0,0.0,0.0
claude_haiku45,mc_H_066,T3,0.0,0.0,0.0,0.0
claude_haiku45,mc_H_066,T4,0.0,0.0,0.0,0.0
claude_haiku45,mc_H_072,T1,1.0,1.0,1.0,0.0
claude_haiku45,mc_H_072,T2,1.0,1.0,1.0,0.0
claude_haiku45,mc_H_072,T3,1.0,1.0,1.0,0.0
claude_haiku45,mc_H_072,T4,1.0,1.0,1.0,0.0
claude_haiku45,mc_H_073,T1,1.0,1.0,1.0,0.0
claude_haiku45,mc_H_073,T2,1.0,1.0,1.0,0.0
claude_haiku45,mc_H_073,T3,1.0,1.0,1.0,0.0
claude_haiku45,mc_H_073,T4,1.0,1.0,1.0,0.0
deepseek_v4,dd_0107,T1,0.5871767742970986,0.8828664703933914,0.735021622345245,0.2956896960962928
deepseek_v4,dd_0107,T2,0.16671594021282618,0.8246043310687425,0.49566013564078437,0.6578883908559163
deepseek_v4,dd_0107,T3,0.11791252010106953,0.6919447487724828,0.4049286344367762,0.5740322286714132
deepseek_v4,dd_0107,T4,0.20335813019476645,0.8188403614270956,0.511099245810931,0.6154822312323291
deepseek_v4,dd_0283,T1,7.83447557812642e-07,0.0002805177982771336,0.00014065062291747314,0.00027973435071932095
deepseek_v4,dd_0283,T2,2.2212829022099573e-06,6.44465421155643e-05,3.333391250888713e-05,6.222525921335433e-05
deepseek_v4,dd_0283,T3,7.719772020593485e-07,3.694183647908204e-05,1.8856906840570694e-05,3.6169859277022697e-05
deepseek_v4,dd_0283,T4,2.9204270517284725e-06,0.00010259208984499502,5.2756258448361746e-05,9.967166279326655e-05
deepseek_v4,dd_11241,T1,0.005008605349505669,0.13141252754778887,0.06821056644864727,0.1264039221982832
deepseek_v4,dd_11241,T2,0.0005862548891101339,0.031818286479383014,0.016202270684246574,0.03123203159027288
deepseek_v4,dd_11241,T3,0.0008317262281525367,0.028300184470008954,0.014565955349080745,0.027468458241856418
deepseek_v4,dd_11241,T4,0.0009945629340033697,0.07465321324541313,0.03782388808970825,0.07365865031140977
deepseek_v4,dd_13518,T1,3.396584788736233e-06,2.3075768518786744e-05,1.3236176653761489e-05,1.967918373005051e-05
deepseek_v4,dd_13518,T2,2.1580712938296388e-06,2.2667380246010773e-05,1.2412725769920205e-05,2.0509308952181136e-05
deepseek_v4,dd_13518,T3,2.894209322100971e-06,5.9237856572825294e-06,4.40899748969175e-06,3.0295763351815585e-06
deepseek_v4,dd_13518,T4,7.541313600391009e-06,0.00021749300601812765,0.00011251715980925933,0.00020995169241773664
deepseek_v4,dd_14408,T1,0.9903456521739777,0.9989571333695099,0.9946513927717437,0.008611481195532122
deepseek_v4,dd_14408,T2,0.9067895901770746,0.9964027073695497,0.9515961487733122,0.08961311719247511
deepseek_v4,dd_14408,T3,0.9851482669130763,0.9984254729438579,0.9917868699284671,0.01327720603078153
deepseek_v4,dd_14408,T4,0.838489732172488,0.9934747653463707,0.9159822487594294,0.15498503317388268
deepseek_v4,dd_14818,T1,0.9491534307690803,0.9949853827581691,0.9720694067636246,0.04583195198908874
deepseek_v4,dd_14818,T2,0.929649011193801,0.996686593036636,0.9631678021152185,0.06703758184283504
deepseek_v4,dd_14818,T3,0.7971999568947047,0.9779266038087501,0.8875632803517274,0.18072664691404539
deepseek_v4,dd_14818,T4,0.9329164994684094,0.9958924730302877,0.9644044862493486,0.06297597356187834
deepseek_v4,dd_15810,T1,0.43025021991905854,0.8320592251604617,0.6311547225397601,0.40180900524140317
deepseek_v4,dd_15810,T2,0.48055294759539935,0.604155359651488,0.5423541536234437,0.12360241205608868
deepseek_v4,dd_15810,T3,0.19625995972095606,0.7632997991950584,0.47977987945800726,0.5670398394741023
deepseek_v4,dd_15810,T4,0.5360681469977501,0.7062624688696821,0.621165307933716,0.17019432187193206
deepseek_v4,dd_17929,T1,0.06550156138438996,0.02177304435658099,0.04363730287048548,0.04372851702780897
deepseek_v4,dd_17929,T2,0.0321067518827836,0.03312199805959261,0.032614374971188104,0.0010152461768090093
deepseek_v4,dd_17929,T3,0.3131177719965326,0.2932083666159738,0.30316306930625325,0.019909405380558798
deepseek_v4,dd_17929,T4,0.29124775208732695,0.2027124646216388,0.24698010835448286,0.08853528746568815
deepseek_v4,dd_1808,T1,0.9032278726477396,0.98323382451433,0.9432308485810348,0.08000595186659032
deepseek_v4,dd_1808,T2,0.824897649212483,0.9851910177491169,0.9050443334807999,0.1602933685366339
deepseek_v4,dd_1808,T3,0.8308248030953943,0.9870814197036646,0.9089531113995295,0.15625661660827028
deepseek_v4,dd_1808,T4,0.8584216708733549,0.9791157072231512,0.918768689048253,0.12069403634979636
deepseek_v4,dd_1814,T1,0.012989131085892777,0.06152065564521782,0.0372548933655553,0.04853152455932504
deepseek_v4,dd_1814,T2,0.011922346359006478,0.040333065873969697,0.026127706116488087,0.02841071951496322
deepseek_v4,dd_1814,T3,0.00038305049236378474,0.004099156754626793,0.0022411036234952888,0.0037161062622630085
deepseek_v4,dd_1814,T4,0.006250968589612527,0.029676058685416614,0.01796351363751457,0.023425090095804086
deepseek_v4,dd_18223,T1,0.1411588231545158,0.8320288322180869,0.48659382768630133,0.6908700090635711
deepseek_v4,dd_18223,T2,0.16765259679809663,0.8623937595654405,0.5150231781817686,0.6947411627673439
deepseek_v4,dd_18223,T3,0.3600239446461414,0.6332251281566197,0.49662453640138055,0.2732011835104783
deepseek_v4,dd_18223,T4,0.22873879219986343,0.9084076858865651,0.5685732390432142,0.6796688936867017
deepseek_v4,dd_18643,T1,0.9999959828740353,0.9999988405639654,0.9999974117190004,2.857689930024776e-06
deepseek_v4,dd_18643,T2,0.9999970698544202,0.9999988351866919,0.999997952520556,1.765332271697062e-06
deepseek_v4,dd_18643,T3,0.9999842144594638,0.9999977202046906,0.9999909673320773,1.350574522673842e-05
deepseek_v4,dd_18643,T4,0.9999128067762866,0.9999977025644434,0.999955254670365,8.489578815684684e-05
deepseek_v4,dd_18670,T1,0.9932258388234172,0.9990782369052772,0.9961520378643471,0.00585239808186
deepseek_v4,dd_18670,T2,0.9803541826097998,0.9899317304873682,0.985142956548584,0.009577547877568371
deepseek_v4,dd_18670,T3,0.9952233051395364,0.9997154449215985,0.9974693750305674,0.004492139782062088
deepseek_v4,dd_18670,T4,0.9947462493954844,0.9990488236908408,0.9968975365431626,0.0043025742953564095
deepseek_v4,dd_2081,T1,0.6930876567364006,0.9913882919384901,0.8422379743374453,0.2983006352020895
deepseek_v4,dd_2081,T2,0.7087278502355957,0.9928628577496001,0.8507953539925979,0.28413500751400445
deepseek_v4,dd_2081,T3,0.9027148494701631,0.9986655910037825,0.9506902202369728,0.09595074153361938
deepseek_v4,dd_2081,T4,0.840848458518824,0.9966374406370919,0.918742949577958,0.15578898211826797
deepseek_v4,dd_21158,T1,0.9825188333847874,0.992976096514483,0.9877474649496352,0.010457263129695638
deepseek_v4,dd_21158,T2,0.9654317379128763,0.9857709763569058,0.975601357134891,0.020339238444029517
deepseek_v4,dd_21158,T3,0.9164131283519923,0.9877120503419001,0.9520625893469462,0.07129892198990784
deepseek_v4,dd_21158,T4,0.9626885973393281,0.9899976148134768,0.9763431060764025,0.02730901747414871
deepseek_v4,dd_21629,T1,0.6007145886968643,0.5447711280073068,0.5727428583520855,0.05594346068955758
deepseek_v4,dd_21629,T2,0.3040420770073333,0.8841170959378054,0.5940795864725694,0.5800750189304721
deepseek_v4,dd_21629,T3,0.9344788311410566,0.9871435639484739,0.9608111975447653,0.05266473280741735
deepseek_v4,dd_21629,T4,0.06819442898112406,0.5207619343525866,0.2944781816668553,0.4525675053714625
deepseek_v4,dd_21630,T1,0.05016933890097245,0.8904074276340622,0.4702883832675173,0.8402380887330898
deepseek_v4,dd_21630,T2,0.007183081420704181,0.5719636699462148,0.28957337568345953,0.5647805885255106
deepseek_v4,dd_21630,T3,0.0025125628800620166,0.696762483143783,0.34963752301192247,0.694249920263721
deepseek_v4,dd_21630,T4,0.030810956516074375,0.8843065092706588,0.45755873289336657,0.8534955527545844
deepseek_v4,dd_22819,T1,0.0004040659554304081,0.001793571994008912,0.0010988189747196601,0.0013895060385785039
deepseek_v4,dd_22819,T2,0.0003498724492595188,0.0074716125839539805,0.00391074251660675,0.007121740134694462
deepseek_v4,dd_22819,T3,0.0011940930020469711,0.010808371788223565,0.006001232395135268,0.009614278786176595
deepseek_v4,dd_22819,T4,0.00023963491926015055,0.0012483891900147706,0.0007440120546374605,0.00100875427075462
deepseek_v4,dd_23534,T1,0.7548839339095901,0.742018102109723,0.7484510180096565,0.012865831799867111
deepseek_v4,dd_23534,T2,0.7211897680035165,0.9059573276015613,0.813573547802539,0.1847675595980448
deepseek_v4,dd_23534,T3,0.7575625593170686,0.47208829763546944,0.6148254284762691,0.2854742616815992
deepseek_v4,dd_23534,T4,0.6935816244030711,0.9153436247215032,0.8044626245622872,0.22176200031843207
deepseek_v4,dd_24260,T1,0.0773488365338361,0.22331022889442484,0.15032953271413046,0.14596139236058875
deepseek_v4,dd_24260,T2,0.22142695912292334,0.3778517935997066,0.299639376361315,0.15642483447678326
deepseek_v4,dd_24260,T3,0.029804515405366244,0.255135546762317,0.1424700310838416,0.22533103135695073
deepseek_v4,dd_24260,T4,0.08802852520005229,0.42534599882474905,0.25668726201240066,0.3373174736246968
deepseek_v4,dd_24405,T1,5.984627689508752e-06,0.0003779916045859477,0.00019198811613772824,0.00037200697689643893
deepseek_v4,dd_24405,T2,4.044431688935635e-06,4.298957313097165e-05,2.351700240995364e-05,3.8945141442036015e-05
deepseek_v4,dd_24405,T3,6.2667021254995e-07,0.0002481041716663382,0.00012436542093944406,0.00024747750145378823
deepseek_v4,dd_24405,T4,9.983442249431977e-06,0.0001258570228876367,6.792023256853434e-05,0.0001158735806382047
deepseek_v4,dd_24975,T1,0.00809586253473469,0.19403828636768775,0.10106707445121121,0.18594242383295306
deepseek_v4,dd_24975,T2,0.019239438883886347,0.5034312662725852,0.26133535257823576,0.4841918273886988
deepseek_v4,dd_24975,T3,0.06839929219940435,0.9030373084756509,0.4857183003375276,0.8346380162762466
deepseek_v4,dd_24975,T4,0.0042393667625130315,0.027482018156457795,0.015860692459485414,0.023242651393944762
deepseek_v4,dd_25137,T1,0.9986138947071472,0.9999047301231767,0.999259312415162,0.0012908354160294788
deepseek_v4,dd_25137,T2,0.9570858924497125,0.9996994201428392,0.9783926562962759,0.04261352769312665
deepseek_v4,dd_25137,T3,0.9997357382448102,0.9999624873132036,0.9998491127790069,0.0002267490683933726
deepseek_v4,dd_25137,T4,0.9987748946874115,0.9999022659983703,0.9993385803428909,0.0011273713109587469
deepseek_v4,dd_25302,T1,5.7940479323097405e-05,0.00044273436677295805,0.0002503374230480277,0.00038479388744986064
deepseek_v4,dd_25302,T2,0.00013392816265819343,0.00798871195356172,0.004061320058109956,0.007854783790903527
deepseek_v4,dd_25302,T3,6.102281842277595e-06,0.0017548984864345935,0.0008805003841384356,0.001748796204592316
deepseek_v4,dd_25302,T4,3.710871176000919e-05,0.002115453218469187,0.001076280965114598,0.002078344506709178
deepseek_v4,dd_25868,T1,0.5819445161713975,0.5634427081405273,0.5726936121559625,0.018501808030870204
deepseek_v4,dd_25868,T2,0.5034798938112548,0.5495839583561904,0.5265319260837227,0.04610406454493565
deepseek_v4,dd_25868,T3,0.2561568824955548,0.27244098979465686,0.2642989361451058,0.01628410729910207
deepseek_v4,dd_25868,T4,0.3683382364044473,0.7310263302603387,0.549682283332393,0.3626880938558914
deepseek_v4,dd_26178,T1,0.0012477731626910733,0.09362424628728445,0.047436009724987765,0.09237647312459338
deepseek_v4,dd_26178,T2,0.00031841633582345376,0.02238489816065926,0.011351657248241357,0.022066481824835806
deepseek_v4,dd_26178,T3,0.000945865737617967,0.4472952517676712,0.22412055875264458,0.44634938603005325
deepseek_v4,dd_26178,T4,0.0006349990590093314,0.1280158444370437,0.06432542174802651,0.12738084537803437
deepseek_v4,dd_26321,T1,0.9979350771433637,0.9992830942969643,0.9986090857201639,0.0013480171536005559
deepseek_v4,dd_26321,T2,0.9884871849127245,0.9973181722101693,0.9929026785614469,0.008830987297444803
deepseek_v4,dd_26321,T3,0.9988858592768289,0.999227130463518,0.9990564948701735,0.00034127118668902945
deepseek_v4,dd_26321,T4,0.9799743854028025,0.9985800841213988,0.9892772347621006,0.018605698718596297
deepseek_v4,dd_27524,T1,1.517795243226707e-05,0.00013452164047434532,7.48497964533062e-05,0.00011934368804207825
deepseek_v4,dd_27524,T2,2.1887724653166634e-05,0.00013017722336609093,7.603247400962878e-05,0.0001082894987129243
deepseek_v4,dd_27524,T3,1.0293933635929221e-05,0.00024079597126778452,0.00012554495245185686,0.00023050203763185528
deepseek_v4,dd_27524,T4,3.1951269403180394e-05,0.00018312190963868928,0.00010753658952093484,0.00015117064023550887
deepseek_v4,dd_27558,T1,0.027914522480777016,0.3776643921256719,0.20278945730322445,0.34974986964489485
deepseek_v4,dd_27558,T2,0.001959891249098142,0.16517239746365744,0.0835661443563778,0.1632125062145593
deepseek_v4,dd_27558,T3,0.15855721680637547,0.6804350209783718,0.41949611889237365,0.5218778041719964
deepseek_v4,dd_27558,T4,0.016800857062611765,0.3647015292872535,0.19075119317493264,0.34790067222464177
deepseek_v4,dd_28814,T1,0.012383833097528238,0.11588565534627206,0.06413474422190014,0.10350182224874382
deepseek_v4,dd_28814,T2,0.004620296583923168,0.027730955725143912,0.01617562615453354,0.023110659141220742
deepseek_v4,dd_28814,T3,0.03914144473586614,0.06657463709276991,0.052858040914318026,0.027433192356903766
deepseek_v4,dd_28814,T4,0.006548746053888866,0.017156178617191875,0.011852462335540371,0.010607432563303008
deepseek_v4,dd_29454,T1,0.5588226842573506,0.5163058657430759,0.5375642750002132,0.04251681851427469
deepseek_v4,dd_29454,T2,0.5697974796093068,0.6464610994706521,0.6081292895399795,0.07666361986134529
deepseek_v4,dd_29454,T3,0.945202737143505,0.9566118837671652,0.9509073104553352,0.011409146623660216
deepseek_v4,dd_29454,T4,0.6866098030856793,0.9183498984702768,0.802479850777978,0.2317400953845975
deepseek_v4,dd_29978,T1,0.043829929768306006,0.16578558981559258,0.10480775979194928,0.12195566004728657
deepseek_v4,dd_29978,T2,0.01579428436922025,0.03925767127920875,0.0275259778242145,0.023463386909988497
deepseek_v4,dd_29978,T3,0.15218918503862167,0.5029086771878922,0.32754893111325695,0.35071949214927056
deepseek_v4,dd_29978,T4,0.014382708603857786,0.04359807555599874,0.028990392079928262,0.029215366952140956
deepseek_v4,dd_30131,T1,1.5477299655484726e-05,0.012985144179973152,0.006500310739814318,0.012969666880317667
deepseek_v4,dd_30131,T2,3.717016465750365e-05,0.021682800582555773,0.010859985373606638,0.02164563041789827
deepseek_v4,dd_30131,T3,6.762025047140765e-05,0.007656188079490862,0.003861904164981135,0.007588567829019455
deepseek_v4,dd_30131,T4,1.8581137080553387e-05,0.023748302090521367,0.01188344161380096,0.023729720953440815
deepseek_v4,dd_30899,T1,0.9961818108133856,0.9999224566534709,0.9980521337334283,0.003740645840085266
deepseek_v4,dd_30899,T2,0.9971339324114706,0.9990526243727631,0.9980932783921168,0.0019186919612924624
deepseek_v4,dd_30899,T3,0.9993738374986187,0.9999861777750234,0.9996800076368211,0.0006123402764046659
deepseek_v4,dd_30899,T4,0.9919397917420945,0.7311867502968515,0.8615632710194729,0.2607530414452429
deepseek_v4,dd_31129,T1,1.2631035501103886e-05,3.486200739176703e-05,2.3746521446435455e-05,2.2230971890663142e-05
deepseek_v4,dd_31129,T2,2.34107366917918e-05,0.00018438697477884735,0.00010389885573531957,0.00016097623808705556
deepseek_v4,dd_31129,T3,5.398958794976099e-06,3.111299808818277e-05,1.8255978441579433e-05,2.571403929320667e-05
deepseek_v4,dd_31129,T4,1.716344443588469e-05,4.963216609254209e-05,3.339780526421339e-05,3.246872165665741e-05
deepseek_v4,dd_32872,T1,0.013257635930353779,0.8184280617693244,0.4158428488498391,0.8051704258389706
deepseek_v4,dd_32872,T2,0.02705618186975099,0.7607659477012861,0.39391106478551857,0.7337097658315351
deepseek_v4,dd_32872,T3,0.0778582196958261,0.875601769432551,0.4767299945641885,0.7977435497367249
deepseek_v4,dd_32872,T4,0.014834722023008317,0.900504851532939,0.45766978677797365,0.8856701295099307
deepseek_v4,dd_33618,T1,0.001211666763293357,0.02591259635973659,0.013562131561514973,0.024700929596443235
deepseek_v4,dd_33618,T2,0.0033222692892481004,0.080035831783667,0.04167905053645755,0.0767135624944189
deepseek_v4,dd_33618,T3,4.471889370165013e-05,0.0007084757778038381,0.00037659733575274413,0.000663756884102188
deepseek_v4,dd_33618,T4,0.0007758239850549002,0.04653112624664407,0.023653475115849486,0.04575530226158917
deepseek_v4,dd_34148,T1,0.04562072471230144,0.7938373665495256,0.4197290456309135,0.7482166418372243
deepseek_v4,dd_34148,T2,0.03483276549810128,0.5960015076538063,0.3154171365759538,0.561168742155705
deepseek_v4,dd_34148,T3,0.07082398369112337,0.9185336357932168,0.4946788097421701,0.8477096521020934
deepseek_v4,dd_34148,T4,0.0338270768996411,0.7594777524634123,0.39665241468152673,0.7256506755637712
deepseek_v4,dd_34460,T1,2.6029164588477126e-06,0.00011250742721457288,5.7555171836710294e-05,0.00010990451075572517
deepseek_v4,dd_34460,T2,5.1752645692703856e-06,1.662342450832232e-05,1.0899344538796353e-05,1.1448159939051935e-05
deepseek_v4,dd_34460,T3,1.3062843765909746e-05,0.0005288206194733302,0.00027094173161962,0.0005157577757074204
deepseek_v4,dd_34460,T4,1.8050673401663225e-06,0.00026960670394933424,0.0001357058856447503,0.0002678016366091679
deepseek_v4,dd_35732,T1,4.238010128676386e-06,7.354216531404722e-05,3.8890087721361806e-05,6.930415518537083e-05
deepseek_v4,dd_35732,T2,2.3253363501106655e-05,6.574987995355815e-05,4.4501621727332404e-05,4.249651645245149e-05
deepseek_v4,dd_35732,T3,7.600649512082876e-06,7.850126416400232e-05,4.30509568380426e-05,7.090061465191944e-05
deepseek_v4,dd_35732,T4,1.4869463917815722e-05,0.00011344950195497904,6.415948293639738e-05,9.858003803716331e-05
deepseek_v4,dd_36819,T1,0.23347893735594397,0.34474842509753734,0.28911368122674064,0.11126948774159337
deepseek_v4,dd_36819,T2,0.13960380607839934,0.16677237139017256,0.15318808873428597,0.027168565311773224
deepseek_v4,dd_36819,T3,0.024132570198495996,0.18030448101281796,0.10221852560565697,0.15617191081432197
deepseek_v4,dd_36819,T4,0.72916056953903,0.6094297562503982,0.6692951628947141,0.11973081328863178
deepseek_v4,dd_37249,T1,0.9653288516247435,0.9990998893714129,0.9822143704980781,0.03377103774666945
deepseek_v4,dd_37249,T2,0.9275757638259226,0.9971998607379927,0.9623878122819576,0.06962409691207017
deepseek_v4,dd_37249,T3,0.8959832579461402,0.9988830665530367,0.9474331622495884,0.10289980860689651
deepseek_v4,dd_37249,T4,0.9707500049116168,0.9988572193803034,0.98480361214596,0.02810721446868658
deepseek_v4,dd_37490,T1,0.9997394399496811,0.9999876003576657,0.9998635201536734,0.00024816040798458783
deepseek_v4,dd_37490,T2,0.9999244301283963,0.9999969958883766,0.9999607130083865,7.256575998038084e-05
deepseek_v4,dd_37490,T3,0.9999187547297943,0.9999972546908995,0.9999580047103469,7.849996110520507e-05
deepseek_v4,dd_37490,T4,0.9999936182915006,0.9999950625285767,0.9999943404100387,1.4442370761535983e-06
deepseek_v4,dd_38533,T1,0.04448296697343922,0.03008241447359286,0.03728269072351604,0.014400552499846356
deepseek_v4,dd_38533,T2,0.0341229305623159,0.2531672504132932,0.14364509048780455,0.21904431985097728
deepseek_v4,dd_38533,T3,0.03304853106885791,0.08708499160440801,0.06006676133663296,0.0540364605355501
deepseek_v4,dd_38533,T4,0.07853934017942087,0.2655671139526882,0.17205322706605455,0.18702777377326735
deepseek_v4,dd_39199,T1,0.9680545497204216,0.9987277400466538,0.9833911448835377,0.03067319032623217
deepseek_v4,dd_39199,T2,0.9690238965580622,0.9993776136267669,0.9842007550924146,0.03035371706870471
deepseek_v4,dd_39199,T3,0.9306608801169164,0.9996427263901934,0.9651518032535549,0.06898184627327697
deepseek_v4,dd_39199,T4,0.9734347481475739,0.9999079548142408,0.9866713514809073,0.02647320666666686
deepseek_v4,dd_42860,T1,6.56143210647303e-05,0.05073199913328558,0.025398806727175153,0.05066638481222085
deepseek_v4,dd_42860,T2,1.7311995627612402e-05,0.0069688482478327905,0.0034930801217302014,0.006951536252205178
deepseek_v4,dd_42860,T3,2.120437846109933e-05,0.047436907545520504,0.023729055961990802,0.047415703167059405
deepseek_v4,dd_42860,T4,4.112507019361933e-05,0.01092254383535186,0.00548183445277274,0.010881418765158241
deepseek_v4,dd_44063,T1,0.7277525557076727,0.9029273623673401,0.8153399590375063,0.17517480665966734
deepseek_v4,dd_44063,T2,0.6014298893990752,0.8667412797530509,0.734085584576063,0.2653113903539758
deepseek_v4,dd_44063,T3,0.556950303807346,0.9664102489419749,0.7616802763746604,0.4094599451346289
deepseek_v4,dd_44063,T4,0.7751144517873105,0.9238884600616842,0.8495014559244973,0.1487740082743737
deepseek_v4,dd_44380,T1,0.9904494976735896,0.9944307251578428,0.9924401114157162,0.003981227484253225
deepseek_v4,dd_44380,T2,0.9959950544537015,0.9913496755913792,0.9936723650225403,0.0046453788623223025
deepseek_v4,dd_44380,T3,0.9744192909754573,0.9968577904450366,0.985638540710247,0.02243849946957932
deepseek_v4,dd_44380,T4,0.895063159179649,0.9015210946523131,0.898292126915981,0.006457935472664156
deepseek_v4,dd_45938,T1,1.433397920018198e-06,5.6852150385178665e-06,3.5593064792680324e-06,4.251817118499668e-06
deepseek_v4,dd_45938,T2,2.4635828094254602e-06,3.542195751130528e-05,1.8942770160365372e-05,3.295837470187982e-05
deepseek_v4,dd_45938,T3,3.7649848829083195e-06,8.743080925146346e-06,6.254032904027333e-06,4.978096042238026e-06
deepseek_v4,dd_45938,T4,7.649969955351745e-07,7.878240146869465e-06,4.32161857120232e-06,7.11324315133429e-06
deepseek_v4,dd_46859,T1,5.9558127877977175e-06,1.0018845901022994e-05,7.987329344410356e-06,4.063033113225277e-06
deepseek_v4,dd_46859,T2,2.7337295282527306e-06,1.3506914770006937e-05,8.120322149129833e-06,1.0773185241754206e-05
deepseek_v4,dd_46859,T3,4.406641874465135e-06,1.7588191358414898e-05,1.0997416616440016e-05,1.3181549483949764e-05
deepseek_v4,dd_46859,T4,3.0839849430552995e-06,2.077565032509264e-05,1.1929817634073969e-05,1.769166538203734e-05
deepseek_v4,dd_47886,T1,0.031071282587922154,0.3502998265043724,0.19068555454614727,0.3192285439164503
deepseek_v4,dd_47886,T2,0.047309161470823875,0.45151827816779977,0.24941371981931182,0.4042091166969759
deepseek_v4,dd_47886,T3,0.05235847287768089,0.29111469766943016,0.1717365852735555,0.23875622479174927
deepseek_v4,dd_47886,T4,0.032424782615305195,0.543090474673442,0.2877576286443736,0.5106656920581367
deepseek_v4,dd_5570,T1,0.9999775902862972,0.9999916489216798,0.9999846196039885,1.4058635382618867e-05
deepseek_v4,dd_5570,T2,0.9996792028330018,0.9999855793287513,0.9998323910808766,0.0003063764957494941
deepseek_v4,dd_5570,T3,0.9997179794715918,0.999970458067402,0.9998442187694969,0.0002524785958102349
deepseek_v4,dd_5570,T4,0.9994290969673353,0.9999016866505872,0.9996653918089613,0.00047258968325192274
deepseek_v4,dd_6488,T1,0.0002797129525847093,0.00014842440400160433,0.00021406867829315681,0.00013128854858310496
deepseek_v4,dd_6488,T2,2.582439842244485e-05,0.0014502408054482634,0.0007380326019353541,0.0014244164070258186
deepseek_v4,dd_6488,T3,7.891983166708521e-05,0.00011105645897550017,9.498814532129268e-05,3.213662730841496e-05
deepseek_v4,dd_6488,T4,0.00044261380167120946,0.00041833534331959203,0.0004304745724954007,2.427845835161743e-05
deepseek_v4,dd_6826,T1,0.9349393141662605,0.9972807872839262,0.9661100507250934,0.06234147311766569
deepseek_v4,dd_6826,T2,0.9319301939282343,0.9681120695960921,0.9500211317621632,0.0361818756678578
deepseek_v4,dd_6826,T3,0.848835690884913,0.9800386694690666,0.9144371801769897,0.13120297858415364
deepseek_v4,dd_6826,T4,0.9250603561922854,0.9924815396408108,0.958770947916548,0.06742118344852532
deepseek_v4,dd_6868,T1,0.5219023622047232,0.8284660695887066,0.675184215896715,0.3065637073839834
deepseek_v4,dd_6868,T2,0.42853978130076487,0.7111269485715193,0.569833364936142,0.2825871672707544
deepseek_v4,dd_6868,T3,0.26309764045381095,0.8133449831985405,0.5382213118261757,0.5502473427447296
deepseek_v4,dd_6868,T4,0.8001112262153639,0.9164370944420013,0.8582741603286825,0.11632586822663737
deepseek_v4,dd_7687,T1,0.999987030500396,0.9999820293264212,0.9999845299134086,5.00117397472799e-06
deepseek_v4,dd_7687,T2,0.999946758351462,0.9998844486128509,0.9999156034821564,6.230973861109934e-05
deepseek_v4,dd_7687,T3,0.9999932918202185,0.9999948563399508,0.9999940740800846,1.5645197323221893e-06
deepseek_v4,dd_7687,T4,0.9999652409807996,0.999914813991971,0.9999400274863853,5.04269888286224e-05
deepseek_v4,dd_8580,T1,0.011067733611766953,0.11733725041563188,0.06420249201369942,0.10626951680386493
deepseek_v4,dd_8580,T2,0.036765146102981906,0.26839351748352175,0.15257933179325184,0.23162837138053985
deepseek_v4,dd_8580,T3,0.0012044266212250436,0.008448534683831634,0.004826480652528339,0.007244108062606591
deepseek_v4,dd_8580,T4,0.028297982161142238,0.336360844254713,0.18232941320792762,0.3080628620935708
deepseek_v4,dd_9595,T1,0.6798325200356349,0.45688681286805133,0.5683596664518431,0.22294570716758355
deepseek_v4,dd_9595,T2,0.6256427228537654,0.43633586240063577,0.5309892926272006,0.18930686045312967
deepseek_v4,dd_9595,T3,0.9031408106407742,0.6121059017726919,0.757623356206733,0.29103490886808236
deepseek_v4,dd_9595,T4,0.5772068079971984,0.7426047757467726,0.6599057918719855,0.16539796774957427
deepseek_v4,dd_9899,T1,0.835061011753997,0.9180700078548625,0.8765655098044298,0.08300899610086543
deepseek_v4,dd_9899,T2,0.7237680666347109,0.6045147496672456,0.6641414081509782,0.11925331696746533
deepseek_v4,dd_9899,T3,0.3037794029702155,0.22603865323463435,0.2649090281024249,0.07774074973558115
deepseek_v4,dd_9899,T4,0.7595509049620871,0.8233617035662522,0.7914563042641696,0.06381079860416505
deepseek_v4,dd_9955,T1,0.02625188557221326,0.6249831286530453,0.32561750711262927,0.598731243080832
deepseek_v4,dd_9955,T2,0.018470338746266256,0.5785095555820702,0.2984899471641682,0.5600392168358039
deepseek_v4,dd_9955,T3,0.22987945707276547,0.9110462522190271,0.5704628546458963,0.6811667951462617
deepseek_v4,dd_9955,T4,0.005317409927595863,0.42016457593440615,0.21274099293100102,0.41484716600681026
deepseek_v4,mc_C_034,T1,0.9999958375751302,0.999994701323984,0.9999952694495571,1.136251146172107e-06
deepseek_v4,mc_C_034,T2,0.999988182805151,0.9999995563566432,0.9999938695808971,1.1373551492166456e-05
deepseek_v4,mc_C_034,T3,0.9999984269840357,0.999999221389522,0.9999988241867789,7.944054862818462e-07
deepseek_v4,mc_C_034,T4,0.9999917995864759,0.9999957939807951,0.9999937967836354,3.994394319195571e-06
deepseek_v4,mc_C_1095,T1,0.9999993515634132,0.9999993920844682,0.9999993718239407,4.052105495588876e-08
deepseek_v4,mc_C_1095,T2,0.9999996887980673,0.9999988960841023,0.9999992924410848,7.927139650254489e-07
deepseek_v4,mc_C_1095,T3,0.9999999325345235,0.999999593128705,0.9999997628316142,3.3940581845026685e-07
deepseek_v4,mc_C_1095,T4,0.9999997521692765,0.9999988330472996,0.9999992926082881,9.191219768611703e-07
deepseek_v4,mc_C_1216,T1,0.9999976878370764,0.9999985117837751,0.9999980998104258,8.23946698647049e-07
deepseek_v4,mc_C_1216,T2,0.9999971140987357,0.9999990800161561,0.9999980970574459,1.9659174204100793e-06
deepseek_v4,mc_C_1216,T3,0.9999997396933736,0.9999994793255288,0.9999996095094512,2.603678448398483e-07
deepseek_v4,mc_C_1216,T4,0.9999978833454939,0.9999956511095706,0.9999967672275323,2.2322359233273303e-06
deepseek_v4,mc_C_183,T1,0.9999972046546756,0.999971781369225,0.9999844930119504,2.542328545052097e-05
deepseek_v4,mc_C_183,T2,0.9999930615486194,0.9999959395825478,0.9999945005655837,2.8780339283995815e-06
deepseek_v4,mc_C_183,T3,0.999999126660623,0.999997479932567,0.999998303296595,1.6467280559151476e-06
deepseek_v4,mc_C_183,T4,0.9999955162070943,0.9999762679099441,0.9999858920585192,1.9248297150165072e-05
deepseek_v4,mc_C_291,T1,0.9999986661439784,0.9999993892974953,0.9999990277207369,7.231535169571757e-07
deepseek_v4,mc_C_291,T2,0.999999733410677,0.9999994205084438,0.9999995769595604,3.1290223323487965e-07
deepseek_v4,mc_C_291,T3,0.9999999006194349,0.9999993874317182,0.9999996440255765,5.131877166553167e-07
deepseek_v4,mc_C_291,T4,0.9999979220847611,0.999999580142649,0.9999987511137051,1.6580578878766516e-06
deepseek_v4,mc_C_467,T1,0.9987345320872497,0.9999857058511247,0.9993601189691872,0.0012511737638749576
deepseek_v4,mc_C_467,T2,0.9993606346057705,0.9999927191024472,0.9996766768541089,0.0006320844966767325
deepseek_v4,mc_C_467,T3,0.9994604321449266,0.9999922137303765,0.9997263229376516,0.0005317815854498642
deepseek_v4,mc_C_467,T4,0.9999568054316933,0.9999983175273204,0.9999775614795068,4.1512095627083134e-05
deepseek_v4,mc_C_527,T1,0.9999995397088564,0.9999976369753883,0.9999985883421223,1.9027334680066232e-06
deepseek_v4,mc_C_527,T2,0.9999996889354401,0.999999663992589,0.9999996764640146,2.4942851117870646e-08
deepseek_v4,mc_C_527,T3,0.9999998177987196,0.9999992321771651,0.9999995249879423,5.85621554471949e-07
deepseek_v4,mc_C_527,T4,0.9999993820126833,0.9999986965524901,0.9999990392825867,6.854601932726467e-07
deepseek_v4,mc_C_675,T1,0.9999982870535746,0.9999981127423124,0.9999981998979435,1.7431126220213145e-07
deepseek_v4,mc_C_675,T2,0.9999911698127767,0.9999984033928145,0.9999947866027956,7.233580037846465e-06
deepseek_v4,mc_C_675,T3,0.9999992611718062,0.9999994202558687,0.9999993407138374,1.5908406258979824e-07
deepseek_v4,mc_C_675,T4,0.9999948814714992,0.999988162780521,0.9999915221260101,6.7186909781247195e-06
deepseek_v4,mc_C_772,T1,0.9999971979228706,0.9999958422224375,0.999996520072654,1.355700433025575e-06
deepseek_v4,mc_C_772,T2,0.9999921742010178,0.9999989615901087,0.9999955678955632,6.787389090878726e-06
deepseek_v4,mc_C_772,T3,0.9999962594014757,0.9999963307814755,0.9999962950914756,7.137999979978105e-08
deepseek_v4,mc_C_772,T4,0.9999903625860092,0.9999969727957283,0.9999936676908687,6.610209719148941e-06
deepseek_v4,mc_C_941,T1,0.9999983348686023,0.999998316079049,0.9999983254738256,1.878955335765653e-08
deepseek_v4,mc_C_941,T2,0.9999905978578689,0.9999992091562,0.9999949035070345,8.611298331073769e-06
deepseek_v4,mc_C_941,T3,0.9999980777686704,0.9999996220711105,0.9999988499198904,1.5443024400374483e-06
deepseek_v4,mc_C_941,T4,0.9999569631613976,0.9999984663635297,0.9999777147624637,4.150320213214265e-05
deepseek_v4,mc_G_005,T1,0.9873652533237822,0.9997483193402533,0.9935567863320178,0.0123830660164711
deepseek_v4,mc_G_005,T2,0.9901197904674699,0.9982712018957243,0.9941954961815971,0.008151411428254374
deepseek_v4,mc_G_005,T3,0.9987076840405276,0.9995462645483506,0.9991269742944391,0.0008385805078230391
deepseek_v4,mc_G_005,T4,0.9800676048295363,0.9993320550470773,0.9896998299383069,0.019264450217541085
deepseek_v4,mc_G_037,T1,0.99729072038393,0.9893657275879619,0.993328223985946,0.007924992795968033
deepseek_v4,mc_G_037,T2,0.9935401683762102,0.9959349313330335,0.9947375498546218,0.002394762956823282
deepseek_v4,mc_G_037,T3,0.9912328002971836,0.9927890889133949,0.9920109446052893,0.0015562886162112655
deepseek_v4,mc_G_037,T4,0.9403057501372174,0.9748481118996185,0.9575769310184179,0.03454236176240111
deepseek_v4,mc_G_064,T1,4.515562642465558e-07,1.7841329618092515e-06,1.1178446130279037e-06,1.3325766975626957e-06
deepseek_v4,mc_G_064,T2,2.023573801190329e-06,2.862089093623672e-05,1.5322232368713525e-05,2.659731713504639e-05
deepseek_v4,mc_G_064,T3,2.5209977519762186e-07,6.436260620049049e-07,4.478629186012634e-07,3.9152628680728305e-07
deepseek_v4,mc_G_064,T4,1.0163275955282599e-06,4.04603166472196e-06,2.5311796301251097e-06,3.0297040691936997e-06
deepseek_v4,mc_G_086,T1,0.9999063547529597,0.9999594499094256,0.9999329023311927,5.3095156465898796e-05
deepseek_v4,mc_G_086,T2,0.9999384684055999,0.9998818653844255,0.9999101668950127,5.660302117438398e-05
deepseek_v4,mc_G_086,T3,0.9997617067960759,0.9999764688840164,0.9998690878400461,0.0002147620879404677
deepseek_v4,mc_G_086,T4,0.9981681655974977,0.9982222838502806,0.9981952247238891,5.4118252782897613e-05
deepseek_v4,mc_G_112,T1,0.003162696669814921,0.19896488391481684,0.10106379029231588,0.19580218724500192
deepseek_v4,mc_G_112,T2,0.30625220754178,0.787180625299309,0.5467164164205445,0.480928417757529
deepseek_v4,mc_G_112,T3,0.1768020248206586,0.863787522451039,0.5202947736358488,0.6869854976303804
deepseek_v4,mc_G_112,T4,0.013721964351527208,0.31090601620274433,0.16231399027713578,0.2971840518512171
deepseek_v4,mc_G_135,T1,0.9988433435661858,0.9986693959424224,0.998756369754304,0.0001739476237633264
deepseek_v4,mc_G_135,T2,0.9978038041943916,0.9997218841730293,0.9987628441837104,0.0019180799786376879
deepseek_v4,mc_G_135,T3,0.9968001287960097,0.9990600023725873,0.9979300655842984,0.0022598735765776423
deepseek_v4,mc_G_135,T4,0.9946189633873374,0.9987992210667385,0.9967090922270379,0.0041802576794011115
deepseek_v4,mc_G_156,T1,0.9878314112030451,0.9998361487002425,0.9938337799516438,0.012004737497197437
deepseek_v4,mc_G_156,T2,0.9928610312917072,0.9995893277681167,0.996225179529912,0.00672829647640949
deepseek_v4,mc_G_156,T3,0.9982391540571394,0.9997874509063571,0.9990133024817482,0.0015482968492177562
deepseek_v4,mc_G_156,T4,0.9950204619766011,0.9990788919034908,0.9970496769400459,0.004058429926889651
deepseek_v4,mc_G_179,T1,0.9999986494481903,0.9999984694967894,0.9999985594724898,1.799514008915537e-07
deepseek_v4,mc_G_179,T2,0.9999977910114684,0.9999992946600772,0.9999985428357727,1.503648608847108e-06
deepseek_v4,mc_G_179,T3,0.9999992449689186,0.9999997349938775,0.999999489981398,4.90024958943458e-07
deepseek_v4,mc_G_179,T4,0.9999924516810941,0.9999992624411994,0.9999958570611467,6.810760105335767e-06
deepseek_v4,mc_G_186,T1,0.07139394591166832,0.31614488051822026,0.19376941321494429,0.24475093460655195
deepseek_v4,mc_G_186,T2,0.09540047026209418,0.6495074243289813,0.37245394729553777,0.5541069540668871
deepseek_v4,mc_G_186,T3,0.1910156458715393,0.5707659623840734,0.38089080412780635,0.3797503165125341
deepseek_v4,mc_G_186,T4,0.09875188471615436,0.6675956286889642,0.38317375670255927,0.5688437439728098
deepseek_v4,mc_G_235,T1,0.9979706909001634,0.9992823134251675,0.9986265021626655,0.0013116225250040525
deepseek_v4,mc_G_235,T2,0.9954119063348272,0.9985865923653688,0.9969992493500981,0.003174686030541607
deepseek_v4,mc_G_235,T3,0.9958311698514533,0.9991572069172512,0.9974941883843522,0.0033260370657979266
deepseek_v4,mc_G_235,T4,0.9261895814117956,0.9875199717231805,0.9568547765674881,0.061330390311384875
deepseek_v4,mc_G_236,T1,0.004083735526820119,0.0741759398464387,0.03912983768662941,0.07009220431961857
deepseek_v4,mc_G_236,T2,0.0014858115297105585,0.08139744492409356,0.04144162822690206,0.07991163339438301
deepseek_v4,mc_G_236,T3,0.009083169449627415,0.03593642765170859,0.022509798550668002,0.026853258202081176
deepseek_v4,mc_G_236,T4,0.013317752161847217,0.22449679230399736,0.11890727223292229,0.21117904014215014
deepseek_v4,mc_G_288,T1,0.9183198702428513,0.7741895243766415,0.8462546973097465,0.14413034586620987
deepseek_v4,mc_G_288,T2,0.9563165927715792,0.8904420556776298,0.9233793242246044,0.06587453709394941
deepseek_v4,mc_G_288,T3,0.8998685117672758,0.7469189376333921,0.823393724700334,0.15294957413388366
deepseek_v4,mc_G_288,T4,0.859325607808423,0.6844832147742486,0.7719044112913358,0.17484239303417448
deepseek_v4,mc_G_302,T1,0.08302782438689887,0.461407329721975,0.27221757705443694,0.37837950533507614
deepseek_v4,mc_G_302,T2,0.19582614863328404,0.8064552022586209,0.5011406754459524,0.6106290536253368
deepseek_v4,mc_G_302,T3,0.7987815776914308,0.9314603180066315,0.8651209478490312,0.13267874031520077
deepseek_v4,mc_G_302,T4,0.08440529830566787,0.8757583459505238,0.48008182212809586,0.7913530476448559
deepseek_v4,mc_G_365,T1,0.9905469033728052,0.9955546339837181,0.9930507686782617,0.005007730610912975
deepseek_v4,mc_G_365,T2,0.9793158544738904,0.9971609876995752,0.9882384210867328,0.017845133225684817
deepseek_v4,mc_G_365,T3,0.9848165975457106,0.9980558603479397,0.9914362289468251,0.01323926280222909
deepseek_v4,mc_G_365,T4,0.8962517301948982,0.9947303767377398,0.945491053466319,0.09847864654284155
deepseek_v4,mc_G_373,T1,4.258234809222185e-06,0.0003539788890245663,0.00017911856191689423,0.0003497206542153441
deepseek_v4,mc_G_373,T2,9.484147142566619e-06,0.00032261976781494255,0.00016605195747875458,0.00031313562067237594
deepseek_v4,mc_G_373,T3,4.837043696132591e-06,0.00031841702538697294,0.00016162703454155277,0.00031357998169084035
deepseek_v4,mc_G_373,T4,2.07668716897467e-05,0.0005498852692225666,0.00028532607045615667,0.0005291183975328199
deepseek_v4,mc_G_385,T1,0.5825726818139616,0.8729260904756503,0.7277493861448059,0.2903534086616887
deepseek_v4,mc_G_385,T2,0.4367224535391395,0.8389732260144157,0.6378478397767776,0.4022507724752762
deepseek_v4,mc_G_385,T3,0.8808627383686771,0.9526173647597294,0.9167400515642032,0.07175462639105223
deepseek_v4,mc_G_385,T4,0.06921441309635919,0.5091151625064577,0.2891647878014085,0.43990074941009855
deepseek_v4,mc_G_397,T1,0.9996380668702918,0.9999760196012901,0.999807043235791,0.00033795273099834766
deepseek_v4,mc_G_397,T2,0.9997775660965582,0.9999799326572328,0.9998787493768955,0.00020236656067462722
deepseek_v4,mc_G_397,T3,0.9996722289532871,0.9998525830540714,0.9997624060036793,0.00018035410078431902
deepseek_v4,mc_G_397,T4,0.998912600385239,0.9999284173409033,0.9994205088630712,0.0010158169556643282
deepseek_v4,mc_G_431,T1,0.9995961018722175,0.9998301071507564,0.9997131045114869,0.00023400527853889574
deepseek_v4,mc_G_431,T2,0.9995974525932286,0.9999404549404555,0.999768953766842,0.00034300234722683953
deepseek_v4,mc_G_431,T3,0.999964871524448,0.9999809137553132,0.9999728926398805,1.6042230865154217e-05
deepseek_v4,mc_G_431,T4,0.9456199161429358,0.9746065136658275,0.9601132149043816,0.028986597522891677
deepseek_v4,mc_G_453,T1,0.5779234683517956,0.9773423526130717,0.7776329104824337,0.39941888426127603
deepseek_v4,mc_G_453,T2,0.9440959764872987,0.9851220655732638,0.9646090210302812,0.041026089085965056
deepseek_v4,mc_G_453,T3,0.9959084831308299,0.9992632383791366,0.9975858607549832,0.00335475524830664
deepseek_v4,mc_G_453,T4,0.07922311294647152,0.4116789583047421,0.24545103562560683,0.33245584535827055
deepseek_v4,mc_G_492,T1,0.9517002388712144,0.9958115266229917,0.973755882747103,0.044111287751777306
deepseek_v4,mc_G_492,T2,0.9472121184785519,0.9939280455811688,0.9705700820298604,0.04671592710261685
deepseek_v4,mc_G_492,T3,0.8402533405055136,0.9922549045619624,0.916254122533738,0.15200156405644882
deepseek_v4,mc_G_492,T4,0.7186715074665854,0.9812847901916113,0.8499781488290983,0.26261328272502593
deepseek_v4,mc_G_572,T1,0.8358036404901662,0.9377003918346256,0.8867520161623959,0.10189675134445941
deepseek_v4,mc_G_572,T2,0.8067889944036393,0.9246470310349894,0.8657180127193143,0.11785803663135008
deepseek_v4,mc_G_572,T3,0.9514527455392755,0.9769516164444499,0.9642021809918627,0.025498870905174442
deepseek_v4,mc_G_572,T4,0.7929913838491551,0.934031070025223,0.8635112269371891,0.14103968617606788
deepseek_v4,mc_G_595,T1,0.32598598825615716,0.947804252738619,0.6368951204973881,0.6218182644824619
deepseek_v4,mc_G_595,T2,0.4518064346093615,0.9496425520007229,0.7007244933050422,0.4978361173913614
deepseek_v4,mc_G_595,T3,0.2937905700005412,0.970931592281701,0.6323610811411211,0.6771410222811598
deepseek_v4,mc_G_595,T4,0.14092312653114986,0.8822688798111215,0.5115960031711356,0.7413457532799717
deepseek_v4,mc_G_601,T1,0.0016027640746459411,0.03971805602397273,0.020660410049309335,0.038115291949326786
deepseek_v4,mc_G_601,T2,0.0029351029837849296,0.06550948657414088,0.0342222947789629,0.06257438359035596
deepseek_v4,mc_G_601,T3,0.06198967834283008,0.640329308138236,0.351159493240533,0.5783396297954059
deepseek_v4,mc_G_601,T4,0.0016100506035104148,0.041075288967402035,0.021342669785456226,0.03946523836389162
deepseek_v4,mc_H_035,T1,4.097594975133684e-05,0.0002098439071644629,0.00012540992845789988,0.00016886795741312606
deepseek_v4,mc_H_035,T2,3.6289043539584865e-05,0.0005608626431695772,0.0002985758433545811,0.0005245735996299923
deepseek_v4,mc_H_035,T3,9.99650666508849e-05,0.00023616968685199184,0.00016806737675143836,0.00013620462020110696
deepseek_v4,mc_H_035,T4,1.7079911408995343e-05,6.131467019365001e-05,3.9197290801322676e-05,4.423475878465467e-05
deepseek_v4,mc_H_044,T1,0.028453423800345965,0.2717553116885271,0.15010436774443656,0.24330188788818116
deepseek_v4,mc_H_044,T2,0.08328784133200554,0.5389727889691793,0.3111303151505924,0.4556849476371738
deepseek_v4,mc_H_044,T3,0.024419724808889293,0.46589053042812667,0.245155127618508,0.44147080561923735
deepseek_v4,mc_H_044,T4,0.1227707108235958,0.8896154006738268,0.5061930557487113,0.766844689850231
deepseek_v4,mc_H_049,T1,0.8489633891918418,0.9900150923672673,0.9194892407795545,0.14105170317542548
deepseek_v4,mc_H_049,T2,0.8664559493980053,0.9943971737642414,0.9304265615811234,0.12794122436623612
deepseek_v4,mc_H_049,T3,0.39768345014552337,0.984272645665244,0.6909780479053836,0.5865891955197207
deepseek_v4,mc_H_049,T4,0.9233437442965897,0.999188203085192,0.9612659736908908,0.07584445878860224
deepseek_v4,mc_H_060,T1,0.7490205205886177,0.9839149559157444,0.866467738252181,0.23489443532712673
deepseek_v4,mc_H_060,T2,0.5642101192770749,0.8826892326373493,0.7234496759572121,0.31847911336027446
deepseek_v4,mc_H_060,T3,0.9291770258350018,0.9765349916466541,0.952856008740828,0.0473579658116523
deepseek_v4,mc_H_060,T4,0.4195030257920966,0.8414473802359487,0.6304752030140226,0.4219443544438521
deepseek_v4,mc_H_066,T1,1.0095621686215034e-05,0.0004957636766552246,0.0002529296491707198,0.0004856680549690095
deepseek_v4,mc_H_066,T2,2.439567440286367e-05,0.0018244418522171256,0.0009244187633099946,0.001800046177814262
deepseek_v4,mc_H_066,T3,5.570849690214314e-06,0.00036289014830466184,0.00018423049899743809,0.0003573192986144475
deepseek_v4,mc_H_066,T4,4.3974924291833666e-05,0.0014394508806740208,0.0007417129024829272,0.0013954759563821872
deepseek_v4,mc_H_072,T1,0.929541401137863,0.9868092459065773,0.9581753235222201,0.05726784476871427
deepseek_v4,mc_H_072,T2,0.9511631342961314,0.974491463399518,0.9628272988478247,0.023328329103386558
deepseek_v4,mc_H_072,T3,0.9714180619490074,0.9995088000223126,0.98546343098566,0.0280907380733052
deepseek_v4,mc_H_072,T4,0.895884728897034,0.9276054835481577,0.9117451062225959,0.031720754651123784
deepseek_v4,mc_H_073,T1,0.9161593001477653,0.8387174413408883,0.8774383707443267,0.07744185880687693
deepseek_v4,mc_H_073,T2,0.9371479117449996,0.9675696535696383,0.952358782657319,0.03042174182463875
deepseek_v4,mc_H_073,T3,0.9423036045866646,0.9363241388284808,0.9393138717075726,0.005979465758183866
deepseek_v4,mc_H_073,T4,0.5675743506665638,0.9159364735522878,0.7417554121094259,0.348362122885724
gpt41,dd_0107,T1,1.7508676899854667e-16,6.914400106935407e-13,3.458075487312696e-13,6.912649239245422e-13
gpt41,dd_0107,T2,2.9783262686202183e-16,2.9613682107800633e-15,1.6296004188210425e-15,2.6635355839180417e-15
gpt41,dd_0107,T3,1.553983417281935e-17,1.34243682411294e-16,7.489175829205668e-17,1.1870384823847467e-16
gpt41,dd_0107,T4,3.83458426279789e-11,2.4720696610398338e-08,1.2379521226513159e-08,2.4682350767770358e-08
gpt41,dd_0283,T1,0.0,2.0110039618916165e-17,1.0055019809458083e-17,2.0110039618916165e-17
gpt41,dd_0283,T2,3.6832822369820595e-19,3.042551829487468e-17,1.5396923259286443e-17,3.005719007117647e-17
gpt41,dd_0283,T3,0.0,3.999358930492297e-17,1.9996794652461485e-17,3.999358930492297e-17
gpt41,dd_0283,T4,0.0,1.3742717959786177e-16,6.871358979893089e-17,1.3742717959786177e-16
gpt41,dd_11241,T1,1.969729287760046e-12,3.317565427378392e-13,1.1507429152489426e-12,1.637972745022207e-12
gpt41,dd_11241,T2,1.1947012043613211e-12,6.625567462149518e-11,3.372518791292825e-11,6.506097341713386e-11
gpt41,dd_11241,T3,4.6323592794767677e-14,1.0940169625169212e-13,7.786264452322989e-14,6.307810345692444e-14
gpt41,dd_11241,T4,2.7661080660633806e-14,1.271752812105021e-12,6.497069463828274e-13,1.2440917314443872e-12
gpt41,dd_13518,T1,1.1983033410885269e-18,1.6285606385945298e-17,8.741954863516912e-18,1.508730304485677e-17
gpt41,dd_13518,T2,1.6378864716351235e-18,1.8064461965456924e-16,9.114125306310219e-17,1.7900673318293411e-16
gpt41,dd_13518,T3,0.0,3.4280325221702783e-16,1.7140162610851391e-16,3.4280325221702783e-16
gpt41,dd_13518,T4,0.0,6.542514560196939e-17,3.2712572800984694e-17,6.542514560196939e-17
gpt41,dd_14408,T1,0.9999999999999991,1.0,0.9999999999999996,8.881784197001252e-16
gpt41,dd_14408,T2,0.9999999999999938,1.0,0.9999999999999969,6.217248937900877e-15
gpt41,dd_14408,T3,0.9999999999999998,1.0,0.9999999999999999,2.220446049250313e-16
gpt41,dd_14408,T4,0.9999999999999718,0.9999999999999998,0.9999999999999858,2.7977620220553945e-14
gpt41,dd_14818,T1,0.9999999999999953,1.0,0.9999999999999977,4.6629367034256575e-15
gpt41,dd_14818,T2,1.0,1.0,1.0,0.0
gpt41,dd_14818,T3,0.9999999999994267,1.0,0.9999999999997133,5.733191699164308e-13
gpt41,dd_14818,T4,0.9999999999999998,1.0,0.9999999999999999,2.220446049250313e-16
gpt41,dd_15810,T1,0.9999999994276383,1.0,0.9999999997138191,5.723617135799941e-10
gpt41,dd_15810,T2,0.9999452402066803,0.999999999999988,0.9999726201033341,5.4759793307712634e-05
gpt41,dd_15810,T3,1.4868296715995965e-12,0.9999997503297867,0.49999987516563676,0.9999997503282999
gpt41,dd_15810,T4,0.9999999999999467,1.0,0.9999999999999734,5.3290705182007514e-14
gpt41,dd_17929,T1,0.980280871725403,0.6477981794244573,0.8140395255749302,0.33248269230094574
gpt41,dd_17929,T2,0.00021318749509912063,0.2200070845654621,0.11011013603028062,0.21979389707036298
gpt41,dd_17929,T3,0.5467381713918932,0.10818894909526805,0.3274635602435806,0.43854922229662513
gpt41,dd_17929,T4,0.7217432382983123,0.0024343817574513445,0.36208881002788185,0.719308856540861
gpt41,dd_1808,T1,0.9999999999995806,0.9999999999763758,0.9999999999879782,2.3204771437690397e-11
gpt41,dd_1808,T2,0.9999999999981497,0.9999999999999414,0.9999999999990455,1.7916779171400776e-12
gpt41,dd_1808,T3,0.9999979419504921,0.9999929281018933,0.9999954350261927,5.0138485987449855e-06
gpt41,dd_1808,T4,0.9999999984441597,0.9999999999999978,0.9999999992220787,1.555838125000264e-09
gpt41,dd_1814,T1,3.712170577605493e-19,7.456093920166603e-18,3.913655488963576e-18,7.084876862406054e-18
gpt41,dd_1814,T2,3.5624619323477814e-20,5.672297133591065e-18,2.8539608764572715e-18,5.636672514267588e-18
gpt41,dd_1814,T3,7.616879465708384e-19,6.085486499700471e-18,3.4235872231356547e-18,5.3237985531296326e-18
gpt41,dd_1814,T4,0.0,4.14122553462287e-19,2.070612767311435e-19,4.14122553462287e-19
gpt41,dd_18223,T1,2.601616003428285e-06,8.152020648012209e-09,1.3048840120381487e-06,2.593463982780273e-06
gpt41,dd_18223,T2,0.0073458273317690065,6.302759957193594e-05,0.003704427465670471,0.007282799732197071
gpt41,dd_18223,T3,2.447680483034707e-09,1.5893910091989732e-10,1.303309791977302e-09,2.2887413821148097e-09
gpt41,dd_18223,T4,3.050776400984854e-12,1.8767017261023063e-09,9.398762512516456e-10,1.8736509497013216e-09
gpt41,dd_18643,T1,1.0,1.0,1.0,0.0
gpt41,dd_18643,T2,1.0,1.0,1.0,0.0
gpt41,dd_18643,T3,1.0,1.0,1.0,0.0
gpt41,dd_18643,T4,1.0,1.0,1.0,0.0
gpt41,dd_18670,T1,0.9999962146746276,0.9999998362622821,0.9999980254684548,3.6215876544343217e-06
gpt41,dd_18670,T2,0.9999999976276268,0.9999999998254396,0.9999999987265332,2.1978128206256997e-09
gpt41,dd_18670,T3,0.9999830355762862,0.9907319856095003,0.9953575105928932,0.00925104996678594
gpt41,dd_18670,T4,0.9999999999337443,1.0,0.9999999999668722,6.625566761897517e-11
gpt41,dd_2081,T1,0.9999999995877433,0.9999999999899969,0.9999999997888701,4.0225356379153254e-10
gpt41,dd_2081,T2,0.9999999997030626,0.9999999999778071,0.9999999998404349,2.747444494133333e-10
gpt41,dd_2081,T3,0.9999999885038083,0.9999999994788586,0.9999999939913335,1.0975050313000168e-08
gpt41,dd_2081,T4,0.9999999999939329,1.0,0.9999999999969664,6.0671467849715555e-12
gpt41,dd_21158,T1,1.0,1.0,1.0,0.0
gpt41,dd_21158,T2,1.0,1.0,1.0,0.0
gpt41,dd_21158,T3,0.9999999999999996,1.0,0.9999999999999998,4.440892098500626e-16
gpt41,dd_21158,T4,0.9999999999999998,1.0,0.9999999999999999,2.220446049250313e-16
gpt41,dd_21629,T1,0.9999999999999942,1.0,0.9999999999999971,5.773159728050814e-15
gpt41,dd_21629,T2,0.9999999999998306,1.0,0.9999999999999153,1.694200335577989e-13
gpt41,dd_21629,T3,1.0,1.0,1.0,0.0
gpt41,dd_21629,T4,0.999999999999998,1.0,0.999999999999999,1.9984014443252818e-15
gpt41,dd_21630,T1,0.0,3.025228082774529e-16,1.5126140413872646e-16,3.025228082774529e-16
gpt41,dd_21630,T2,8.23581039069546e-19,6.341222548788255e-17,3.2117903263476046e-17,6.258864444881301e-17
gpt41,dd_21630,T3,0.0,2.248158615198697e-16,1.1240793075993484e-16,2.248158615198697e-16
gpt41,dd_21630,T4,1.9561764299128697e-19,5.596109257905228e-17,2.8078355111021787e-17,5.576547493606099e-17
gpt41,dd_22819,T1,8.108125985491795e-19,4.712396458674904e-17,2.396738859264911e-17,4.6313151988199864e-17
gpt41,dd_22819,T2,2.4410818005152096e-14,3.8104748042668653e-14,3.1257783023910373e-14,1.3693930037516557e-14
gpt41,dd_22819,T3,1.4290165607155142e-16,6.05083682644788e-17,1.017050121680151e-16,8.239328780707262e-17
gpt41,dd_22819,T4,0.0,5.1755550058018675e-17,2.5877775029009338e-17,5.1755550058018675e-17
gpt41,dd_23534,T1,1.1317959786053109e-08,2.730584896949274e-09,7.024272341501191e-09,8.587374889103836e-09
gpt41,dd_23534,T2,3.596840092673588e-08,2.28629069644969e-08,2.9415653945616388e-08,1.310549396223898e-08
gpt41,dd_23534,T3,1.6822645551783017e-09,2.50046303741603e-10,9.661554294599524e-10,1.4322182514366987e-09
gpt41,dd_23534,T4,6.972792777291703e-09,9.87463884883256e-07,4.972183388302739e-07,9.804910921059643e-07
gpt41,dd_24260,T1,0.00016093079439673198,3.7266391165016485e-06,8.232871675661682e-05,0.00015720415528023033
gpt41,dd_24260,T2,0.1520322539579279,0.9983256004396157,0.5751789271987718,0.8462933464816877
gpt41,dd_24260,T3,5.422217425675876e-06,0.164516459103227,0.08226094066032633,0.16451103688580132
gpt41,dd_24260,T4,3.7853253705659488e-06,0.0017274585451961112,0.0008656219352833385,0.0017236732198255454
gpt41,dd_24405,T1,0.0,1.0432951115322649e-17,5.2164755576613244e-18,1.0432951115322649e-17
gpt41,dd_24405,T2,0.0,1.2127906032604994e-16,6.063953016302497e-17,1.2127906032604994e-16
gpt41,dd_24405,T3,0.0,1.2984017446359746e-17,6.492008723179873e-18,1.2984017446359746e-17
gpt41,dd_24405,T4,0.0,3.090465049058122e-17,1.545232524529061e-17,3.090465049058122e-17
gpt41,dd_24975,T1,0.9999999995679587,0.9999999999948104,0.9999999997813845,4.268516651251275e-10
gpt41,dd_24975,T2,0.9999999999932316,0.9999999999999998,0.9999999999966157,6.768141602719879e-12
gpt41,dd_24975,T3,0.9999999999985363,0.9999999999999998,0.999999999999268,1.4634959910608814e-12
gpt41,dd_24975,T4,0.9999999999973905,0.9999999999999989,0.9999999999986947,2.6083579740543428e-12
gpt41,dd_25137,T1,1.0,1.0,1.0,0.0
gpt41,dd_25137,T2,1.0,1.0,1.0,0.0
gpt41,dd_25137,T3,1.0,1.0,1.0,0.0
gpt41,dd_25137,T4,1.0,1.0,1.0,0.0
gpt41,dd_25302,T1,0.0,2.658552160097096e-18,1.329276080048548e-18,2.658552160097096e-18
gpt41,dd_25302,T2,0.0,9.499310090272655e-18,4.7496550451363275e-18,9.499310090272655e-18
gpt41,dd_25302,T3,0.0,5.328630023454881e-18,2.6643150117274406e-18,5.328630023454881e-18
gpt41,dd_25302,T4,0.0,0.0,0.0,0.0
gpt41,dd_25868,T1,0.9999999434137637,0.9999263140474818,0.9999631287306228,7.36293662819687e-05
gpt41,dd_25868,T2,0.9780517489336626,0.9990452681199294,0.988548508526796,0.020993519186266796
gpt41,dd_25868,T3,0.9997584336046516,0.5234203450527947,0.7615893893287231,0.4763380885518569
gpt41,dd_25868,T4,0.9991440994399512,0.9697854089416402,0.9844647541907957,0.02935869049831097
gpt41,dd_26178,T1,7.802166058179252e-15,1.765653922188039e-12,8.867280441231091e-13,1.7578517561298597e-12
gpt41,dd_26178,T2,1.0234214686210176e-15,6.421720181593592e-11,3.2109112618702274e-11,6.42161783944673e-11
gpt41,dd_26178,T3,1.1176086870893849e-14,2.8944960587606644e-11,1.4478068337238769e-11,2.893378450073575e-11
gpt41,dd_26178,T4,7.891778969786726e-17,3.2475345742468482e-12,1.623806746018273e-12,3.2474556564571503e-12
gpt41,dd_26321,T1,0.9999999937496289,0.9999861540010672,0.999993073875348,1.3839748561728094e-05
gpt41,dd_26321,T2,0.9999999999915765,0.9999999999999993,0.9999999999957879,8.422817998621213e-12
gpt41,dd_26321,T3,0.9999999999213194,0.9999999985154067,0.999999999218363,1.4059127195764631e-09
gpt41,dd_26321,T4,0.9999999996127207,0.9999999974348528,0.9999999985237867,2.1778678860329137e-09
gpt41,dd_27524,T1,3.2000910639554963e-19,3.929085391128439e-18,2.1245472487619943e-18,3.60907628473289e-18
gpt41,dd_27524,T2,0.0,2.995381435534699e-17,1.4976907177673494e-17,2.995381435534699e-17
gpt41,dd_27524,T3,0.0,2.5969668656394893e-18,1.2984834328197446e-18,2.5969668656394893e-18
gpt41,dd_27524,T4,0.0,2.7273258333397437e-17,1.3636629166698718e-17,2.7273258333397437e-17
gpt41,dd_27558,T1,2.543665647376144e-13,0.040845713085460214,0.02042285654285729,0.04084571308520585
gpt41,dd_27558,T2,1.182914382203027e-13,1.0738182313134149e-07,5.3690970711389857e-08,1.0738170483990327e-07
gpt41,dd_27558,T3,0.1710612278059975,0.9999949062964513,0.5855280670512244,0.8289336784904537
gpt41,dd_27558,T4,5.4157766829162507e-14,9.972937572992154e-06,4.986468813574961e-06,9.972937518834387e-06
gpt41,dd_28814,T1,1.0129988100496031e-05,5.093707201879436e-06,7.611847651187734e-06,5.036280898616595e-06
gpt41,dd_28814,T2,5.9551412051655e-06,1.2878957719574733e-06,3.621518488561487e-06,4.667245433208027e-06
gpt41,dd_28814,T3,5.982128223767062e-15,1.5188921325142033e-13,7.893567073759369e-14,1.4590708502765327e-13
gpt41,dd_28814,T4,6.786733888966749e-07,0.0012448435573184785,0.0006227611153536876,0.0012441648839295817
gpt41,dd_29454,T1,2.0145694734243717e-05,1.2098660619383578e-06,1.0677780398091036e-05,1.893582867230536e-05
gpt41,dd_29454,T2,0.9994115910697172,0.15203224162217424,0.5757219163459457,0.847379349447543
gpt41,dd_29454,T4,0.0004044815854371226,0.001367025600521606,0.0008857535929793643,0.0009625440150844834
gpt41,dd_29978,T1,1.4068617124461447e-16,5.058683183025209e-13,2.530045022368828e-13,5.057276321312763e-13
gpt41,dd_29978,T2,4.550963163791546e-15,1.0336190678947545e-14,7.443576921369545e-15,5.7852275151559996e-15
gpt41,dd_29978,T3,1.6033121461435647e-17,3.706586928785829e-16,1.9334590717000928e-16,3.5462557141714726e-16
gpt41,dd_29978,T4,4.1176461360576e-18,3.496688234790373e-14,1.7485499997019894e-14,3.496276470176767e-14
gpt41,dd_30131,T1,0.0,5.864672148586655e-17,2.9323360742933276e-17,5.864672148586655e-17
gpt41,dd_30131,T2,0.0,4.3582542722097263e-17,2.1791271361048632e-17,4.3582542722097263e-17
gpt41,dd_30131,T3,0.0,4.910429870159112e-16,2.455214935079556e-16,4.910429870159112e-16
gpt41,dd_30131,T4,0.0,4.3334391507742866e-16,2.1667195753871433e-16,4.3334391507742866e-16
gpt41,dd_30899,T1,0.9999999999999982,1.0,0.9999999999999991,1.7763568394002505e-15
gpt41,dd_30899,T2,0.9999999999999993,1.0,0.9999999999999997,6.661338147750939e-16
gpt41,dd_30899,T3,0.9999999999999998,1.0,0.9999999999999999,2.220446049250313e-16
gpt41,dd_30899,T4,1.0,1.0,1.0,0.0
gpt41,dd_31129,T1,0.0,1.2782718913957227e-17,6.391359456978613e-18,1.2782718913957227e-17
gpt41,dd_31129,T2,0.0,9.279258809039864e-18,4.639629404519932e-18,9.279258809039864e-18
gpt41,dd_31129,T3,0.0,3.059974779365245e-18,1.5299873896826225e-18,3.059974779365245e-18
gpt41,dd_31129,T4,0.0,4.0222609660513574e-18,2.0111304830256787e-18,4.0222609660513574e-18
gpt41,dd_32872,T1,0.06754669694533684,3.480810789272948e-05,0.03379075252661479,0.0675118888374441
gpt41,dd_32872,T2,5.6586236278174365e-08,1.516607495820232e-10,2.8368948513878194e-08,5.643457552859234e-08
gpt41,dd_32872,T3,1.1465199327712904e-13,1.0003110712971402e-11,5.0588813531242655e-12,9.888458719694273e-12
gpt41,dd_32872,T4,1.0467401685009554e-08,0.00912563620120429,0.004562823334302988,0.009125625733802606
gpt41,dd_33618,T1,3.7412854922925667e-19,5.362345083133448e-15,2.6813596058413386e-15,5.361970954584219e-15
gpt41,dd_33618,T2,2.474315754354501e-15,3.336563222453009e-14,1.7919973989442295e-14,3.089131647017559e-14
gpt41,dd_33618,T3,0.0,1.1240085912584753e-15,5.620042956292376e-16,1.1240085912584753e-15
gpt41,dd_33618,T4,0.0,1.007554789412235e-15,5.037773947061175e-16,1.007554789412235e-15
gpt41,dd_34148,T1,1.043918278317001e-13,1.5960881478540268e-08,7.98049293518405e-09,1.5960777086712435e-08
gpt41,dd_34148,T2,4.651878497242567e-12,0.00010229988619927399,5.114994542557624e-05,0.0001022998815473955
gpt41,dd_34148,T3,2.260325274022055e-06,0.00041731584881217964,0.00020978808704310084,0.0004150555235381576
gpt41,dd_34148,T4,0.09401017765109002,0.9996259044440041,0.546818041047547,0.9056157267929141
gpt41,dd_34460,T1,0.0,3.083974459009087e-18,1.5419872295045434e-18,3.083974459009087e-18
gpt41,dd_34460,T2,0.0,2.8971258921762576e-18,1.4485629460881288e-18,2.8971258921762576e-18
gpt41,dd_34460,T3,0.0,1.8744618050240602e-17,9.372309025120301e-18,1.8744618050240602e-17
gpt41,dd_34460,T4,0.0,3.5774729593693675e-18,1.7887364796846838e-18,3.5774729593693675e-18
gpt41,dd_35732,T1,0.0,6.441082273569894e-17,3.220541136784947e-17,6.441082273569894e-17
gpt41,dd_35732,T2,2.959600422683026e-19,5.0163199184835786e-17,2.5229579613552044e-17,4.9867239142567485e-17
gpt41,dd_35732,T3,1.3558131633849304e-15,1.4743784157252722e-16,7.516255024787288e-16,1.2083753218124032e-15
gpt41,dd_35732,T4,2.721597907725514e-18,4.176198549843421e-15,2.0894600738755733e-15,4.173476951935696e-15
gpt41,dd_36819,T1,2.6323231068422587e-19,2.0438927675843304e-13,1.0219476999537186e-13,2.0438901352612236e-13
gpt41,dd_36819,T2,1.3578555772592712e-18,5.532564188258157e-15,2.766961021917708e-15,5.531206332680897e-15
gpt41,dd_36819,T3,1.0514777765070165e-17,1.9011164177825995e-14,9.510839477795532e-15,1.9000649400060926e-14
gpt41,dd_36819,T4,1.074152172743298e-18,7.47624909944984e-13,3.7381299204857835e-13,7.476238357928113e-13
gpt41,dd_37249,T1,0.20689406134750976,0.014957088316848782,0.11092557483217927,0.19193697303066098
gpt41,dd_37249,T2,0.015424551661283243,3.024195352915804e-05,0.007727396807406201,0.015394309707754085
gpt41,dd_37249,T3,0.9304582625004881,0.0550052860750158,0.49273177428775194,0.8754529764254724
gpt41,dd_37249,T4,0.7248702740358078,0.005384937032715639,0.3651276055342617,0.7194853370030923
gpt41,dd_37490,T1,1.0,1.0,1.0,0.0
gpt41,dd_37490,T2,1.0,1.0,1.0,0.0
gpt41,dd_37490,T3,1.0,1.0,1.0,0.0
gpt41,dd_37490,T4,1.0,1.0,1.0,0.0
gpt41,dd_38533,T1,2.7273258333397437e-17,3.0988191387122068e-12,1.54942320598527e-12,3.0987918654538735e-12
gpt41,dd_38533,T2,3.055372128649758e-15,4.105268365019109e-12,2.0541618685738795e-12,4.10221299289046e-12
gpt41,dd_38533,T3,1.1417091510025455e-15,1.2972231349377035e-10,6.486172760146067e-11,1.2972117178461936e-10
gpt41,dd_38533,T4,8.049833394739708e-15,0.01168726041898094,0.0058436302094944945,0.01168726041897289
gpt41,dd_39199,T1,0.9999999999998019,0.9999999999999931,0.9999999999998975,1.9118040484045196e-13
gpt41,dd_39199,T2,0.9999999999939329,0.9999999999999585,0.9999999999969457,6.025624443850575e-12
gpt41,dd_39199,T3,0.9999999999999187,0.9999999999999967,0.9999999999999577,7.793765632868599e-14
gpt41,dd_39199,T4,0.9999999999997333,1.0,0.9999999999998667,2.666755705149626e-13
gpt41,dd_42860,T1,1.7139084315419996e-15,3.2154946697648723e-13,1.616316877040146e-13,3.1983555854494525e-13
gpt41,dd_42860,T2,1.8454009683489128e-17,3.0252280827745296e-16,1.6048840898047105e-16,2.840687985939638e-16
gpt41,dd_42860,T3,4.44554021564913e-15,2.0438927675843317e-13,1.0441740848704114e-13,1.9994373654278405e-13
gpt41,dd_42860,T4,1.933963609942442e-17,2.1208486218568375e-14,1.06139129273339e-14,2.118914658246895e-14
gpt41,dd_44063,T1,0.9999871945202635,0.6442250994112685,0.822106146965766,0.35576209510899504
gpt41,dd_44063,T2,0.9999999998334332,0.9999999931353103,0.9999999964843718,6.69812294518124e-09
gpt41,dd_44063,T3,0.9998058868266754,0.7057850278370112,0.8527954573318433,0.2940208589896641
gpt41,dd_44063,T4,0.999999999838558,0.9999999999997791,0.9999999999191685,1.612210365209421e-10
gpt41,dd_44380,T1,1.0,1.0,1.0,0.0
gpt41,dd_44380,T2,1.0,1.0,1.0,0.0
gpt41,dd_44380,T3,1.0,1.0,1.0,0.0
gpt41,dd_44380,T4,1.0,1.0,1.0,0.0
gpt41,dd_45938,T1,0.0,1.641333597989621e-17,8.206667989948105e-18,1.641333597989621e-17
gpt41,dd_45938,T2,0.0,2.617335129208622e-18,1.308667564604311e-18,2.617335129208622e-18
gpt41,dd_45938,T3,0.0,2.5821802001285795e-17,1.2910901000642898e-17,2.5821802001285795e-17
gpt41,dd_45938,T4,0.0,5.1244934129890574e-18,2.5622467064945287e-18,5.1244934129890574e-18
gpt41,dd_46859,T1,0.0,1.889163391170638e-17,9.44581695585319e-18,1.889163391170638e-17
gpt41,dd_46859,T2,0.0,3.92908539112844e-18,1.96454269556422e-18,3.92908539112844e-18
gpt41,dd_46859,T3,0.0,4.417589449454407e-18,2.2087947247272035e-18,4.417589449454407e-18
gpt41,dd_46859,T4,0.0,1.6934351192325742e-17,8.467175596162871e-18,1.6934351192325742e-17
gpt41,dd_47886,T1,0.9898303414930248,0.9999999999937401,0.9949151707433825,0.010169658500715273
gpt41,dd_47886,T2,0.9999974784274037,0.9999999999995606,0.9999987392134821,2.521572156855001e-06
gpt41,dd_47886,T3,0.9999999915892065,0.9999999999999949,0.9999999957946006,8.410788399082492e-09
gpt41,dd_47886,T4,0.9999599363048711,0.9999349718120772,0.9999474540584742,2.496449279387747e-05
gpt41,dd_5570,T1,1.0,0.9999999999999993,0.9999999999999997,6.661338147750939e-16
gpt41,dd_5570,T2,1.0,1.0,1.0,0.0
gpt41,dd_5570,T3,1.0,1.0,1.0,0.0
gpt41,dd_5570,T4,1.0,1.0,1.0,0.0
gpt41,dd_6488,T1,4.658886145103373e-15,6.663508288627745e-12,3.334083587386424e-12,6.658849402482642e-12
gpt41,dd_6488,T2,2.7819479810073783e-15,8.049833394739728e-15,5.415890687873553e-15,5.26788541373235e-15
gpt41,dd_6488,T3,1.8902918004415778e-13,1.297223134937671e-10,6.495567133690563e-11,1.2953328431372293e-10
gpt41,dd_6488,T4,4.4898365677037677e-14,5.507605118511997e-06,2.7538025817051813e-06,5.507605073613632e-06
gpt41,dd_6826,T1,0.9999999999993505,0.9999999999999984,0.9999999999996745,6.479261571712414e-13
gpt41,dd_6826,T2,0.9999999999442071,1.0,0.9999999999721035,5.579292583490769e-11
gpt41,dd_6826,T3,0.9999999999999958,0.9999999999999998,0.9999999999999978,3.9968028886505635e-15
gpt41,dd_6826,T4,0.9999999999917071,1.0,0.9999999999958535,8.29292190474007e-12
gpt41,dd_6868,T1,0.0,5.219263024712748e-13,2.609631512356374e-13,5.219263024712748e-13
gpt41,dd_6868,T2,0.0,3.6305114108969535e-11,1.8152557054484768e-11,3.6305114108969535e-11
gpt41,dd_6868,T3,2.69635643977664e-15,1.6009005296013556e-14,9.352680867895098e-15,1.3312648856236916e-14
gpt41,dd_6868,T4,0.0,1.8426252147235195e-14,9.213126073617598e-15,1.8426252147235195e-14
gpt41,dd_7687,T1,1.0,1.0,1.0,0.0
gpt41,dd_7687,T2,1.0,1.0,1.0,0.0
gpt41,dd_7687,T3,1.0,1.0,1.0,0.0
gpt41,dd_7687,T4,1.0,1.0,1.0,0.0
gpt41,dd_8580,T1,2.841938778948555e-16,1.0277338255279112e-13,5.152878821534299e-14,1.0248918867489626e-13
gpt41,dd_8580,T2,4.248354255291585e-18,5.982128223767095e-15,2.9931882890111936e-15,5.977879869511803e-15
gpt41,dd_8580,T3,2.2481586151986846e-16,5.0087746378431735e-14,2.5156281119975802e-14,4.9862930516911866e-14
gpt41,dd_8580,T4,1.1530853950681884e-14,3.2661313427863003e-13,1.6907199411465596e-13,3.1508228032794813e-13
gpt41,dd_9595,T1,0.9999999998021971,0.9999999999899969,0.999999999896097,1.8779977573046835e-10
gpt41,dd_9595,T2,0.99999033388873,0.9999999999748521,0.999995166931791,9.666086122073203e-06
gpt41,dd_9595,T3,0.9999999781840616,0.9999999999959583,0.99999998909001,2.1811896733225922e-08
gpt41,dd_9595,T4,0.9999999981232983,0.9999999999999909,0.9999999990616446,1.8766925791169342e-09
gpt41,dd_9899,T1,0.9999999999999187,1.0,0.9999999999999594,8.126832540256146e-14
gpt41,dd_9899,T2,0.9999999999998817,1.0,0.9999999999999408,1.1834977442504169e-13
gpt41,dd_9899,T3,0.9999999999650857,0.999999999999698,0.9999999999823919,3.461231301571388e-11
gpt41,dd_9899,T4,0.9999999999999996,1.0,0.9999999999999998,4.440892098500626e-16
gpt41,dd_9955,T1,0.0006667021959425374,1.4005229527017071e-07,0.00033342112411890377,0.0006665621436472673
gpt41,dd_9955,T2,1.4637785141237384e-12,1.2645116787154076e-11,7.054447650638907e-12,1.1181338273030337e-11
gpt41,dd_9955,T3,0.0715912009301811,5.093707202584298e-06,0.035798147318691846,0.07158610722297852
gpt41,dd_9955,T4,3.8565427284524326e-12,1.4410847317199473e-12,2.64881373008619e-12,2.4154579967324855e-12
gpt41,mc_C_034,T1,1.0,0.9999999999999998,0.9999999999999999,2.220446049250313e-16
gpt41,mc_C_034,T2,0.9999999999999984,0.9999999999999996,0.999999999999999,1.1102230246251565e-15
gpt41,mc_C_034,T3,1.0,1.0,1.0,0.0
gpt41,mc_C_034,T4,1.0,1.0,1.0,0.0
gpt41,mc_C_1095,T1,1.0,1.0,1.0,0.0
gpt41,mc_C_1095,T2,1.0,1.0,1.0,0.0
gpt41,mc_C_1095,T3,1.0,1.0,1.0,0.0
gpt41,mc_C_1095,T4,1.0,1.0,1.0,0.0
gpt41,mc_C_1216,T1,1.0,1.0,1.0,0.0
gpt41,mc_C_1216,T2,1.0,1.0,1.0,0.0
gpt41,mc_C_1216,T3,1.0,1.0,1.0,0.0
gpt41,mc_C_1216,T4,1.0,1.0,1.0,0.0
gpt41,mc_C_183,T1,1.0,1.0,1.0,0.0
gpt41,mc_C_183,T2,1.0,1.0,1.0,0.0
gpt41,mc_C_183,T3,1.0,0.9999999999999967,0.9999999999999983,3.3306690738754696e-15
gpt41,mc_C_183,T4,1.0,1.0,1.0,0.0
gpt41,mc_C_291,T1,1.0,1.0,1.0,0.0
gpt41,mc_C_291,T2,1.0,1.0,1.0,0.0
gpt41,mc_C_291,T3,1.0,1.0,1.0,0.0
gpt41,mc_C_291,T4,1.0,1.0,1.0,0.0
gpt41,mc_C_467,T1,1.0,1.0,1.0,0.0
gpt41,mc_C_467,T2,1.0,1.0,1.0,0.0
gpt41,mc_C_467,T3,1.0,1.0,1.0,0.0
gpt41,mc_C_467,T4,1.0,1.0,1.0,0.0
gpt41,mc_C_527,T1,1.0,1.0,1.0,0.0
gpt41,mc_C_527,T2,1.0,1.0,1.0,0.0
gpt41,mc_C_527,T3,1.0,1.0,1.0,0.0
gpt41,mc_C_527,T4,1.0,1.0,1.0,0.0
gpt41,mc_C_675,T1,1.0,1.0,1.0,0.0
gpt41,mc_C_675,T2,1.0,1.0,1.0,0.0
gpt41,mc_C_675,T3,1.0,1.0,1.0,0.0
gpt41,mc_C_675,T4,1.0,1.0,1.0,0.0
gpt41,mc_C_772,T1,1.0,1.0,1.0,0.0
gpt41,mc_C_772,T2,1.0,1.0,1.0,0.0
gpt41,mc_C_772,T3,1.0,1.0,1.0,0.0
gpt41,mc_C_772,T4,1.0,1.0,1.0,0.0
gpt41,mc_C_941,T1,1.0,1.0,1.0,0.0
gpt41,mc_C_941,T2,1.0,1.0,1.0,0.0
gpt41,mc_C_941,T3,1.0,1.0,1.0,0.0
gpt41,mc_C_941,T4,1.0,1.0,1.0,0.0
gpt41,mc_G_005,T1,0.999999999999996,1.0,0.999999999999998,3.9968028886505635e-15
gpt41,mc_G_005,T2,0.9999999999999998,1.0,0.9999999999999999,2.220446049250313e-16
gpt41,mc_G_005,T3,1.0,1.0,1.0,0.0
gpt41,mc_G_005,T4,0.9999999999999996,1.0,0.9999999999999998,4.440892098500626e-16
gpt41,mc_G_037,T1,0.9999999999999911,1.0,0.9999999999999956,8.881784197001252e-15
gpt41,mc_G_037,T2,0.9999999999999993,1.0,0.9999999999999997,6.661338147750939e-16
gpt41,mc_G_037,T3,0.9999999999999836,1.0,0.9999999999999918,1.6431300764452317e-14
gpt41,mc_G_037,T4,0.9999999999999984,1.0,0.9999999999999992,1.5543122344752192e-15
gpt41,mc_G_064,T1,0.0,0.0,0.0,0.0
gpt41,mc_G_064,T2,0.0,0.0,0.0,0.0
gpt41,mc_G_064,T3,0.0,0.0,0.0,0.0
gpt41,mc_G_064,T4,0.0,2.6173351292086237e-18,1.3086675646043118e-18,2.6173351292086237e-18
gpt41,mc_G_086,T1,0.9999999999999998,1.0,0.9999999999999999,2.220446049250313e-16
gpt41,mc_G_086,T2,0.9999999999999998,0.9999999999999993,0.9999999999999996,4.440892098500626e-16
gpt41,mc_G_086,T3,0.9999999999999996,1.0,0.9999999999999998,4.440892098500626e-16
gpt41,mc_G_086,T4,1.0,1.0,1.0,0.0
gpt41,mc_G_112,T1,0.9899864290052957,0.9511422225668391,0.9705643257860674,0.03884420643845654
gpt41,mc_G_112,T2,0.999999999984015,0.9999999999999019,0.9999999999919584,1.588684739317614e-11
gpt41,mc_G_112,T3,0.9999999994948925,0.9999999999922096,0.999999999743551,4.973170764088763e-10
gpt41,mc_G_112,T4,0.07807817038134034,0.5117165811176702,0.29489737574950525,0.4336384107363298
gpt41,mc_G_135,T1,0.9999999999999998,1.0,0.9999999999999999,2.220446049250313e-16
gpt41,mc_G_135,T2,1.0,1.0,1.0,0.0
gpt41,mc_G_135,T3,1.0,1.0,1.0,0.0
gpt41,mc_G_135,T4,0.9999999999999996,1.0,0.9999999999999998,4.440892098500626e-16
gpt41,mc_G_156,T1,1.0,1.0,1.0,0.0
gpt41,mc_G_156,T2,1.0,0.9999999999999991,0.9999999999999996,8.881784197001252e-16
gpt41,mc_G_156,T3,1.0,1.0,1.0,0.0
gpt41,mc_G_156,T4,1.0,1.0,1.0,0.0
gpt41,mc_G_179,T1,1.0,0.9999999999999973,0.9999999999999987,2.6645352591003757e-15
gpt41,mc_G_179,T2,1.0,0.9999999999999998,0.9999999999999999,2.220446049250313e-16
gpt41,mc_G_179,T3,1.0,1.0,1.0,0.0
gpt41,mc_G_179,T4,1.0,1.0,1.0,0.0
gpt41,mc_G_186,T1,0.9999227780762016,0.9763105276883778,0.9881166528822897,0.023612250387823774
gpt41,mc_G_186,T2,0.9999983463106853,0.00342960365675818,0.5017139749837217,0.9965687426539271
gpt41,mc_G_186,T3,0.9977829874013813,0.988668245139936,0.9932256162706586,0.009114742261445263
gpt41,mc_G_186,T4,0.8175744697885998,6.48570762683391e-10,0.4087872352185853,0.8175744691400291
gpt41,mc_G_235,T1,0.9999999999999998,1.0,0.9999999999999999,2.220446049250313e-16
gpt41,mc_G_235,T2,1.0,0.9999999999999998,0.9999999999999999,2.220446049250313e-16
gpt41,mc_G_235,T3,1.0,1.0,1.0,0.0
gpt41,mc_G_235,T4,0.9999999999999989,1.0,0.9999999999999994,1.1102230246251565e-15
gpt41,mc_G_236,T1,,0.9999389114446279,,
gpt41,mc_G_236,T2,0.9998286918584074,0.9999369724004475,0.9998828321294275,0.00010828054204015114
gpt41,mc_G_236,T3,0.9999944056625386,0.9999999996127207,0.9999972026376296,5.593950182070095e-06
gpt41,mc_G_236,T4,4.501973393057861e-09,0.001432536864213567,0.00071627068309348,0.0014325323622401739
gpt41,mc_G_288,T1,0.9999999999999858,1.0,0.9999999999999929,1.4210854715202004e-14
gpt41,mc_G_288,T2,0.9999999999999951,1.0,0.9999999999999976,4.884981308350689e-15
gpt41,mc_G_288,T3,0.9999999999999953,0.9999999999886651,0.9999999999943302,1.1330270055509573e-11
gpt41,mc_G_288,T4,0.9999999999999396,0.9999999999999709,0.9999999999999553,3.1308289294429414e-14
gpt41,mc_G_302,T1,0.9449947087422129,0.9999999924606134,0.9724973506014132,0.05500528371840052
gpt41,mc_G_302,T2,0.984093611912044,0.9999999999926816,0.9920468059523628,0.0159063880806376
gpt41,mc_G_302,T3,0.12765264144866825,0.9923043514252065,0.5599784964369373,0.8646517099765382
gpt41,mc_G_302,T4,0.11920294342489735,0.9999954340306889,0.5595991887277931,0.8807924906057916
gpt41,mc_G_365,T1,1.0,1.0,1.0,0.0
gpt41,mc_G_365,T2,0.9999999999999996,0.9999999999999962,0.9999999999999979,3.3306690738754696e-15
gpt41,mc_G_365,T3,0.9999999348696292,0.9999999999999982,0.9999999674348137,6.513036898692093e-08
gpt41,mc_G_365,T4,0.9999999999999953,1.0,0.9999999999999977,4.6629367034256575e-15
gpt41,mc_G_373,T1,0.0,1.8744618050240593e-17,9.372309025120296e-18,1.8744618050240593e-17
gpt41,mc_G_373,T2,0.0,7.114654520715308e-18,3.557327260357654e-18,7.114654520715308e-18
gpt41,mc_G_373,T3,0.0,1.2882975020962096e-17,6.441487510481048e-18,1.2882975020962096e-17
gpt41,mc_G_373,T4,0.0,1.3291924546853263e-17,6.6459622734266315e-18,1.3291924546853263e-17
gpt41,mc_G_385,T1,0.999999999999996,1.0,0.999999999999998,3.9968028886505635e-15
gpt41,mc_G_385,T2,0.9999999999999976,0.9999999999999958,0.9999999999999967,1.7763568394002505e-15
gpt41,mc_G_385,T3,0.999999999999988,0.9999999999999849,0.9999999999999865,3.1086244689504383e-15
gpt41,mc_G_385,T4,0.9999999994094697,0.9999999999999449,0.9999999997047073,5.904752242713585e-10
gpt41,mc_G_397,T1,0.9999999999999998,1.0,0.9999999999999999,2.220446049250313e-16
gpt41,mc_G_397,T2,0.9999999999999998,0.9999999999999989,0.9999999999999993,8.881784197001252e-16
gpt41,mc_G_397,T3,1.0,1.0,1.0,0.0
gpt41,mc_G_397,T4,0.9999999999999998,1.0,0.9999999999999999,2.220446049250313e-16
gpt41,mc_G_431,T1,1.0,1.0,1.0,0.0
gpt41,mc_G_431,T2,1.0,1.0,1.0,0.0
gpt41,mc_G_431,T3,1.0,1.0,1.0,0.0
gpt41,mc_G_431,T4,1.0,1.0,1.0,0.0
gpt41,mc_G_453,T1,0.9999999999999492,1.0,0.9999999999999746,5.084821452783217e-14
gpt41,mc_G_453,T2,0.9999999999999998,1.0,0.9999999999999999,2.220446049250313e-16
gpt41,mc_G_453,T3,0.9999999999998854,1.0,0.9999999999999427,1.1457501614131615e-13
gpt41,mc_G_453,T4,0.9999999999998408,1.0,0.9999999999999204,1.5920598173124745e-13
gpt41,mc_G_492,T1,0.9999999999999993,1.0,0.9999999999999997,6.661338147750939e-16
gpt41,mc_G_492,T2,0.9999999999999996,1.0,0.9999999999999998,4.440892098500626e-16
gpt41,mc_G_492,T3,0.9999999999999634,0.9999999999999998,0.9999999999999816,3.6415315207705135e-14
gpt41,mc_G_492,T4,0.9999999999999998,1.0,0.9999999999999999,2.220446049250313e-16
gpt41,mc_G_572,T1,0.8438951083773745,0.9999985176425794,0.9219468130099769,0.15610340926520494
gpt41,mc_G_572,T2,0.9976032695053734,0.9999999492764252,0.9988016093908993,0.002396679771051846
gpt41,mc_G_572,T3,0.9999477477403179,0.9999999999994615,0.9999738738698898,5.2252259143625857e-05
gpt41,mc_G_572,T4,0.9971990724249155,0.9999999999997755,0.9985995362123454,0.002800927574860057
gpt41,mc_G_595,T1,0.9999999991541042,0.999999999999976,0.9999999995770401,8.458718170345492e-10
gpt41,mc_G_595,T2,0.9999999999903046,0.9999999999946456,0.9999999999924751,4.340972026284362e-12
gpt41,mc_G_595,T3,0.9999999948182603,0.999999999768745,0.9999999972935026,4.950484688848178e-09
gpt41,mc_G_595,T4,0.9999999999989291,0.9999999999387235,0.9999999999688263,6.020561826858284e-11
gpt41,mc_G_601,T1,0.1968262132350314,0.9999999667346671,0.5984130899848492,0.8031737534996357
gpt41,mc_G_601,T2,2.829134065247355e-07,0.999999786445742,0.5000000346795742,0.9999995035323355
gpt41,mc_G_601,T3,0.1871326822149025,0.9999999999999523,0.5935663411074273,0.8128673177850497
gpt41,mc_G_601,T4,1.1548224173015774e-17,4.3022843074027335e-12,2.151147927813453e-12,4.302272759178561e-12
gpt41,mc_H_035,T1,0.0,1.1369185552073767e-17,5.684592776036883e-18,1.1369185552073767e-17
gpt41,mc_H_035,T2,0.0,2.6024324904427547e-17,1.3012162452213774e-17,2.6024324904427547e-17
gpt41,mc_H_035,T3,0.0,1.6542067369468616e-17,8.271033684734308e-18,1.6542067369468616e-17
gpt41,mc_H_035,T4,0.0,3.501955689597307e-17,1.7509778447986534e-17,3.501955689597307e-17
gpt41,mc_H_044,T1,0.9999959070876705,0.9999999993907243,0.9999979532391974,4.092303053759849e-06
gpt41,mc_H_044,T2,0.9999999022277365,0.9999999933465147,0.9999999477871255,9.111877818934744e-08
gpt41,mc_H_044,T3,0.9999999999918356,0.9999999999998594,0.9999999999958475,8.023803843570931e-12
gpt41,mc_H_044,T4,0.9999804741226677,0.9999999945695834,0.9999902343461256,1.9520446915777256e-05
gpt41,mc_H_049,T1,0.999995574510699,0.9999999930272072,0.9999977837689531,4.418516508231107e-06
gpt41,mc_H_049,T2,0.9983256004216764,0.9999999999999996,0.9991628002108379,0.0016743995783231602
gpt41,mc_H_049,T3,0.999999906705054,0.999899286026952,0.999949596366003,0.0001006206781020147
gpt41,mc_H_049,T4,0.9999999999999396,1.0,0.9999999999999698,6.039613253960852e-14
gpt41,mc_H_060,T1,0.9999999999951248,0.9999999999998432,0.999999999997484,4.718447854656915e-12
gpt41,mc_H_060,T2,0.99999999999886,0.9999999999999998,0.9999999999994299,1.1397549570801857e-12
gpt41,mc_H_060,T3,0.9999999999756259,0.9999999999999938,0.9999999999878099,2.436784107828771e-11
gpt41,mc_H_060,T4,0.9999999999997027,1.0,0.9999999999998513,2.973177259946169e-13
gpt41,mc_H_066,T1,0.0,2.6585521600970972e-18,1.3292760800485486e-18,2.6585521600970972e-18
gpt41,mc_H_066,T2,0.0,3.440422122523067e-18,1.7202110612615334e-18,3.440422122523067e-18
gpt41,mc_H_066,T3,0.0,1.9450383106968904e-18,9.725191553484452e-19,1.9450383106968904e-18
gpt41,mc_H_066,T4,0.0,7.004352026168642e-18,3.502176013084321e-18,7.004352026168642e-18
gpt41,mc_H_072,T1,0.9999999999936415,0.9999999999999851,0.9999999999968133,6.3435923181032194e-12
gpt41,mc_H_072,T2,0.9999999999999958,1.0,0.9999999999999979,4.218847493575595e-15
gpt41,mc_H_072,T3,0.9999999999983924,0.99999999999997,0.9999999999991812,1.5776269179923474e-12
gpt41,mc_H_072,T4,0.9999999999492,0.999999999999126,0.999999999974163,4.9926063283578515e-11
gpt41,mc_H_073,T1,0.9999999999999993,1.0,0.9999999999999997,6.661338147750939e-16
gpt41,mc_H_073,T2,0.9999999999999893,0.9999999999999987,0.999999999999994,9.325873406851315e-15
gpt41,mc_H_073,T3,1.0,0.9999999999999978,0.9999999999999989,2.220446049250313e-15
gpt41,mc_H_073,T4,0.9999999999979992,0.9999999999774576,0.9999999999877284,2.054156844621957e-11
gpt4_0613,dd_0107,T1,7.429082461581358e-07,1.0959036557059202e-05,5.850972401608669e-06,1.0216128310901065e-05
gpt4_0613,dd_0107,T2,7.04651376442374e-07,1.5151803460840287e-05,7.92822741864133e-06,1.4447152084397914e-05
gpt4_0613,dd_0107,T3,1.4086925352990466e-08,1.1316752304279298e-07,6.362722419789172e-08,9.908059768980252e-08
gpt4_0613,dd_0107,T4,8.260433247994429e-07,1.1296848034264849e-05,6.061445679532146e-06,1.0470804709465405e-05
gpt4_0613,dd_0283,T1,1.8404573496388323e-09,7.781231142177019e-09,4.810844245907926e-09,5.9407737925381864e-09
gpt4_0613,dd_0283,T2,2.428061830265475e-09,7.751415335244035e-09,5.089738582754755e-09,5.3233535049785595e-09
gpt4_0613,dd_0283,T3,1.321159791925475e-09,7.2414252551432155e-09,4.281292523534345e-09,5.92026546321774e-09
gpt4_0613,dd_0283,T4,1.385364974413728e-09,9.916970176486773e-09,5.651167575450251e-09,8.531605202073045e-09
gpt4_0613,dd_11241,T1,0.0004934487553750923,0.0014860350224888564,0.0009897418889319744,0.000992586267113764
gpt4_0613,dd_11241,T2,0.00038516044604358223,0.005183959621843381,0.0027845600339434814,0.004798799175799799
gpt4_0613,dd_11241,T3,0.0001478134044259307,0.0002207938405894695,0.0001843036225077001,7.29804361635388e-05
gpt4_0613,dd_11241,T4,0.00030992884893054815,0.0004763269710923272,0.0003931279100114377,0.00016639812216177907
gpt4_0613,dd_13518,T1,1.4358535848402707e-09,1.268527450760285e-07,6.414429933043438e-08,1.2541689149118823e-07
gpt4_0613,dd_13518,T2,1.3723802272286186e-09,1.976941239453503e-08,1.0570896310881823e-08,1.839703216730641e-08
gpt4_0613,dd_13518,T3,2.9076301970350756e-09,4.117476856943685e-08,2.2041199383235963e-08,3.826713837240178e-08
gpt4_0613,dd_13518,T4,6.098595214125868e-09,1.321297817059775e-07,6.911418846005169e-08,1.2603118649185164e-07
gpt4_0613,dd_14408,T1,0.999768809099002,0.9999998190607616,0.9998843140798819,0.00023100996175962063
gpt4_0613,dd_14408,T2,0.9981255239041023,0.9999406815665122,0.9990331027353072,0.0018151576624099164
gpt4_0613,dd_14408,T3,0.9999978517807451,0.9999999372094366,0.9999988944950908,2.085428691511737e-06
gpt4_0613,dd_14408,T4,0.9996246670073737,0.9999769261642724,0.9998007965858231,0.00035225915689862664
gpt4_0613,dd_14818,T1,0.9998619104526291,0.9999692465920695,0.9999155785223492,0.0001073361394404726
gpt4_0613,dd_14818,T2,0.9999965129014501,0.9999999870510772,0.9999982499762636,3.474149627091805e-06
gpt4_0613,dd_14818,T3,0.9986591749725597,0.9928740815126251,0.9957666282425924,0.005785093459934609
gpt4_0613,dd_14818,T4,0.9999179093564049,0.999999800118458,0.9999588547374314,8.189076205311618e-05
gpt4_0613,dd_15810,T1,0.983594195809021,0.9101231579921861,0.9468586769006035,0.07347103781683484
gpt4_0613,dd_15810,T2,0.9401670623498664,0.5110265124578314,0.7255967874038489,0.429140549892035
gpt4_0613,dd_15810,T3,0.8928624960482264,0.889670455091877,0.8912664755700517,0.0031920409563493957
gpt4_0613,dd_15810,T4,0.9984054220730297,0.9984786131044708,0.9984420175887503,7.319103144109995e-05
gpt4_0613,dd_17929,T1,7.423583156922385e-05,0.0001918313058277095,0.0001330335686984667,0.00011759547425848566
gpt4_0613,dd_17929,T2,1.4978328762092817e-05,0.00015288217317541657,8.39302509687547e-05,0.00013790384441332375
gpt4_0613,dd_17929,T3,0.0006451546379955633,0.0021472487039087503,0.0013962016709521568,0.001502094065913187
gpt4_0613,dd_17929,T4,0.00043997385140335214,0.2563368192687264,0.1283883965600649,0.25589684541732305
gpt4_0613,dd_1808,T1,0.9998562549947918,0.9999915119083468,0.9999238834515694,0.00013525691355498193
gpt4_0613,dd_1808,T2,0.9998722790117707,0.9999815936003201,0.9999269363060455,0.00010931458854945841
gpt4_0613,dd_1808,T3,0.9998262619246794,0.9999820970890899,0.9999041795068846,0.0001558351644105338
gpt4_0613,dd_1808,T4,0.9998925697772929,0.99994264489832,0.9999176073378064,5.007512102706002e-05
gpt4_0613,dd_1814,T1,1.3401584499956044e-07,1.3336432043755258e-07,1.336900827185565e-07,6.515245620078613e-10
gpt4_0613,dd_1814,T2,8.38167328404481e-09,5.640007422762619e-08,3.2390873755835495e-08,4.801840094358138e-08
gpt4_0613,dd_1814,T3,1.7827655280457398e-06,2.8298945487237426e-06,2.306330038384741e-06,1.0471290206780028e-06
gpt4_0613,dd_1814,T4,1.0518890480700389e-08,6.8483570323508e-08,3.9501230402104193e-08,5.796467984280761e-08
gpt4_0613,dd_18223,T1,0.002916990224171782,0.13662458371427222,0.069770786969222,0.13370759349010045
gpt4_0613,dd_18223,T2,0.0026887279290347668,0.10638975194564476,0.054539239937339765,0.10370102401661
gpt4_0613,dd_18223,T3,0.811137794674843,0.7109129920721811,0.761025393373512,0.10022480260266198
gpt4_0613,dd_18223,T4,0.0021337393167723717,0.037426533764071984,0.01978013654042218,0.03529279444729961
gpt4_0613,dd_18643,T1,0.9999999907167785,0.9999999985891226,0.9999999946529505,7.872344109927099e-09
gpt4_0613,dd_18643,T2,0.9999999913079167,0.9999999988939724,0.9999999951009446,7.586055672526015e-09
gpt4_0613,dd_18643,T3,0.9999999971357856,0.9999999994392182,0.9999999982875019,2.303432666828087e-09
gpt4_0613,dd_18643,T4,0.9999999862067526,0.9999999981133559,0.9999999921600542,1.1906603369915558e-08
gpt4_0613,dd_18670,T1,0.9994462077537623,0.9999980709085193,0.9997221393311408,0.0005518631547570818
gpt4_0613,dd_18670,T2,0.9994178155757247,0.9999985594080621,0.9997081874918934,0.0005807438323374159
gpt4_0613,dd_18670,T3,0.9994245997879478,0.9999200265046019,0.9996723131462748,0.0004954267166540349
gpt4_0613,dd_18670,T4,0.9999327598322718,0.9999995340615636,0.9999661469469177,6.677422929179944e-05
gpt4_0613,dd_2081,T3,,0.030045044322052267,,
gpt4_0613,dd_21158,T1,0.9999061411634359,0.9999780695102397,0.9999421053368378,7.192834680380678e-05
gpt4_0613,dd_21158,T2,0.9985293065816566,0.999972235205601,0.9992507708936288,0.0014429286239443506
gpt4_0613,dd_21158,T3,0.9941944145337588,0.9999132119924964,0.9970538132631276,0.005718797458737601
gpt4_0613,dd_21158,T4,0.9987409762020365,0.999925179701986,0.9993330779520113,0.001184203499949521
gpt4_0613,dd_21629,T1,0.8940867538405334,0.9880323603359996,0.9410595570882665,0.09394560649546624
gpt4_0613,dd_21629,T2,0.8869041990014603,0.997573447897629,0.9422388234495447,0.11066924889616869
gpt4_0613,dd_21629,T3,0.9981044556207317,0.9996914950010055,0.9988979753108687,0.0015870393802738247
gpt4_0613,dd_21629,T4,0.9788643541661853,0.9979668086864533,0.9884155814263194,0.01910245452026793
gpt4_0613,dd_21630,T1,0.00033044200455366665,0.003328674380578747,0.001829558192566207,0.0029982323760250804
gpt4_0613,dd_21630,T2,4.2404065825436686e-06,0.00020875065871802913,0.0001064955326502864,0.00020451025213548546
gpt4_0613,dd_21630,T3,0.0002177888198845812,0.0036986406242980325,0.0019582147220913067,0.0034808518044134513
gpt4_0613,dd_21630,T4,0.0003508865351241704,0.005576417028621344,0.0029636517818727574,0.005225530493497174
gpt4_0613,dd_22819,T1,1.1564506393734637e-08,3.225344257654229e-08,2.1908974485138464e-08,2.0688936182807657e-08
gpt4_0613,dd_22819,T2,3.653408237446017e-08,5.120481883019929e-08,4.386945060232973e-08,1.4670736455739117e-08
gpt4_0613,dd_22819,T3,2.817588855598169e-08,8.324275013185265e-08,5.5709319343917166e-08,5.506686157587096e-08
gpt4_0613,dd_22819,T4,1.2246139343573748e-08,1.817147981377385e-08,1.5208809578673798e-08,5.9253404702001016e-09
gpt4_0613,dd_23534,T1,0.7195857166885492,0.9861249748955911,0.8528553457920702,0.26653925820704194
gpt4_0613,dd_23534,T2,0.7833262041940872,0.9780843941079488,0.880705299151018,0.19475818991386162
gpt4_0613,dd_23534,T3,0.2469814518035481,0.9992443136783173,0.6231128827409327,0.7522628618747692
gpt4_0613,dd_23534,T4,0.7825005408947272,0.9926308123464358,0.8875656766205815,0.2101302714517086
gpt4_0613,dd_24260,T1,0.9909006779051012,0.9962647013832278,0.9935826896441644,0.005364023478126589
gpt4_0613,dd_24260,T2,0.9970570445689747,0.9989218199448081,0.9979894322568914,0.0018647753758334051
gpt4_0613,dd_24260,T3,0.9852556006319612,0.9941214130099186,0.9896885068209399,0.008865812377957472
gpt4_0613,dd_24260,T4,0.9955262242596346,0.9988447378111358,0.9971854810353852,0.0033185135515012565
gpt4_0613,dd_24405,T1,1.0000648649061773e-09,1.4824083343914284e-08,7.91207410441023e-09,1.3824018479008106e-08
gpt4_0613,dd_24405,T2,8.985705844604806e-10,8.709979612139646e-09,4.804275098300063e-09,7.811409027679167e-09
gpt4_0613,dd_24405,T3,7.611328408146421e-10,2.013399239090837e-09,1.3872660399527395e-09,1.252266398276195e-09
gpt4_0613,dd_24405,T4,1.1857283409612642e-09,9.844750819608215e-09,5.515239580284739e-09,8.659022478646952e-09
gpt4_0613,dd_24975,T1,0.9983028395151844,0.9999980572151638,0.9991504483651741,0.0016952176999793789
gpt4_0613,dd_24975,T2,0.9999140148394462,0.9999979369665927,0.9999559759030194,8.392212714647407e-05
gpt4_0613,dd_24975,T3,0.9954352092649327,0.9999953487309297,0.9977152789979311,0.004560139465996982
gpt4_0613,dd_24975,T4,0.9996261211062272,0.999994318929866,0.9998102200180465,0.00036819782363883835
gpt4_0613,dd_25137,T1,0.9999999172959214,0.9999999915569218,0.9999999544264215,7.42610003490185e-08
gpt4_0613,dd_25137,T2,0.9999998694631247,0.9999999920137678,0.9999999307384462,1.225506430779788e-07
gpt4_0613,dd_25137,T3,0.9999999378052605,0.9999999851714988,0.9999999614883797,4.736623826495645e-08
gpt4_0613,dd_25137,T4,0.9999999100813978,0.9999999741850818,0.9999999421332397,6.410368402764988e-08
gpt4_0613,dd_25302,T1,2.7292802590981546e-09,1.1551788586304015e-08,7.140534422701085e-09,8.82250832720586e-09
gpt4_0613,dd_25302,T2,1.601667222444777e-09,1.1995296779706615e-08,6.798482001075696e-09,1.0393629557261839e-08
gpt4_0613,dd_25302,T3,4.144976408112313e-09,4.15579789861391e-08,2.2851477697125705e-08,3.7413002578026784e-08
gpt4_0613,dd_25302,T4,8.93910145106872e-10,8.507179464818254e-09,4.700544804962563e-09,7.613269319711381e-09
gpt4_0613,dd_25868,T1,0.5971225217813784,0.9678586138917853,0.7824905678365819,0.3707360921104069
gpt4_0613,dd_25868,T2,0.9927331354489277,0.9926202175422129,0.9926766764955703,0.00011291790671486002
gpt4_0613,dd_25868,T3,0.9038817473918652,0.9296302936255718,0.9167560205087185,0.025748546233706593
gpt4_0613,dd_25868,T4,0.9478372686258768,0.41727333439986847,0.6825553015128727,0.5305639342260083
gpt4_0613,dd_26178,T1,5.666584238343376e-05,2.7193300488115478e-05,4.192957143577462e-05,2.9472541895318282e-05
gpt4_0613,dd_26178,T2,2.3008737789009188e-05,0.000125482133638346,7.424543571367759e-05,0.00010247339584933681
gpt4_0613,dd_26178,T3,0.01851728443771644,0.01556005860931066,0.01703867152351355,0.0029572258284057806
gpt4_0613,dd_26178,T4,9.65367020891886e-06,9.00456898501572e-06,9.32911959696729e-06,6.491012239031406e-07
gpt4_0613,dd_26321,T1,0.9999996485031837,0.9999999856376861,0.999999817070435,3.371345024261174e-07
gpt4_0613,dd_26321,T2,0.9999981922375365,0.9999999825652267,0.9999990874013815,1.7903276902098142e-06
gpt4_0613,dd_26321,T3,0.9999980649108273,0.9999999783072541,0.9999990216090406,1.913396426744818e-06
gpt4_0613,dd_26321,T4,0.9999991010821064,0.9999999693115946,0.9999995351968505,8.682294881934283e-07
gpt4_0613,dd_27524,T1,6.70042850062104e-10,3.5667514295548146e-09,2.1183971398084594e-09,2.8967085794927107e-09
gpt4_0613,dd_27524,T2,1.256541044907381e-09,1.4866325696610758e-08,8.06143337075907e-09,1.3609784651703377e-08
gpt4_0613,dd_27524,T3,1.2438488762496307e-09,9.856950166803802e-09,5.550399521526716e-09,8.613101290554171e-09
gpt4_0613,dd_27524,T4,9.409662383643572e-10,4.487313607583563e-09,2.71413992297396e-09,3.5463473692192055e-09
gpt4_0613,dd_27558,T1,0.0002741924379670829,0.0002040251247890394,0.00023910878137806113,7.016731317804347e-05
gpt4_0613,dd_27558,T2,6.31262054713072e-05,0.0002856215844383898,0.00017437389495484848,0.00022249537896708259
gpt4_0613,dd_27558,T3,0.00012487443681298888,0.00089323954721757,0.0005090569920152794,0.0007683651104045811
gpt4_0613,dd_27558,T4,0.00012167836149605005,6.3971483035517e-05,9.282492226578352e-05,5.7706878460533055e-05
gpt4_0613,dd_28814,T1,2.118248781116151e-05,0.0014163425166415253,0.0007187625022263434,0.0013951600288303638
gpt4_0613,dd_28814,T3,1.0638491220753644e-05,2.1303561445696537e-05,1.597102633322509e-05,1.0665070224942893e-05
gpt4_0613,dd_28814,T4,0.00018365206811346368,0.002969608557741559,0.0015766303129275112,0.0027859564896280955
gpt4_0613,dd_29978,T1,,0.03163915364369916,,
gpt4_0613,dd_29978,T3,,0.0011847551366165228,,
gpt4_0613,dd_29978,T4,,0.009097291000391663,,
gpt4_0613,dd_30131,T1,3.3674375956367416e-09,7.550326186070246e-08,3.94353497281696e-08,7.213582426506573e-08
gpt4_0613,dd_30131,T2,1.6011413892050754e-09,4.4186078447546455e-08,2.2893609918375764e-08,4.258493705834138e-08
gpt4_0613,dd_30131,T3,6.597363459334872e-09,2.7503446619967515e-07,1.4081591482950502e-07,2.6843710274034026e-07
gpt4_0613,dd_30131,T4,2.1825471742722072e-09,9.999674116092893e-08,5.108964416760057e-08,9.781419398665672e-08
gpt4_0613,dd_30899,T1,0.9999997333276726,0.9999999669056882,0.9999998501166804,2.3357801559598101e-07
gpt4_0613,dd_30899,T2,0.9999998255280684,0.9999999851046,0.9999999053163342,1.5957653154430318e-07
gpt4_0613,dd_30899,T3,0.9999998402513484,0.9999999932685271,0.9999999167599377,1.530171787056389e-07
gpt4_0613,dd_30899,T4,0.9999998839131959,0.9999999935396162,0.999999938726406,1.0962642027489977e-07
gpt4_0613,dd_31129,T1,5.232173827594626e-10,6.9758214727759476e-09,3.749519427767705e-09,6.452604090016485e-09
gpt4_0613,dd_31129,T2,4.721288914803383e-10,5.6851483110853595e-09,3.0786386012828488e-09,5.2130194196050214e-09
gpt4_0613,dd_31129,T3,6.473070681831457e-10,6.770360483603888e-09,3.7088337758935166e-09,6.123053415420742e-09
gpt4_0613,dd_31129,T4,2.728253332664523e-10,6.111450937843385e-09,3.1921381355549184e-09,5.8386256045769326e-09
gpt4_0613,dd_32872,T1,0.00010361125691160094,2.381335004142816e-05,6.371230347651455e-05,7.979790687017278e-05
gpt4_0613,dd_32872,T2,5.636876480352627e-05,1.7281196747356877e-05,3.682498077544157e-05,3.908756805616939e-05
gpt4_0613,dd_32872,T3,4.6968765401318845e-05,7.15929993983157e-05,5.928088239981728e-05,2.4624233996996862e-05
gpt4_0613,dd_32872,T4,0.00040994403469920876,2.8124509607517003e-05,0.0002190342721533629,0.00038181952509169174
gpt4_0613,dd_33618,T1,3.948594977156875e-05,0.005374111354274732,0.00270679865202315,0.0053346254045031636
gpt4_0613,dd_33618,T2,0.0010963931605431755,0.0014471751920214866,0.001271784176282331,0.00035078203147831106
gpt4_0613,dd_33618,T3,9.660374590518909e-05,0.0002790742725588264,0.00018783900923200774,0.00018247052665363732
gpt4_0613,dd_33618,T4,1.3753935482277592e-05,0.0007569334142651942,0.0003853436748737359,0.0007431794787829166
gpt4_0613,dd_34148,T1,3.914759742369604e-06,3.959113042970445e-05,2.175294508603703e-05,3.567637068733485e-05
gpt4_0613,dd_34148,T2,2.0697614556652087e-05,0.00033647098393682184,0.00017858429924673695,0.0003157733693801698
gpt4_0613,dd_34148,T3,8.044406266468602e-06,0.0001382149429040694,7.312967458526899e-05,0.0001301705366376008
gpt4_0613,dd_34148,T4,6.553923129309916e-06,7.26890183380203e-05,3.9621470733665114e-05,6.613509520871038e-05
gpt4_0613,dd_34460,T1,2.038362356063677e-10,3.712501145296467e-09,1.9581686904514175e-09,3.5086649096900996e-09
gpt4_0613,dd_34460,T2,6.710891727029697e-10,2.2846717001364987e-09,1.4778804364197342e-09,1.613582527433529e-09
gpt4_0613,dd_34460,T3,2.815780814169282e-10,8.138189118115504e-09,4.209883599766216e-09,7.856611036698576e-09
gpt4_0613,dd_34460,T4,6.677538821442298e-10,5.952073057141195e-09,3.3099134696427123e-09,5.284319174996966e-09
gpt4_0613,dd_35732,T1,6.450399684423614e-09,1.0396156975400889e-07,5.520598471921625e-08,9.751117006958528e-08
gpt4_0613,dd_35732,T2,1.0823150970563205e-08,2.9903893714539702e-05,1.4957358432755133e-05,2.9893070563569138e-05
gpt4_0613,dd_35732,T3,1.0758537385569545e-08,9.977135882962419e-07,5.042360628409058e-07,9.869550509106723e-07
gpt4_0613,dd_35732,T4,1.5025683317563532e-06,0.00018090194955842892,9.120225894509263e-05,0.00017939938122667258
gpt4_0613,dd_36819,T1,0.0008077814563888625,0.0026263975418640223,0.0017170894991264424,0.0018186160854751598
gpt4_0613,dd_36819,T2,0.00020196441894606415,0.0006145926410399645,0.0004082785299930143,0.0004126282220939003
gpt4_0613,dd_36819,T3,0.006052025375168399,0.11850400973022579,0.062278017552697094,0.11245198435505739
gpt4_0613,dd_36819,T4,0.22358660187791363,0.008106499985516095,0.11584655093171486,0.21548010189239752
gpt4_0613,dd_37249,T1,0.8122747325935249,0.0033925296976502007,0.40783363114558757,0.8088822028958746
gpt4_0613,dd_37249,T2,0.0059965190124701955,0.0003212729749539911,0.003158895993712093,0.005675246037516205
gpt4_0613,dd_37249,T3,0.735164349075455,0.000668966909078418,0.36791665799226675,0.7344953821663766
gpt4_0613,dd_37249,T4,0.08693440225697792,0.0007376382366067258,0.04383602024679232,0.0861967640203712
gpt4_0613,dd_37490,T1,0.9999999975200867,0.999999999349687,0.9999999984348868,1.829600249081409e-09
gpt4_0613,dd_37490,T2,0.9999999961989819,0.9999999987333542,0.9999999974661681,2.5343722676041125e-09
gpt4_0613,dd_37490,T3,0.9999999965565429,0.9999999994961182,0.9999999980263305,2.9395752498828642e-09
gpt4_0613,dd_37490,T4,0.9999999976293888,0.999999999401381,0.9999999985153849,1.7719921086012391e-09
gpt4_0613,dd_38533,T1,2.3567676494796996e-06,3.776394242028581e-05,2.0060355034882754e-05,3.540717477080611e-05
gpt4_0613,dd_38533,T2,4.613725828099615e-06,2.789738972569971e-05,1.6255557776899662e-05,2.3283663897600097e-05
gpt4_0613,dd_38533,T3,2.2012610639089404e-06,1.8152517603487633e-05,1.0176889333698286e-05,1.5951256539578694e-05
gpt4_0613,dd_38533,T4,7.268071183557315e-05,0.000794984845704051,0.0004338327787698121,0.0007223041338684779
gpt4_0613,dd_39199,T1,0.9998337156895091,0.9999900734391987,0.9999118945643539,0.00015635774968958405
gpt4_0613,dd_39199,T2,0.9999985458243098,0.9999977350108046,0.9999981404175572,8.108135052253829e-07
gpt4_0613,dd_39199,T3,0.9997789402650823,0.9999667625874981,0.9998728514262902,0.0001878223224157649
gpt4_0613,dd_39199,T4,0.999992538519368,0.9999951473059695,0.9999938429126687,2.608786601521196e-06
gpt4_0613,dd_42860,T1,1.2010511755278525e-07,8.681389443577502e-08,1.0345950599428013e-07,3.329122311701022e-08
gpt4_0613,dd_42860,T2,2.467669008503796e-08,1.1661119975436718e-07,7.064394491970257e-08,9.193450966932922e-08
gpt4_0613,dd_42860,T3,1.8650065468436247e-07,4.468593914493536e-08,1.1559329691464891e-07,1.418147155394271e-07
gpt4_0613,dd_42860,T4,3.344408927709084e-08,4.094585898244792e-08,3.719497412976938e-08,7.501769705357084e-09
gpt4_0613,dd_44063,T1,0.0018419800636886843,0.039131826511587246,0.020486903287637966,0.03728984644789856
gpt4_0613,dd_44063,T2,0.00011498450004607616,0.015131978826826318,0.007623481663436197,0.015016994326780242
gpt4_0613,dd_44063,T3,0.09817384260796942,0.7762945340718239,0.4372341883398967,0.6781206914638545
gpt4_0613,dd_44063,T4,0.00020272995955203084,0.0058230938090499855,0.0030129118843010083,0.005620363849497954
gpt4_0613,dd_44380,T1,0.999999900058718,0.9999999981173588,0.9999999490880385,9.805864087386595e-08
gpt4_0613,dd_44380,T2,0.9999999486876039,0.9999999972005196,0.9999999729440617,4.851291568463978e-08
gpt4_0613,dd_44380,T3,0.9999999376382172,0.9999999968871737,0.9999999672626954,5.924895651876483e-08
gpt4_0613,dd_44380,T4,0.999999969775751,0.9999999957768647,0.9999999827763079,2.60011137065419e-08
gpt4_0613,dd_45938,T1,1.5552135402571534e-09,2.3275098902004582e-09,1.941361715228806e-09,7.722963499433048e-10
gpt4_0613,dd_45938,T2,7.6925769922829e-10,1.8604694736301944e-09,1.3148635864292423e-09,1.0912117744019043e-09
gpt4_0613,dd_45938,T3,2.0097229179355137e-09,5.817814562204997e-09,3.913768740070255e-09,3.808091644269483e-09
gpt4_0613,dd_45938,T4,1.0781202129348994e-09,1.6582790334919738e-09,1.3681996232134365e-09,5.801588205570744e-10
gpt4_0613,dd_46859,T1,3.793166268155918e-09,1.205127758456762e-08,7.922221926361769e-09,8.258111316411701e-09
gpt4_0613,dd_46859,T2,3.2889659607070234e-09,7.2590749504931475e-09,5.274020455600085e-09,3.9701089897861245e-09
gpt4_0613,dd_46859,T3,2.077795955401024e-09,4.4473706116616716e-09,3.262583283531348e-09,2.3695746562606475e-09
gpt4_0613,dd_46859,T4,1.9983665064623433e-09,6.233707653335834e-09,4.116037079899089e-09,4.2353411468734905e-09
gpt4_0613,dd_47886,T1,0.5093253734588915,0.9973608010366901,0.7533430872477909,0.4880354275777986
gpt4_0613,dd_47886,T2,0.9629419504303169,0.9988072240651599,0.9808745872477385,0.03586527363484293
gpt4_0613,dd_47886,T3,0.5381764760592255,0.9380088900619414,0.7380926830605834,0.39983241400271596
gpt4_0613,dd_47886,T4,0.965528618414598,0.9910009414846201,0.9782647799496091,0.025472323070022118
gpt4_0613,dd_5570,T1,0.9999999880323679,0.9999999950620116,0.9999999915471898,7.029643755984694e-09
gpt4_0613,dd_5570,T2,0.9999999892136652,0.9999999982501357,0.9999999937319004,9.036470571821553e-09
gpt4_0613,dd_5570,T3,0.9999999772812451,0.999999998690475,0.9999999879858601,2.140922983340232e-08
gpt4_0613,dd_5570,T4,0.9999999849991766,0.99999999640888,0.9999999907040283,1.1409703404297034e-08
gpt4_0613,dd_6488,T1,1.8856698202295536e-09,5.335915261587711e-08,2.7622411218053332e-08,5.1473482795647556e-08
gpt4_0613,dd_6488,T2,2.1869704248926167e-09,2.8112801001114885e-08,1.514988571300375e-08,2.592583057622227e-08
gpt4_0613,dd_6488,T3,9.739754929597713e-10,5.7883818643558116e-08,2.9428897068258943e-08,5.6909843150598346e-08
gpt4_0613,dd_6488,T4,1.7752057621114696e-09,1.1658405776419036e-08,6.716805769265252e-09,9.883200014307567e-09
gpt4_0613,dd_6826,T1,0.9999879483094303,0.9999972186236422,0.9999925834665362,9.270314211939912e-06
gpt4_0613,dd_6826,T2,0.9999880597351049,0.999998529008927,0.999993294372016,1.0469273822200087e-05
gpt4_0613,dd_6826,T3,0.9999759733906447,0.9998922508390495,0.9999341121148471,8.372255159516673e-05
gpt4_0613,dd_6826,T4,0.9999528832994617,0.9999928964188473,0.9999728898591544,4.001311938550689e-05
gpt4_0613,dd_6868,T1,4.896983266130972e-06,2.726716953441492e-05,1.6082076400272945e-05,2.2370186268283947e-05
gpt4_0613,dd_6868,T2,4.156174338198601e-05,0.0005721166634018767,0.0003068392033919314,0.0005305549200198907
gpt4_0613,dd_6868,T3,0.00113191165011803,0.0036018352043369465,0.002366873427227488,0.0024699235542189166
gpt4_0613,dd_6868,T4,7.772674701378117e-06,1.5977400689371473e-05,1.1875037695374795e-05,8.204725987993356e-06
gpt4_0613,dd_7687,T1,0.9999998843443194,0.9999999899167709,0.9999999371305451,1.0557245144759975e-07
gpt4_0613,dd_7687,T2,0.9999999649107638,0.9999999973483412,0.9999999811295526,3.243757740190034e-08
gpt4_0613,dd_7687,T3,0.9999999525949024,0.9999999944432684,0.9999999735190854,4.1848365994745507e-08
gpt4_0613,dd_7687,T4,0.9999999612528417,0.9999999963841794,0.9999999788185105,3.513133761678944e-08
gpt4_0613,dd_8580,T1,5.3757988792169446e-08,4.130830335179259e-06,2.0922941619857144e-06,4.0770723463870896e-06
gpt4_0613,dd_8580,T2,1.5710311484279118e-07,2.6921676539824385e-06,1.4246353844126149e-06,2.5350645391396472e-06
gpt4_0613,dd_8580,T3,5.519138278984473e-09,1.585486367363386e-06,7.955027528211852e-07,1.5799672290844015e-06
gpt4_0613,dd_8580,T4,1.179389706932095e-07,5.288122922735069e-06,2.703030946714139e-06,5.17018395204186e-06
gpt4_0613,dd_9595,T1,0.9999439844713526,0.999999077743666,0.9999715311075092,5.509327231345562e-05
gpt4_0613,dd_9595,T2,0.999816543663942,0.999997150092947,0.9999068468784444,0.00018060642900497026
gpt4_0613,dd_9595,T3,0.9999832531821022,0.9999999197537317,0.999991586467917,1.66665716294645e-05
gpt4_0613,dd_9595,T4,0.9999617308303568,0.9999994005970655,0.9999805657137111,3.766976670871447e-05
gpt4_0613,dd_9899,T1,0.9999708157697657,0.999999597553191,0.9999852066614783,2.8781783425357865e-05
gpt4_0613,dd_9899,T2,0.9995693172573463,0.999994773661038,0.9997820454591921,0.0004254564036916264
gpt4_0613,dd_9899,T3,0.999440535199525,0.9999895603285985,0.9997150477640617,0.0005490251290735104
gpt4_0613,dd_9899,T4,0.9999728323443492,0.9999997124761979,0.9999862724102735,2.6880131848705524e-05
gpt4_0613,dd_9955,T1,0.531692392116164,0.09243657582586394,0.312064483971014,0.4392558162903001
gpt4_0613,dd_9955,T2,0.06448851539605151,0.0072739541959357555,0.03588123479599363,0.057214561200115754
gpt4_0613,dd_9955,T3,0.9999043483409474,0.9691647137800926,0.98453453106052,0.030739634560854823
gpt4_0613,dd_9955,T4,0.001229826235547998,0.0014347944329908442,0.0013323103342694211,0.00020496819744284618
gpt4_0613,mc_C_034,T1,0.9999999952055678,0.9999999985129431,0.9999999968592554,3.3073752625512043e-09
gpt4_0613,mc_C_034,T2,0.9999999945478685,0.999999998884995,0.9999999967164317,4.337126546793968e-09
gpt4_0613,mc_C_034,T3,0.9999999961523877,0.9999999993147869,0.9999999977335873,3.1623992313711824e-09
gpt4_0613,mc_C_034,T4,0.999999993943047,0.9999999992568203,0.9999999965999335,5.313773310255954e-09
gpt4_0613,mc_C_1095,T1,0.9999999987277192,0.9999999994728426,0.9999999991002808,7.451234074196122e-10
gpt4_0613,mc_C_1095,T2,0.9999999965677152,0.9999999990422225,0.9999999978049688,2.4745072657594847e-09
gpt4_0613,mc_C_1095,T3,0.999999998299924,0.9999999994834139,0.999999998891669,1.183489861666942e-09
gpt4_0613,mc_C_1095,T4,0.9999999991878994,0.9999999997303187,0.9999999994591091,5.42419331672761e-10
gpt4_0613,mc_C_1216,T1,0.9999999969895567,0.9999999985497953,0.999999997769676,1.5602386049806682e-09
gpt4_0613,mc_C_1216,T2,0.9999999975716368,0.9999999979546746,0.9999999977631557,3.8303782368132033e-10
gpt4_0613,mc_C_1216,T3,0.9999999964927753,0.9999999992520906,0.999999997872433,2.7593153317795327e-09
gpt4_0613,mc_C_1216,T4,0.999999999003174,0.9999999974669247,0.9999999982350494,1.5362493499537777e-09
gpt4_0613,mc_C_183,T1,0.9999999941719895,0.9999999993766716,0.9999999967743305,5.204682129722471e-09
gpt4_0613,mc_C_183,T2,0.9999999868011673,0.9999999984630551,0.9999999926321113,1.1661887788783076e-08
gpt4_0613,mc_C_183,T3,0.9999999915923486,0.9999999994441072,0.9999999955182279,7.851758576649104e-09
gpt4_0613,mc_C_183,T4,0.9999999907085416,0.9999999992281287,0.9999999949683351,8.519587035848986e-09
gpt4_0613,mc_C_291,T1,0.9999999967712007,0.9999999995312129,0.9999999981512068,2.76001221877209e-09
gpt4_0613,mc_C_291,T2,0.9999999963670342,0.9999999992975747,0.9999999978323044,2.9305404769530696e-09
gpt4_0613,mc_C_291,T3,0.9999999977553486,0.999999999489323,0.9999999986223358,1.7339744085020925e-09
gpt4_0613,mc_C_291,T4,0.9999999952409416,0.9999999993810731,0.9999999973110074,4.140131459884344e-09
gpt4_0613,mc_C_467,T1,0.9999999817854903,0.9999999992334819,0.9999999905094861,1.7447991607077995e-08
gpt4_0613,mc_C_467,T2,0.9999999912274831,0.9999999992282241,0.9999999952278535,8.00074106965809e-09
gpt4_0613,mc_C_467,T3,0.9999999954902923,0.9999999995452382,0.9999999975177652,4.054945934583998e-09
gpt4_0613,mc_C_467,T4,0.999999992398015,0.9999999994111886,0.9999999959046018,7.013173597414379e-09
gpt4_0613,mc_C_527,T1,0.9999999961098148,0.9999999995272743,0.9999999978185445,3.4174594265579117e-09
gpt4_0613,mc_C_527,T2,0.9999999836480172,0.9999999988980807,0.999999991273049,1.5250063434280037e-08
gpt4_0613,mc_C_527,T3,0.9999999923829908,0.9999999987361804,0.9999999955595855,6.353189641039592e-09
gpt4_0613,mc_C_527,T4,0.9999999948561178,0.9999999984311135,0.9999999966436157,3.5749957438824254e-09
gpt4_0613,mc_C_675,T1,0.999999996452145,0.9999999988512265,0.9999999976516858,2.399081489024013e-09
gpt4_0613,mc_C_675,T2,0.9999999961467322,0.9999999986856498,0.999999997416191,2.5389176316892303e-09
gpt4_0613,mc_C_675,T3,0.9999999980455534,0.9999999992788468,0.9999999986622001,1.233293356328602e-09
gpt4_0613,mc_C_675,T4,0.9999999954870917,0.9999999982899219,0.9999999968885068,2.8028301901628083e-09
gpt4_0613,mc_C_772,T1,0.9999999923075088,0.9999999989419219,0.9999999956247154,6.634413129980032e-09
gpt4_0613,mc_C_772,T2,0.9999999956802729,0.9999999994520495,0.9999999975661612,3.771776668770599e-09
gpt4_0613,mc_C_772,T3,0.9999999958583752,0.9999999991128684,0.9999999974856217,3.2544932304645613e-09
gpt4_0613,mc_C_772,T4,0.9999999947174072,0.9999999982523194,0.9999999964848634,3.5349122518013587e-09
gpt4_0613,mc_C_941,T1,0.9999999945989819,0.9999999983376839,0.9999999964683329,3.738702014643991e-09
gpt4_0613,mc_C_941,T2,0.9999999966432821,0.99999999875842,0.9999999977008511,2.1151379536732406e-09
gpt4_0613,mc_C_941,T3,0.9999999977231376,0.9999999987513355,0.9999999982372365,1.0281978601867081e-09
gpt4_0613,mc_C_941,T4,0.9999999970354427,0.999999999127806,0.9999999980816243,2.09236328263529e-09
gpt4_0613,mc_G_005,T1,0.9999999377323627,0.9999999984681487,0.9999999681002557,6.073578595611195e-08
gpt4_0613,mc_G_005,T2,0.999999787995337,0.9999999976253813,0.9999998928103591,2.0963004432328347e-07
gpt4_0613,mc_G_005,T3,0.9999999161034342,0.9999999966328831,0.9999999563681586,8.05294488870345e-08
gpt4_0613,mc_G_005,T4,0.9999999285152817,0.9999999972535376,0.9999999628844096,6.873825586506399e-08
gpt4_0613,mc_G_037,T1,0.9999984784920412,0.9999999850276751,0.999999231759858,1.5065356339105662e-06
gpt4_0613,mc_G_037,T2,0.9999562453503457,0.9999985704596409,0.9999774079049932,4.232510929524924e-05
gpt4_0613,mc_G_037,T3,0.9998952240712419,0.9999010237886906,0.9998981239299662,5.799717448740083e-06
gpt4_0613,mc_G_037,T4,0.9999972754527481,0.9999996524138198,0.999998463933284,2.3769610717483403e-06
gpt4_0613,mc_G_064,T1,5.939007053727478e-10,3.776466880303336e-09,2.185183792838042e-09,3.182566174930588e-09
gpt4_0613,mc_G_064,T2,5.920982004375245e-10,7.300605994783026e-09,3.946352097610275e-09,6.708507794345502e-09
gpt4_0613,mc_G_064,T3,3.7452625391046e-10,2.127539298524769e-09,1.2510327762176144e-09,1.753013044614309e-09
gpt4_0613,mc_G_064,T4,9.762528480914225e-10,3.8479091806252926e-09,2.4120810143583575e-09,2.87165633253387e-09
gpt4_0613,mc_G_086,T1,0.9999996641231739,0.999999984238678,0.9999998241809259,3.2011550410437906e-07
gpt4_0613,mc_G_086,T2,0.9999998086140531,0.9999999918051383,0.9999999002095957,1.831910851901597e-07
gpt4_0613,mc_G_086,T3,0.9999993819973199,0.9999999557414286,0.9999996688693742,5.737441087783068e-07
gpt4_0613,mc_G_086,T4,0.9999767468009392,0.9999993523411314,0.9999880495710353,2.2605540192177642e-05
gpt4_0613,mc_G_112,T1,0.017643269113054114,0.9120513687797426,0.46484731894639836,0.8944080996666884
gpt4_0613,mc_G_112,T2,0.9657551622123351,0.9949744445559522,0.9803648033841437,0.029219282343617037
gpt4_0613,mc_G_112,T3,0.9998977185036739,0.9998594620383077,0.9998785902709908,3.825646536625982e-05
gpt4_0613,mc_G_112,T4,0.8368987688610614,0.9777850652712886,0.907341917066175,0.1408862964102272
gpt4_0613,mc_G_135,T1,0.9999983019783036,0.9999999703147077,0.9999991361465057,1.6683364040259718e-06
gpt4_0613,mc_G_135,T2,0.9999991385476106,0.9999999746716937,0.9999995566096521,8.361240830812022e-07
gpt4_0613,mc_G_135,T3,0.9999998208819877,0.9999999807188903,0.999999900800439,1.598369026023505e-07
gpt4_0613,mc_G_135,T4,0.9999967421428477,0.999999934759949,0.9999983384513984,3.1926171012441884e-06
gpt4_0613,mc_G_156,T1,0.9999996845415275,0.9999999700976258,0.9999998273195767,2.855560982117922e-07
gpt4_0613,mc_G_156,T2,0.9999995713972055,0.9999999717325181,0.9999997715648619,4.003353125670017e-07
gpt4_0613,mc_G_156,T3,0.9999999638894189,0.9999999928647366,0.9999999783770778,2.8975317700741243e-08
gpt4_0613,mc_G_156,T4,0.9999993661941458,0.9999998057746662,0.999999585984406,4.39580520428251e-07
gpt4_0613,mc_G_179,T1,0.9999999799602263,0.9999999984887044,0.9999999892244653,1.8528478085144684e-08
gpt4_0613,mc_G_179,T2,0.9999999855283132,0.9999999984258497,0.9999999919770814,1.2897536594280723e-08
gpt4_0613,mc_G_179,T3,0.9999999848646662,0.9999999987825793,0.9999999918236228,1.391791304428125e-08
gpt4_0613,mc_G_179,T4,0.9999999900368389,0.9999999981788197,0.9999999941078292,8.141980756271039e-09
gpt4_0613,mc_G_186,T1,2.1294483170044582e-07,3.226509980357807e-06,1.7197274060291264e-06,3.0135651486573616e-06
gpt4_0613,mc_G_186,T2,1.3835309577767963e-07,4.777688792485768e-07,3.080609875131282e-07,3.3941578347089723e-07
gpt4_0613,mc_G_186,T3,1.8142621399778814e-07,1.336882633026938e-06,7.59154423512363e-07,1.15545641902915e-06
gpt4_0613,mc_G_186,T4,7.075010432986425e-07,3.923550367575479e-06,2.315525705437061e-06,3.2160493242768366e-06
gpt4_0613,mc_G_235,T1,0.9999999921695498,0.9999999977779447,0.9999999949737473,5.608394859635268e-09
gpt4_0613,mc_G_235,T2,0.9999999944934267,0.9999999955431802,0.9999999950183034,1.0497535063436203e-09
gpt4_0613,mc_G_235,T3,0.9999999978418095,0.9999999987565686,0.9999999982991891,9.147591573110958e-10
gpt4_0613,mc_G_235,T4,0.9999999788688074,0.9999999964685586,0.999999987668683,1.759975121196078e-08
gpt4_0613,mc_G_236,T1,0.21037094289590672,0.9983010543292832,0.6043359986125949,0.7879301114333764
gpt4_0613,mc_G_236,T2,0.8455667123339741,0.9994538185183068,0.9225102654261405,0.15388710618433277
gpt4_0613,mc_G_236,T3,0.8409760457529117,0.9970312316361956,0.9190036386945537,0.15605518588328382
gpt4_0613,mc_G_236,T4,0.2417745845545682,0.9988317766420741,0.6203031805983211,0.7570571920875059
gpt4_0613,mc_G_288,T1,0.9999412484427321,0.9999026350063466,0.9999219417245393,3.8613436385559474e-05
gpt4_0613,mc_G_288,T2,0.9990613963583207,0.9997368840959892,0.9993991402271549,0.0006754877376684565
gpt4_0613,mc_G_288,T3,0.8573923452686512,0.9999597909134913,0.9286760680910713,0.14256744564484014
gpt4_0613,mc_G_288,T4,0.9998638038454485,0.9998768868348986,0.9998703453401736,1.3082989450130533e-05
gpt4_0613,mc_G_302,T1,0.6658783587568681,0.9999423147827338,0.832910336769801,0.3340639560258657
gpt4_0613,mc_G_302,T2,0.7772001315827632,0.9999674054089374,0.8885837684958503,0.22276727382617412
gpt4_0613,mc_G_302,T3,0.5360681518874132,0.9999851758789688,0.768026663883191,0.46391702399155565
gpt4_0613,mc_G_302,T4,0.0025117211072506604,0.9974668305790964,0.4999892758431735,0.9949551094718457
gpt4_0613,mc_G_365,T1,0.9998829164948263,0.9999773820682063,0.9999301492815162,9.446557337999817e-05
gpt4_0613,mc_G_365,T2,0.9998183770483001,0.9999871357011416,0.9999027563747209,0.00016875865284149416
gpt4_0613,mc_G_365,T3,0.9418453247536532,0.9997995268827592,0.9708224258182062,0.05795420212910596
gpt4_0613,mc_G_365,T4,0.9993477851977879,0.9999744958352643,0.9996611405165261,0.0006267106374764353
gpt4_0613,mc_G_373,T1,1.2111485213981467e-09,1.2981034376180469e-08,7.0960914487893075e-09,1.1769885854782323e-08
gpt4_0613,mc_G_373,T2,1.0314101898074814e-09,1.97410001900423e-08,1.038620518992489e-08,1.870959000023482e-08
gpt4_0613,mc_G_373,T3,1.1239588049917405e-09,2.3605957106025492e-08,1.2364957955508617e-08,2.248199830103375e-08
gpt4_0613,mc_G_373,T4,1.3830315457657985e-09,1.3732747080637416e-08,7.557889313201607e-09,1.2349715534871617e-08
gpt4_0613,mc_G_385,T1,0.9999994788901372,0.9999999517363991,0.9999997153132681,4.7284626192301005e-07
gpt4_0613,mc_G_385,T2,0.9999986102713291,0.9999998925646647,0.999999251417997,1.2822933356249067e-06
gpt4_0613,mc_G_385,T3,0.9999992103446214,0.9999999107426796,0.9999995605436505,7.003980582176439e-07
gpt4_0613,mc_G_385,T4,0.9999869656589689,0.9999991161248386,0.9999930408919038,1.2150465869664728e-05
gpt4_0613,mc_G_397,T1,0.9999999808324833,0.999999997290319,0.9999999890614011,1.645783564985237e-08
gpt4_0613,mc_G_397,T2,0.9999999720832317,0.999999993244465,0.9999999826638484,2.1161233321187467e-08
gpt4_0613,mc_G_397,T3,0.999999992671586,0.9999999993373592,0.9999999960044725,6.665773155667409e-09
gpt4_0613,mc_G_397,T4,0.9999999865304473,0.9999999963091872,0.9999999914198172,9.778739928911762e-09
gpt4_0613,mc_G_431,T1,0.9999998651683656,0.9999999979819773,0.9999999315751714,1.3281361166406214e-07
gpt4_0613,mc_G_431,T2,0.999999846829003,0.9999999942647537,0.9999999205468784,1.4743575071918258e-07
gpt4_0613,mc_G_431,T3,0.9999999171052696,0.9999999987134107,0.9999999579093402,8.16081411336711e-08
gpt4_0613,mc_G_431,T4,0.9999998214751167,0.9999999923862206,0.9999999069306686,1.7091110393607778e-07
gpt4_0613,mc_G_453,T1,0.9999911971340952,0.9999944221303766,0.9999928096322359,3.2249962813590827e-06
gpt4_0613,mc_G_453,T2,0.9999392165242518,0.9999542537601538,0.9999467351422028,1.5037235902015667e-05
gpt4_0613,mc_G_453,T3,0.999985341756202,0.9999936575861141,0.999989499671158,8.315829912119987e-06
gpt4_0613,mc_G_453,T4,0.9999965310450522,0.9999973995830584,0.9999969653140552,8.685380062933845e-07
gpt4_0613,mc_G_492,T1,0.9999999707236138,0.9999999972611401,0.999999983992377,2.653752628756223e-08
gpt4_0613,mc_G_492,T2,0.9999986329250509,0.999999987208736,0.9999993100668934,1.3542836850843898e-06
gpt4_0613,mc_G_492,T3,0.9999999829420476,0.9999999986242184,0.999999990783133,1.5682170784181437e-08
gpt4_0613,mc_G_492,T4,0.9999999704383636,0.9999999946222049,0.9999999825302843,2.4183841262903627e-08
gpt4_0613,mc_G_572,T1,0.16117243151452149,0.9506796019365509,0.5559260167255362,0.7895071704220293
gpt4_0613,mc_G_572,T2,0.00565551331705852,0.992935178198073,0.49929534575756573,0.9872796648810145
gpt4_0613,mc_G_572,T3,0.07280314265549889,0.9768731489340801,0.5248381457947895,0.9040700062785811
gpt4_0613,mc_G_572,T4,0.011418753316500137,0.823551632742263,0.41748519302938153,0.8121328794257628
gpt4_0613,mc_G_595,T1,0.003161632363687436,0.05478728302786172,0.02897445769577458,0.05162565066417428
gpt4_0613,mc_G_595,T2,0.04638849363506529,0.8413384207064687,0.443863457170767,0.7949499270714034
gpt4_0613,mc_G_595,T3,0.0057520203762996295,0.02405525325661093,0.01490363681645528,0.0183032328803113
gpt4_0613,mc_G_595,T4,0.09336461745044597,0.6265910838235379,0.35997785063699195,0.5332264663730919
gpt4_0613,mc_G_601,T1,0.0016564439295415603,0.029093827459975782,0.01537513569475867,0.027437383530434224
gpt4_0613,mc_G_601,T2,0.0011356007327457181,0.21435782206768877,0.10774671140021724,0.21322222133494306
gpt4_0613,mc_G_601,T3,0.06751053714623648,0.617189141025666,0.34234983908595124,0.5496786038794296
gpt4_0613,mc_G_601,T4,0.00014327960338187323,0.006939077870839482,0.003541178737110678,0.006795798267457609
gpt4_0613,mc_H_035,T1,2.8990198377733486e-08,3.7876962730682336e-07,2.0387991284227841e-07,3.497794289290899e-07
gpt4_0613,mc_H_035,T2,1.1260083535268448e-08,7.135319866034164e-08,4.1306641097805043e-08,6.009311512507319e-08
gpt4_0613,mc_H_035,T3,3.88374094159469e-08,1.4722897472262812e-07,9.303319206928751e-08,1.0839156530668121e-07
gpt4_0613,mc_H_035,T4,6.348771519600703e-09,5.311225244709244e-08,2.973051198334657e-08,4.6763480927491734e-08
gpt4_0613,mc_H_044,T1,0.9999819547225206,0.9999560965501402,0.9999690256363304,2.5858172380432976e-05
gpt4_0613,mc_H_044,T2,0.9999844218144426,0.9999718690379749,0.9999781454262087,1.255277646772246e-05
gpt4_0613,mc_H_044,T3,0.9998659893653928,0.9724371161820186,0.9861515527737057,0.02742887318337428
gpt4_0613,mc_H_044,T4,0.9999923161518577,0.999990125508245,0.9999912208300513,2.190643612731691e-06
gpt4_0613,mc_H_049,T1,0.0003333839558620224,0.0010744111999167714,0.0007038975778893969,0.0007410272440547491
gpt4_0613,mc_H_049,T2,0.0005492136503185709,0.006146024782132638,0.0033476192162256047,0.005596811131814067
gpt4_0613,mc_H_049,T3,0.0005026605843783239,0.0002475425727592899,0.0003751015785688069,0.000255118011619034
gpt4_0613,mc_H_049,T4,0.19487517308918162,0.5902884538663946,0.3925818134777881,0.395413280777213
gpt4_0613,mc_H_060,T1,0.9999823082823075,0.9999917631670162,0.9999870357246619,9.454884708715028e-06
gpt4_0613,mc_H_060,T2,0.9999220169493458,0.9999773140286945,0.9999496654890201,5.529707934870398e-05
gpt4_0613,mc_H_060,T3,0.9999877125194164,0.9999630955060116,0.999975404012714,2.461701340483735e-05
gpt4_0613,mc_H_060,T4,0.9996709610355239,0.9998736115689062,0.999772286302215,0.0002026505333823092
gpt4_0613,mc_H_066,T1,1.6252104874103706e-09,7.777860746555565e-09,4.701535616982968e-09,6.152650259145195e-09
gpt4_0613,mc_H_066,T2,1.646645355117423e-09,1.745264815579476e-08,9.549646755456092e-09,1.580600280067734e-08
gpt4_0613,mc_H_066,T3,1.1801845946188884e-09,7.449008434947218e-09,4.314596514783053e-09,6.26882384032833e-09
gpt4_0613,mc_H_066,T4,1.3514740180065803e-09,1.2749471293881352e-08,7.050472655943966e-09,1.1397997275874771e-08
gpt4_0613,mc_H_072,T1,0.9999999724916008,0.9999999974160039,0.9999999849538024,2.4924403096981962e-08
gpt4_0613,mc_H_072,T2,0.9999999962716137,0.9999999987277385,0.999999997499676,2.4561247480292536e-09
gpt4_0613,mc_H_072,T3,0.9999999779184986,0.9999999970894586,0.9999999875039787,1.917096004167007e-08
gpt4_0613,mc_H_072,T4,0.9999999761566968,0.9999999964372126,0.9999999862969546,2.0280515822257428e-08
gpt4_0613,mc_H_073,T1,0.9999999486564992,0.9999999980200797,0.9999999733382894,4.936358044549394e-08
gpt4_0613,mc_H_073,T2,0.9999999497342165,0.9999999977990242,0.9999999737666203,4.806480768948518e-08
gpt4_0613,mc_H_073,T3,0.9999999771555648,0.9999999969056029,0.9999999870305838,1.9750038160459837e-08
gpt4_0613,mc_H_073,T4,0.9999991171272105,0.9999999810092163,0.9999995490682134,8.638820058193275e-07
gpt4o,dd_0107,T1,1.336388345724204e-07,2.0462924567767268e-05,1.0298281701169844e-05,2.0329285733194847e-05
gpt4o,dd_0107,T2,3.520914407760351e-07,2.601616004229609e-06,1.4768537225028219e-06,2.249524563453574e-06
gpt4o,dd_0107,T3,4.2958130222736785e-09,7.496459651029485e-08,3.963020476628427e-08,7.066878348802117e-08
gpt4o,dd_0107,T4,7.734422805737018e-08,1.8631738963667094e-05,9.354541595862232e-06,1.8554394735609724e-05
gpt4o,dd_0283,T1,3.046187576372791e-09,6.55033262206834e-09,4.7982600992205655e-09,3.504145045695549e-09
gpt4o,dd_0283,T2,1.7907612971468085e-09,5.964145726166499e-09,3.8774535116566536e-09,4.17338442901969e-09
gpt4o,dd_0283,T3,7.123156310276065e-10,5.780648254294611e-09,3.2464819426611088e-09,5.0683326232670045e-09
gpt4o,dd_0283,T4,1.120629785527694e-09,7.082598285146032e-09,4.101614035336863e-09,5.961968499618338e-09
gpt4o,dd_11241,T1,2.7264701469718504e-06,7.141903590525307e-05,3.707275302611246e-05,6.869256575828122e-05
gpt4o,dd_11241,T2,3.668863143607963e-06,0.00011591930944985669,5.9794086296732324e-05,0.00011225044630624873
gpt4o,dd_11241,T3,2.406101370042274e-06,0.0005614786799937514,0.00028194239068189686,0.0005590725786237091
gpt4o,dd_11241,T4,9.57082844096552e-07,9.610239922743867e-05,4.8529741035767616e-05,9.514531638334212e-05
gpt4o,dd_13518,T1,3.1428839498953056e-09,5.152235469803762e-08,2.7332619323966463e-08,4.837947074814231e-08
gpt4o,dd_13518,T2,2.565147121673176e-09,2.0494177397245897e-08,1.1529662259459537e-08,1.792903027557272e-08
gpt4o,dd_13518,T3,1.0861516317396984e-09,4.2051320743748946e-08,2.156873618774432e-08,4.096516911200925e-08
gpt4o,dd_13518,T4,1.2898369765604796e-09,2.0816913722117874e-08,1.1053375349339176e-08,1.9527076745557395e-08
gpt4o,dd_14408,T1,0.9999983202687124,0.9999997726726518,0.999999046470682,1.4524039394503419e-06
gpt4o,dd_14408,T2,0.9999992887563337,0.9999999406981221,0.9999996147272279,6.519417884431888e-07
gpt4o,dd_14408,T3,0.9999998461826474,0.99999998813888,0.9999999171607636,1.4195623265766955e-07
gpt4o,dd_14408,T4,0.9999984942987016,0.9999999523496114,0.9999992233241565,1.4580509097861238e-06
gpt4o,dd_14818,T1,0.9999706884489279,0.9999990577553364,0.9999848731021321,2.836930640848223e-05
gpt4o,dd_14818,T2,0.9999967622367008,0.9999999434137637,0.9999983528252323,3.181177062994145e-06
gpt4o,dd_14818,T3,0.999876605432019,0.9999845536856219,0.9999305795588205,0.0001079482536029408
gpt4o,dd_14818,T4,0.9999965534220949,0.9999999306690814,0.9999982420455882,3.377246986513427e-06
gpt4o,dd_15810,T1,0.25386100132422423,0.6926419767901475,0.47325148905718584,0.43878097546592326
gpt4o,dd_15810,T2,0.10970577096716554,0.15002882034228257,0.12986729565472405,0.040323049375117034
gpt4o,dd_15810,T3,0.2845759920814681,0.7248702642896702,0.5047231281855691,0.44029427220820205
gpt4o,dd_15810,T4,0.42250463481418826,0.9981030799239741,0.7103038573690812,0.5755984451097858
gpt4o,dd_17929,T1,0.9973269936584814,0.9978172835394408,0.9975721385989611,0.0004902898809593381
gpt4o,dd_17929,T2,0.9744347840764876,0.998498817796582,0.9864668009365348,0.024064033720094358
gpt4o,dd_17929,T3,0.9997546304826967,0.9998390691853137,0.9997968498340053,8.44387026169846e-05
gpt4o,dd_17929,T4,0.9898303403039347,0.9979170287672725,0.9938736845356035,0.008086688463337821
gpt4o,dd_1808,T1,0.9995197027376868,0.9998960893667973,0.9997078960522421,0.00037638662911054777
gpt4o,dd_1808,T2,0.9997694932131427,0.999889388355787,0.9998294407844648,0.00011989514264432177
gpt4o,dd_1808,T3,0.9987355782888572,0.999950913395142,0.9993432458419995,0.0012153351062847983
gpt4o,dd_1808,T4,0.999333297567648,0.9999651918838265,0.9996492447257372,0.000631894316178494
gpt4o,dd_1814,T1,1.138277136781198e-09,8.953243133606236e-09,5.0457601351937175e-09,7.814965996825038e-09
gpt4o,dd_1814,T2,2.040818452758495e-10,3.6381522515550677e-10,2.839485352156781e-10,1.5973337987965728e-10
gpt4o,dd_1814,T3,4.895668964356755e-10,3.653482079845738e-08,1.8512193847446527e-08,3.6045253902021705e-08
gpt4o,dd_1814,T4,1.9473625716487924e-10,4.363462233785251e-09,2.279099245475065e-09,4.1687259766203714e-09
gpt4o,dd_18223,T1,0.0004955359119224104,0.03410042429407553,0.01729798010299897,0.03360488838215312
gpt4o,dd_18223,T2,0.04084571634779026,0.15405756657543826,0.09745164146161425,0.113211850227648
gpt4o,dd_18223,T3,0.0036499873664831936,0.07921031731390288,0.04143015234019304,0.07556032994741968
gpt4o,dd_18223,T4,0.0006361912659398936,0.004264634770845736,0.002450413018392815,0.0036284435049058423
gpt4o,dd_18643,T1,0.9999999886820402,0.9999999992053545,0.9999999939436974,1.0523314331045697e-08
gpt4o,dd_18643,T2,0.9999999985154067,0.9999999998837177,0.9999999991995622,1.3683110200446436e-09
gpt4o,dd_18643,T3,0.9999999923418853,0.9999999996687425,0.9999999960053139,7.326857232037298e-09
gpt4o,dd_18643,T4,0.9999999964386459,0.9999999991928405,0.9999999978157432,2.754194650123054e-09
gpt4o,dd_18670,T1,0.8902942325809625,0.9960545926078062,0.9431744125943844,0.10576036002684364
gpt4o,dd_18670,T2,0.9787126463118558,0.999322805887788,0.9890177260998219,0.020610159575932152
gpt4o,dd_18670,T3,0.9901401444261306,0.9999617708803568,0.9950509576532437,0.009821626454226129
gpt4o,dd_18670,T4,0.9997800466177227,0.9999994103583593,0.999889728488041,0.00021936374063658004
gpt4o,dd_2081,T1,0.999680001667777,0.9999827684198184,0.9998313850437976,0.00030276675204132797
gpt4o,dd_2081,T2,0.9998534687355826,0.9999753170967292,0.9999143929161558,0.00012184836114659259
gpt4o,dd_2081,T3,0.9879462198072344,0.9732407189974746,0.9805934694023545,0.014705500809759853
gpt4o,dd_2081,T4,0.9904406010232552,0.999952423542317,0.995196512282786,0.009511822519061797
gpt4o,dd_21158,T1,0.9999993106389857,0.9999999892003274,0.9999996499196566,6.785613416715464e-07
gpt4o,dd_21158,T2,0.9999995335550682,0.9999999953551186,0.9999997644550934,4.618000504219566e-07
gpt4o,dd_21158,T3,0.999997774719336,0.9999999929174017,0.9999988838183689,2.218198065673249e-06
gpt4o,dd_21158,T4,0.9999991813636462,0.9999999804443193,0.9999995809039828,7.990806730751032e-07
gpt4o,dd_21629,T1,0.9999999052358726,0.9999999972694151,0.9999999512526438,9.203354256470675e-08
gpt4o,dd_21629,T2,0.9999999719877809,0.9999999996361848,0.9999999858119828,2.7648403899682705e-08
gpt4o,dd_21629,T3,0.9999999845301832,0.9999999997959181,0.9999999921630507,1.5265734898406436e-08
gpt4o,dd_21629,T4,0.9999997617630156,0.999999998861723,0.9999998803123693,2.3709870733412686e-07
gpt4o,dd_21630,T1,5.57089480440792e-08,1.2878957717506292e-06,6.718023598973542e-07,1.23218682370655e-06
gpt4o,dd_21630,T2,7.380237824355969e-08,4.710909177191284e-06,2.3923557777174222e-06,4.637106798947724e-06
gpt4o,dd_21630,T3,9.382918237996656e-09,5.989271398180788e-07,3.041550290280377e-07,5.895442215800822e-07
gpt4o,dd_21630,T4,3.432128798265305e-08,3.3405378060934097e-06,1.6874295470380314e-06,3.3062165181107565e-06
gpt4o,dd_22819,T1,1.3946463011104813e-09,9.777226351931457e-08,4.9583454910212526e-08,9.63776172182041e-08
gpt4o,dd_22819,T2,2.029198393258833e-09,5.838247612951309e-08,3.020583726138596e-08,5.635327773625426e-08
gpt4o,dd_22819,T3,8.95324313386395e-09,1.7704268353819861e-07,9.299796333603128e-08,1.6808944040433467e-07
gpt4o,dd_22819,T4,4.3884492975080936e-10,4.338617289862308e-08,2.1912508914186945e-08,4.294732796887227e-08
gpt4o,dd_23534,T1,0.7606506581031359,0.996777516416394,0.878714087259765,0.23612685831325808
gpt4o,dd_23534,T2,0.8740772335247532,0.9993537966622555,0.9367155150935044,0.12527656313750235
gpt4o,dd_23534,T3,0.9073122269997507,0.9996200154481151,0.9534661212239328,0.0923077884483644
gpt4o,dd_23534,T4,0.9381240088979196,0.9967775149685074,0.9674507619332136,0.058653506070587835
gpt4o,dd_24260,T1,0.009859854348861436,0.24220562325537978,0.1260327388021206,0.23234576890651834
gpt4o,dd_24260,T2,0.009412588630083929,0.27825679370240214,0.14383469116624303,0.2688442050723182
gpt4o,dd_24260,T3,0.0037072524074268235,0.046724958405055486,0.025216105406241154,0.043017705997628664
gpt4o,dd_24260,T4,0.004399412777247646,0.06560484035195276,0.0350021265646002,0.06120542757470511
gpt4o,dd_24405,T1,9.490687197717553e-11,2.2637343902500963e-09,1.1793206311136359e-09,2.168827518272921e-09
gpt4o,dd_24405,T2,4.8473687060058764e-11,1.7907612972105304e-09,9.196174921352945e-10,1.7422876101504717e-09
gpt4o,dd_24405,T3,1.010278393317494e-10,2.817262965729012e-09,1.4591454025303807e-09,2.716235126397263e-09
gpt4o,dd_24405,T4,1.8293778378686296e-10,2.486225841851655e-09,1.334581812819259e-09,2.303288058064792e-09
gpt4o,dd_24975,T1,0.946596673134145,0.9999720307049437,0.9732843519195443,0.0533753575707987
gpt4o,dd_24975,T2,0.9997765835774557,0.9999992428851829,0.9998879132313193,0.00022265930772724651
gpt4o,dd_24975,T3,0.9997219691690048,0.9999994284997149,0.9998606988343599,0.00027745933071010587
gpt4o,dd_24975,T4,0.9987355782257257,0.9999984942987015,0.9993670362622136,0.0012629160729757949
gpt4o,dd_25137,T1,0.9999999924606134,0.9999999986053536,0.9999999955329835,6.144740161140305e-09
gpt4o,dd_25137,T2,0.9999999967573503,0.9999999984920278,0.999999997624689,1.7346775127435876e-09
gpt4o,dd_25137,T3,0.9999999907625504,0.9999999979708016,0.999999994366676,7.208251218138173e-09
gpt4o,dd_25137,T4,0.9999999913222192,0.9999999991541042,0.9999999952381617,7.831885029396801e-09
gpt4o,dd_25302,T1,7.2767622896187e-11,1.2626096516834207e-08,6.349432069865197e-09,1.2553328893938019e-08
gpt4o,dd_25302,T2,5.7563927673506525e-11,1.1206297855703825e-09,5.890968566219444e-10,1.063065857896876e-09
gpt4o,dd_25302,T3,7.507751520208121e-11,6.448779127989023e-09,3.261928321595552e-09,6.3737016127869414e-09
gpt4o,dd_25302,T4,1.8982568599017608e-11,4.2958130223406975e-09,2.1573977954698574e-09,4.27683045374168e-09
gpt4o,dd_25868,T1,0.23370635157681108,0.3960681662740417,0.31488725892542635,0.1623618146972306
gpt4o,dd_25868,T2,0.08632347129750854,0.2173375185123463,0.15183049490492742,0.13101404721483778
gpt4o,dd_25868,T3,0.6926419704455589,0.7371581568543043,0.7149000636499316,0.04451618640874544
gpt4o,dd_25868,T4,0.1422318931919251,0.5851011542032312,0.3636665236975781,0.4428692610113061
gpt4o,dd_26178,T1,7.93449581411984e-07,2.586743603288758e-05,1.3330442807149781e-05,2.5073986451475597e-05
gpt4o,dd_26178,T2,8.990961778344804e-07,1.2411496986443842e-05,6.655296582139162e-06,1.1512400808609361e-05
gpt4o,dd_26178,T3,5.955141209270713e-06,0.00021654408537323454,0.00011124961329125263,0.00021058894416396383
gpt4o,dd_26178,T4,7.112435816361474e-07,4.936989901151048e-06,2.824116741393598e-06,4.2257463195149e-06
gpt4o,dd_26321,T1,0.9999559988018655,0.9999975938986316,0.9999767963502486,4.1595096766156026e-05
gpt4o,dd_26321,T2,0.9999657315110818,0.9999953621269139,0.9999805468189978,2.963061583205473e-05
gpt4o,dd_26321,T3,0.999991601928357,0.9999990125361156,0.9999953072322363,7.41060775855118e-06
gpt4o,dd_26321,T4,0.9994023305615076,0.9999996692406943,0.999700999901101,0.0005973386791866542
gpt4o,dd_27524,T1,5.293480290077043e-10,6.972792777250073e-09,3.7510704031288885e-09,6.443444748242369e-09
gpt4o,dd_27524,T2,1.9473625716537248e-10,2.5651471216366484e-09,1.3799416894010104e-09,2.370410864471276e-09
gpt4o,dd_27524,T3,6.188705450906712e-10,6.1534680334919764e-09,3.386169289291324e-09,5.534597488401305e-09
gpt4o,dd_27524,T4,5.376840474960206e-10,1.4615767744623533e-09,9.99630410979187e-10,9.238927269663327e-10
gpt4o,dd_27558,T1,9.476412749145808e-08,0.0009399439250128799,0.0004700193445701857,0.0009398491608853884
gpt4o,dd_27558,T2,3.011597839799774e-07,0.00018814212819524834,9.422164398961416e-05,0.00018784096841126835
gpt4o,dd_27558,T3,2.2959182194263045e-06,0.03114383160218832,0.015573063760203874,0.031141535683968893
gpt4o,dd_27558,T4,1.6119920031881372e-07,0.00023782205997172258,0.0001189916295860207,0.00023766086077140375
gpt4o,dd_28814,T1,0.00017400538289364165,0.01384861031731586,0.007011307850104751,0.013674604934422218
gpt4o,dd_28814,T2,0.0005193048837096476,0.00010720880819518162,0.0003132568459524146,0.000412096075514466
gpt4o,dd_28814,T3,4.908663409019841e-05,2.26032338668789e-06,2.567347873844315e-05,4.6826310703510516e-05
gpt4o,dd_28814,T4,0.0003101559915856043,0.0026730055380954614,0.0014915807648405329,0.002362849546509857
gpt4o,dd_29454,T1,,0.005469274933041821,,
gpt4o,dd_29454,T2,0.17781086947804958,,,
gpt4o,dd_29454,T3,0.00020342689963633669,2.0145687036091478e-05,0.00011178629333621409,0.0001832812126002452
gpt4o,dd_29454,T4,0.058345836518212735,0.5078118642792044,0.2830788503987086,0.4494660277609917
gpt4o,dd_29978,T1,0.0025114631154316263,0.028436029802867215,0.01547374645914942,0.02592456668743559
gpt4o,dd_29978,T2,0.0009399437226939993,0.007011796415767691,0.003975870069230845,0.006071852693073691
gpt4o,dd_29978,T3,0.0013885233636644226,0.0017274585375943708,0.0015579909506293968,0.0003389351739299482
gpt4o,dd_29978,T4,0.004681822253091688,0.008985428254971813,0.00683362525403175,0.004303606001880125
gpt4o,dd_30131,T1,3.3125753214234434e-10,4.075753767259112e-08,2.0544397602366732e-08,4.0426280140448774e-08
gpt4o,dd_30131,T2,1.7629981166458714e-09,4.546831871437143e-08,2.3615658415508652e-08,4.370532059772556e-08
gpt4o,dd_30131,T3,1.5893910091844308e-10,7.734422806107003e-08,3.8751583580994236e-08,7.718528896015159e-08
gpt4o,dd_30131,T4,8.19870265616331e-10,1.357433397149371e-07,6.828160499027672e-08,1.3492346944932078e-07
gpt4o,dd_30899,T1,0.9999997617630155,0.9999999958363552,0.9999998787996853,2.3407333971103839e-07
gpt4o,dd_30899,T2,0.999999928468282,0.9999999918479795,0.9999999601581308,6.337969749026229e-08
gpt4o,dd_30899,T3,0.9999997830827525,0.9999999974746219,0.9999998902786872,2.143918693686686e-07
gpt4o,dd_30899,T4,0.9999998909271594,0.9999999972264146,0.999999944076787,1.0629925528693462e-07
gpt4o,dd_31129,T1,2.8333958225851416e-10,2.47206966092428e-08,1.2502018095750657e-08,2.4437357026984286e-08
gpt4o,dd_31129,T2,6.485707626600548e-10,3.124988842005643e-08,1.5949229591358242e-08,3.060131765739638e-08
gpt4o,dd_31129,T3,1.0045260476369349e-09,1.6893531015660478e-07,8.496991810212085e-08,1.6793078410896786e-07
gpt4o,dd_31129,T4,2.1056009844928546e-10,1.046740168486064e-08,5.338980891654963e-09,1.0256841586411354e-08
gpt4o,dd_32872,T1,0.24508500568173322,0.8740772260395396,0.5595811158606364,0.6289922203578064
gpt4o,dd_32872,T2,0.1561048925492113,0.6757645944891558,0.4159347435191836,0.5196597019399445
gpt4o,dd_32872,T3,0.18476750907131068,0.7279754414406788,0.45637147525599475,0.5432079323693682
gpt4o,dd_32872,T4,0.12765263273742736,0.8856314734077356,0.5066420530725815,0.7579788406703083
gpt4o,dd_33618,T1,4.611276793090911e-05,0.0008693671973604416,0.00045773998264567536,0.0008232544294295324
gpt4o,dd_33618,T2,9.915273801868297e-05,0.000203426939347842,0.0001512898386832625,0.00010427420132915904
gpt4o,dd_33618,T3,3.6688631423113236e-06,4.683887067383261e-05,2.5253866908071963e-05,4.3170007531521286e-05
gpt4o,dd_33618,T4,1.4971081221073027e-05,0.0064882694996776565,0.003251620290449365,0.006473298418456583
gpt4o,dd_34148,T1,0.01798620701251559,0.15405755984835015,0.08602188343043288,0.13607135283583455
gpt4o,dd_34148,T2,0.12252320383595963,0.49218813429548874,0.3073556690657242,0.3696649304595291
gpt4o,dd_34148,T3,0.5000000022017689,0.8244619338793228,0.6622309680405458,0.3244619316775539
gpt4o,dd_34148,T4,0.13477592350798828,0.6825737201058492,0.4086748218069187,0.5477977965978609
gpt4o,dd_34460,T1,3.695444812985049e-10,1.2116897047938953e-09,7.906170930462001e-10,8.421452234953905e-10
gpt4o,dd_34460,T2,1.858186346957995e-10,1.9062554778940876e-09,1.0460370562949436e-09,1.7204368431982881e-09
gpt4o,dd_34460,T3,8.198702656279925e-10,7.658114688578879e-09,4.2389924771034355e-09,6.838244422950886e-09
gpt4o,dd_34460,T4,2.969373327273305e-10,1.4389171269084737e-09,8.679272298179022e-10,1.1419797941811431e-09
gpt4o,dd_35732,T1,7.082598285007458e-09,2.6165213375081797e-07,1.3436736601791271e-07,2.545695354658105e-07
gpt4o,dd_35732,T2,7.53938662582536e-09,1.8553915981830122e-07,9.653927322206329e-08,1.7799977319247585e-07
gpt4o,dd_35732,T3,5.4845260897509145e-08,1.9444336831211767e-07,1.246443146048134e-07,1.3959810741460851e-07
gpt4o,dd_35732,T4,1.1317959785307662e-08,1.8846097591950945e-07,9.988946785240855e-08,1.771430161342018e-07
gpt4o,dd_36819,T1,1.1659533952863328e-05,0.00010391071929695022,5.778512662490678e-05,9.225118534408689e-05
gpt4o,dd_36819,T2,0.00022693386763655748,5.6824363062423406e-06,0.00011630815197139991,0.00022125143133031513
gpt4o,dd_36819,T3,0.00015356242449556543,7.843792471555076e-05,0.0001160001746055581,7.512449978001466e-05
gpt4o,dd_36819,T4,0.000911051075586248,5.738761276556797e-05,0.000484219344175908,0.0008536634628206801
gpt4o,dd_37249,T1,0.9987744324155046,0.9854964226073245,0.9921354275114145,0.013278009808180058
gpt4o,dd_37249,T2,0.9895109080029173,0.9989994954682456,0.9942552017355815,0.009488587465328324
gpt4o,dd_37249,T3,0.9207896735230447,0.9947798749493976,0.9577847742362211,0.07399020142635282
gpt4o,dd_37249,T4,0.8056321968658945,0.9964063967659524,0.9010192968159234,0.19077419990005795
gpt4o,dd_37490,T1,0.9999999925775008,0.9999999990414745,0.9999999958094876,6.463973689641023e-09
gpt4o,dd_37490,T2,0.9999999952819725,0.999999999768745,0.9999999975253587,4.486772509082471e-09
gpt4o,dd_37490,T3,0.9999999920987906,0.9999999997927043,0.9999999959457475,7.693913617323744e-09
gpt4o,dd_37490,T4,0.999999998769229,0.9999999998872953,0.9999999993282621,1.1180663062049234e-09
gpt4o,dd_38533,T1,1.4823574212807154e-06,5.338154189374971e-06,3.410255805327843e-06,3.855796768094256e-06
gpt4o,dd_38533,T2,1.7159565374110953e-07,9.972937565900388e-06,5.072266609820749e-06,9.801341912159279e-06
gpt4o,dd_38533,T3,1.9033847113545498e-06,2.5466402738168163e-05,1.3684893724761355e-05,2.3563018026813614e-05
gpt4o,dd_38533,T4,8.186363541833018e-07,2.9311533682820888e-05,1.5065085018502095e-05,2.8492897328637587e-05
gpt4o,dd_39199,T1,0.9999935609632609,0.999999956613827,0.9999967587885439,6.3956505661488805e-06
gpt4o,dd_39199,T2,0.9999885212310273,0.9999999850061394,0.9999942531185834,1.146377511207497e-05
gpt4o,dd_39199,T3,0.9999907765325087,0.9999999508370256,0.9999953636847672,9.17430451696788e-06
gpt4o,dd_39199,T4,0.9999982669484093,0.9999999816291382,0.9999991242887738,1.7146807288481725e-06
gpt4o,dd_42860,T1,5.771920449486727e-06,2.3320741406002527e-06,4.05199729504349e-06,3.439846308886474e-06
gpt4o,dd_42860,T2,3.2058264753522243e-07,4.3139105671577224e-07,3.7598685212549734e-07,1.1080840918054981e-07
gpt4o,dd_42860,T3,8.446223372328858e-07,5.838247612410619e-08,4.5150240667849603e-07,7.862398611087796e-07
gpt4o,dd_42860,T4,2.6577236395359623e-07,9.132548693788391e-07,5.895136166662176e-07,6.474825054252428e-07
gpt4o,dd_44063,T1,0.9919380076897112,0.9820137940187298,0.9869759008542205,0.009924213670981397
gpt4o,dd_44063,T2,0.9995487892910953,0.998654139510455,0.9991014644007752,0.0008946497806402443
gpt4o,dd_44063,T3,0.957277799101738,0.9566341998451933,0.9569559994734657,0.0006435992565447801
gpt4o,dd_44063,T4,0.9637799480363163,0.9942697538166408,0.9790248509264785,0.030489805780324564
gpt4o,dd_44380,T1,0.9999999903192359,0.9999999994365119,0.9999999948778739,9.117275934222846e-09
gpt4o,dd_44380,T2,0.9999999939419326,0.9999999993096,0.9999999966257663,5.367667421651845e-09
gpt4o,dd_44380,T3,0.9999999710985779,0.9999999989635868,0.9999999850310823,2.7865008966898586e-08
gpt4o,dd_44380,T4,0.9999999915892065,0.9999999997030626,0.9999999956461345,8.113856142522025e-09
gpt4o,dd_45938,T1,3.745756213997523e-11,2.228638441614041e-09,1.1330480018770082e-09,2.191180879474066e-09
gpt4o,dd_45938,T2,1.0923714004727853e-10,4.718027606144857e-09,2.4136323730960676e-09,4.6087904660975786e-09
gpt4o,dd_45938,T3,5.2412552589052093e-11,9.237449576104204e-09,4.644931064346628e-09,9.185037023515153e-09
gpt4o,dd_45938,T4,4.698230849596178e-11,5.4304164834032315e-09,2.7386993959495967e-09,5.38343417490727e-09
gpt4o,dd_46859,T1,5.813750742364089e-10,2.757792983779012e-08,1.4079652456013266e-08,2.699655476355371e-08
gpt4o,dd_46859,T2,6.286163380815161e-10,4.792325729614328e-09,2.710471033847922e-09,4.1637093915328114e-09
gpt4o,dd_46859,T3,1.0024163444684785e-10,1.5713430949660966e-08,7.906836292053906e-09,1.561318931521412e-08
gpt4o,dd_46859,T4,7.685792716626253e-11,1.5713430948985838e-08,7.89514443807605e-09,1.5636573021819575e-08
gpt4o,dd_47886,T1,0.9770226322714172,0.9999389114739164,0.9884807718726668,0.02291627920249928
gpt4o,dd_47886,T2,0.9977481522947577,0.9999911988968758,0.9988696755958167,0.0022430466021181594
gpt4o,dd_47886,T3,0.979667649009177,0.9999239751912418,0.9897958121002094,0.020256326182064743
gpt4o,dd_47886,T4,0.9997546304536834,0.999995970541661,0.9998753004976721,0.00024134008797760398
gpt4o,dd_5570,T1,0.9999999778405106,0.9999999969538125,0.9999999873971616,1.911330183013149e-08
gpt4o,dd_5570,T2,0.9999999900119355,0.9999999993514292,0.9999999946816824,9.339493733939719e-09
gpt4o,dd_5570,T3,0.9999999795058225,0.9999999986482624,0.9999999890770425,1.9142439855457383e-08
gpt4o,dd_5570,T4,0.9999999500628215,0.9999999994706519,0.9999999747667367,4.940783038254182e-08
gpt4o,dd_6488,T1,1.689353101475261e-07,2.6842002591400894e-06,1.4265677846438078e-06,2.515264948992563e-06
gpt4o,dd_6488,T2,6.9727927772879364e-09,1.6280512790580771e-06,8.175120359176825e-07,1.6210784862807892e-06
gpt4o,dd_6488,T3,1.0907285358335966e-07,2.4061013697674325e-06,1.257587111675396e-06,2.297028516184073e-06
gpt4o,dd_6488,T4,3.747993791724289e-07,1.7778546801721962e-05,9.076673090447195e-06,1.7403747422549534e-05
gpt4o,dd_6826,T1,0.9995955184651706,0.9999940448630518,0.9997947816641112,0.0003985263978811826
gpt4o,dd_6826,T2,0.9976768377430009,0.999994906292799,0.9988358720178999,0.0023180685497981024
gpt4o,dd_6826,T3,0.9999852610187113,0.9999996367319813,0.9999924488753463,1.4375713270009527e-05
gpt4o,dd_6826,T4,0.9996079581724293,0.9999969584026284,0.9998024582875289,0.0003890002301990547
gpt4o,dd_6868,T1,3.1381477348129367e-06,4.006369985707176e-05,2.160092379594235e-05,3.6925552122258824e-05
gpt4o,dd_6868,T2,3.1875665929948285e-06,1.300712477002161e-05,8.09734568150822e-06,9.81955817702678e-06
gpt4o,dd_6868,T3,4.331903179977862e-05,0.006097561041164635,0.003070440036482207,0.006054242009364856
gpt4o,dd_6868,T4,2.2603252739505678e-06,6.108855532106883e-05,3.1674440297509696e-05,5.882823004711826e-05
gpt4o,dd_7687,T1,0.9999999807475021,0.9999999893677608,0.9999999850576314,8.620258729052921e-09
gpt4o,dd_7687,T2,0.9999999867679645,0.9999999949776857,0.9999999908728251,8.209721125140845e-09
gpt4o,dd_7687,T3,0.9999999442910519,0.9999999966017321,0.999999970446392,5.23106802319262e-08
gpt4o,dd_7687,T4,0.9999999890302572,0.9999999919743648,0.999999990502311,2.944107624358594e-09
gpt4o,dd_8580,T1,2.5466399733649345e-05,0.000939943730492506,0.0004827050651130777,0.0009144773307588567
gpt4o,dd_8580,T2,1.1659533953422111e-05,0.00012533747696903702,6.849850546122956e-05,0.00011367794301561491
gpt4o,dd_8580,T3,1.0571702244387681e-07,8.530322940821328e-06,4.318019981632603e-06,8.424605918377451e-06
gpt4o,dd_8580,T4,9.516252395342605e-06,0.0018386654908581436,0.0009240908716267431,0.001829149238462801
gpt4o,dd_9595,T1,0.999936972400465,0.9990302480954453,0.9994836102479552,0.0009067243050197016
gpt4o,dd_9595,T2,0.9999749283983501,0.9955316158734435,0.9977532721358968,0.004443312524906595
gpt4o,dd_9595,T3,0.9994023305603189,0.9999359799237054,0.9996691552420122,0.0005336493633865125
gpt4o,dd_9595,T4,0.9999566809785891,0.9999720306849309,0.99996435583176,1.5349706341760694e-05
gpt4o,dd_9899,T1,0.9994207084675819,0.9999900270624283,0.9997053677650052,0.0005693185948464352
gpt4o,dd_9899,T2,0.999548789394422,0.9999918603106559,0.9997703248525389,0.0004430709162338564
gpt4o,dd_9899,T3,0.9926541741485683,0.9948603899538708,0.9937572820512195,0.0022062158053025582
gpt4o,dd_9899,T4,0.9999792148280658,0.999999923854883,0.9999895693414744,2.0709026817167242e-05
gpt4o,dd_9955,T1,0.0006771943548361646,0.0006070756465766493,0.000642135000706407,7.011870825951525e-05
gpt4o,dd_9955,T2,6.962258424461729e-06,1.2411498467970278e-05,9.686878446216003e-06,5.449240043508549e-06
gpt4o,dd_9955,T3,0.021287350124762055,0.0028009269365561673,0.012044138530659112,0.018486423188205887
gpt4o,dd_9955,T4,3.340537808966794e-06,3.1693241605683976e-05,1.7516889707325384e-05,2.8352703796717183e-05
gpt4o,mc_C_034,T1,0.9999999837877711,0.9999999960270225,0.9999999899073968,1.2239251390155914e-08
gpt4o,mc_C_034,T2,0.9999999943972036,0.9999999991272526,0.9999999967622281,4.730049019130433e-09
gpt4o,mc_C_034,T3,0.9999999840391185,0.9999999971827371,0.9999999906109278,1.3143618637911914e-08
gpt4o,mc_C_034,T4,0.9999999960886177,0.9999999998254396,0.9999999979570287,3.736821962974091e-09
gpt4o,mc_C_1095,T1,0.9999999982092387,0.999999999975048,0.9999999990921433,1.7658092765771016e-09
gpt4o,mc_C_1095,T2,0.9999999997651032,0.999999999977633,0.9999999998713681,2.125297715593888e-10
gpt4o,mc_C_1095,T3,0.9999999996936368,0.9999999999808686,0.9999999998372527,2.872317939051072e-10
gpt4o,mc_C_1095,T4,0.9999999988793702,0.999999999987744,0.9999999994335571,1.1083738371553409e-09
gpt4o,mc_C_1216,T1,0.9999999985154067,0.999999999970828,0.9999999992431173,1.4554213390027826e-09
gpt4o,mc_C_1216,T2,0.9999999995472246,0.9999999999648119,0.9999999997560183,4.1758729807384043e-10
gpt4o,mc_C_1216,T3,0.9999999990563351,0.9999999995328519,0.9999999992945935,4.765168259979191e-10
gpt4o,mc_C_1216,T4,0.9999999991672186,0.9999999998941238,0.9999999995306712,7.269052026970257e-10
gpt4o,mc_C_183,T1,0.999999995132206,0.9999999998281459,0.999999997480176,4.69593985918948e-09
gpt4o,mc_C_183,T2,0.999999996905842,0.9999999999108433,0.9999999984083426,3.0050013588578395e-09
gpt4o,mc_C_183,T3,0.9999999981523939,0.9999999999316411,0.9999999990420175,1.7792471940225596e-09
gpt4o,mc_C_183,T4,0.9999999990110477,0.9999999999213194,0.9999999994661836,9.102716358455609e-10
gpt4o,mc_C_291,T1,0.9999999975523195,0.9999999999260865,0.999999998739203,2.3737669607726275e-09
gpt4o,mc_C_291,T2,0.9999999982092387,0.9999999999736453,0.999999999091442,1.7644066208077902e-09
gpt4o,mc_C_291,T3,0.9999999976276268,0.9999999999094393,0.9999999987685331,2.281812516713444e-09
gpt4o,mc_C_291,T4,0.9999999981523939,0.999999999868235,0.9999999990103144,1.7158410248185874e-09
gpt4o,mc_C_467,T1,0.9999999442910519,0.9999999960270225,0.9999999701590372,5.173597061869373e-08
gpt4o,mc_C_467,T2,0.9999999890302572,0.9999999987883104,0.9999999939092838,9.758053143293921e-09
gpt4o,mc_C_467,T3,0.9999999807475021,0.9999999989796549,0.9999999898635785,1.823215278751178e-08
gpt4o,mc_C_467,T4,0.999999994484067,0.9999999994365119,0.9999999969602894,4.952444898620456e-09
gpt4o,mc_C_527,T1,0.9999999974746219,0.9999999997121984,0.9999999985934102,2.2375765684756743e-09
gpt4o,mc_C_527,T2,0.9999999928058669,0.9999999999499876,0.9999999963779272,7.144120628410633e-09
gpt4o,mc_C_527,T3,0.9999999972264146,0.9999999995328519,0.9999999983796333,2.30643726339963e-09
gpt4o,mc_C_527,T4,0.9999999971827371,0.9999999998781373,0.9999999985304372,2.69540012531877e-09
gpt4o,mc_C_675,T1,0.9999999926925758,0.999999999768745,0.9999999962306604,7.076169206143845e-09
gpt4o,mc_C_675,T2,0.9999999981810384,0.9999999999108433,0.9999999990459408,1.7298049659331127e-09
gpt4o,mc_C_675,T3,0.9999999970933076,0.9999999999367783,0.999999998515043,2.843470792157632e-09
gpt4o,mc_C_675,T4,0.9999999925775007,0.999999999624636,0.9999999961010684,7.047135319737663e-09
gpt4o,mc_C_772,T1,0.9999999967062858,0.9999999999135862,0.999999998309936,3.2073004252453075e-09
gpt4o,mc_C_772,T2,0.9999999986482624,0.999999999905093,0.9999999992766777,1.2568306395621676e-09
gpt4o,mc_C_772,T3,0.9999999982370018,0.9999999998506905,0.9999999990438462,1.613688738189012e-09
gpt4o,mc_C_772,T4,0.9999999966544175,0.9999999998890425,0.99999999827173,3.234625012282777e-09
gpt4o,mc_C_941,T1,0.9999999954271308,0.9999999996687425,0.9999999975479367,4.241611728517114e-09
gpt4o,mc_C_941,T2,0.9999999956365377,0.9999999998410609,0.9999999977387993,4.204523174067276e-09
gpt4o,mc_C_941,T3,0.9999999965482171,0.999999999786124,0.9999999981671706,3.237906831543569e-09
gpt4o,mc_C_941,T4,0.9999999966544175,0.9999999999669438,0.9999999983106806,3.312526253296255e-09
gpt4o,mc_G_005,T1,0.9999997257909216,0.9999999964386459,0.9999998611147838,2.7064772434304274e-07
gpt4o,mc_G_005,T2,0.9999999468421503,0.9999999986482624,0.9999999727452064,5.180611206689889e-08
gpt4o,mc_G_005,T3,0.9999998704727996,0.9999999957707875,0.9999999331217935,1.2529798787408453e-07
gpt4o,mc_G_005,T4,0.9999998599477048,0.9999999972694151,0.9999999286085599,1.3732171033620233e-07
gpt4o,mc_G_037,T1,0.9999964440159327,0.9999999515992267,0.9999981978075797,3.507583294037886e-06
gpt4o,mc_G_037,T2,0.9999984942985227,0.9999999715466527,0.9999992329225877,1.4772481299329954e-06
gpt4o,mc_G_037,T3,0.9999885212269366,0.9999987320711764,0.9999936266490566,1.0210844239799677e-05
gpt4o,mc_G_037,T4,0.9999993106390678,0.9999999931353103,0.999999651887189,6.824962425211467e-07
gpt4o,mc_G_064,T1,5.579287180810713e-11,3.0461875766482648e-09,1.550990224228186e-09,2.9903947048401575e-09
gpt4o,mc_G_064,T2,5.001240706120834e-11,1.6822645551641005e-09,8.661384811126544e-10,1.6322521481028922e-09
gpt4o,mc_G_064,T3,6.42172018152997e-11,1.580341298396515e-09,8.222792501059074e-10,1.5161240965812154e-09
gpt4o,mc_G_064,T4,1.525292237602492e-11,9.290347231192547e-10,4.721438227476398e-10,9.137818007432298e-10
gpt4o,mc_G_086,T1,0.9999991420765005,0.9999999697115696,0.9999995558940351,8.276350690339385e-07
gpt4o,mc_G_086,T2,0.9999999559305943,0.9999999922212875,0.9999999740759409,3.629069322830247e-08
gpt4o,mc_G_086,T3,0.999999321326611,0.9999999774915497,0.9999996494090804,6.561649387171187e-07
gpt4o,mc_G_086,T4,0.9999890468815972,0.9999999378521658,0.9999944923668815,1.0890970568611102e-05
gpt4o,mc_G_112,T1,0.9585377281769191,0.9944450764615808,0.9764914023192499,0.03590734828466169
gpt4o,mc_G_112,T2,0.9978172832813869,0.9997868125045057,0.9988020478929462,0.001969529223118882
gpt4o,mc_G_112,T3,0.9999697580464718,,,
gpt4o,mc_G_112,T4,0.7690802317779601,0.8723473829749844,0.8207138073764723,0.10326715119702423
gpt4o,mc_G_135,T1,0.9999993820606635,0.9999999883227696,0.9999996851917166,6.062621060731743e-07
gpt4o,mc_G_135,T2,0.9999998144608402,0.9999999966017321,0.9999999055312861,1.8214089192447602e-07
gpt4o,mc_G_135,T3,0.9999998485673641,0.9999999959009065,0.9999999222341354,1.4733354236629026e-07
gpt4o,mc_G_135,T4,0.999999181363646,0.9999999950555496,0.9999995882095978,8.136919036338952e-07
gpt4o,mc_G_156,T1,0.9999999914567558,0.9999999993308415,0.9999999953937986,7.874085716785828e-09
gpt4o,mc_G_156,T2,,0.99999999940017,,
gpt4o,mc_G_156,T3,0.9999999893677608,0.999999999445248,0.9999999944065043,1.0077487178072886e-08
gpt4o,mc_G_156,T4,0.9999999920987906,0.9999999995746569,0.9999999958367238,7.475866259376573e-09
gpt4o,mc_G_179,T1,0.9999999929174017,0.9999999998254396,0.9999999963714207,6.908037919473031e-09
gpt4o,mc_G_179,T2,0.9999999970933076,0.999999999799082,0.9999999984461948,2.705774493350077e-09
gpt4o,mc_G_179,T3,0.9999999992417439,0.999999999845951,0.9999999995438474,6.042071287737372e-10
gpt4o,mc_G_179,T4,0.9999999974746219,0.9999999999433284,0.9999999987089752,2.468706572500423e-09
gpt4o,mc_G_186,T1,0.0011879055487943916,0.0019267345364492408,0.0015573200426218163,0.0007388289876548491
gpt4o,mc_G_186,T2,0.0006986756165706755,0.0026316736190752626,0.0016651746178229692,0.001932998002504587
gpt4o,mc_G_186,T3,0.0005442133402039462,0.0006263341356852616,0.000585273737944604,8.212079548131546e-05
gpt4o,mc_G_186,T4,2.9944415596960008e-06,0.00010554683984470671,5.4270640702201356e-05,0.00010255239828501072
gpt4o,mc_G_235,T1,0.9999999701811482,0.9999999985384231,0.9999999843597857,2.8357274972634627e-08
gpt4o,mc_G_235,T2,0.9999999913222192,0.9999999995472246,0.9999999954347218,8.225005454498557e-09
gpt4o,mc_G_235,T3,0.9999999687501117,0.9999999979063878,0.9999999833282498,2.915627617117167e-08
gpt4o,mc_G_235,T4,0.9999998336837886,0.9999999937496289,0.9999999137167088,1.6006584024896853e-07
gpt4o,mc_G_236,T1,6.4390375088322825e-06,0.004681822313849905,0.0023441306756793686,0.004675383276341072
gpt4o,mc_G_236,T2,5.338154828503786e-06,0.0017007222181302534,0.0008530301864793787,0.0016953840633017496
gpt4o,mc_G_236,T3,0.01428193208955416,0.0534033326246047,0.03384263235707943,0.03912140053505054
gpt4o,mc_G_236,T4,6.922183071675939e-05,0.028870903865090617,0.014470062847903689,0.028801682034373857
gpt4o,mc_G_288,T1,0.999998517642226,0.999960557429201,0.9999795375357134,3.79602130250456e-05
gpt4o,mc_G_288,T2,0.9999997383478663,0.9999913353431122,0.9999955368454893,8.403004754020671e-06
gpt4o,mc_G_288,T3,0.9999946618451718,0.9999807768283971,0.9999877193367845,1.3885016774684011e-05
gpt4o,mc_G_288,T4,0.9999984942987016,0.9999832985828951,0.9999908964407984,1.5195715806437526e-05
gpt4o,mc_G_302,T1,0.05419873315389024,0.9184802422300702,0.4863394876919802,0.86428150907618
gpt4o,mc_G_302,T2,0.12765263115180747,0.9473810481080934,0.5375168396299504,0.819728416956286
gpt4o,mc_G_302,T3,0.031143830078890378,0.8221891361574671,0.4266664831181788,0.7910453060785767
gpt4o,mc_G_302,T4,5.920917645852697e-05,0.38861802198636713,0.19433861558141283,0.3885588128099086
gpt4o,mc_G_365,T1,0.9999998336837886,0.9999999974348528,0.9999999155593207,1.6375106415278395e-07
gpt4o,mc_G_365,T2,0.9999999592424623,0.9999999986269756,0.9999999789347189,3.9384513317308745e-08
gpt4o,mc_G_365,T3,0.9999983971896595,0.999999995704187,0.9999991964469233,1.5985145274122203e-06
gpt4o,mc_G_365,T4,0.9999998663611654,0.9999999989635868,0.9999999326623761,1.3260242137658196e-07
gpt4o,mc_G_373,T1,2.1176585545060426e-11,2.486225841845177e-09,1.2537012136951187e-09,2.4650492563001165e-09
gpt4o,mc_G_373,T2,3.716606507903788e-11,5.547519713384543e-10,2.959590182087461e-10,5.175859062594164e-10
gpt4o,mc_G_373,T3,9.946154786128256e-11,9.585254508866474e-10,5.28993499373965e-10,8.590639030253648e-10
gpt4o,mc_G_373,T4,1.075435751649888e-10,1.0693124115290656e-09,5.884279933470272e-10,9.617688363640768e-10
gpt4o,mc_G_385,T1,0.9999888743943633,0.9999932519463127,0.999991063170338,4.377551949374947e-06
gpt4o,mc_G_385,T2,0.9999913353441595,0.9999930377415785,0.999992186542869,1.7023974190344404e-06
gpt4o,mc_G_385,T3,0.999981074850384,0.9999975175203724,0.9999892961853782,1.644266998834798e-05
gpt4o,mc_G_385,T4,,0.9999792148305453,,
gpt4o,mc_G_397,T1,0.9999999662108141,0.9999999978059133,0.9999999820083637,3.1595099203585164e-08
gpt4o,mc_G_397,T2,0.9999999861329458,0.999999998995474,0.9999999925642099,1.2862528153689823e-08
gpt4o,mc_G_397,T3,0.9999999924606134,0.9999999992987278,0.9999999958796706,6.838114408047602e-09
gpt4o,mc_G_397,T4,0.9999999682579975,0.9999999971827371,0.9999999827203674,2.8924739603475302e-08
gpt4o,mc_G_431,T1,0.9999999971827371,0.9999999988793702,0.9999999980310537,1.6966330562695475e-09
gpt4o,mc_G_431,T2,0.999999998995474,0.9999999986898511,0.9999999988426626,3.0562286035262787e-10
gpt4o,mc_G_431,T3,0.999999996149258,0.9999999994948925,0.9999999978220753,3.345634436158207e-09
gpt4o,mc_G_431,T4,0.9999999940358542,0.9999999989306876,0.9999999964832709,4.8948334274712124e-09
gpt4o,mc_G_453,T1,0.9883127420645047,0.999447221285736,0.9938799816751204,0.011134479221231341
gpt4o,mc_G_453,T2,0.9991306324909107,0.9999947446064099,0.9995626885486604,0.0008641121154991938
gpt4o,mc_G_453,T3,0.9998785182835083,0.999996388016242,0.9999374531498751,0.00011786973273375523
gpt4o,mc_G_453,T4,0.991152644930436,0.9999227780486485,0.9955377114895423,0.008770133118212509
gpt4o,mc_G_492,T1,0.9999976312016852,0.9999999873739035,0.9999988092877943,2.3561722183318423e-06
gpt4o,mc_G_492,T2,0.999999862119014,0.9999999986053536,0.9999999303621838,1.364863395636462e-07
gpt4o,mc_G_492,T3,0.9999980666413983,0.9999999795058225,0.9999990230736104,1.912864424191696e-06
gpt4o,mc_G_492,T4,0.9999965534220934,0.9999999830097303,0.9999982682159119,3.429587636882836e-06
gpt4o,mc_G_572,T1,0.9996079582734471,0.9999979095407474,0.9998029339070973,0.000389951267300348
gpt4o,mc_G_572,T2,0.999839069204941,0.9999977040798652,0.9999183866424031,0.0001586348749241795
gpt4o,mc_G_572,T3,0.9957353645544209,0.9999978766206209,0.9978666205875208,0.004262512066199986
gpt4o,mc_G_572,T4,0.9997658642213004,0.9999994194999002,0.9998826418606004,0.0002335552785998063
gpt4o,mc_G_595,T1,0.9715639676241284,0.9996946509541875,0.9856293092891579,0.02813068333005908
gpt4o,mc_G_595,T2,0.9959298618399651,0.9999768125125118,0.9979533371762385,0.004046950672546679
gpt4o,mc_G_595,T3,0.9982725414593601,0.999769493267909,0.9990210173636345,0.0014969518085489186
gpt4o,mc_G_595,T4,0.994698105626605,0.9999760764859593,0.9973370910562822,0.005277970859354331
gpt4o,mc_G_601,T1,4.888301388764766e-07,6.439036739179422e-06,3.4639334390279494e-06,5.950206600302945e-06
gpt4o,mc_G_601,T2,9.62564566858337e-08,1.8738757458409485e-06,9.85066101263391e-07,1.7776192891551147e-06
gpt4o,mc_G_601,T3,,1.3007134075794804e-05,,
gpt4o,mc_G_601,T4,1.2047905469543851e-08,6.577928959934741e-07,3.34920400731509e-07,6.457449905239302e-07
gpt4o,mc_H_035,T1,7.778712445608093e-09,3.769456045941013e-08,2.273663645250911e-08,2.991584801380204e-08
gpt4o,mc_H_035,T2,2.688251101976826e-09,2.8901422286117245e-08,1.5794836694047035e-08,2.621317118414042e-08
gpt4o,mc_H_035,T3,4.0355428695601054e-09,4.338617288987653e-08,2.3710857879718318e-08,3.935063002031643e-08
gpt4o,mc_H_035,T4,1.3101489533502845e-09,1.866016090201368e-08,9.985154927681983e-09,1.7350011948663398e-08
gpt4o,mc_H_044,T1,0.9999251537672781,0.9996593706297024,0.9997922621984903,0.000265783137575637
gpt4o,mc_H_044,T2,0.999994137184859,0.9999775259165371,0.999985831550698,1.6611268321864436e-05
gpt4o,mc_H_044,T3,0.9978842966189987,0.9572778007776238,0.9775810486983112,0.04060649584137488
gpt4o,mc_H_044,T4,0.9998365353664954,0.9996200153985206,0.9997282753825081,0.000216519967974782
gpt4o,mc_H_049,T1,0.4493926344647596,0.12085324198975819,0.28512293822725887,0.3285393924750014
gpt4o,mc_H_049,T2,0.0017007222228931612,0.9511422196466567,0.47642147093477494,0.9494414974237635
gpt4o,mc_H_049,T3,0.10970577606107472,0.6992544085240401,0.4044800922925574,0.5895486324629654
gpt4o,mc_H_049,T4,0.9653811625594743,0.999933947834724,0.9826575551970991,0.03455278527524974
gpt4o,mc_H_060,T1,0.9943580918359781,0.9999318513055541,0.9971449715707661,0.005573759469575945
gpt4o,mc_H_060,T2,0.9962927475530348,0.9999973157997403,0.9981450316763876,0.0037045682467055085
gpt4o,mc_H_060,T3,0.9869795120720233,0.9991959141917488,0.993087713131886,0.012216402119725522
gpt4o,mc_H_060,T4,0.9977829868821917,0.9999934595630691,0.9988882232226304,0.0022104726808773734
gpt4o,mc_H_066,T1,1.8767017258218814e-09,4.2292126149235204e-09,3.052957170372701e-09,2.352510889101639e-09
gpt4o,mc_H_066,T2,1.484593259381657e-09,8.15202064764351e-09,4.8183069535125835e-09,6.667427388261852e-09
gpt4o,mc_H_066,T3,3.3125753213065985e-10,2.890142228599925e-08,1.4616339909064954e-08,2.857016475386859e-08
gpt4o,mc_H_066,T4,1.2698399076481713e-09,1.646753423399051e-08,8.86868707081934e-09,1.5197694326342336e-08
gpt4o,mc_H_072,T1,0.9999995549151273,0.9999999919743648,0.9999997734447461,4.3705923757908494e-07
gpt4o,mc_H_072,T2,0.9999999798235555,0.9999999988437975,0.9999999893336765,1.902024204802899e-08
gpt4o,mc_H_072,T3,0.9999986918228473,0.9999999795058225,0.9999993356643349,1.2876829752483943e-06
gpt4o,mc_H_072,T4,0.9999997126313569,0.9999999845301832,0.9999998485807701,2.7189882634282014e-07
gpt4o,mc_H_073,T1,0.9999996892803813,0.9999984942987017,0.9999990917895415,1.194981679608631e-06
gpt4o,mc_H_073,T2,0.9999999744945842,0.9999999965482171,0.9999999855214007,2.205363291984952e-08
gpt4o,mc_H_073,T3,0.9999995883634264,0.9999999214377777,0.9999997549006021,3.3307435132190477e-07
gpt4o,mc_H_073,T4,0.9999975938983435,0.9999994956527949,0.9999985447755693,1.9017544513610929e-06
gpt4o_mini,dd_0107,T1,0.09534946991828995,0.022977367771183966,0.059163418844736956,0.07237210214710599
gpt4o_mini,dd_0107,T2,0.03732688385081963,0.006692851408462012,0.02200986762964082,0.030634032442357614
gpt4o_mini,dd_0107,T3,1.370956655045434e-06,1.1032560311213025e-09,6.860299555382777e-07,1.3698533990143128e-06
gpt4o_mini,dd_0107,T4,0.1480472035124246,0.0019267343288411687,0.07498696892063288,0.14612046918358343
gpt4o_mini,dd_0283,T1,2.789468092085537e-10,7.287724095790011e-14,1.3950984322475581e-10,2.788739319675958e-10
gpt4o_mini,dd_0283,T2,4.847368706018242e-11,8.25807328553757e-14,2.42781338965189e-11,4.8391106327327045e-11
gpt4o_mini,dd_0283,T3,2.289734845589759e-11,6.431393941442116e-14,1.1480831197656006e-11,2.2833034516483167e-11
gpt4o_mini,dd_0283,T4,4.8473687060309826e-11,1.5428112031879066e-13,2.431398409031431e-11,4.831940593999103e-11
gpt4o_mini,dd_11241,T1,0.04742587530141944,0.9770226322473213,0.5122242537743704,0.9295967569459019
gpt4o_mini,dd_11241,T2,0.017986211536912596,0.9399133456610076,0.4789497785989601,0.921927134124095
gpt4o_mini,dd_11241,T3,0.00020342706097989643,0.1480472022968157,0.0741253146788978,0.1478437752358358
gpt4o_mini,dd_11241,T4,0.006692851409634251,0.9241418242041739,0.4654173378069041,0.9174489727945396
gpt4o_mini,dd_13518,T1,3.098819138708203e-12,1.2015425731700367e-13,1.6094866980126032e-12,2.9786648813911994e-12
gpt4o_mini,dd_13518,T2,6.56020016810112e-12,8.258073285543059e-14,3.3213904504782753e-12,6.47761943524569e-12
gpt4o_mini,dd_13518,T3,6.56020016810221e-12,1.2015425731691106e-13,3.3401772127095607e-12,6.4400459107852985e-12
gpt4o_mini,dd_13518,T4,4.277787868784702e-11,1.201542573174458e-13,2.144901647258223e-11,4.265772443052957e-11
gpt4o_mini,dd_14408,T1,0.9999986290433451,0.9999962733608835,0.9999974512021144,2.3556824616521865e-06
gpt4o_mini,dd_14408,T2,0.999999997664407,0.9999999468421502,0.9999999722532786,5.0822256736360316e-08
gpt4o_mini,dd_14408,T3,0.99999960721363,0.9999998874648162,0.999999747339223,2.8025118614660727e-07
gpt4o_mini,dd_14408,T4,0.9999832985848885,0.9984988179742034,0.9992410582795459,0.0014844806106851793
gpt4o_mini,dd_14818,T1,0.9399133524929064,0.9999997617630155,0.9699565571279609,0.06008640927010911
gpt4o_mini,dd_14818,T2,0.991422514346462,0.9999999123575085,0.9957112133519852,0.008577398011046511
gpt4o_mini,dd_14818,T3,0.9241418181046822,0.9999993524053853,0.9620705852550338,0.07585753430070308
gpt4o_mini,dd_14818,T4,0.9399133525917741,0.9999962733608834,0.9699548129763287,0.06008292076910926
gpt4o_mini,dd_15810,T1,0.00012339462766566516,0.0031726830659821238,0.0016480388468238945,0.0030492884383164585
gpt4o_mini,dd_15810,T2,0.003172683066272948,0.0007096703409674839,0.0019411767036202159,0.0024630127253054642
gpt4o_mini,dd_15810,T3,1.3007124774621727e-05,0.0002611903266768765,0.0001370987257257491,0.00024818320190225475
gpt4o_mini,dd_15810,T4,0.0024726229595931075,0.002472622959535411,0.0024726229595642595,5.769646913011961e-14
gpt4o_mini,dd_17929,T1,0.9999999847700205,0.999998629043345,0.9999993069066828,1.3557266754782304e-06
gpt4o_mini,dd_17929,T2,0.9975273770413441,0.9999962733608834,0.9987618252011137,0.002468896319539282
gpt4o_mini,dd_17929,T3,0.9999999966017321,0.9999962733608834,0.9999981349813077,3.723240848740872e-06
gpt4o_mini,dd_17929,T4,0.9999999966017321,0.9999993524053853,0.9999996745035586,6.441963468217793e-07
gpt4o_mini,dd_1808,T1,0.8175744725353289,0.9706877721858325,0.8941311223605807,0.15311329965050358
gpt4o_mini,dd_1808,T2,0.9947798742727804,0.9525741247541463,0.9736769995134633,0.042205749518634095
gpt4o_mini,dd_1808,T3,0.22270013798159913,0.5000000015596219,0.3613500697706105,0.2772998635780227
gpt4o_mini,dd_1808,T4,0.8519527988195134,0.5000000013807374,0.6759764001001254,0.35195279743877594
gpt4o_mini,dd_1814,T1,6.224144622503194e-11,2.2897348455797017e-11,4.256939734041448e-11,3.934409776923493e-11
gpt4o_mini,dd_1814,T2,3.7751345441322486e-11,8.878265478427312e-13,1.9319585994582608e-11,3.6863518893479757e-11
gpt4o_mini,dd_1814,T3,5.4927883506379554e-11,5.789356328667079e-12,3.035861991752332e-11,4.913852717771247e-11
gpt4o_mini,dd_1814,T4,4.847368706031934e-11,1.4637785141197188e-12,2.496873278721953e-11,4.700990854619962e-11
gpt4o_mini,dd_18223,T1,0.9933071478006379,0.8807970676927815,0.9370521077467098,0.11251008010785635
gpt4o_mini,dd_18223,T2,0.9999994956527948,0.9995694428820102,0.9997844692674025,0.0004300527707845614
gpt4o_mini,dd_18223,T3,0.9914225163667902,0.2689414346299481,0.6301819754983692,0.7224810817368421
gpt4o_mini,dd_18223,T4,0.9914225133376573,0.9959298622347341,0.9936761877861957,0.004507348897076824
gpt4o_mini,dd_18643,T1,0.9999999999999356,0.9999999999993086,0.9999999999996221,6.270539643082884e-13
gpt4o_mini,dd_18643,T2,0.9999999999999762,0.9999999999993086,0.9999999999996424,6.676881270095691e-13
gpt4o_mini,dd_18643,T3,0.9999999999999558,0.9999999999989939,0.9999999999994749,9.618972285352356e-13
gpt4o_mini,dd_18643,T4,0.9999999999999656,0.99999999999886,0.9999999999994128,1.1055600879217309e-12
gpt4o_mini,dd_18670,T1,0.9999994956527948,0.9999999999200804,0.9999997477864375,5.042672855948283e-07
gpt4o_mini,dd_18670,T2,0.9999997617630155,0.9999999998837177,0.9999998808233665,2.3812070215623038e-07
gpt4o_mini,dd_18670,T3,0.9999982396568657,0.9999999991407833,0.9999991193988245,1.7594839175627541e-06
gpt4o_mini,dd_18670,T4,0.9999999979388463,0.9999999998506905,0.9999999988947684,1.911844238478011e-09
gpt4o_mini,dd_2081,T1,0.9980732654443913,0.9999962733608835,0.9990347694026374,0.0019230079164921365
gpt4o_mini,dd_2081,T2,0.9820137869571881,0.9999898700118931,0.9910018284845405,0.017976083054704994
gpt4o_mini,dd_2081,T3,0.999999694097641,0.999999974890009,0.999999834493825,2.807923680236968e-07
gpt4o_mini,dd_2081,T4,0.9933071502305575,0.9999998555019682,0.9966535028662629,0.006692705271410748
gpt4o_mini,dd_21158,T1,0.9999999999969011,0.9999993524053853,0.9999996762011432,6.475915158565826e-07
gpt4o_mini,dd_21158,T2,0.999999996149258,0.999998629043345,0.9999993125963016,1.3671059130304641e-06
gpt4o_mini,dd_21158,T3,0.9999999847700205,0.9975273770407113,0.9987636809053659,0.0024726077293092397
gpt4o_mini,dd_21158,T4,0.9999999999094393,0.9999993524053853,0.9999996761574124,6.475040540410149e-07
gpt4o_mini,dd_21629,T1,0.9999989322969234,0.9999991684720096,0.9999990503844665,2.361750862656109e-07
gpt4o_mini,dd_21629,T2,0.9399133453812566,0.9999952149051503,0.9699542801432035,0.060081869523893716
gpt4o_mini,dd_21629,T3,0.9999251538028822,0.99999998813888,0.999962570970881,7.483433599786427e-05
gpt4o_mini,dd_21629,T4,0.5621765001581708,0.9999952149051503,0.7810858575316606,0.43781871474697953
gpt4o_mini,dd_21630,T1,0.0003353500541759479,5.8291276779872006e-05,0.00019682066547790995,0.0002770587773960759
gpt4o_mini,dd_21630,T2,7.889265051214717e-06,1.6701415112528788e-05,1.2295340081871752e-05,8.81215006131407e-06
gpt4o_mini,dd_21630,T3,1.1253518384313887e-07,1.522997951270928e-08,6.388258167792407e-08,9.730520433042959e-08
gpt4o_mini,dd_21630,T4,0.00012339462766566516,0.0024726229561630258,0.0012980087919143455,0.0023492283284973605
gpt4o_mini,dd_22819,T1,5.49278835063362e-11,3.70101167857223e-13,2.764899233709671e-11,5.4557782338478975e-11
gpt4o_mini,dd_22819,T2,2.940077739193123e-11,6.101936677584567e-13,1.500548552984484e-11,2.879058372417277e-11
gpt4o_mini,dd_22819,T3,1.4930946759689527e-10,1.0060392792801273e-12,7.51577534380877e-11,1.4830342831761513e-10
gpt4o_mini,dd_22819,T4,4.84736870602196e-11,1.9810087980463038e-13,2.4335893970012116e-11,4.8275586180414966e-11
gpt4o_mini,dd_23534,T1,0.0002611903266809981,0.06008665442453316,0.03017392237560708,0.059825464097852166
gpt4o_mini,dd_23534,T2,0.0009110514016215281,0.8175744697656915,0.4092427605836565,0.81666341836407
gpt4o_mini,dd_23534,T3,0.0031726830660504454,0.017986213638696406,0.010579448352373426,0.01481353057264596
gpt4o_mini,dd_23534,T4,0.014063627257148525,0.7310585858793722,0.37256110656826036,0.7169949586222237
gpt4o_mini,dd_24260,T1,0.9999921107349501,0.9999999317439577,0.9999960212394539,7.821009007646929e-06
gpt4o_mini,dd_24260,T2,0.9999999999450722,0.9999999943972036,0.9999999971711379,5.547868608957174e-09
gpt4o_mini,dd_24260,T3,0.9999962733608838,0.99999998813888,0.999998130749882,3.714777996211005e-06
gpt4o_mini,dd_24260,T4,0.9996646499461054,0.9999970976877992,0.9998308738169523,0.00033244774169383096
gpt4o_mini,dd_24405,T1,2.594609498200036e-11,3.900837610157898e-14,1.2992551679050969e-11,2.590708660589878e-11
gpt4o_mini,dd_24405,T2,1.783247290777306e-11,3.900837610166816e-14,8.935740641937363e-12,1.7793464531671392e-11
gpt4o_mini,dd_24405,T3,3.331544542043722e-11,6.431393941445059e-14,1.6689879679925833e-11,3.325113148102277e-11
gpt4o_mini,dd_24405,T4,1.38879438647331e-11,3.037975385436527e-14,6.959161809293733e-12,1.3857564110878734e-11
gpt4o_mini,dd_24975,T1,0.9999898700118939,0.9999998874648162,0.999994878738355,1.0017452922284065e-05
gpt4o_mini,dd_24975,T2,0.9999977396747259,0.9999999847700205,0.9999988622223732,2.2450952945618496e-06
gpt4o_mini,dd_24975,T3,0.9999999990263799,0.9999999979388463,0.9999999984826131,1.0875336187154971e-09
gpt4o_mini,dd_24975,T4,0.9999997617630155,0.9999999677581336,0.9999998647605746,2.0599511807439796e-07
gpt4o_mini,dd_25137,T1,0.9999999999998457,0.999999999990455,0.9999999999951503,9.390710431489424e-12
gpt4o_mini,dd_25137,T2,0.9999999999999356,0.9999999999942106,0.9999999999970731,5.724976048782082e-12
gpt4o_mini,dd_25137,T3,0.9999999999998019,0.9999999999771028,0.9999999999884523,2.26991758722761e-11
gpt4o_mini,dd_25137,T4,0.9999999999997455,0.9999999999771028,0.9999999999884241,2.2642776542625143e-11
gpt4o_mini,dd_25302,T1,2.5946094981898263e-11,1.0603575991510349e-13,1.3026065370906684e-11,2.584005922198316e-11
gpt4o_mini,dd_25302,T2,5.109089028016872e-12,1.0603575991513023e-13,2.607562393966001e-12,5.003053268101742e-12
gpt4o_mini,dd_25302,T3,1.0815941557065364e-11,1.5428112031890438e-13,5.485111338692134e-12,1.066166043674646e-11
gpt4o_mini,dd_25302,T4,1.2256067443906236e-11,6.43139394144702e-14,6.160190691660353e-12,1.2191753504491766e-11
gpt4o_mini,dd_25868,T1,0.09534947019987015,0.9999785550602311,0.5476640126300506,0.904629084860361
gpt4o_mini,dd_25868,T2,0.03732688798257002,0.9990889485983785,0.5182079182904743,0.9617620606158085
gpt4o_mini,dd_25868,T3,0.004070136797829855,0.9914225143480783,0.49774632557295406,0.9873523775502484
gpt4o_mini,dd_25868,T4,0.005220126304286388,0.9626731120704815,0.4839466191873839,0.9574529857661951
gpt4o_mini,dd_26178,T1,3.7266391165161e-06,1.3709566549681497e-06,2.548797885742125e-06,2.3556824615479507e-06
gpt4o_mini,dd_26178,T2,2.9023122007520174e-06,1.125351838415178e-07,1.5074236922967677e-06,2.7897770169104994e-06
gpt4o_mini,dd_26178,T3,7.889265051176672e-06,1.0129988106342324e-05,9.009626578759497e-06,2.2407230551656516e-06
gpt4o_mini,dd_26178,T4,3.7266391165469843e-06,3.7266391163939754e-06,3.72663911647048e-06,1.5300887862496407e-16
gpt4o_mini,dd_26321,T1,0.9999999999200804,0.99999998813888,0.9999999940294801,1.1781200348615073e-08
gpt4o_mini,dd_26321,T2,0.999999996149258,0.9999999973534264,0.9999999967513422,1.2041683206120979e-09
gpt4o_mini,dd_26321,T3,0.9999999918479795,0.999999974890009,0.9999999833689943,1.6957970472297745e-08
gpt4o_mini,dd_26321,T4,0.999999999683912,0.9999999907625504,0.9999999952232312,8.921361538405392e-09
gpt4o_mini,dd_27524,T1,3.978962535783397e-12,3.7010116785745155e-13,2.1745318518204245e-12,3.6088613679259458e-12
gpt4o_mini,dd_27524,T2,2.413362771815045e-12,1.5428112031887247e-13,1.2838219460669587e-12,2.2590816514961725e-12
gpt4o_mini,dd_27524,T3,2.734698291570408e-12,5.384940217719797e-13,1.6365961566711938e-12,2.196204269798428e-12
gpt4o_mini,dd_27524,T4,7.433680672253841e-12,1.7482341282681672e-13,3.804252042540329e-12,7.258857259427024e-12
gpt4o_mini,dd_27558,T1,0.004070137767467401,0.7310585673097232,0.3675643525385953,0.7269884295422557
gpt4o_mini,dd_27558,T2,0.005220125687443825,0.8175744742786019,0.4113972999830228,0.8123543485911581
gpt4o_mini,dd_27558,T3,0.014063627252262331,0.9997965729390192,0.5069301000956408,0.985732945686757
gpt4o_mini,dd_27558,T4,0.00012339462766337216,0.14804720240538516,0.07408529851652426,0.1479238077777218
gpt4o_mini,dd_28814,T1,0.00026119032667660294,2.9023122004743862e-06,0.00013204631943853867,0.00025828801447612854
gpt4o_mini,dd_28814,T2,5.829127678483207e-05,4.139937547270646e-08,2.9166338080152386e-05,5.8249877409359365e-05
gpt4o_mini,dd_28814,T3,1.670141511360136e-05,1.5229979512483125e-08,8.358322546556921e-06,1.6686185134088875e-05
gpt4o_mini,dd_28814,T4,0.0015011820257966957,1.760343134204431e-06,0.00075147118446545,0.0014994216826624913
gpt4o_mini,dd_29454,T1,0.004070137768424727,0.0293122308935476,0.016691184330986163,0.02524209312512287
gpt4o_mini,dd_29454,T2,0.004070137768424727,0.00020342706096915578,0.0021367824146969415,0.0038667107074555713
gpt4o_mini,dd_29454,T3,0.01406362393207498,0.001501182383228247,0.007782403157651614,0.012562441548846733
gpt4o_mini,dd_29454,T4,0.014063627259362837,0.001501182204128146,0.007782404731745492,0.01256244505523469
gpt4o_mini,dd_29978,T1,2.7535689845086077e-05,2.061153618184104e-09,1.376887549935213e-05,2.7533628691467893e-05
gpt4o_mini,dd_29978,T2,1.0129988107021204e-05,1.7257827689981937e-08,5.073622967355593e-06,1.0112730279331221e-05
gpt4o_mini,dd_29978,T3,1.01299881070111e-05,6.348800075711768e-09,5.068168453543406e-06,1.0123639306935388e-05
gpt4o_mini,dd_29978,T4,3.535625752789194e-05,5.6027964061331425e-09,1.7680930162149036e-05,3.535065473148581e-05
gpt4o_mini,dd_30131,T1,1.0815941557113344e-11,8.878265478411354e-13,5.851884052477239e-12,9.928115009272209e-12
gpt4o_mini,dd_30131,T2,4.508755242258629e-12,1.981008798044321e-13,2.3534280610315303e-12,4.310654362454197e-12
gpt4o_mini,dd_30131,T3,6.560200168077226e-12,8.878265478429617e-13,3.7240133579600934e-12,5.672373620234264e-12
gpt4o_mini,dd_30131,T4,9.545034922711448e-12,2.8823507934373404e-13,4.9166350010275904e-12,9.256799843367714e-12
gpt4o_mini,dd_30899,T1,0.9999999998082829,0.9999999998506905,0.9999999998294867,4.2407632960816954e-11
gpt4o_mini,dd_30899,T2,0.9999999999450722,0.999999999683912,0.9999999998144921,2.6116020457322975e-10
gpt4o_mini,dd_30899,T3,0.999999999683912,0.9999999997538302,0.9999999997188711,6.991829337721356e-11
gpt4o_mini,dd_30899,T4,0.9999999999200804,0.9999999992417439,0.9999999995809121,6.783364980833539e-10
gpt4o_mini,dd_31129,T1,2.2897348455840133e-11,8.878265478392961e-13,1.1892587501839714e-11,2.200952190800084e-11
gpt4o_mini,dd_31129,T2,3.978962535810499e-12,3.701011678585086e-13,2.1745318518345035e-12,3.6088613679519902e-12
gpt4o_mini,dd_31129,T3,1.7832472907757436e-11,6.914400106913726e-13,9.261956459224404e-12,1.7141032897066065e-11
gpt4o_mini,dd_31129,T4,1.2256067443931334e-11,3.7010116785744877e-13,6.313084305894392e-12,1.1885966276073885e-11
gpt4o_mini,dd_32872,T1,0.003172683063938781,0.9399133528606513,0.47154301796229503,0.9367406697967124
gpt4o_mini,dd_32872,T2,7.484619712622143e-05,0.07585817612298093,0.037966511160053576,0.07578332992585471
gpt4o_mini,dd_32872,T3,0.1824255253872916,0.9890130576650429,0.5857192915261672,0.8065875322777513
gpt4o_mini,dd_32872,T4,0.001501182025826495,0.6791786932120014,0.34033993761891396,0.6776775111861749
gpt4o_mini,dd_33618,T1,4.599055376524274e-10,2.2897348455647862e-11,2.4140144305403764e-10,4.3700818919677953e-10
gpt4o_mini,dd_33618,T2,5.21141248515387e-10,3.0988191386916375e-12,2.621200338270393e-10,5.180424293766954e-10
gpt4o_mini,dd_33618,T3,1.9171715133860344e-10,1.2256067443893e-11,1.0198660939124822e-10,1.7946108389471043e-10
gpt4o_mini,dd_33618,T4,5.905303995445299e-10,1.0815941557076706e-11,3.006731705508033e-10,5.797144579874532e-10
gpt4o_mini,dd_34148,T1,0.18242551468635504,0.9999417087232204,0.5911836117047877,0.8175161940368654
gpt4o_mini,dd_34148,T2,0.32082130705038076,0.9988304896570328,0.6598258983537068,0.6780091826066521
gpt4o_mini,dd_34148,T3,0.9399133454553464,0.14804720334978472,0.5439802744025656,0.7918661421055617
gpt4o_mini,dd_34148,T4,0.9980732656721597,0.9999646437424731,0.9990189547073164,0.0018913780703133654
gpt4o_mini,dd_34460,T1,5.109089028031363e-12,1.361526108084651e-13,2.622620819419914e-12,4.972936417222898e-12
gpt4o_mini,dd_34460,T2,3.0988191387103133e-12,4.420228103633574e-14,1.5715107098733246e-12,3.0546168576739775e-12
gpt4o_mini,dd_34460,T3,9.545034922739917e-12,9.357622968821539e-14,4.819305576214067e-12,9.451458693051701e-12
gpt4o_mini,dd_34460,T4,2.7346982915824888e-12,1.0603575991506948e-13,1.4203670257487792e-12,2.628662531667419e-12
gpt4o_mini,dd_35732,T1,2.4133627718164776e-12,1.9810087980406682e-13,1.3057318258102723e-12,2.2152618920124107e-12
gpt4o_mini,dd_35732,T2,1.879528816528059e-12,1.0603575991474659e-13,9.927822882214027e-13,1.7734930566133123e-12
gpt4o_mini,dd_35732,T3,1.2256067443931334e-11,2.8823507934345716e-13,6.272151261637396e-12,1.1967832364587877e-11
gpt4o_mini,dd_35732,T4,1.5737102106559985e-11,6.101936677588492e-13,8.173647887159417e-12,1.5126908438801135e-11
gpt4o_mini,dd_36819,T1,5.3157849717977333e-08,1.855391598726646e-07,1.1934850479532097e-07,1.3238131015468726e-07
gpt4o_mini,dd_36819,T2,3.581747928991645e-10,1.6918979223210468e-10,2.636822925656346e-10,1.8898500066705982e-10
gpt4o_mini,dd_36819,T3,5.602796406117224e-09,1.1861120010607802e-08,8.731958208362513e-09,6.258323604490578e-09
gpt4o_mini,dd_36819,T4,3.2241866332960686e-08,4.785094849793872e-06,2.408668358063416e-06,4.752852983460911e-06
gpt4o_mini,dd_37249,T1,2.9023122007548905e-06,0.008577484596275733,0.0042901934542382445,0.008574582284074978
gpt4o_mini,dd_37249,T2,1.370956655048973e-06,0.00070967042482865,0.0003555206907418495,0.000708299468173601
gpt4o_mini,dd_37249,T3,4.785094849813386e-06,0.0002034268911634172,0.00010410599300661528,0.0001986417963136038
gpt4o_mini,dd_37249,T4,7.889265051241973e-06,0.017986209333497646,0.008997049299274444,0.017978320068446404
gpt4o_mini,dd_37490,T1,0.9999999999996734,0.9999999999925664,0.9999999999961199,7.106981669835477e-12
gpt4o_mini,dd_37490,T2,0.9999999999998457,0.9999999999981204,0.999999999998983,1.7252865802674933e-12
gpt4o_mini,dd_37490,T3,0.9999999999997118,0.9999999999991123,0.999999999999412,5.995204332975845e-13
gpt4o_mini,dd_37490,T4,0.9999999999998253,0.9999999999934397,0.9999999999966325,6.38555874843405e-12
gpt4o_mini,dd_38533,T1,0.00015843624680124331,0.997527377041031,0.4988429066439161,0.9973689407942298
gpt4o_mini,dd_38533,T2,1.6701415113505505e-05,0.11920292398441815,0.05960981269976583,0.11918622256930464
gpt4o_mini,dd_38533,T3,1.8553915987472057e-07,0.924141824256573,0.46207100489786646,0.9241416387174131
gpt4o_mini,dd_38533,T4,0.0011695103430980156,0.9626731161508941,0.48192131324699605,0.9615036058077961
gpt4o_mini,dd_39199,T1,0.9999993524053853,0.9999999317439577,0.9999996420746715,5.793385724484068e-07
gpt4o_mini,dd_39199,T2,0.9999999586006244,0.9999999468421502,0.9999999527213873,1.1758474194323298e-08
gpt4o_mini,dd_39199,T3,0.999993855827873,0.999999694097641,0.999996774962757,5.838269767965976e-06
gpt4o_mini,dd_39199,T4,0.9999991684720098,0.9999999123575085,0.9999995404147591,7.43885498755148e-07
gpt4o_mini,dd_42860,T1,1.9555680705389084e-08,3.7010116785822824e-13,9.77802540327847e-09,1.9555310604221227e-08
gpt4o_mini,dd_42860,T2,1.8189616842400345e-09,4.75219306275208e-13,9.097184517731549e-10,1.8184864649337592e-09
gpt4o_mini,dd_42860,T3,5.211412485169054e-10,2.244777055018445e-13,2.606828631112036e-10,5.209167708114036e-10
gpt4o_mini,dd_42860,T4,3.850741907937053e-09,5.384940217744067e-13,1.9256402009794137e-09,3.850203413915279e-09
gpt4o_mini,dd_44063,T1,0.014063628890886082,2.5109990926821854e-08,0.007031827000438504,0.014063603780895155
gpt4o_mini,dd_44063,T2,0.047425875341873654,2.06115361818846e-09,0.023712938701513635,0.04742587328072004
gpt4o_mini,dd_44063,T3,0.017986209333497646,8.764249148148186e-08,0.008993148487994564,0.017986121691006163
gpt4o_mini,dd_44063,T4,0.1480472015612093,4.3634622338941425e-09,0.07402360296233576,0.14804719719774706
gpt4o_mini,dd_44380,T1,0.9999999999915765,0.999999999987744,0.9999999999896603,3.83248988100604e-12
gpt4o_mini,dd_44380,T2,0.9999999999934397,0.9999999999978701,0.9999999999956549,4.43045600206915e-12
gpt4o_mini,dd_44380,T3,0.9999999999981204,0.9999999999934397,0.99999999999578,4.68070027181966e-12
gpt4o_mini,dd_44380,T4,0.9999999999934397,0.9999999999821676,0.9999999999878036,1.1272094369019214e-11
gpt4o_mini,dd_45938,T1,1.1399918530345718e-12,5.675685232622904e-14,5.983743526804004e-13,1.0832350007083427e-12
gpt4o_mini,dd_45938,T2,1.1399918530364432e-12,3.0379753854365314e-14,5.851858034454043e-13,1.1096120991820779e-12
gpt4o_mini,dd_45938,T3,1.0060392792777617e-12,3.900837610173187e-14,5.225238276897468e-13,9.6703090317603e-13
gpt4o_mini,dd_45938,T4,1.2917800047768361e-12,4.420228103631482e-14,6.679911429065755e-13,1.2475777237405213e-12
gpt4o_mini,dd_46859,T1,3.511422113351852e-12,8.258073285544451e-14,1.7970014231036482e-12,3.4288413804964073e-12
gpt4o_mini,dd_46859,T2,3.5114221133501934e-12,1.0603575991504938e-13,1.8087289366326215e-12,3.405386353435144e-12
gpt4o_mini,dd_46859,T3,2.7346982915735146e-12,4.4202281036302284e-14,1.3894502863049085e-12,2.6904960105372123e-12
gpt4o_mini,dd_46859,T4,3.978962535807412e-12,5.6756852326249963e-14,2.017859694066831e-12,3.9222056834811624e-12
gpt4o_mini,dd_47886,T1,0.014063628866102879,0.9933071501822796,0.5036853895241912,0.9792435213161766
gpt4o_mini,dd_47886,T2,0.004070137766354929,0.985936371119458,0.49500325444290644,0.9818662333531031
gpt4o_mini,dd_47886,T3,0.0005527785824403008,0.6791787070285055,0.3398657428054729,0.6786259284460652
gpt4o_mini,dd_47886,T4,0.14804720163875262,0.9996646499458276,0.5738559257922902,0.851617448307075
gpt4o_mini,dd_5570,T1,0.9999999999978701,0.9999999999925664,0.9999999999952183,5.303757433239298e-12
gpt4o_mini,dd_5570,T2,0.9999999999993898,0.9999999999954912,0.9999999999974405,3.8986591732737e-12
gpt4o_mini,dd_5570,T3,0.9999999999993086,0.9999999999622486,0.9999999999807786,3.70599106958025e-11
gpt4o_mini,dd_5570,T4,0.9999999999972653,0.999999999979793,0.9999999999885292,1.7472245872340864e-11
gpt4o_mini,dd_6488,T1,3.7751345441294375e-11,1.981008798041578e-13,1.8974723160549265e-11,3.755324456149022e-11
gpt4o_mini,dd_6488,T2,3.775134544132783e-11,1.5428112031887028e-13,1.895281328082335e-11,3.759706432100896e-11
gpt4o_mini,dd_6488,T3,9.736200303522575e-10,3.266131342767234e-13,4.869733217432671e-10,9.732934172179807e-10
gpt4o_mini,dd_6488,T4,1.317651426834224e-10,1.5428112031868365e-13,6.595971190187053e-11,1.3161086156310372e-10
gpt4o_mini,dd_6826,T1,0.9999921107349498,0.999983298584887,0.9999877046599184,8.812150062764701e-06
gpt4o_mini,dd_6826,T2,0.9947798743268511,0.9999869928752256,0.9973834336010383,0.005207118548374523
gpt4o_mini,dd_6826,T3,0.9999921107349492,0.9999785550602311,0.9999853328975902,1.3555674718057631e-05
gpt4o_mini,dd_6826,T4,0.9914225143606332,0.9980732656712933,0.9947478900159632,0.0066507513106600635
gpt4o_mini,dd_6868,T1,5.043472052240674e-07,0.0003353500541060783,0.00016792720065565117,0.0003348457069008542
gpt4o_mini,dd_6868,T2,5.315784971830042e-08,1.0677030766951e-06,5.604304632067002e-07,1.0145452269767994e-06
gpt4o_mini,dd_6868,T3,2.1444939768948766e-05,0.0009110514013396315,0.00046624817055429015,0.0008896064615706828
gpt4o_mini,dd_6868,T4,3.0590235908054123e-07,0.0015011820256813084,0.0007507439640201945,0.0015008761233222278
gpt4o_mini,dd_7687,T1,0.9999999999989939,0.999999974890009,0.9999999874445015,2.5108984891275554e-08
gpt4o_mini,dd_7687,T2,0.9999999999994615,0.9999999979388463,0.9999999989691539,2.0606152340008066e-09
gpt4o_mini,dd_7687,T3,0.999999999994891,0.9999999847700205,0.9999999923824557,1.5224870475449848e-08
gpt4o_mini,dd_7687,T4,0.999999999990455,0.9999999847700205,0.9999999923802377,1.5220434468332655e-08
gpt4o_mini,dd_8580,T1,0.0011695103432922192,0.880797067382994,0.44098328886314314,0.8796275570397017
gpt4o_mini,dd_8580,T2,0.005220125687843572,0.9399133528741862,0.4725667392810149,0.9346932271863426
gpt4o_mini,dd_8580,T3,1.067703076714401e-06,0.0019267343288411687,0.0009639010159589416,0.0019256666257644543
gpt4o_mini,dd_8580,T4,0.005220125688118314,0.851952800467095,0.42858646307760667,0.8467326747789766
gpt4o_mini,dd_9595,T1,0.9859363726919214,0.6791787063823986,0.83255753953716,0.3067576663095227
gpt4o_mini,dd_9595,T2,0.9995694428821315,0.731058572936717,0.8653140079094243,0.2685108699454144
gpt4o_mini,dd_9595,T3,0.9999646437424756,0.9525741302938708,0.9762693870181732,0.04739051344860479
gpt4o_mini,dd_9595,T4,0.9999999677581336,0.9959298622325325,0.9979649149953331,0.004070105525601053
gpt4o_mini,dd_9899,T1,0.9914225163802037,0.9975273770414772,0.9944749467108405,0.00610486066127347
gpt4o_mini,dd_9899,T2,0.622459323658862,0.9998766053723352,0.8111679645155987,0.3774172817134732
gpt4o_mini,dd_9899,T3,0.49999999942624734,0.9988304896567889,0.7494152445415181,0.49883049023054155
gpt4o_mini,dd_9899,T4,0.9999251538028865,0.99999960721363,0.9999623805082583,7.445341074352463e-05
gpt4o_mini,dd_9955,T1,0.002472622663224881,0.037326890259276234,0.019899756461250556,0.034854267596051355
gpt4o_mini,dd_9955,T2,0.010986943652250076,0.0011695103375735504,0.0060782269949118135,0.009817433314676525
gpt4o_mini,dd_9955,T3,0.010986943406366046,0.14804719974101413,0.07951707157369009,0.13706025633464808
gpt4o_mini,dd_9955,T4,4.5397855746971906e-05,4.539785574046925e-05,4.539785574372058e-05,6.502658383544108e-15
gpt4o_mini,mc_C_034,T1,0.9999999999998639,0.9999999999992164,0.9999999999995401,6.474820679613913e-13
gpt4o_mini,mc_C_034,T2,0.9999999999999174,0.9999999999995806,0.999999999999749,3.368416656712725e-13
gpt4o_mini,mc_C_034,T3,0.9999999999999174,0.9999999999991123,0.9999999999995148,8.051337374581635e-13
gpt4o_mini,mc_C_034,T4,0.9999999999999498,0.999999999996021,0.9999999999979854,3.928857239543504e-12
gpt4o_mini,mc_C_1095,T1,0.9999999999999558,0.9999999999996299,0.9999999999997928,3.2596148002994596e-13
gpt4o_mini,mc_C_1095,T2,0.9999999999999731,0.9999999999997755,0.9999999999998743,1.9761969838327786e-13
gpt4o_mini,mc_C_1095,T3,0.9999999999999696,0.9999999999997118,0.9999999999998407,2.5779378631796135e-13
gpt4o_mini,mc_C_1095,T4,0.9999999999999656,0.9999999999999065,0.999999999999936,5.906386491005833e-14
gpt4o_mini,mc_C_1216,T1,0.9999999999999272,0.9999999999996299,0.9999999999997785,2.973177259946169e-13
gpt4o_mini,mc_C_1216,T2,0.9999999999999609,0.9999999999995806,0.9999999999997707,3.8036240823657863e-13
gpt4o_mini,mc_C_1216,T3,0.9999999999999272,0.9999999999997455,0.9999999999998364,1.816324868286756e-13
gpt4o_mini,mc_C_1216,T4,0.9999999999999558,0.9999999999997118,0.9999999999998338,2.440270208126094e-13
gpt4o_mini,mc_C_183,T1,0.9999999999999356,0.9999999999954912,0.9999999999977134,4.444444812179427e-12
gpt4o_mini,mc_C_183,T2,0.9999999999999656,0.9999999999989939,0.9999999999994797,9.71667191151937e-13
gpt4o_mini,mc_C_183,T3,0.9999999999999272,0.9999999999985363,0.9999999999992317,1.3908874052503961e-12
gpt4o_mini,mc_C_183,T4,0.9999999999999356,0.9999999999954912,0.9999999999977134,4.444444812179427e-12
gpt4o_mini,mc_C_291,T1,0.9999999999999762,0.9999999999997118,0.999999999999844,2.644551244657123e-13
gpt4o_mini,mc_C_291,T2,0.9999999999999762,0.9999999999997755,0.9999999999998759,2.007283228522283e-13
gpt4o_mini,mc_C_291,T3,0.9999999999999731,0.9999999999997118,0.9999999999998425,2.6134649999676185e-13
gpt4o_mini,mc_C_291,T4,0.9999999999999873,0.9999999999998253,0.9999999999999063,1.6209256159527285e-13
gpt4o_mini,mc_C_467,T1,0.9999999999999791,0.99999999999886,0.9999999999994196,1.1191048088221578e-12
gpt4o_mini,mc_C_467,T2,0.9999999999999838,0.99999999999886,0.9999999999994219,1.1237677455255835e-12
gpt4o_mini,mc_C_467,T3,0.9999999999999272,0.9999999999992164,0.9999999999995718,7.107647803650252e-13
gpt4o_mini,mc_C_467,T4,0.9999999999999731,0.9999999999995248,0.999999999999749,4.483080573436382e-13
gpt4o_mini,mc_C_527,T1,0.9999999999999432,0.9999999999987081,0.9999999999993257,1.2350120925930241e-12
gpt4o_mini,mc_C_527,T2,0.9999999999999609,0.9999999999983413,0.9999999999991511,1.6195933483231784e-12
gpt4o_mini,mc_C_527,T3,0.9999999999999065,0.9999999999969011,0.9999999999984038,3.0053737276602988e-12
gpt4o_mini,mc_C_527,T4,0.9999999999999558,0.9999999999964886,0.9999999999982222,3.467226505904364e-12
gpt4o_mini,mc_C_675,T1,0.9999999999999356,0.9999999999993898,0.9999999999996627,5.45785638905727e-13
gpt4o_mini,mc_C_675,T2,0.9999999999999498,0.9999999999983413,0.9999999999991456,1.6084911180769268e-12
gpt4o_mini,mc_C_675,T3,0.9999999999999816,0.9999999999993898,0.9999999999996857,5.917488721252084e-13
gpt4o_mini,mc_C_675,T4,0.9999999999999174,0.9999999999969011,0.9999999999984093,3.0162539133016253e-12
gpt4o_mini,mc_C_772,T1,0.9999999999998457,0.9999999999995806,0.9999999999997131,2.651212582804874e-13
gpt4o_mini,mc_C_772,T2,0.9999999999999356,0.9999999999991123,0.9999999999995239,8.233413950620161e-13
gpt4o_mini,mc_C_772,T3,0.9999999999999656,0.9999999999994615,0.9999999999997136,5.040412531798211e-13
gpt4o_mini,mc_C_772,T4,0.9999999999998019,0.9999999999994615,0.9999999999996317,3.40394379350073e-13
gpt4o_mini,mc_C_941,T1,0.9999999999999762,0.9999999999998253,0.9999999999999007,1.509903313490213e-13
gpt4o_mini,mc_C_941,T2,0.9999999999999856,0.9999999999997455,0.9999999999998656,2.4003021792395884e-13
gpt4o_mini,mc_C_941,T3,0.9999999999999656,0.9999999999985363,0.9999999999992509,1.4293011219024265e-12
gpt4o_mini,mc_C_941,T4,0.9999999999999856,0.9999999999997755,0.9999999999998805,2.1005419625907962e-13
gpt4o_mini,mc_G_005,T1,0.9999999999572222,0.9999999994094697,0.999999999683346,5.477525100161529e-10
gpt4o_mini,mc_G_005,T2,0.9999999999622486,0.9999999999094393,0.999999999935844,5.2809312478530046e-11
gpt4o_mini,mc_G_005,T3,0.9999999999915765,0.9999999997210531,0.9999999998563148,2.7052338147370847e-10
gpt4o_mini,mc_G_005,T4,0.9999999999978701,0.9999999992417439,0.999999999619807,7.561262727051599e-10
gpt4o_mini,mc_G_037,T1,0.9999999586006244,0.9999921107349488,0.9999960346677865,7.847865675647547e-06
gpt4o_mini,mc_G_037,T2,0.9999999943972036,0.9999999586006244,0.999999976498914,3.579657914531964e-08
gpt4o_mini,mc_G_037,T3,0.9947798743177698,0.9999546021442534,0.9973672382310116,0.005174727826483538
gpt4o_mini,mc_G_037,T4,0.9999999990263799,0.9999999123575085,0.9999999556919442,8.666887141295376e-08
gpt4o_mini,mc_G_064,T1,1.2917800047777132e-12,3.7010116785782293e-13,8.309405863177681e-13,9.216788369198902e-13
gpt4o_mini,mc_G_064,T2,2.129785170946109e-12,6.431393941445044e-14,1.0970495551802798e-12,2.0654712315316584e-12
gpt4o_mini,mc_G_064,T3,7.835041785041502e-13,1.201542573175256e-13,4.518292179108379e-13,6.633499211866245e-13
gpt4o_mini,mc_G_064,T4,1.4637785141206387e-12,3.4424771084641146e-14,7.4910164260264e-13,1.4293537430359974e-12
gpt4o_mini,mc_G_086,T1,0.9999999999964886,0.9999999973534264,0.9999999986749575,2.6430622135364956e-09
gpt4o_mini,mc_G_086,T2,0.9999999999996299,0.999999999782756,0.9999999998911929,2.168738522101421e-10
gpt4o_mini,mc_G_086,T3,0.9999999999821676,0.9999999907625504,0.9999999953723591,9.219617180811213e-09
gpt4o_mini,mc_G_086,T4,0.9999999999983413,0.999999998394772,0.9999999991965567,1.6035692773641586e-09
gpt4o_mini,mc_G_112,T1,1.3007124774644802e-05,4.785094849135857e-06,8.896109811890329e-06,8.222029925508945e-06
gpt4o_mini,mc_G_112,T2,0.5621765005824779,0.982013788465908,0.772095144524193,0.4198372878834301
gpt4o_mini,mc_G_112,T3,0.9999938558278726,0.9890130576453208,0.9945034567365967,0.01098079818255182
gpt4o_mini,mc_G_112,T4,0.0002034270609847499,0.000552778582378421,0.00037810282168158546,0.00034935152139367105
gpt4o_mini,mc_G_135,T1,0.9999999994788586,0.9999999979388463,0.9999999987088525,1.5400123398734422e-09
gpt4o_mini,mc_G_135,T2,0.9999999998308102,0.9999999847700205,0.9999999923004154,1.5060789726462076e-08
gpt4o_mini,mc_G_135,T3,0.9999999999915765,0.9999999979388463,0.9999999989652114,2.052730208035314e-09
gpt4o_mini,mc_G_135,T4,0.9999999999200804,0.99999998813888,0.9999999940294801,1.1781200348615073e-08
gpt4o_mini,mc_G_156,T1,0.999999999986112,0.999999974890009,0.9999999874380605,2.509610297352083e-08
gpt4o_mini,mc_G_156,T2,0.999999999996021,0.9999999995400946,0.9999999997680578,4.5592640773861604e-10
gpt4o_mini,mc_G_156,T3,0.999999999989184,0.9999999973534264,0.9999999986713052,2.635757612168277e-09
gpt4o_mini,mc_G_156,T4,0.9999999999942106,0.9999999677581336,0.9999999838761722,3.223607702995679e-08
gpt4o_mini,mc_G_179,T1,0.9999999999999174,0.9999999999981204,0.9999999999990189,1.7970069876582784e-12
gpt4o_mini,mc_G_179,T2,0.9999999999999432,0.9999999999942106,0.9999999999970769,5.732525565349533e-12
gpt4o_mini,mc_G_179,T3,0.9999999999999174,0.99999999999886,0.9999999999993887,1.057376408652999e-12
gpt4o_mini,mc_G_179,T4,0.9999999999999656,0.9999999999975866,0.9999999999987761,2.3789858971667854e-12
gpt4o_mini,mc_G_186,T1,1.2501528648219753e-09,7.582560422041126e-10,1.004204453513044e-09,4.918968226178628e-10
gpt4o_mini,mc_G_186,T2,5.602796406138483e-09,2.335593033318486e-09,3.969194719728484e-09,3.267203372819997e-09
gpt4o_mini,mc_G_186,T3,4.944450477469765e-09,4.1399375473399166e-08,2.3171912975434466e-08,3.64549249959294e-08
gpt4o_mini,mc_G_186,T4,9.736200303520075e-10,1.1253518383894889e-07,5.675440193465045e-08,1.1156156380859687e-07
gpt4o_mini,mc_G_235,T1,0.999999999868235,0.9999999907625504,0.9999999953153926,9.105684539711945e-09
gpt4o_mini,mc_G_235,T2,0.9999999999994615,0.9999999997210531,0.9999999998602573,2.7840840743920126e-10
gpt4o_mini,mc_G_235,T3,0.9999999999991123,0.999999999782756,0.9999999998909341,2.1635626623606186e-10
gpt4o_mini,mc_G_235,T4,0.9999999999094393,0.9999999123575085,0.9999999561334739,8.755193081633195e-08
gpt4o_mini,mc_G_236,T1,0.00020342706098346473,2.9023122007217897e-06,0.00010316468659209326,0.00020052474878274294
gpt4o_mini,mc_G_236,T2,0.00015843624684391957,1.3007124773843099e-05,8.572168580888134e-05,0.00014542912207007647
gpt4o_mini,mc_G_236,T3,0.7772998601678406,0.0293122279780536,0.40330604407294707,0.747987632189787
gpt4o_mini,mc_G_236,T4,0.04742587532660054,0.0019267343280277515,0.024676304827314144,0.04549914099857279
gpt4o_mini,mc_G_288,T1,0.9999999992417439,0.999964643742473,0.9999823214921084,3.535549927091708e-05
gpt4o_mini,mc_G_288,T2,0.9999999979388463,0.999999694097641,0.9999998460182437,3.038412053069095e-07
gpt4o_mini,mc_G_288,T3,0.9999999966017321,0.999999694097641,0.9999998453496866,3.025040911097676e-07
gpt4o_mini,mc_G_288,T4,0.9999997617630155,0.9999869928752254,0.9999933773191205,1.2768887790115535e-05
gpt4o_mini,mc_G_302,T1,9.237449576617826e-09,5.905303995428827e-10,4.913989988080354e-09,8.646919177074943e-09
gpt4o_mini,mc_G_302,T2,1.250152864821724e-09,1.1628233028826186e-10,6.83217597554993e-10,1.1338705345334622e-09
gpt4o_mini,mc_G_302,T3,1.4166087846314414e-09,1.7832472907763882e-11,7.172206287696026e-10,1.3987763117236776e-09
gpt4o_mini,mc_G_302,T4,7.1941329785524715e-09,9.056076988822886e-11,3.64234687422035e-09,7.1035722086642425e-09
gpt4o_mini,mc_G_365,T1,0.9999999999985363,0.9999999999515263,0.9999999999750313,4.700995148709808e-11
gpt4o_mini,mc_G_365,T2,0.9999999999997118,0.9999999999821676,0.9999999999909397,1.7544188324336574e-11
gpt4o_mini,mc_G_365,T3,0.999999999994891,0.9999999998506905,0.9999999999227908,1.4420042937501876e-10
gpt4o_mini,mc_G_365,T4,0.9999999999954912,0.9999999988967441,0.9999999994461176,1.0987470933088161e-09
gpt4o_mini,mc_G_373,T1,3.581747928997051e-10,1.463778514119713e-12,1.798192857069124e-10,3.567110143855854e-10
gpt4o_mini,mc_G_373,T2,5.492788350641163e-11,6.101936677589986e-13,2.7769038587085315e-11,5.4317689838652635e-11
gpt4o_mini,mc_G_373,T3,4.847368706030929e-11,5.384940217737977e-13,2.4506090541041545e-11,4.793519303853549e-11
gpt4o_mini,mc_G_373,T4,2.7894680920861093e-10,2.4133627718206523e-12,1.4068008599021578e-10,2.765334464367903e-10
gpt4o_mini,mc_G_385,T1,0.8807970898545906,0.9999038976006996,0.9403504937276451,0.11910680774610904
gpt4o_mini,mc_G_385,T2,0.9770226321511292,0.9994472214174336,0.9882349267842814,0.022424589266304418
gpt4o_mini,mc_G_385,T3,0.9626731164832709,0.9980732656709725,0.9803731910771217,0.035400149187701624
gpt4o_mini,mc_G_385,T4,0.9046505402450324,0.9995694428819942,0.9521099915635134,0.09491890263696179
gpt4o_mini,mc_G_397,T1,0.9999999999969011,0.999999999782756,0.9999999998898286,2.141451460602184e-10
gpt4o_mini,mc_G_397,T2,0.9999999999995248,0.9999999999200804,0.9999999999598026,7.944445101770725e-11
gpt4o_mini,mc_G_397,T3,0.9999999999993898,0.999999999868235,0.9999999999338124,1.3115486474646332e-10
gpt4o_mini,mc_G_397,T4,0.99999999999886,0.9999999997210531,0.9999999998599566,2.7780688860445935e-10
gpt4o_mini,mc_G_431,T1,0.9999999999978701,0.9999999999975866,0.9999999999977284,2.83550960489265e-13
gpt4o_mini,mc_G_431,T2,0.9999999999991123,0.9999999999972653,0.9999999999981888,1.8469670237664104e-12
gpt4o_mini,mc_G_431,T3,0.9999999999993898,0.9999999999987081,0.999999999999049,6.816769371198461e-13
gpt4o_mini,mc_G_431,T4,0.999999999987744,0.999999999986112,0.999999999986928,1.6320278461989801e-12
gpt4o_mini,mc_G_453,T1,0.0007096703409974975,0.029312227853899947,0.015010949097448722,0.02860255751290245
gpt4o_mini,mc_G_453,T2,0.9770226294205288,0.9999724643101551,0.9884975468653419,0.02294983488962632
gpt4o_mini,mc_G_453,T3,0.9626731120106006,0.9999977396747258,0.9813354258426632,0.037324627664125254
gpt4o_mini,mc_G_453,T4,0.0002611903266831167,0.9820137884636663,0.4911374893951747,0.9817525981369831
gpt4o_mini,mc_G_492,T1,0.9999999997210531,0.9999999586006244,0.9999999791608387,4.112042872872479e-08
gpt4o_mini,mc_G_492,T2,0.9999999998506905,0.9999999979388463,0.9999999988947684,1.911844238478011e-09
gpt4o_mini,mc_G_492,T3,0.9999999999991123,0.999999998394772,0.9999999991969422,1.6043402162324583e-09
gpt4o_mini,mc_G_492,T4,0.9999999999450722,0.9999999943972036,0.9999999971711379,5.547868608957174e-09
gpt4o_mini,mc_G_572,T1,0.9999999998308102,0.9999998144608401,0.9999999071458252,1.8536997015150547e-07
gpt4o_mini,mc_G_572,T2,0.9999999973534264,0.9999999586006244,0.9999999779770254,3.8752801967412154e-08
gpt4o_mini,mc_G_572,T3,0.99999960721363,0.99999960721363,0.99999960721363,0.0
gpt4o_mini,mc_G_572,T4,0.9999999999572222,0.999999974890009,0.9999999874236156,2.5067213194063243e-08
gpt4o_mini,mc_G_595,T1,0.9999999981810384,0.9999999804443193,0.9999999893126787,1.7736719093441877e-08
gpt4o_mini,mc_G_595,T2,0.9999999993308415,0.9999999956365377,0.9999999974836896,3.694303751800021e-09
gpt4o_mini,mc_G_595,T3,0.9999999999515263,0.9999999973534264,0.9999999986524764,2.598099957396016e-09
gpt4o_mini,mc_G_595,T4,0.9999999928058669,0.9999999468421502,0.9999999698240085,4.5963716721608705e-08
gpt4o_mini,mc_G_601,T1,0.029312227536794494,0.9984988179741036,0.513905522755449,0.969186590437309
gpt4o_mini,mc_G_601,T2,0.04742586972946887,0.9706877687354671,0.509056819232468,0.9232618990059983
gpt4o_mini,mc_G_601,T3,0.18242551798371348,0.9999038976007004,0.591164707792207,0.8174783796169869
gpt4o_mini,mc_G_601,T4,0.14804719911039263,0.9399133528514628,0.5439802759809277,0.7918661537410702
gpt4o_mini,mc_H_035,T1,2.789468092086728e-10,2.4133627718205335e-12,1.4068008599024667e-10,2.765334464368523e-10
gpt4o_mini,mc_H_035,T2,2.1724399346042157e-10,4.19379565836086e-13,1.0883168651312883e-10,2.1682461389458547e-10
gpt4o_mini,mc_H_035,T3,4.599055376532463e-10,1.2917800047802509e-12,2.3059865882901328e-10,4.5861375764846607e-10
gpt4o_mini,mc_H_035,T4,9.73620030352133e-10,3.0988191387023945e-12,4.883594247454177e-10,9.705212112134306e-10
gpt4o_mini,mc_H_044,T1,0.9995694428823456,0.9992903296590178,0.9994298862706816,0.0002791132233278537
gpt4o_mini,mc_H_044,T2,0.9980732656737723,0.9994472214174349,0.9987602435456036,0.0013739557436626137
gpt4o_mini,mc_H_044,T3,0.9999991684720096,0.9959298622315752,0.9979645153517924,0.004069306240434445
gpt4o_mini,mc_H_044,T4,0.9988304896572232,0.9914225143420413,0.9951265019996323,0.007407975315181892
gpt4o_mini,mc_H_049,T1,0.999999694097641,0.9999977396747258,0.9999987168861835,1.9544229151735593e-06
gpt4o_mini,mc_H_049,T2,0.9999962733608835,0.9999977396747258,0.9999970065178047,1.4663138423465227e-06
gpt4o_mini,mc_H_049,T3,0.9999938558278725,0.9999993524053853,0.9999966041166288,5.4965775128090755e-06
gpt4o_mini,mc_H_049,T4,0.9999999981810384,0.9999993524053853,0.9999996752932119,6.457756530631187e-07
gpt4o_mini,mc_H_060,T1,0.029312227867895894,0.9999982396568657,0.5146552337623809,0.9706860117889698
gpt4o_mini,mc_H_060,T2,0.02297736776712155,0.9999417087232162,0.5114595382451689,0.9769643409560946
gpt4o_mini,mc_H_060,T3,0.26894142098037693,0.9999962733608835,0.6344688471706302,0.7310548523805065
gpt4o_mini,mc_H_060,T4,0.022977367773647946,0.9999921107349488,0.5114847392542984,0.9770147429613009
gpt4o_mini,mc_H_066,T1,9.056076988827977e-11,1.8795288165309496e-12,4.622014935240536e-11,8.868124107174883e-11
gpt4o_mini,mc_H_066,T2,6.224144622505282e-11,1.0060392792813972e-12,3.162374275216711e-11,6.123540694577141e-11
gpt4o_mini,mc_H_066,T3,1.0261879630631807e-10,2.1297851709480667e-12,5.2374290738633064e-11,1.0048901113537e-10
gpt4o_mini,mc_H_066,T4,4.599055376527316e-10,3.5114221133566085e-12,2.317084798830441e-10,4.56394115539375e-10
gpt4o_mini,mc_H_072,T1,0.999999998394772,0.9999999943972036,0.9999999963959878,3.997568498448345e-09
gpt4o_mini,mc_H_072,T2,0.9999999999094393,0.9999999973534264,0.9999999986314329,2.556012956844711e-09
gpt4o_mini,mc_H_072,T3,0.9999999997210531,0.9999999928058669,0.99999999626346,6.915186201439383e-09
gpt4o_mini,mc_H_072,T4,0.9999999981810384,0.9999999979388463,0.9999999980599423,2.4219204419750895e-10
gpt4o_mini,mc_H_073,T1,0.9999999999450722,0.9999994956527948,0.9999997477989335,5.042922773812464e-07
gpt4o_mini,mc_H_073,T2,0.9999999999985363,0.99999998813888,0.9999999940687081,1.1859656257051654e-08
gpt4o_mini,mc_H_073,T3,0.9999999999450722,0.9999998144608401,0.9999999072029562,1.8548423208475384e-07
gpt4o_mini,mc_H_073,T4,0.9999999995941349,0.9999977396747258,0.9999988696344304,2.259919409053346e-06
